tmp.site,tmp.area,Lb,X1,Wb,POR,ALPHA,BETA,Ks,Kb,Kz,Qthresh,Rs,Rb1,Rb2,Prec,Frac4Rise,Error,BFF
06469400,1.81299e+09,8564.31,34.8306,2569.15,0.15,0.085807,1,1368.64,2952.73,0.880913,5627.11,-0.111572,-0.056309,-0.073871,24.4657,0.05,1.38366,0.407335
