tmp.site,tmp.area,Lb,X1,Wb,POR,ALPHA,BETA,Ks,Kb,Kz,Qthresh,Rs,Rb1,Rb2,Prec,Frac4Rise,Error,BFF
11162570,1.3183e+08,5625.92,146.459,444.018,0.15,0.026916,1,969.895,3402.52,1.00659,11352.1,-0.175962,-0.065113,-0.062581,24.4657,0.05,1.49348,0.226011
