tmp.site,tmp.area,Lb,X1,Wb,POR,ALPHA,BETA,Ks,Kb,Kz,Qthresh,Rs,Rb1,Rb2,Prec,Frac4Rise,Error,BFF
07381490,2.26805e+11,60806.4,100,66273,0.15,0.014701,1,6500.01,4853.78,4.82115,1.47585e+08,-0.041691,-0.015901,-0.023786,1.52911e+07,0.05,0.376773,0.595299
