tmp.site,tmp.area,Lb,X1,Wb,POR,ALPHA,BETA,Ks,Kb,Kz,Qthresh,Rs,Rb1,Rb2,Prec,Frac4Rise,Error,BFF
03154000,5.30948e+08,5047.37,100,1235.88,0.15,0.014401,1,5198.13,16330.5,0.892374,633662,-0.26927,-0.113989,-0.119798,48.9314,0.05,0.511425,0.289856
