tmp.site,tmp.area,Lb,X1,Wb,POR,ALPHA,BETA,Ks,Kb,Kz,Qthresh,Rs,Rb1,Rb2,Prec,Frac4Rise,Error,BFF
02146670,4.61018e+07,9488.38,100,148.35,0.15,0.010396,1,568.203,12857.6,0.943004,5382.46,-0.502821,-0.097322,-0.124005,61.1643,0.05,0.779346,0.194208
