tmp.site,tmp.area,Lb,X1,Wb,POR,ALPHA,BETA,Ks,Kb,Kz,Qthresh,Rs,Rb1,Rb2,Prec,Frac4Rise,Error,BFF
11448750,4.42888e+07,16322.9,100,158.206,0.15,0.031491,1,565.979,26537,0.988364,88676,-0.292982,-0.08261,-0.118475,24.4657,0.05,7.20781,0.25795
