tmp.site,tmp.area,Lb,X1,Wb,POR,ALPHA,BETA,Ks,Kb,Kz,Qthresh,Rs,Rb1,Rb2,Prec,Frac4Rise,Error,BFF
06799500,2.62884e+09,8395.82,340.543,1250.83,0.15,0.006181,1.2,1218.43,3168.91,0.597522,210405,-0.125657,-0.048996,-0.036249,7339.71,0.05,0.409477,0.320682
