tmp.site,tmp.area,Lb,X1,Wb,POR,ALPHA,BETA,Ks,Kb,Kz,Qthresh,Rs,Rb1,Rb2,Prec,Frac4Rise,Error,BFF
02208493,7.04477e+07,41724,100,85.2848,0.15,0.018687,1,246.538,538.849,0.966774,6797.06,-0.11868,-0.090217,-0.037886,560.265,0.05,0.390744,0.207939
