tmp.site,tmp.area,Lb,X1,Wb,POR,ALPHA,BETA,Ks,Kb,Kz,Qthresh,Rs,Rb1,Rb2,Prec,Frac4Rise,Error,BFF
02146315,1.47888e+07,11408.8,100,42.9279,0.15,0.016468,1,787.218,10556.3,0.917382,6165.36,-0.556592,-0.11683,-0.160875,36.3805,0.05,0.54168,0.10388
