tmp.site,tmp.area,Lb,X1,Wb,POR,ALPHA,BETA,Ks,Kb,Kz,Qthresh,Rs,Rb1,Rb2,Prec,Frac4Rise,Error,BFF
04199155,5.72387e+07,7102.93,100,161.631,0.15,0.02577,1,1093.31,19690,0.89451,51378,-0.346574,-0.110759,-0.157193,24.4657,0.05,1.47031,0.211826
