tmp.site,tmp.area,Lb,X1,Wb,POR,ALPHA,BETA,Ks,Kb,Kz,Qthresh,Rs,Rb1,Rb2,Prec,Frac4Rise,Error,BFF
03500000,3.62598e+08,24781.6,100,1063,0.15,0.011171,1,1267.15,8781.73,0.914911,186507,-0.346574,-0.036069,-0.023289,17860.2,0.05,0.221273,0.612904
