tmp.site,tmp.area,Lb,X1,Wb,POR,ALPHA,BETA,Ks,Kb,Kz,Qthresh,Rs,Rb1,Rb2,Prec,Frac4Rise,Error,BFF
05330920,4.37708e+10,17598.3,100,9049.56,0.15,0.008907,1,4350.96,10896.5,0.970375,5.67605e+06,-0.043506,-0.030577,-0.027757,158161,0.05,0.353428,0.576363
