tmp.site,tmp.area,Lb,X1,Wb,POR,ALPHA,BETA,Ks,Kb,Kz,Qthresh,Rs,Rb1,Rb2,Prec,Frac4Rise,Error,BFF
06893830,1.33125e+07,6968.47,100,52.9311,0.15,0.020896,1,330.484,11054.1,0.862751,3082.68,-0.333861,-0.1105,-0.156497,24.4657,0.05,1.10451,0.122634
