tmp.site,tmp.area,Lb,X1,Wb,POR,ALPHA,BETA,Ks,Kb,Kz,Qthresh,Rs,Rb1,Rb2,Prec,Frac4Rise,Error,BFF
03439000,1.7586e+08,22785,100,813.575,0.15,0.014348,1,733.191,7793.5,0.962643,140967,-0.341682,-0.036936,-0.022171,13700.8,0.05,0.213455,0.61693
