tmp.site,tmp.area,Lb,X1,Wb,POR,ALPHA,BETA,Ks,Kb,Kz,Qthresh,Rs,Rb1,Rb2,Prec,Frac4Rise,Error,BFF
03070500,5.17998e+08,10525.8,100,1052.76,0.15,0.014454,1,3006.9,24543.4,0.960314,17370.7,-0.220852,-0.087118,-0.076671,1223.29,0.05,0.396613,0.408418
