tmp.site,tmp.area,Lb,X1,Wb,POR,ALPHA,BETA,Ks,Kb,Kz,Qthresh,Rs,Rb1,Rb2,Prec,Frac4Rise,Error,BFF
08480595,5.00645e+09,26318.8,279.418,16.2323,0.15,0.013916,0.8,2754.88,22358.8,0.077506,2568.17,-0.143841,-0.017964,-0.183154,24.4657,0.05,2.06103,0.074958
