tmp.site,tmp.area,Lb,X1,Wb,POR,ALPHA,BETA,Ks,Kb,Kz,Qthresh,Rs,Rb1,Rb2,Prec,Frac4Rise,Error,BFF
07010038,7.32967e+07,1006.84,100,212.378,0.15,0.005659,1,1758.62,14764.2,0.981688,538.246,-0.647742,-0.185181,-0.310381,24.4657,0.05,0.727887,0.01862
