tmp.site,tmp.area,Lb,X1,Wb,POR,ALPHA,BETA,Ks,Kb,Kz,Qthresh,Rs,Rb1,Rb2,Prec,Frac4Rise,Error,BFF
07288650,1.25355e+09,3655.98,100,1397.69,0.15,0.011751,1,5255.4,14383.9,1.52691,45750.9,-0.165897,-0.129106,-0.182514,146.794,0.05,0.614701,0.161387
