tmp.site,tmp.area,Lb,X1,Wb,POR,ALPHA,BETA,Ks,Kb,Kz,Qthresh,Rs,Rb1,Rb2,Prec,Frac4Rise,Error,BFF
06349500,4.35118e+09,49337.5,100,185.512,0.15,0.022988,1,2079.08,10655.5,0.900619,18202.5,-0.118751,-0.044512,-0.058852,24.4657,0.05,2.90934,0.116099
