tmp.site,tmp.area,Lb,X1,Wb,POR,ALPHA,BETA,Ks,Kb,Kz,Qthresh,Rs,Rb1,Rb2,Prec,Frac4Rise,Error,BFF
02192500,5.62027e+08,19447.9,100.386,644.915,0.15,0.007208,1.1,2479.41,16517.9,1.4686,242211,-0.376886,-0.067497,-0.057446,526.013,0.05,0.409712,0.351918
