tmp.site,tmp.area,Lb,X1,Wb,POR,ALPHA,BETA,Ks,Kb,Kz,Qthresh,Rs,Rb1,Rb2,Prec,Frac4Rise,Error,BFF
01581752,6.47497e+06,7078.61,0.475656,99.1917,0.15,0.012579,1,336.463,30.1921,0.52008,1981.72,-0.722279,-0.085887,-0.086081,90.5231,0.05,0.356995,0.297749
