tmp.site,tmp.area,Lb,X1,Wb,POR,ALPHA,BETA,Ks,Kb,Kz,Qthresh,Rs,Rb1,Rb2,Prec,Frac4Rise,Error,BFF
12323600,8.88366e+08,1.95145e+06,4.71597,286.918,0.15,0.042987,0.8,3084.97,125.486,1.34151,109606,-0.086124,-0.026703,-0.024675,2935.89,0.05,0.391918,0.39532
