tmp.site,tmp.area,Lb,X1,Wb,POR,ALPHA,BETA,Ks,Kb,Kz,Qthresh,Rs,Rb1,Rb2,Prec,Frac4Rise,Error,BFF
13120500,1.13959e+09,15754.1,4516.3,2187,0.15,0.00408,2.7,100.375,13549.5,0.715208,122329,-0.104001,-0.026749,-0.013162,11254.2,0.05,0.260486,0.516353
