tmp.site,tmp.area,Lb,X1,Wb,POR,ALPHA,BETA,Ks,Kb,Kz,Qthresh,Rs,Rb1,Rb2,Prec,Frac4Rise,Error,BFF
02274505,1.48665e+07,6837.77,112.463,89.3762,0.15,0.026025,1.1,51.3391,10314.8,0.74302,2128.52,-0.111261,-0.085824,-0.065036,24.4657,0.05,0.888581,0.273753
