tmp.site,tmp.area,Lb,X1,Wb,POR,ALPHA,BETA,Ks,Kb,Kz,Qthresh,Rs,Rb1,Rb2,Prec,Frac4Rise,Error,BFF
05597500,8.21026e+07,18224.2,72.4062,170.638,0.15,0.007647,1,1001.8,58264.2,1.05489,79268.9,-0.277277,-0.146899,-0.163347,24.4657,0.05,3.43086,0.14386
