tmp.site,tmp.area,Lb,X1,Wb,POR,ALPHA,BETA,Ks,Kb,Kz,Qthresh,Rs,Rb1,Rb2,Prec,Frac4Rise,Error,BFF
04186500,8.59876e+08,20061.8,49.4407,554.486,0.15,0.008907,1.2,2577.7,17346.1,1.37605,78290.3,-0.202733,-0.122563,-0.087589,905.231,0.05,0.494888,0.24317
