tmp.site,tmp.area,Lb,X1,Wb,POR,ALPHA,BETA,Ks,Kb,Kz,Qthresh,Rs,Rb1,Rb2,Prec,Frac4Rise,Error,BFF
05543500,2.13907e+10,16270.4,100,7808.42,0.15,0.004893,1,1435.93,4368.07,1.81246,2.5689e+07,-0.077075,-0.04116,-0.036963,616536,0.05,0.25731,0.598579
