tmp.site,tmp.area,Lb,X1,Wb,POR,ALPHA,BETA,Ks,Kb,Kz,Qthresh,Rs,Rb1,Rb2,Prec,Frac4Rise,Error,BFF
02355350,2.69359e+09,151369,62.0845,1488.57,0.15,0.013756,1,2514.26,89393.2,1.05097,1.6759e+06,-0.097719,-0.037039,-0.03984,16905.8,0.05,0.377365,0.574487
