tmp.site,tmp.area,Lb,X1,Wb,POR,ALPHA,BETA,Ks,Kb,Kz,Qthresh,Rs,Rb1,Rb2,Prec,Frac4Rise,Error,BFF
10291500,1.14218e+08,21972.7,100,445.273,0.15,0.013831,1,174.68,11253,0.490698,18985.4,-0.11539,-0.022395,-0.014688,1938.13,0.05,0.29877,0.634742
