tmp.site,tmp.area,Lb,X1,Wb,POR,ALPHA,BETA,Ks,Kb,Kz,Qthresh,Rs,Rb1,Rb2,Prec,Frac4Rise,Error,BFF
06879100,1.16213e+11,18177,42.125,2520.7,0.15,0.002833,1,2472.41,2102.17,1.03245,1.14744e+06,-0.028924,-0.048874,-0.048561,43059.7,0.05,0.421243,0.235851
