tmp.site,tmp.area,Lb,X1,Wb,POR,ALPHA,BETA,Ks,Kb,Kz,Qthresh,Rs,Rb1,Rb2,Prec,Frac4Rise,Error,BFF
04067500,1.01787e+10,19942.3,4753.57,6371.93,0.15,0.003044,9.9,521.108,5854.29,0.998773,7.39354e+06,-0.073302,-0.033594,-0.025066,251997,0.05,0.203792,0.740735
