tmp.site,tmp.area,Lb,X1,Wb,POR,ALPHA,BETA,Ks,Kb,Kz,Qthresh,Rs,Rb1,Rb2,Prec,Frac4Rise,Error,BFF
12143400,1.07744e+08,11544.1,100,683.453,0.15,0.012177,1,898.1,7843.34,1.02949,68504,-0.213178,-0.066696,-0.022744,6116.43,0.05,0.331722,0.424362
