tmp.site,tmp.area,Lb,X1,Wb,POR,ALPHA,BETA,Ks,Kb,Kz,Qthresh,Rs,Rb1,Rb2,Prec,Frac4Rise,Error,BFF
04101000,8.72826e+09,19171.3,100,7343.2,0.15,0.010825,1,851.531,12810.6,0.941861,7.73117e+06,-0.051568,-0.021074,-0.02149,215298,0.05,0.156422,0.855363
