tmp.site,tmp.area,Lb,X1,Wb,POR,ALPHA,BETA,Ks,Kb,Kz,Qthresh,Rs,Rb1,Rb2,Prec,Frac4Rise,Error,BFF
08330200,4.71378e+06,2843.46,7.28537,11.3995,0.15,0.003834,0.9,306.414,18.3542,0.290573,24.4657,-0.593323,-0.122894,-0.215469,24.4657,0.05,0.333273,0.002758
