tmp.site,tmp.area,Lb,X1,Wb,POR,ALPHA,BETA,Ks,Kb,Kz,Qthresh,Rs,Rb1,Rb2,Prec,Frac4Rise,Error,BFF
08128000,1.06967e+09,7.48691e+06,100,54.4314,0.15,0.029106,1,2234.21,5373.38,0.835988,69238,-0.167403,-0.010718,-0.021994,195.726,0.05,0.923525,0.22662
