tmp.site,tmp.area,Lb,X1,Wb,POR,ALPHA,BETA,Ks,Kb,Kz,Qthresh,Rs,Rb1,Rb2,Prec,Frac4Rise,Error,BFF
02081000,2.24578e+10,16296.6,100,4497.9,0.15,0.007701,1,6658.08,9440.31,1.56865,6.27692e+06,-0.073799,-0.05009,-0.074332,330287,0.05,0.364432,0.493369
