tmp.site,tmp.area,Lb,X1,Wb,POR,ALPHA,BETA,Ks,Kb,Kz,Qthresh,Rs,Rb1,Rb2,Prec,Frac4Rise,Error,BFF
02104220,2.41128e+08,42991.2,100,322.336,0.15,0.012748,1,390.401,15911.5,0.948188,269123,-0.187053,-0.036671,-0.040206,7960.9,0.05,0.260867,0.574056
