tmp.site,tmp.area,Lb,X1,Wb,POR,ALPHA,BETA,Ks,Kb,Kz,Qthresh,Rs,Rb1,Rb2,Prec,Frac4Rise,Error,BFF
08161000,1.07847e+11,79629.1,46.1488,1374.98,0.15,0.003203,1.3,5906.9,12145.9,0.598558,631215,-0.104562,-0.06489,-0.046957,48197.5,0.05,0.413698,0.292024
