tmp.site,tmp.area,Lb,X1,Wb,POR,ALPHA,BETA,Ks,Kb,Kz,Qthresh,Rs,Rb1,Rb2,Prec,Frac4Rise,Error,BFF
11206500,2.64179e+08,27871.1,100,441.944,0.15,0.007624,1,407.986,26201.7,1.01465,58717.7,-0.139884,-0.038981,-0.058705,244.657,0.05,1.17539,0.396853
