tmp.site,tmp.area,Lb,X1,Wb,POR,ALPHA,BETA,Ks,Kb,Kz,Qthresh,Rs,Rb1,Rb2,Prec,Frac4Rise,Error,BFF
13185000,2.15487e+09,29540.5,6485.87,2257.79,0.15,0.007941,10.1,52.0383,9938.76,0.881286,831834,-0.073302,-0.027355,-0.01614,55292.5,0.05,0.206423,0.734328
