tmp.site,tmp.area,Lb,X1,Wb,POR,ALPHA,BETA,Ks,Kb,Kz,Qthresh,Rs,Rb1,Rb2,Prec,Frac4Rise,Error,BFF
03419530,4.06628e+08,14492.8,100,823.934,0.15,0.011281,1,3332.37,9062.56,1.03602,54759.2,-0.212653,-0.091364,-0.047483,5039.94,0.05,0.370288,0.288486
