tmp.site,tmp.area,Lb,X1,Wb,POR,ALPHA,BETA,Ks,Kb,Kz,Qthresh,Rs,Rb1,Rb2,Prec,Frac4Rise,Error,BFF
02249007,9.84195e+06,5231.47,0.254896,209.596,0.15,0.014936,1,273.305,12.1647,0.636466,22263.8,-0.202733,-0.056544,-0.060235,259.41,0.05,0.463861,0.458985
