tmp.site,tmp.area,Lb,X1,Wb,POR,ALPHA,BETA,Ks,Kb,Kz,Qthresh,Rs,Rb1,Rb2,Prec,Frac4Rise,Error,BFF
09063000,1.81817e+08,168540,100,430.506,0.15,0.000295,1,169.827,37168.5,0.882612,22019.1,-0.125657,-0.026813,-0.014323,1467.94,0.05,0.343911,0.331859
