tmp.site,tmp.area,Lb,X1,Wb,POR,ALPHA,BETA,Ks,Kb,Kz,Qthresh,Rs,Rb1,Rb2,Prec,Frac4Rise,Error,BFF
11519500,1.69126e+09,54915.1,205.284,906.046,0.15,0.008275,1.1,938.115,92512.2,0.501903,156581,-0.101294,-0.038857,-0.032624,1531.9,0.05,0.402057,0.53234
