tmp.site,tmp.area,Lb,X1,Wb,POR,ALPHA,BETA,Ks,Kb,Kz,Qthresh,Rs,Rb1,Rb2,Prec,Frac4Rise,Error,BFF
12100490,1.22765e+09,6843.89,1.46277,9966.37,0.15,0.007647,1.6,1538.41,70.1649,1.20657,1.1083e+06,-0.066426,-0.044444,-0.035436,95117.8,0.05,0.309195,0.889295
