tmp.site,tmp.area,Lb,X1,Wb,POR,ALPHA,BETA,Ks,Kb,Kz,Qthresh,Rs,Rb1,Rb2,Prec,Frac4Rise,Error,BFF
03325519,3.65188e+08,12564.1,40.5278,583.775,0.15,0.009146,1.4,3408.84,11454.8,1.20832,7706.7,-0.343591,-0.150869,-0.079632,236.437,0.05,0.499695,0.252114
