tmp.site,tmp.area,Lb,X1,Wb,POR,ALPHA,BETA,Ks,Kb,Kz,Qthresh,Rs,Rb1,Rb2,Prec,Frac4Rise,Error,BFF
12211200,1.62651e+09,24981.8,7816.4,2749.54,0.15,0.008019,10.1,1886.3,4881.64,3.27271,4.72188e+06,-0.172176,-0.054391,-0.033074,188733,0.05,0.243093,0.587395
