tmp.site,tmp.area,Lb,X1,Wb,POR,ALPHA,BETA,Ks,Kb,Kz,Qthresh,Rs,Rb1,Rb2,Prec,Frac4Rise,Error,BFF
07349000,2.84122e+09,11157.3,100,3803.15,0.15,0.023355,1,2712.08,25947.2,0.892326,2.6423e+06,-0.077075,-0.074836,-0.094823,24.4657,0.05,1.25577,0.561313
