tmp.site,tmp.area,Lb,X1,Wb,POR,ALPHA,BETA,Ks,Kb,Kz,Qthresh,Rs,Rb1,Rb2,Prec,Frac4Rise,Error,BFF
11383500,5.38718e+08,28900.3,100,748.704,0.15,0.00581,1,374.789,5318.2,0.9659,215298,-0.166024,-0.044303,-0.008346,14924.1,0.05,0.355264,0.373426
