tmp.site,tmp.area,Lb,X1,Wb,POR,ALPHA,BETA,Ks,Kb,Kz,Qthresh,Rs,Rb1,Rb2,Prec,Frac4Rise,Error,BFF
01111500,2.36207e+08,12999.5,100,632.189,0.15,0.023075,1,711.481,15178.6,0.885776,83183.4,-0.106871,-0.052012,-0.058959,2935.89,0.05,0.423224,0.510702
