tmp.site,tmp.area,Lb,X1,Wb,POR,ALPHA,BETA,Ks,Kb,Kz,Qthresh,Rs,Rb1,Rb2,Prec,Frac4Rise,Error,BFF
06871000,2.1989e+09,39904.8,117.864,124.947,0.15,0.043141,0.9,1985.23,21468.4,1.1122,62142.9,-0.149246,-0.055897,-0.113713,24.4657,0.05,49.1146,0.160558
