tmp.site,tmp.area,Lb,X1,Wb,POR,ALPHA,BETA,Ks,Kb,Kz,Qthresh,Rs,Rb1,Rb2,Prec,Frac4Rise,Error,BFF
03011020,4.1647e+09,58668.6,52.4772,2112.63,0.15,0.011194,1.7,6189.99,18234.7,2.36491,320501,-0.138212,-0.069387,-0.041182,34496.7,0.05,0.355879,0.493579
