tmp.site,tmp.area,Lb,X1,Wb,POR,ALPHA,BETA,Ks,Kb,Kz,Qthresh,Rs,Rb1,Rb2,Prec,Frac4Rise,Error,BFF
02357000,1.26909e+09,26245.1,40.3526,1255.3,0.15,0.009831,1,2340.62,10509.4,1.29212,281356,-0.118018,-0.044008,-0.047731,24.4657,0.05,3.65499,0.491044
