tmp.site,tmp.area,Lb,X1,Wb,POR,ALPHA,BETA,Ks,Kb,Kz,Qthresh,Rs,Rb1,Rb2,Prec,Frac4Rise,Error,BFF
02372430,3.30741e+09,7710.66,100,2945.96,0.15,0.011869,1,5897.33,18568.5,1.08467,219702,-0.143841,-0.063868,-0.082146,12107.1,0.05,0.523226,0.502783
