tmp.site,tmp.area,Lb,X1,Wb,POR,ALPHA,BETA,Ks,Kb,Kz,Qthresh,Rs,Rb1,Rb2,Prec,Frac4Rise,Error,BFF
02129000,1.77751e+10,11891,100,5265.47,0.15,0.013839,1,11471,11485.7,2.06249,1.88875e+07,-0.100726,-0.062693,-0.12441,82635.4,0.05,1.05879,0.468959
