tmp.site,tmp.area,Lb,X1,Wb,POR,ALPHA,BETA,Ks,Kb,Kz,Qthresh,Rs,Rb1,Rb2,Prec,Frac4Rise,Error,BFF
12035450,2.47862e+07,11454.5,100,413.163,0.15,0.00757,1,417.571,5473.88,1.09812,21575.8,-0.276857,-0.086672,-0.016219,2226.38,0.05,0.352937,0.294513
