tmp.site,tmp.area,Lb,X1,Wb,POR,ALPHA,BETA,Ks,Kb,Kz,Qthresh,Rs,Rb1,Rb2,Prec,Frac4Rise,Error,BFF
04072150,2.79719e+08,6147.75,100,481.621,0.15,0.021425,1,838.233,17301.3,0.90211,14679.4,-0.169539,-0.1004,-0.107651,24.4657,0.05,0.714992,0.345132
