tmp.site,tmp.area,Lb,X1,Wb,POR,ALPHA,BETA,Ks,Kb,Kz,Qthresh,Rs,Rb1,Rb2,Prec,Frac4Rise,Error,BFF
08286500,4.14398e+09,25620.1,27.7736,653.125,0.15,0.003411,0.9,623.662,1011.18,1.0572,1.06181e+06,-0.020369,-0.050584,-0.092668,6116.43,0.05,0.572634,0.184717
