tmp.site,tmp.area,Lb,X1,Wb,POR,ALPHA,BETA,Ks,Kb,Kz,Qthresh,Rs,Rb1,Rb2,Prec,Frac4Rise,Error,BFF
07263450,4.09576e+11,20416.1,1.32594,43100.5,0.15,0.01961,0.9,70618.2,536.938,2.27553,5.94517e+07,-0.181496,-0.046614,-0.108241,205992,0.05,0.889698,0.503938
