tmp.site,tmp.area,Lb,X1,Wb,POR,ALPHA,BETA,Ks,Kb,Kz,Qthresh,Rs,Rb1,Rb2,Prec,Frac4Rise,Error,BFF
02381600,2.5874e+07,10537.9,100,234.999,0.15,0.012444,1,405.755,5924.72,0.459916,23731.7,-0.359668,-0.043307,-0.048764,242.211,0.05,0.347716,0.464227
