tmp.site,tmp.area,Lb,X1,Wb,POR,ALPHA,BETA,Ks,Kb,Kz,Qthresh,Rs,Rb1,Rb2,Prec,Frac4Rise,Error,BFF
08088470,3.44468e+08,6850.67,100,26.7064,0.15,0.00232,1,2487.98,35.6553,0.922686,15945.8,-0.500628,-0.191937,-0.299065,24.4657,0.05,0.206742,3.4e-05
