tmp.site,tmp.area,Lb,X1,Wb,POR,ALPHA,BETA,Ks,Kb,Kz,Qthresh,Rs,Rb1,Rb2,Prec,Frac4Rise,Error,BFF
01103280,1.70162e+08,12626,100,515.285,0.15,0.02612,1,545.634,14822.6,0.936576,10495.8,-0.109384,-0.058728,-0.058002,978.629,0.05,0.358272,0.487269
