tmp.site,tmp.area,Lb,X1,Wb,POR,ALPHA,BETA,Ks,Kb,Kz,Qthresh,Rs,Rb1,Rb2,Prec,Frac4Rise,Error,BFF
07105490,5.62027e+07,38235.3,8.37107,74.4307,0.15,0.021859,0.9,202.191,421.189,0.694749,978.629,-0.08094,-0.043341,-0.056354,56.2711,0.05,0.65179,0.194166
