tmp.site,tmp.area,Lb,X1,Wb,POR,ALPHA,BETA,Ks,Kb,Kz,Qthresh,Rs,Rb1,Rb2,Prec,Frac4Rise,Error,BFF
391953108130201,1.3183e+09,90086,100,198.02,0.15,0.076958,1,1209.45,32647.6,0.934593,92480.4,-0.121811,-0.053246,-0.0808,24.4657,0.05,3.48182,0.204404
