tmp.site,tmp.area,Lb,X1,Wb,POR,ALPHA,BETA,Ks,Kb,Kz,Qthresh,Rs,Rb1,Rb2,Prec,Frac4Rise,Error,BFF
01334000,2.87489e+08,36262.3,234.947,575.217,0.15,0.009381,2.6,1438.28,19215.8,0.843329,80736.9,-0.31032,-0.055524,-0.036408,8563,0.05,0.278961,0.535536
