tmp.site,tmp.area,Lb,X1,Wb,POR,ALPHA,BETA,Ks,Kb,Kz,Qthresh,Rs,Rb1,Rb2,Prec,Frac4Rise,Error,BFF
01518862,2.34653e+08,11606.7,13.5693,677.138,0.15,0.019006,1.2,1397.92,2947.15,1.05614,16881.3,-0.282586,-0.079759,-0.059269,489.314,0.05,0.381764,0.460745
