tmp.site,tmp.area,Lb,X1,Wb,POR,ALPHA,BETA,Ks,Kb,Kz,Qthresh,Rs,Rb1,Rb2,Prec,Frac4Rise,Error,BFF
07138000,6.67259e+10,290468,0.03576,327.644,0.15,0.010752,0.9,57716.9,0.173854,1.23432,626322,-0.103641,-0.055032,-0.085069,144.348,0.05,10.4927,0.221815
