tmp.site,tmp.area,Lb,X1,Wb,POR,ALPHA,BETA,Ks,Kb,Kz,Qthresh,Rs,Rb1,Rb2,Prec,Frac4Rise,Error,BFF
11464000,2.05386e+09,8651.99,13.5933,3330.23,0.15,0.002999,3.9,1026.07,29.1167,1.55984,533353,-0.087565,-0.068418,-0.028117,9272.51,0.05,0.351673,0.271979
