tmp.site,tmp.area,Lb,X1,Wb,POR,ALPHA,BETA,Ks,Kb,Kz,Qthresh,Rs,Rb1,Rb2,Prec,Frac4Rise,Error,BFF
03402900,1.99429e+09,10654.6,100,1852.65,0.15,0.01192,1,3624.93,14318.7,1.23107,178600,-0.146551,-0.076103,-0.047945,16657.5,0.05,0.338324,0.401489
