tmp.site,tmp.area,Lb,X1,Wb,POR,ALPHA,BETA,Ks,Kb,Kz,Qthresh,Rs,Rb1,Rb2,Prec,Frac4Rise,Error,BFF
02324170,1.50737e+09,12652.3,100,4215.11,0.15,0.02909,1,4742.56,22944.7,1.36355,376283,-0.142484,-0.066398,-0.1534,1630.4,0.05,1.98849,0.493138
