tmp.site,tmp.area,Lb,X1,Wb,POR,ALPHA,BETA,Ks,Kb,Kz,Qthresh,Rs,Rb1,Rb2,Prec,Frac4Rise,Error,BFF
03327500,6.95671e+09,17916.2,0.12114,1763.04,0.15,0.008874,1.1,5329.97,27.6045,0.655117,450169,-0.103226,-0.088709,-0.078235,31071.5,0.05,0.435825,0.327409
