tmp.site,tmp.area,Lb,X1,Wb,POR,ALPHA,BETA,Ks,Kb,Kz,Qthresh,Rs,Rb1,Rb2,Prec,Frac4Rise,Error,BFF
02297635,2.33358e+08,15307.2,100,341.692,0.15,0.017839,1,534.343,21874.9,1.02797,155289,-0.187578,-0.069449,-0.114758,742.779,0.05,0.780918,0.403046
