tmp.site,tmp.area,Lb,X1,Wb,POR,ALPHA,BETA,Ks,Kb,Kz,Qthresh,Rs,Rb1,Rb2,Prec,Frac4Rise,Error,BFF
03330500,2.92669e+08,41320.8,165.432,496.767,0.15,0.032654,0.9,127.704,50186.5,0.963949,114989,-0.033627,-0.034431,-0.059083,1052.03,0.05,0.71957,0.620771
