tmp.site,tmp.area,Lb,X1,Wb,POR,ALPHA,BETA,Ks,Kb,Kz,Qthresh,Rs,Rb1,Rb2,Prec,Frac4Rise,Error,BFF
04093000,3.21159e+08,22132.4,32.879,446.012,0.15,0.013483,1.4,1263.37,7920.98,1.28767,63610.9,-0.156829,-0.089431,-0.064793,1737.07,0.05,0.474455,0.388244
