tmp.site,tmp.area,Lb,X1,Wb,POR,ALPHA,BETA,Ks,Kb,Kz,Qthresh,Rs,Rb1,Rb2,Prec,Frac4Rise,Error,BFF
12211500,1.67831e+09,12878.5,100,3266.06,0.15,0.010273,1,2975.38,7383.18,2.6863,2.03105e+06,-0.209492,-0.060052,-0.030487,197037,0.05,0.229628,0.576216
