tmp.site,tmp.area,Lb,X1,Wb,POR,ALPHA,BETA,Ks,Kb,Kz,Qthresh,Rs,Rb1,Rb2,Prec,Frac4Rise,Error,BFF
07350500,1.64107e+11,13471.3,137.944,23849.1,0.15,0.011941,1.1,24886.1,14217.6,2.15033,4.64849e+06,-0.075601,-0.04354,-0.03385,308268,0.05,0.371335,0.589418
