tmp.site,tmp.area,Lb,X1,Wb,POR,ALPHA,BETA,Ks,Kb,Kz,Qthresh,Rs,Rb1,Rb2,Prec,Frac4Rise,Error,BFF
10016900,1.14218e+09,10083.6,100,1032.9,0.15,0.011887,1,1183.94,12744.2,0.91425,137742,-0.106526,-0.051963,-0.051041,2691.23,0.05,0.359917,0.514967
