tmp.site,tmp.area,Lb,X1,Wb,POR,ALPHA,BETA,Ks,Kb,Kz,Qthresh,Rs,Rb1,Rb2,Prec,Frac4Rise,Error,BFF
04065722,7.51097e+09,33807.6,12636.8,3714.2,0.15,0.007835,10.1,1645.18,4855.64,0.841111,1.7734e+06,-0.058892,-0.032088,-0.023297,194874,0.05,0.225976,0.687595
