tmp.site,tmp.area,Lb,X1,Wb,POR,ALPHA,BETA,Ks,Kb,Kz,Qthresh,Rs,Rb1,Rb2,Prec,Frac4Rise,Error,BFF
01464899,3.00439e+07,10748.3,100,181.167,0.15,0.019819,1,462.154,11031.7,0.928978,15675.2,-0.490185,-0.092792,-0.064866,110.903,0.05,0.352789,0.313301
