tmp.site,tmp.area,Lb,X1,Wb,POR,ALPHA,BETA,Ks,Kb,Kz,Qthresh,Rs,Rb1,Rb2,Prec,Frac4Rise,Error,BFF
02197020,4.55838e+07,15534.7,100,195.058,0.15,0.015556,1,213.42,5698.93,0.541562,46484.9,-0.22585,-0.039201,-0.041347,1159.67,0.05,0.296827,0.526655
