tmp.site,tmp.area,Lb,X1,Wb,POR,ALPHA,BETA,Ks,Kb,Kz,Qthresh,Rs,Rb1,Rb2,Prec,Frac4Rise,Error,BFF
01411300,7.97716e+07,17123.8,100,306.801,0.15,0.013896,1,285.42,8996.96,0.686371,24465.7,-0.17682,-0.036275,-0.031329,1886.01,0.05,0.284996,0.577561
