tmp.site,tmp.area,Lb,X1,Wb,POR,ALPHA,BETA,Ks,Kb,Kz,Qthresh,Rs,Rb1,Rb2,Prec,Frac4Rise,Error,BFF
03274000,9.40166e+09,20755.9,2891.07,3053.22,0.15,0.006846,10.1,7533.15,4454.06,1.80416,1.22084e+06,-0.143841,-0.078056,-0.036499,79024.3,0.05,0.300504,0.422559
