tmp.site,tmp.area,Lb,X1,Wb,POR,ALPHA,BETA,Ks,Kb,Kz,Qthresh,Rs,Rb1,Rb2,Prec,Frac4Rise,Error,BFF
03352953,4.20096e+09,10875.8,100,2402.15,0.15,0.009246,1,7862.93,15418.5,1.37681,306262,-0.142955,-0.083381,-0.069756,16358.8,0.05,0.379628,0.381315
