tmp.site,tmp.area,Lb,X1,Wb,POR,ALPHA,BETA,Ks,Kb,Kz,Qthresh,Rs,Rb1,Rb2,Prec,Frac4Rise,Error,BFF
07060710,1.50478e+08,8759.55,100,291.593,0.15,0.009769,1,781.319,5033.23,0.90182,11009.6,-0.202733,-0.103565,-0.053608,538.246,0.05,0.42483,0.183909
