tmp.site,tmp.area,Lb,X1,Wb,POR,ALPHA,BETA,Ks,Kb,Kz,Qthresh,Rs,Rb1,Rb2,Prec,Frac4Rise,Error,BFF
10320000,2.97849e+09,22908.3,100,618.142,0.15,0.009275,1,51.643,25499.2,0.850112,19523.6,-0.035729,-0.042143,-0.043179,562.711,0.05,0.412695,0.55572
