tmp.site,tmp.area,Lb,X1,Wb,POR,ALPHA,BETA,Ks,Kb,Kz,Qthresh,Rs,Rb1,Rb2,Prec,Frac4Rise,Error,BFF
07354100,3.62598e+08,7354.14,100,811.792,0.15,0.010704,1,4465.76,6525.22,1.02576,19817.2,-0.370147,-0.133064,-0.056106,954.163,0.05,0.414282,0.191944
