tmp.site,tmp.area,Lb,X1,Wb,POR,ALPHA,BETA,Ks,Kb,Kz,Qthresh,Rs,Rb1,Rb2,Prec,Frac4Rise,Error,BFF
12391950,5.71533e+10,22914.1,7.94419,34044.3,0.15,0.008691,0.9,9724.92,4016.96,1.70697,1.77132e+07,-0.089618,-0.031194,-0.047264,1.13252e+06,0.05,0.333386,0.88225
