tmp.site,tmp.area,Lb,X1,Wb,POR,ALPHA,BETA,Ks,Kb,Kz,Qthresh,Rs,Rb1,Rb2,Prec,Frac4Rise,Error,BFF
03232500,3.62598e+08,9332.77,100,657.553,0.15,0.014057,1,1386.18,18928.2,0.883693,73397.1,-0.146256,-0.088233,-0.091286,685.04,0.05,0.617442,0.375272
