tmp.site,tmp.area,Lb,X1,Wb,POR,ALPHA,BETA,Ks,Kb,Kz,Qthresh,Rs,Rb1,Rb2,Prec,Frac4Rise,Error,BFF
04273800,1.75601e+08,19559.2,100,246.066,0.15,0.015899,1,305.651,16666.8,0.942023,57739.1,-0.113966,-0.059339,-0.049558,1256.56,0.05,0.381554,0.412709
