tmp.site,tmp.area,Lb,X1,Wb,POR,ALPHA,BETA,Ks,Kb,Kz,Qthresh,Rs,Rb1,Rb2,Prec,Frac4Rise,Error,BFF
0214643820,2.66769e+06,2651.14,119.441,44.857,0.15,0.011704,0.9,348.804,4042.61,0.359665,1076.49,-0.652965,-0.105456,-0.166464,24.4657,0.05,0.5525,0.103103
