tmp.site,tmp.area,Lb,X1,Wb,POR,ALPHA,BETA,Ks,Kb,Kz,Qthresh,Rs,Rb1,Rb2,Prec,Frac4Rise,Error,BFF
09072550,2.33876e+07,24884.4,16.6984,14.4649,0.15,0.004644,0.9,91.1716,1161.84,0.783309,13537.1,-0.02541,-0.071389,-0.221868,24.4657,0.05,2.48819,0.006586
