tmp.site,tmp.area,Lb,X1,Wb,POR,ALPHA,BETA,Ks,Kb,Kz,Qthresh,Rs,Rb1,Rb2,Prec,Frac4Rise,Error,BFF
06295000,1.03993e+11,14138.3,22.5168,18101.1,0.15,0.005564,1.8,504.83,251.268,0.941744,1.95236e+07,-0.044581,-0.021721,-0.017706,733971,0.05,0.337594,0.767571
