tmp.site,tmp.area,Lb,X1,Wb,POR,ALPHA,BETA,Ks,Kb,Kz,Qthresh,Rs,Rb1,Rb2,Prec,Frac4Rise,Error,BFF
441520088045002,103600,556.046,41.8531,27.6005,0.15,0.044182,0.9,26.9799,607.382,0.051029,39.2058,-0.246076,-0.084196,-0.157734,0.024466,0.05,15.5926,0.451261
