tmp.site,tmp.area,Lb,X1,Wb,POR,ALPHA,BETA,Ks,Kb,Kz,Qthresh,Rs,Rb1,Rb2,Prec,Frac4Rise,Error,BFF
07371500,9.19446e+08,8855.7,0.36962,1399.7,0.15,0.01499,1.2,3210.55,81.5543,1.33964,61164.3,-0.149248,-0.118003,-0.073094,471.21,0.05,0.513006,0.385597
