tmp.site,tmp.area,Lb,X1,Wb,POR,ALPHA,BETA,Ks,Kb,Kz,Qthresh,Rs,Rb1,Rb2,Prec,Frac4Rise,Error,BFF
12354500,2.77854e+10,10570.8,3.13713,23120.2,0.15,0.00626,4.8,2863.29,5.3629,1.07946,9.07678e+06,-0.046763,-0.024337,-0.016634,371316,0.05,0.285385,0.825798
