tmp.site,tmp.area,Lb,X1,Wb,POR,ALPHA,BETA,Ks,Kb,Kz,Qthresh,Rs,Rb1,Rb2,Prec,Frac4Rise,Error,BFF
03320500,5.02458e+08,13305.2,23.8035,670.537,0.15,0.02054,1,4618.78,8251.99,0.922096,84162.1,-0.199595,-0.113742,-0.138,24.4657,0.05,3.20129,0.251645
