tmp.site,tmp.area,Lb,X1,Wb,POR,ALPHA,BETA,Ks,Kb,Kz,Qthresh,Rs,Rb1,Rb2,Prec,Frac4Rise,Error,BFF
02131010,2.29214e+10,26971.5,62.7814,5324.09,0.15,0.011899,0.9,8362.35,16403.1,1.5112,3.25394e+06,-0.077075,-0.047426,-0.058255,247642,0.05,0.328294,0.572273
