tmp.site,tmp.area,Lb,X1,Wb,POR,ALPHA,BETA,Ks,Kb,Kz,Qthresh,Rs,Rb1,Rb2,Prec,Frac4Rise,Error,BFF
02303410,1.99429e+07,18608.5,239.808,48.9497,0.15,0.06538,0.9,360.119,52448.4,0.847971,4330.43,-0.156517,-0.087827,-0.118933,24.4657,0.05,1.12971,0.208961
