tmp.site,tmp.area,Lb,X1,Wb,POR,ALPHA,BETA,Ks,Kb,Kz,Qthresh,Rs,Rb1,Rb2,Prec,Frac4Rise,Error,BFF
01408900,1.2924e+08,25964.3,100,469.99,0.15,0.013316,1,177.868,5917.95,0.621819,153155,-0.082068,-0.025626,-0.037056,7731.17,0.05,0.237145,0.706205
