tmp.site,tmp.area,Lb,X1,Wb,POR,ALPHA,BETA,Ks,Kb,Kz,Qthresh,Rs,Rb1,Rb2,Prec,Frac4Rise,Error,BFF
01613050,2.77129e+07,15766.6,100,96.3172,0.15,0.044759,1,659.316,18532.5,0.873018,11254.2,-0.187347,-0.07435,-0.103609,24.4657,0.05,0.71635,0.251826
