tmp.site,tmp.area,Lb,X1,Wb,POR,ALPHA,BETA,Ks,Kb,Kz,Qthresh,Rs,Rb1,Rb2,Prec,Frac4Rise,Error,BFF
03287600,5.56847e+07,6664.02,100,272.759,0.15,0.031546,1,1008.59,22506.7,0.928942,49176.1,-0.414711,-0.096506,-0.164954,24.4657,0.05,0.758553,0.288201
