tmp.site,tmp.area,Lb,X1,Wb,POR,ALPHA,BETA,Ks,Kb,Kz,Qthresh,Rs,Rb1,Rb2,Prec,Frac4Rise,Error,BFF
04180610,2.83345e+09,6901.25,100,2149.67,0.15,0.010513,1,3490.31,11180.5,0.914248,318054,-0.15233,-0.074402,-0.067439,3965.89,0.05,0.449579,0.469922
