tmp.site,tmp.area,Lb,X1,Wb,POR,ALPHA,BETA,Ks,Kb,Kz,Qthresh,Rs,Rb1,Rb2,Prec,Frac4Rise,Error,BFF
04231600,6.40763e+09,11463.7,100,3091.85,0.15,0.008889,1,5441.97,9853.7,1.0919,2.07959e+06,-0.111572,-0.055709,-0.051695,72907.8,0.05,0.339895,0.475938
