tmp.site,tmp.area,Lb,X1,Wb,POR,ALPHA,BETA,Ks,Kb,Kz,Qthresh,Rs,Rb1,Rb2,Prec,Frac4Rise,Error,BFF
07376300,1.26132e+09,16393.3,31.1607,1190.57,0.15,0.010674,0.9,5249.07,15992.9,1.28763,1.00823e+06,-0.17792,-0.085391,-0.197438,1322.86,0.05,2.72645,0.307841
