tmp.site,tmp.area,Lb,X1,Wb,POR,ALPHA,BETA,Ks,Kb,Kz,Qthresh,Rs,Rb1,Rb2,Prec,Frac4Rise,Error,BFF
07326000,8.05486e+08,342858,0.820092,67.7641,0.15,0.000873,0.9,127.275,26.795,1.06044,7070.59,-0.045268,-0.097369,-0.165635,174.612,0.05,0.500674,0.080193
