tmp.site,tmp.area,Lb,X1,Wb,POR,ALPHA,BETA,Ks,Kb,Kz,Qthresh,Rs,Rb1,Rb2,Prec,Frac4Rise,Error,BFF
05520500,5.94143e+09,16781.3,168.5,4113.8,0.15,0.008667,1.1,1022.53,6997.33,1.04922,1.45326e+06,-0.045406,-0.023824,-0.021326,107160,0.05,0.293211,0.632493
