tmp.site,tmp.area,Lb,X1,Wb,POR,ALPHA,BETA,Ks,Kb,Kz,Qthresh,Rs,Rb1,Rb2,Prec,Frac4Rise,Error,BFF
11070150,6.52677e+08,34331.4,0.009688,57.9459,0.15,0.001473,0.9,155.469,0.004355,0.319215,8281.64,-0.2914,-0.18691,-0.21234,146.794,0.05,0.107605,1.9e-05
