tmp.site,tmp.area,Lb,X1,Wb,POR,ALPHA,BETA,Ks,Kb,Kz,Qthresh,Rs,Rb1,Rb2,Prec,Frac4Rise,Error,BFF
11408550,1.03341e+08,165712,100,82.4067,0.15,0.01079,1,376.906,238.314,0.882253,11743.5,-0.054799,-0.043017,-0.002992,782.903,0.05,0.155205,0.098693
