tmp.site,tmp.area,Lb,X1,Wb,POR,ALPHA,BETA,Ks,Kb,Kz,Qthresh,Rs,Rb1,Rb2,Prec,Frac4Rise,Error,BFF
0208111310,2.79719e+08,6328.42,100,747.444,0.15,0.023905,1,1004.22,19672.2,0.924257,244657,-0.122199,-0.091559,-0.199275,24.4657,0.05,2.85885,0.412945
