tmp.site,tmp.area,Lb,X1,Wb,POR,ALPHA,BETA,Ks,Kb,Kz,Qthresh,Rs,Rb1,Rb2,Prec,Frac4Rise,Error,BFF
12502500,4.48068e+08,29349.2,11.7862,645.163,0.15,0.009288,0.9,660.46,3598.61,0.085384,92725.1,-0.083822,-0.035965,-0.03792,1737.07,0.05,0.36093,0.628203
