tmp.site,tmp.area,Lb,X1,Wb,POR,ALPHA,BETA,Ks,Kb,Kz,Qthresh,Rs,Rb1,Rb2,Prec,Frac4Rise,Error,BFF
11501000,4.05333e+09,49442.1,100,1020.02,0.15,0.006949,1,187.534,15997.4,0.985415,680147,-0.063516,-0.025996,-0.021133,25689,0.05,0.370967,0.545613
