tmp.site,tmp.area,Lb,X1,Wb,POR,ALPHA,BETA,Ks,Kb,Kz,Qthresh,Rs,Rb1,Rb2,Prec,Frac4Rise,Error,BFF
07159750,8.28796e+08,71123.1,181.488,308.252,0.15,0.003873,3.5,1271.72,30534.1,1.02951,44038.3,-0.255413,-0.108775,-0.047911,2935.89,0.05,0.39921,0.229453
