tmp.site,tmp.area,Lb,X1,Wb,POR,ALPHA,BETA,Ks,Kb,Kz,Qthresh,Rs,Rb1,Rb2,Prec,Frac4Rise,Error,BFF
07157740,2.88007e+10,17812.1,100,249.98,0.15,0.024682,1,7438.3,11242.6,0.939409,3669.86,-0.110683,-0.069016,-0.094095,24.4657,0.05,55.8006,0.181694
