tmp.site,tmp.area,Lb,X1,Wb,POR,ALPHA,BETA,Ks,Kb,Kz,Qthresh,Rs,Rb1,Rb2,Prec,Frac4Rise,Error,BFF
01586610,7.25197e+07,160758,100,148.716,0.15,0.005558,1,514.396,81721.2,0.723438,14023.3,-0.395344,-0.037413,-0.031667,1157.52,0.05,0.290295,0.510955
