tmp.site,tmp.area,Lb,X1,Wb,POR,ALPHA,BETA,Ks,Kb,Kz,Qthresh,Rs,Rb1,Rb2,Prec,Frac4Rise,Error,BFF
12448500,2.60812e+09,19173.7,100,1762.56,0.15,0.007144,1,123.474,9852.56,0.931967,479528,-0.037054,-0.03059,-0.012817,40368.4,0.05,0.459511,0.400638
