tmp.site,tmp.area,Lb,X1,Wb,POR,ALPHA,BETA,Ks,Kb,Kz,Qthresh,Rs,Rb1,Rb2,Prec,Frac4Rise,Error,BFF
03428200,4.58428e+08,36164.9,126.728,828.705,0.15,0.006977,1.6,4039.88,81178.8,0.918711,39145.1,-0.277162,-0.098795,-0.054009,2275.31,0.05,0.340418,0.440625
