tmp.site,tmp.area,Lb,X1,Wb,POR,ALPHA,BETA,Ks,Kb,Kz,Qthresh,Rs,Rb1,Rb2,Prec,Frac4Rise,Error,BFF
06714360,4.84328e+08,2009.21,90.5382,723.807,0.15,0.010539,1,1111.42,752.746,0.05276,48442.1,-0.185718,-0.080571,-0.077147,1029.76,0.05,0.37288,0.301971
