tmp.site,tmp.area,Lb,X1,Wb,POR,ALPHA,BETA,Ks,Kb,Kz,Qthresh,Rs,Rb1,Rb2,Prec,Frac4Rise,Error,BFF
06881000,7.01887e+09,2728.84,100,3391.76,0.15,0.003856,1,518.405,458.673,1.01282,330287,-0.08737,-0.086229,-0.05377,7366.14,0.05,0.413355,0.272696
