tmp.site,tmp.area,Lb,X1,Wb,POR,ALPHA,BETA,Ks,Kb,Kz,Qthresh,Rs,Rb1,Rb2,Prec,Frac4Rise,Error,BFF
05379500,1.66536e+09,32788.4,100,1396.91,0.15,0.010577,1,2141.01,1506.4,0.899982,535799,-0.11466,-0.037019,-0.017634,35475.3,0.05,0.263977,0.538641
