tmp.site,tmp.area,Lb,X1,Wb,POR,ALPHA,BETA,Ks,Kb,Kz,Qthresh,Rs,Rb1,Rb2,Prec,Frac4Rise,Error,BFF
06708800,3.00439e+08,192429,9.69935,78.6716,0.15,0.017212,0.9,901.691,753.815,1.0815,18050.8,-0.139772,-0.046852,-0.06711,102.585,0.05,0.858253,0.239034
