tmp.site,tmp.area,Lb,X1,Wb,POR,ALPHA,BETA,Ks,Kb,Kz,Qthresh,Rs,Rb1,Rb2,Prec,Frac4Rise,Error,BFF
03063000,7.04477e+09,8505.96,100,2947.85,0.15,0.009308,1,6075.69,14331.3,2.00445,924804,-0.128508,-0.069924,-0.091157,79503.8,0.05,0.439305,0.328953
