tmp.site,tmp.area,Lb,X1,Wb,POR,ALPHA,BETA,Ks,Kb,Kz,Qthresh,Rs,Rb1,Rb2,Prec,Frac4Rise,Error,BFF
06898000,1.81558e+09,7838.39,0.164125,1058.86,0.15,0.011694,1.2,5283.87,12.528,1.71923,46484.9,-0.202733,-0.106584,-0.069834,440.383,0.05,0.532328,0.206819
