tmp.site,tmp.area,Lb,X1,Wb,POR,ALPHA,BETA,Ks,Kb,Kz,Qthresh,Rs,Rb1,Rb2,Prec,Frac4Rise,Error,BFF
07249920,2.64179e+08,6783.62,100,654.299,0.15,0.013917,1,1259.46,13810.8,0.903945,1443.48,-0.194074,-0.084846,-0.082635,24.4657,0.05,0.890225,0.289868
