tmp.site,tmp.area,Lb,X1,Wb,POR,ALPHA,BETA,Ks,Kb,Kz,Qthresh,Rs,Rb1,Rb2,Prec,Frac4Rise,Error,BFF
09371492,8.93546e+07,42907.8,19.3451,40.8027,0.15,0.015033,0.9,479.929,3341.44,0.693561,2422.11,-0.118194,-0.035871,-0.08923,100.309,0.05,0.699578,0.227977
