tmp.site,tmp.area,Lb,X1,Wb,POR,ALPHA,BETA,Ks,Kb,Kz,Qthresh,Rs,Rb1,Rb2,Prec,Frac4Rise,Error,BFF
03157500,1.1888e+09,19733.4,154.994,1081.85,0.15,0.00916,2.8,4088.05,6998.95,0.866721,83183.4,-0.248339,-0.082467,-0.042329,8758.73,0.05,0.359818,0.422348
