tmp.site,tmp.area,Lb,X1,Wb,POR,ALPHA,BETA,Ks,Kb,Kz,Qthresh,Rs,Rb1,Rb2,Prec,Frac4Rise,Error,BFF
07056700,2.77129e+09,8014.84,2.59606,2685.6,0.15,0.011319,2.3,6244.58,55.9798,1.44563,308268,-0.16772,-0.090539,-0.031053,8554.68,0.05,0.394717,0.377383
