tmp.site,tmp.area,Lb,X1,Wb,POR,ALPHA,BETA,Ks,Kb,Kz,Qthresh,Rs,Rb1,Rb2,Prec,Frac4Rise,Error,BFF
04185935,5.20588e+08,4532.91,8.8735,996.268,0.15,0.009298,1.6,5850.38,424.293,1.22236,45016.9,-0.270805,-0.152271,-0.076222,1291.35,0.05,0.42952,0.231182
