tmp.site,tmp.area,Lb,X1,Wb,POR,ALPHA,BETA,Ks,Kb,Kz,Qthresh,Rs,Rb1,Rb2,Prec,Frac4Rise,Error,BFF
12409000,2.60812e+09,8552.76,100,2755.56,0.15,0.003572,1,94.2094,4621.64,0.930028,425703,-0.073572,-0.022449,-0.02787,6361.09,0.05,0.315355,0.594357
