tmp.site,tmp.area,Lb,X1,Wb,POR,ALPHA,BETA,Ks,Kb,Kz,Qthresh,Rs,Rb1,Rb2,Prec,Frac4Rise,Error,BFF
10257720,1.21988e+07,2829.36,0.128404,12.842,0.15,0.005579,0.9,842.367,0.078647,0.235619,1419.01,-0.170302,-0.039418,-0.06253,24.4657,0.05,1.95026,0.062219
