tmp.site,tmp.area,Lb,X1,Wb,POR,ALPHA,BETA,Ks,Kb,Kz,Qthresh,Rs,Rb1,Rb2,Prec,Frac4Rise,Error,BFF
11376015,1.65759e+07,8726.9,68.8912,76.1212,0.15,0.008179,0.9,49.4141,2408.75,0.499992,1125.42,-0.034496,-0.053968,-0.095758,24.4657,0.05,0.8768,0.152514
