tmp.site,tmp.area,Lb,X1,Wb,POR,ALPHA,BETA,Ks,Kb,Kz,Qthresh,Rs,Rb1,Rb2,Prec,Frac4Rise,Error,BFF
10348460,8.39156e+06,9427.05,23.5206,152.748,0.15,0.008816,1,52.3354,989.628,0.166478,2446.57,-0.076355,-0.02502,-0.026422,176.153,0.05,0.381531,0.562071
