tmp.site,tmp.area,Lb,X1,Wb,POR,ALPHA,BETA,Ks,Kb,Kz,Qthresh,Rs,Rb1,Rb2,Prec,Frac4Rise,Error,BFF
06827500,7.09657e+09,55148.9,18.3106,224.952,0.15,0.014343,0.9,1318.71,5855.57,0.93491,73641.8,-0.143841,-0.058387,-0.128721,24.4657,0.05,85.7346,0.205577
