tmp.site,tmp.area,Lb,X1,Wb,POR,ALPHA,BETA,Ks,Kb,Kz,Qthresh,Rs,Rb1,Rb2,Prec,Frac4Rise,Error,BFF
03102950,2.50452e+08,7390.55,100,566.258,0.15,0.020441,1,962.617,18971.2,0.935569,144348,-0.105091,-0.088147,-0.130308,205.512,0.05,0.712889,0.397256
