tmp.site,tmp.area,Lb,X1,Wb,POR,ALPHA,BETA,Ks,Kb,Kz,Qthresh,Rs,Rb1,Rb2,Prec,Frac4Rise,Error,BFF
09144250,1.45972e+10,7059.81,35.5878,7547.11,0.15,0.00554,1,1981.09,95.6349,0.981318,1.3921e+06,-0.035729,-0.027696,-0.026307,87587.3,0.05,0.306867,0.491038
