tmp.site,tmp.area,Lb,X1,Wb,POR,ALPHA,BETA,Ks,Kb,Kz,Qthresh,Rs,Rb1,Rb2,Prec,Frac4Rise,Error,BFF
08188060,9.24626e+09,8830.95,100,1439.91,0.15,0.006178,1,1590.18,2486.39,0.895888,164838,-0.111051,-0.080301,-0.054266,17141.7,0.05,0.361995,0.310359
