tmp.site,tmp.area,Lb,X1,Wb,POR,ALPHA,BETA,Ks,Kb,Kz,Qthresh,Rs,Rb1,Rb2,Prec,Frac4Rise,Error,BFF
01104475,2.20149e+06,2103.65,100,200.33,0.15,0.03532,1,159.465,2617.38,0.121257,293.589,-0.343154,-0.046151,-0.052827,24.4657,0.05,0.339601,0.551272
