tmp.site,tmp.area,Lb,X1,Wb,POR,ALPHA,BETA,Ks,Kb,Kz,Qthresh,Rs,Rb1,Rb2,Prec,Frac4Rise,Error,BFF
05527950,1.57989e+08,25036.8,100,382.257,0.15,0.03474,1,239.056,46981,1.00098,31805.4,-0.131182,-0.056993,-0.071944,134.561,0.05,0.552965,0.565629
