tmp.site,tmp.area,Lb,X1,Wb,POR,ALPHA,BETA,Ks,Kb,Kz,Qthresh,Rs,Rb1,Rb2,Prec,Frac4Rise,Error,BFF
06894200,1.14995e+08,6484.67,100,253.587,0.15,0.010596,1,742.129,8687.96,1.00435,3988.89,-0.218377,-0.139215,-0.057014,300.928,0.05,0.437074,0.159091
