tmp.site,tmp.area,Lb,X1,Wb,POR,ALPHA,BETA,Ks,Kb,Kz,Qthresh,Rs,Rb1,Rb2,Prec,Frac4Rise,Error,BFF
11253058,4.7086e+09,29126.2,57.4666,2267.14,0.15,0.010904,0.9,585.182,7276.41,0.876802,653871,-0.062234,-0.052275,-0.101466,2446.57,0.05,2.62679,0.465456
