tmp.site,tmp.area,Lb,X1,Wb,POR,ALPHA,BETA,Ks,Kb,Kz,Qthresh,Rs,Rb1,Rb2,Prec,Frac4Rise,Error,BFF
02481880,1.34679e+09,6225.13,0.290184,2140.93,0.15,0.018814,1,4417.85,54.4361,1.72025,2446.57,-0.122468,-0.096489,-0.104555,318.054,0.05,0.501597,0.428908
