tmp.site,tmp.area,Lb,X1,Wb,POR,ALPHA,BETA,Ks,Kb,Kz,Qthresh,Rs,Rb1,Rb2,Prec,Frac4Rise,Error,BFF
02237734,1.20952e+07,29391.2,134.532,55.7021,0.15,0.068345,0.9,139.36,15306.3,0.477146,3914.51,-0.055832,-0.047598,-0.077216,24.4657,0.05,1.5148,0.159818
