tmp.site,tmp.area,Lb,X1,Wb,POR,ALPHA,BETA,Ks,Kb,Kz,Qthresh,Rs,Rb1,Rb2,Prec,Frac4Rise,Error,BFF
06917500,1.00492e+09,5119.37,100,916.334,0.15,0.008321,1,3953.53,10526.7,1.03231,2446.57,-0.249296,-0.134273,-0.11061,65.5681,0.05,1.64479,0.132022
