tmp.site,tmp.area,Lb,X1,Wb,POR,ALPHA,BETA,Ks,Kb,Kz,Qthresh,Rs,Rb1,Rb2,Prec,Frac4Rise,Error,BFF
04137005,4.1388e+09,146752,100,1867.3,0.15,0.00848,1,689.585,1228.7,0.892457,2.69123e+06,-0.055613,-0.015522,-0.01241,192545,0.05,0.122884,0.775889
