tmp.site,tmp.area,Lb,X1,Wb,POR,ALPHA,BETA,Ks,Kb,Kz,Qthresh,Rs,Rb1,Rb2,Prec,Frac4Rise,Error,BFF
14186700,1.27686e+09,6989.82,29.8887,3525.24,0.15,0.004145,0.9,534.786,456.522,2.41488,1.09851e+06,-0.036668,-0.055153,-0.064049,100065,0.05,0.306683,0.292826
