tmp.site,tmp.area,Lb,X1,Wb,POR,ALPHA,BETA,Ks,Kb,Kz,Qthresh,Rs,Rb1,Rb2,Prec,Frac4Rise,Error,BFF
06864500,1.96321e+10,7058.82,200.734,1509.4,0.15,0.009357,1.2,9784.17,661.483,0.256461,198172,-0.143841,-0.073812,-0.044566,929.697,0.05,0.618445,0.141476
