tmp.site,tmp.area,Lb,X1,Wb,POR,ALPHA,BETA,Ks,Kb,Kz,Qthresh,Rs,Rb1,Rb2,Prec,Frac4Rise,Error,BFF
08169792,5.06861e+09,34229.2,0.147212,1092.38,0.15,0.006909,1,1387.14,28.6584,1.01503,1.41412e+06,-0.140886,-0.035531,-0.037856,13515.8,0.05,0.312708,0.544826
