tmp.site,tmp.area,Lb,X1,Wb,POR,ALPHA,BETA,Ks,Kb,Kz,Qthresh,Rs,Rb1,Rb2,Prec,Frac4Rise,Error,BFF
02095000,8.80596e+07,8007.37,0.388787,222.185,0.15,0.007964,1,984.963,55.5598,1.44621,18863.1,-0.398349,-0.112816,-0.121445,432.554,0.05,0.455396,0.171462
