tmp.site,tmp.area,Lb,X1,Wb,POR,ALPHA,BETA,Ks,Kb,Kz,Qthresh,Rs,Rb1,Rb2,Prec,Frac4Rise,Error,BFF
02102908,1.97616e+07,4973.65,189.393,296.867,0.15,0.01169,0.9,410.613,4863.85,0.360194,24221.1,-0.411115,-0.039316,-0.044449,679.486,0.05,0.270456,0.554173
