tmp.site,tmp.area,Lb,X1,Wb,POR,ALPHA,BETA,Ks,Kb,Kz,Qthresh,Rs,Rb1,Rb2,Prec,Frac4Rise,Error,BFF
08085500,1.04273e+10,15625.9,59.8502,590.628,0.15,0.00285,1,4053.42,19226.7,1.00093,249550,-0.164136,-0.109955,-0.156941,24.4657,0.05,13.3477,0.089173
