tmp.site,tmp.area,Lb,X1,Wb,POR,ALPHA,BETA,Ks,Kb,Kz,Qthresh,Rs,Rb1,Rb2,Prec,Frac4Rise,Error,BFF
01154500,1.42268e+10,25691.7,100,7768.98,0.15,0.017608,1,12889.3,42884.6,2.31918,2.17657e+07,-0.108006,-0.050896,-0.08805,116109,0.05,0.611423,0.579586
