tmp.site,tmp.area,Lb,X1,Wb,POR,ALPHA,BETA,Ks,Kb,Kz,Qthresh,Rs,Rb1,Rb2,Prec,Frac4Rise,Error,BFF
11390000,3.80728e+08,32205,7328.51,1305.7,0.15,0.007051,3,356.779,8518.93,0.744597,239764,-0.111572,-0.036674,-0.018166,15658.1,0.05,0.241203,0.504099
