tmp.site,tmp.area,Lb,X1,Wb,POR,ALPHA,BETA,Ks,Kb,Kz,Qthresh,Rs,Rb1,Rb2,Prec,Frac4Rise,Error,BFF
02431000,1.58507e+09,32374.8,22.5115,980.962,0.15,0.00827,1.4,4107.45,6773.49,1.26734,455062,-0.143841,-0.091561,-0.061272,9541.63,0.05,0.412107,0.338822
