tmp.site,tmp.area,Lb,X1,Wb,POR,ALPHA,BETA,Ks,Kb,Kz,Qthresh,Rs,Rb1,Rb2,Prec,Frac4Rise,Error,BFF
07314500,1.24578e+09,18205.9,41.2692,502.333,0.15,0.004673,1,6434.15,96086.5,1.58574,733.971,-0.313208,-0.203223,-0.258878,24.4657,0.05,1.38784,0.196837
