tmp.site,tmp.area,Lb,X1,Wb,POR,ALPHA,BETA,Ks,Kb,Kz,Qthresh,Rs,Rb1,Rb2,Prec,Frac4Rise,Error,BFF
11152500,1.0764e+10,11467.9,100,2026.06,0.15,0.009313,1,2777.35,15461.9,0.974095,8073.69,-0.140038,-0.06656,-0.095779,24.4657,0.05,115.034,0.295104
