tmp.site,tmp.area,Lb,X1,Wb,POR,ALPHA,BETA,Ks,Kb,Kz,Qthresh,Rs,Rb1,Rb2,Prec,Frac4Rise,Error,BFF
14222500,3.23749e+08,11546.2,100,1220.89,0.15,0.010478,1,1959.81,6950.72,1.46107,127222,-0.198208,-0.065897,-0.021509,9786.29,0.05,0.325606,0.38991
