tmp.site,tmp.area,Lb,X1,Wb,POR,ALPHA,BETA,Ks,Kb,Kz,Qthresh,Rs,Rb1,Rb2,Prec,Frac4Rise,Error,BFF
01139800,2.31804e+07,15063.4,100,279.101,0.15,0.041683,1,256.579,15861.5,0.390325,13162.6,-0.328793,-0.040205,-0.049084,203.065,0.05,0.403908,0.483924
