tmp.site,tmp.area,Lb,X1,Wb,POR,ALPHA,BETA,Ks,Kb,Kz,Qthresh,Rs,Rb1,Rb2,Prec,Frac4Rise,Error,BFF
04148295,2.95259e+08,10805.7,12.6295,1377.45,0.15,0.036364,1,2118.34,1672.28,0.867612,71929.2,-0.254584,-0.060069,-0.067277,318.054,0.05,0.467648,0.405294
