tmp.site,tmp.area,Lb,X1,Wb,POR,ALPHA,BETA,Ks,Kb,Kz,Qthresh,Rs,Rb1,Rb2,Prec,Frac4Rise,Error,BFF
04233255,2.24552e+08,16745.5,221.725,633.394,0.15,0.010612,1.5,2227.71,31721.6,1.16922,30092.8,-0.299988,-0.07158,-0.047747,1393.54,0.05,0.336885,0.481702
