tmp.site,tmp.area,Lb,X1,Wb,POR,ALPHA,BETA,Ks,Kb,Kz,Qthresh,Rs,Rb1,Rb2,Prec,Frac4Rise,Error,BFF
09330500,2.71949e+08,133667,11.1581,85.4977,0.15,0.016091,0.9,598.68,393.801,0.89673,16392,-0.109071,-0.020584,-0.023628,770.67,0.05,0.659935,0.161662
