tmp.site,tmp.area,Lb,X1,Wb,POR,ALPHA,BETA,Ks,Kb,Kz,Qthresh,Rs,Rb1,Rb2,Prec,Frac4Rise,Error,BFF
0167357970,5.10228e+07,27196.6,100,168.796,0.15,0.013472,1,425.792,22898.9,0.756231,29848.2,-0.314566,-0.05026,-0.054006,636.109,0.05,0.366478,0.440269
