tmp.site,tmp.area,Lb,X1,Wb,POR,ALPHA,BETA,Ks,Kb,Kz,Qthresh,Rs,Rb1,Rb2,Prec,Frac4Rise,Error,BFF
03290500,1.60061e+10,12294.3,100,5028.5,0.15,0.014647,1,12817.8,22395.1,2.70592,672807,-0.127598,-0.078767,-0.072539,47446.4,0.05,0.40539,0.410127
