tmp.site,tmp.area,Lb,X1,Wb,POR,ALPHA,BETA,Ks,Kb,Kz,Qthresh,Rs,Rb1,Rb2,Prec,Frac4Rise,Error,BFF
02131000,2.28696e+10,42296.9,17.6756,4071.03,0.15,0.010111,0.9,7536.86,6644.39,2.0681,5.82284e+06,-0.064702,-0.044395,-0.056772,305821,0.05,0.336291,0.547958
