tmp.site,tmp.area,Lb,X1,Wb,POR,ALPHA,BETA,Ks,Kb,Kz,Qthresh,Rs,Rb1,Rb2,Prec,Frac4Rise,Error,BFF
03131300,7.79586e+08,17449.4,45.5936,724.25,0.15,0.007962,3.1,1714.84,1083.46,0.576525,157559,-0.157541,-0.08794,-0.050904,9340.77,0.05,0.307551,0.468731
