tmp.site,tmp.area,Lb,X1,Wb,POR,ALPHA,BETA,Ks,Kb,Kz,Qthresh,Rs,Rb1,Rb2,Prec,Frac4Rise,Error,BFF
04085059,1.58248e+10,9903.03,100,12540,0.15,0.009533,1,1408,15209.5,0.951242,7.7067e+06,-0.032998,-0.043197,-0.05863,242076,0.05,0.196789,0.894262
