tmp.site,tmp.area,Lb,X1,Wb,POR,ALPHA,BETA,Ks,Kb,Kz,Qthresh,Rs,Rb1,Rb2,Prec,Frac4Rise,Error,BFF
02424590,3.83318e+09,12838.4,100,2392.68,0.15,0.009337,1,5931.4,8271.57,1.43221,653235,-0.232097,-0.070188,-0.031815,62876.9,0.05,0.338371,0.396906
