tmp.site,tmp.area,Lb,X1,Wb,POR,ALPHA,BETA,Ks,Kb,Kz,Qthresh,Rs,Rb1,Rb2,Prec,Frac4Rise,Error,BFF
01389010,1.91659e+09,23216.8,100,2106.06,0.15,0.012992,1,3567.37,32962.8,0.963238,322947,-0.098428,-0.0503,-0.062206,20227.3,0.05,0.355578,0.539053
