tmp.site,tmp.area,Lb,X1,Wb,POR,ALPHA,BETA,Ks,Kb,Kz,Qthresh,Rs,Rb1,Rb2,Prec,Frac4Rise,Error,BFF
04075200,2.0953e+07,15299.3,100,472.26,0.15,0.006173,1,177.158,976.802,0.132367,24465.7,-0.346574,-0.014685,-0.008546,1957.26,0.05,0.133344,0.801451
