tmp.site,tmp.area,Lb,X1,Wb,POR,ALPHA,BETA,Ks,Kb,Kz,Qthresh,Rs,Rb1,Rb2,Prec,Frac4Rise,Error,BFF
14332000,2.17041e+08,32138.4,100,308.27,0.15,0.019977,1,173.986,43925.9,0.963822,194258,-0.112215,-0.047844,-0.095062,53.8246,0.05,1.66104,0.504569
