tmp.site,tmp.area,Lb,X1,Wb,POR,ALPHA,BETA,Ks,Kb,Kz,Qthresh,Rs,Rb1,Rb2,Prec,Frac4Rise,Error,BFF
02236605,3.83318e+07,70994.8,211.301,322.097,0.15,0.098651,0.9,44.3677,98325.5,0.495555,49910.1,-0.044676,-0.037902,-0.098998,24.4657,0.05,11.9434,0.5411
