tmp.site,tmp.area,Lb,X1,Wb,POR,ALPHA,BETA,Ks,Kb,Kz,Qthresh,Rs,Rb1,Rb2,Prec,Frac4Rise,Error,BFF
01094500,2.84899e+08,14356,0.231562,740.361,0.15,0.014014,1.6,1094.97,18.1931,1.0873,71929.2,-0.168236,-0.056629,-0.040514,6825.93,0.05,0.283055,0.542515
