tmp.site,tmp.area,Lb,X1,Wb,POR,ALPHA,BETA,Ks,Kb,Kz,Qthresh,Rs,Rb1,Rb2,Prec,Frac4Rise,Error,BFF
01379530,2.84899e+07,7857.13,100,99.4935,0.15,0.030694,1,492.506,18448.3,0.96355,33273.4,-0.301448,-0.08769,-0.15874,24.4657,0.05,15.2058,0.190112
