tmp.site,tmp.area,Lb,X1,Wb,POR,ALPHA,BETA,Ks,Kb,Kz,Qthresh,Rs,Rb1,Rb2,Prec,Frac4Rise,Error,BFF
08041700,8.70236e+08,1862.7,0.108414,8669.9,0.15,0.014446,1,21118.4,8.07798,1.25922,5627.11,-0.111572,-0.125883,-0.135221,366.986,0.05,0.578917,0.468974
