tmp.site,tmp.area,Lb,X1,Wb,POR,ALPHA,BETA,Ks,Kb,Kz,Qthresh,Rs,Rb1,Rb2,Prec,Frac4Rise,Error,BFF
07144300,1.04869e+11,27788.2,4.03632,1295.33,0.15,0.00645,1.5,3770.97,293.579,1.20469,596963,-0.129209,-0.066873,-0.045032,6410.02,0.05,0.443708,0.316992
