tmp.site,tmp.area,Lb,X1,Wb,POR,ALPHA,BETA,Ks,Kb,Kz,Qthresh,Rs,Rb1,Rb2,Prec,Frac4Rise,Error,BFF
14170000,1.01269e+09,62680.3,75.8272,538.684,0.15,0.006155,1.5,715.666,28854.6,1.30465,145454,-0.067591,-0.080694,-0.042316,3669.86,0.05,0.454208,0.260579
