tmp.site,tmp.area,Lb,X1,Wb,POR,ALPHA,BETA,Ks,Kb,Kz,Qthresh,Rs,Rb1,Rb2,Prec,Frac4Rise,Error,BFF
13338500,3.02511e+09,22270.1,100,1525.05,0.15,0.009991,1,1545.07,15545.8,0.901467,298482,-0.095437,-0.030379,-0.028653,27156.9,0.05,0.29122,0.54768
