tmp.site,tmp.area,Lb,X1,Wb,POR,ALPHA,BETA,Ks,Kb,Kz,Qthresh,Rs,Rb1,Rb2,Prec,Frac4Rise,Error,BFF
01321000,1.27168e+09,16215.7,100,1810.77,0.15,0.010795,1,3740.62,21366.4,1.04646,981075,-0.132042,-0.059818,-0.048559,13456.1,0.05,0.375247,0.474319
