tmp.site,tmp.area,Lb,X1,Wb,POR,ALPHA,BETA,Ks,Kb,Kz,Qthresh,Rs,Rb1,Rb2,Prec,Frac4Rise,Error,BFF
04101370,9.84195e+07,16010.3,100,226.308,0.15,0.022162,1,63.6545,9321.19,0.501142,8445.56,-0.119413,-0.024124,-0.027798,663.021,0.05,0.272098,0.675033
