tmp.site,tmp.area,Lb,X1,Wb,POR,ALPHA,BETA,Ks,Kb,Kz,Qthresh,Rs,Rb1,Rb2,Prec,Frac4Rise,Error,BFF
10271200,2.69359e+08,17162.4,100,61.148,0.15,0.007409,1,1230.94,894.773,0.984665,1345.61,-0.099834,-0.064699,-0.097248,24.4657,0.05,0.725201,0.019984
