tmp.site,tmp.area,Lb,X1,Wb,POR,ALPHA,BETA,Ks,Kb,Kz,Qthresh,Rs,Rb1,Rb2,Prec,Frac4Rise,Error,BFF
08050800,1.00492e+08,6332.66,100,142.879,0.15,0.021929,1,2218.52,17099.4,0.970957,21936,-0.362264,-0.133497,-0.226126,24.4657,0.05,10.8213,0.082776
