tmp.site,tmp.area,Lb,X1,Wb,POR,ALPHA,BETA,Ks,Kb,Kz,Qthresh,Rs,Rb1,Rb2,Prec,Frac4Rise,Error,BFF
12082500,3.44468e+08,18289.6,7.51608,1276.49,0.15,0.009305,4,760.305,58.6841,1.07406,1.90099e+06,-0.111572,-0.046628,-0.03444,47463.5,0.05,0.237634,0.631152
