tmp.site,tmp.area,Lb,X1,Wb,POR,ALPHA,BETA,Ks,Kb,Kz,Qthresh,Rs,Rb1,Rb2,Prec,Frac4Rise,Error,BFF
06877600,4.98832e+10,169207,62.165,2664.44,0.15,0.008186,1.2,17961.7,31035.8,1.4139,496654,-0.081151,-0.056873,-0.044787,18349.3,0.05,0.49364,0.346668
