tmp.site,tmp.area,Lb,X1,Wb,POR,ALPHA,BETA,Ks,Kb,Kz,Qthresh,Rs,Rb1,Rb2,Prec,Frac4Rise,Error,BFF
06853500,5.80183e+10,6713.2,147.141,2092.61,0.15,0.004998,1,3127.19,5506.65,0.851916,85630,-0.111572,-0.058866,-0.056424,3130.39,0.05,0.575681,0.357906
