tmp.site,tmp.area,Lb,X1,Wb,POR,ALPHA,BETA,Ks,Kb,Kz,Qthresh,Rs,Rb1,Rb2,Prec,Frac4Rise,Error,BFF
07375280,4.09218e+08,4778.77,100,2459.52,0.15,0.004507,1,3040.33,326.39,0.891042,259337,-0.235002,-0.11402,-0.032057,15658.1,0.05,0.254681,0.362214
