tmp.site,tmp.area,Lb,X1,Wb,POR,ALPHA,BETA,Ks,Kb,Kz,Qthresh,Rs,Rb1,Rb2,Prec,Frac4Rise,Error,BFF
10301600,6.99297e+09,42898.4,185.442,1208.73,0.15,0.042612,0.9,461.594,63444.6,0.953251,357199,-0.087884,-0.045736,-0.091429,24.4657,0.05,5.91811,0.557719
