tmp.site,tmp.area,Lb,X1,Wb,POR,ALPHA,BETA,Ks,Kb,Kz,Qthresh,Rs,Rb1,Rb2,Prec,Frac4Rise,Error,BFF
11055801,5.07638e+07,17655.1,42.1677,127.025,0.15,0.03654,1,81.6838,5159.49,0.567793,16808.9,-0.168236,-0.038461,-0.047422,24.4657,0.05,0.530405,0.335711
