tmp.site,tmp.area,Lb,X1,Wb,POR,ALPHA,BETA,Ks,Kb,Kz,Qthresh,Rs,Rb1,Rb2,Prec,Frac4Rise,Error,BFF
02364500,3.06137e+09,25994.2,0.296139,1845.21,0.15,0.009206,1.1,4166.17,93.4987,1.1803,807369,-0.118114,-0.060131,-0.054209,25444.3,0.05,0.344885,0.504862
