tmp.site,tmp.area,Lb,X1,Wb,POR,ALPHA,BETA,Ks,Kb,Kz,Qthresh,Rs,Rb1,Rb2,Prec,Frac4Rise,Error,BFF
01387000,2.34135e+08,37640.8,100,2342.16,0.15,0.000249,1,10.9588,4.50617,1.0006,47952.8,-0.17105,-0.057909,-0.037165,489.314,0.05,0.598418,0.206965
