tmp.site,tmp.area,Lb,X1,Wb,POR,ALPHA,BETA,Ks,Kb,Kz,Qthresh,Rs,Rb1,Rb2,Prec,Frac4Rise,Error,BFF
11443500,1.27686e+09,33342.4,100,847.453,0.15,0.001434,1,1064.66,725.794,0.937628,271569,-0.111572,-0.047444,-0.042328,1467.94,0.05,1.41095,0.089509
