tmp.site,tmp.area,Lb,X1,Wb,POR,ALPHA,BETA,Ks,Kb,Kz,Qthresh,Rs,Rb1,Rb2,Prec,Frac4Rise,Error,BFF
06063000,2.55632e+08,32520.9,35.7054,107.146,0.15,0.025651,0.9,1180.09,8021.98,0.962794,28624.9,-0.121486,-0.047781,-0.069271,244.657,0.05,1.60084,0.185823
