tmp.site,tmp.area,Lb,X1,Wb,POR,ALPHA,BETA,Ks,Kb,Kz,Qthresh,Rs,Rb1,Rb2,Prec,Frac4Rise,Error,BFF
11180900,2.71949e+07,32551.9,100,42.8319,0.15,0.043233,1,442.916,12205.7,0.646947,3229.47,-0.255413,-0.057088,-0.026892,24.4657,0.05,0.46285,0.189474
