tmp.site,tmp.area,Lb,X1,Wb,POR,ALPHA,BETA,Ks,Kb,Kz,Qthresh,Rs,Rb1,Rb2,Prec,Frac4Rise,Error,BFF
08174600,1.19139e+09,6133.86,83.0823,384.515,0.15,0.00494,1,2551.73,8118.88,0.955479,18838.6,-0.143841,-0.173801,-0.167169,24.4657,0.05,7.85161,0.033559
