tmp.site,tmp.area,Lb,X1,Wb,POR,ALPHA,BETA,Ks,Kb,Kz,Qthresh,Rs,Rb1,Rb2,Prec,Frac4Rise,Error,BFF
10328450,5.43898e+08,25313.9,100,61.2303,0.15,0.065976,1,854.229,23643,0.932229,9052.31,-0.091,-0.039322,-0.067291,24.4657,0.05,1.0407,0.197263
