tmp.site,tmp.area,Lb,X1,Wb,POR,ALPHA,BETA,Ks,Kb,Kz,Qthresh,Rs,Rb1,Rb2,Prec,Frac4Rise,Error,BFF
07375450,1.32348e+09,37216.7,14962.1,1819.17,0.15,0.006426,10.1,3781.51,125.924,0.804387,971289,-0.257803,-0.073728,-0.009886,86662.5,0.05,0.198247,0.514454
