tmp.site,tmp.area,Lb,X1,Wb,POR,ALPHA,BETA,Ks,Kb,Kz,Qthresh,Rs,Rb1,Rb2,Prec,Frac4Rise,Error,BFF
07363000,1.42449e+09,29950.2,28.6959,953.506,0.15,0.007778,1.2,4709.26,15457.1,1.40647,151687,-0.231937,-0.104391,-0.077459,1383.39,0.05,0.470977,0.280752
