tmp.site,tmp.area,Lb,X1,Wb,POR,ALPHA,BETA,Ks,Kb,Kz,Qthresh,Rs,Rb1,Rb2,Prec,Frac4Rise,Error,BFF
01097000,3.00439e+08,16181.6,33.2413,840.785,0.15,0.027399,0.9,868.409,6673.29,0.983811,342520,-0.131328,-0.043526,-0.065204,1296.68,0.05,0.463849,0.52607
