tmp.site,tmp.area,Lb,X1,Wb,POR,ALPHA,BETA,Ks,Kb,Kz,Qthresh,Rs,Rb1,Rb2,Prec,Frac4Rise,Error,BFF
06483500,4.12326e+09,75013.2,81.0086,991.101,0.15,0.008808,1.1,2733.48,43149.8,0.829309,165457,-0.125027,-0.048473,-0.039432,489.314,0.05,0.497291,0.420964
