tmp.site,tmp.area,Lb,X1,Wb,POR,ALPHA,BETA,Ks,Kb,Kz,Qthresh,Rs,Rb1,Rb2,Prec,Frac4Rise,Error,BFF
10257499,1.07226e+07,31742.5,0.013858,1.43959,0.15,0.099704,0.8,32.5265,0.159141,0.213646,48.9314,-0.028127,-0.039506,-0.030103,48.9314,0.05,0.567227,0.052548
