tmp.site,tmp.area,Lb,X1,Wb,POR,ALPHA,BETA,Ks,Kb,Kz,Qthresh,Rs,Rb1,Rb2,Prec,Frac4Rise,Error,BFF
01581870,4.09218e+07,19012.9,100,213.33,0.15,0.014886,1,288.288,8110.7,0.547998,31805.4,-0.432682,-0.039502,-0.030729,834.819,0.05,0.271643,0.537429
