tmp.site,tmp.area,Lb,X1,Wb,POR,ALPHA,BETA,Ks,Kb,Kz,Qthresh,Rs,Rb1,Rb2,Prec,Frac4Rise,Error,BFF
14243000,5.79639e+09,19455.3,6534.79,5511.83,0.15,0.007719,9.8,937.689,518.846,2.95866,9.3459e+06,-0.079204,-0.037105,-0.018934,371879,0.05,0.273454,0.570989
