tmp.site,tmp.area,Lb,X1,Wb,POR,ALPHA,BETA,Ks,Kb,Kz,Qthresh,Rs,Rb1,Rb2,Prec,Frac4Rise,Error,BFF
02146470,6.81167e+06,1526.42,150.171,106.381,0.15,0.011976,0.9,391.772,2403.44,0.627563,5382.46,-0.693147,-0.10558,-0.146112,24.4657,0.05,0.682354,0.129837
