tmp.site,tmp.area,Lb,X1,Wb,POR,ALPHA,BETA,Ks,Kb,Kz,Qthresh,Rs,Rb1,Rb2,Prec,Frac4Rise,Error,BFF
12413500,3.12871e+09,9963.23,452.739,5258.28,0.15,0.007934,1.4,5608.21,2920.27,1.19925,729078,-0.088323,-0.040753,-0.015698,61957,0.05,0.27824,0.422181
