tmp.site,tmp.area,Lb,X1,Wb,POR,ALPHA,BETA,Ks,Kb,Kz,Qthresh,Rs,Rb1,Rb2,Prec,Frac4Rise,Error,BFF
14310000,1.18103e+09,16669.3,86.8698,1495.45,0.15,0.006955,2.9,3301.16,1230.69,0.949488,195726,-0.125657,-0.063792,-0.021321,5137.8,0.05,0.357532,0.366877
