tmp.site,tmp.area,Lb,X1,Wb,POR,ALPHA,BETA,Ks,Kb,Kz,Qthresh,Rs,Rb1,Rb2,Prec,Frac4Rise,Error,BFF
01582000,1.3701e+08,472463,1.62768,267.788,0.15,0.037865,0.8,826.518,21.4865,1.4293,83183.4,-0.370219,-0.033558,-0.028034,3669.86,0.05,0.443664,0.402971
