tmp.site,tmp.area,Lb,X1,Wb,POR,ALPHA,BETA,Ks,Kb,Kz,Qthresh,Rs,Rb1,Rb2,Prec,Frac4Rise,Error,BFF
08123800,2.53871e+10,4788.12,100,121.782,0.15,0.012655,1,17312.2,11659,0.92497,51133.3,-0.202733,-0.127578,-0.223413,24.4657,0.05,5.80783,0.038949
