tmp.site,tmp.area,Lb,X1,Wb,POR,ALPHA,BETA,Ks,Kb,Kz,Qthresh,Rs,Rb1,Rb2,Prec,Frac4Rise,Error,BFF
06183450,2.47344e+09,16519.3,37.1232,289.177,0.15,0.040519,1,2450.05,4743.55,0.973896,36698.6,-0.111572,-0.065613,-0.082753,24.4657,0.05,1.81148,0.206664
