tmp.site,tmp.area,Lb,X1,Wb,POR,ALPHA,BETA,Ks,Kb,Kz,Qthresh,Rs,Rb1,Rb2,Prec,Frac4Rise,Error,BFF
09046600,3.18569e+08,55133.6,100,224.137,0.15,0.013641,1,242.469,5309.23,0.713096,48931.4,-0.05218,-0.019633,-0.005919,4159.17,0.05,0.32928,0.324847
