tmp.site,tmp.area,Lb,X1,Wb,POR,ALPHA,BETA,Ks,Kb,Kz,Qthresh,Rs,Rb1,Rb2,Prec,Frac4Rise,Error,BFF
03399800,3.72958e+11,7.06635e+06,2.6955,9.34009,0.15,0.01,0.6,20789.9,4.66372e+06,73.7355,4.84421e+08,-0.089474,-0.039919,-0.067005,3.25394e+06,0.05,0.983062,0.005246
