tmp.site,tmp.area,Lb,X1,Wb,POR,ALPHA,BETA,Ks,Kb,Kz,Qthresh,Rs,Rb1,Rb2,Prec,Frac4Rise,Error,BFF
01199050,7.61457e+07,11190,1132.01,388.128,0.15,0.019933,1.2,384.871,91594.5,0.453962,39145.1,-0.236383,-0.052163,-0.038406,974.665,0.05,0.306872,0.517616
