tmp.site,tmp.area,Lb,X1,Wb,POR,ALPHA,BETA,Ks,Kb,Kz,Qthresh,Rs,Rb1,Rb2,Prec,Frac4Rise,Error,BFF
03287590,1.04895e+07,5555.67,100,119.769,0.15,0.036422,1,481.432,23264.2,0.640874,13187,-0.438296,-0.098033,-0.183726,24.4657,0.05,0.642767,0.286364
