tmp.site,tmp.area,Lb,X1,Wb,POR,ALPHA,BETA,Ks,Kb,Kz,Qthresh,Rs,Rb1,Rb2,Prec,Frac4Rise,Error,BFF
02191227,1.56435e+08,19782.2,100,344.995,0.15,0.014527,1,328.168,12559.1,0.897219,10040.7,-0.138235,-0.065016,-0.04082,880.766,0.05,0.333695,0.457219
