tmp.site,tmp.area,Lb,X1,Wb,POR,ALPHA,BETA,Ks,Kb,Kz,Qthresh,Rs,Rb1,Rb2,Prec,Frac4Rise,Error,BFF
05568800,1.62392e+08,5873.22,453.709,1157.32,0.15,0.020256,1,1552.68,30096.9,0.10455,4159.17,-0.223875,-0.052908,-0.050996,171.26,0.05,0.458189,0.42697
