tmp.site,tmp.area,Lb,X1,Wb,POR,ALPHA,BETA,Ks,Kb,Kz,Qthresh,Rs,Rb1,Rb2,Prec,Frac4Rise,Error,BFF
05400760,1.40377e+10,7037.16,44.7994,7323.56,0.15,0.004333,1.1,970.169,533.797,1.34535,9.90861e+06,-0.057043,-0.052604,-0.047139,249550,0.05,0.249979,0.566596
