tmp.site,tmp.area,Lb,X1,Wb,POR,ALPHA,BETA,Ks,Kb,Kz,Qthresh,Rs,Rb1,Rb2,Prec,Frac4Rise,Error,BFF
11461500,2.38797e+08,9155.46,148.705,1200.91,0.15,0.010345,0.9,339.816,7594.8,0.900475,33762.7,-0.066766,-0.048764,-0.060806,2935.89,0.05,0.533421,0.509918
