tmp.site,tmp.area,Lb,X1,Wb,POR,ALPHA,BETA,Ks,Kb,Kz,Qthresh,Rs,Rb1,Rb2,Prec,Frac4Rise,Error,BFF
07138020,6.74122e+10,1.4077e+06,6.85296,19.3023,0.15,0.098788,0.9,9773.85,2516.94,1.4963,269123,-0.081884,-0.029628,-0.046231,24.4657,0.05,62.9269,0.108599
