tmp.site,tmp.area,Lb,X1,Wb,POR,ALPHA,BETA,Ks,Kb,Kz,Qthresh,Rs,Rb1,Rb2,Prec,Frac4Rise,Error,BFF
08162500,1.09401e+11,11512,100,4109.31,0.15,0.007847,1,21555.6,8024.57,0.949897,1.57315e+06,-0.141786,-0.066905,-0.145523,611.643,0.05,6.5137,0.307762
