tmp.site,tmp.area,Lb,X1,Wb,POR,ALPHA,BETA,Ks,Kb,Kz,Qthresh,Rs,Rb1,Rb2,Prec,Frac4Rise,Error,BFF
04044755,3.29446e+07,11111,3230.65,510.765,0.15,0.012602,10.1,286.992,2880.9,0.350148,29603.5,-0.115379,-0.031911,-0.020028,2094.97,0.05,0.251857,0.627345
