tmp.site,tmp.area,Lb,X1,Wb,POR,ALPHA,BETA,Ks,Kb,Kz,Qthresh,Rs,Rb1,Rb2,Prec,Frac4Rise,Error,BFF
03539778,4.40298e+08,8536.67,6.79816,1219.28,0.15,0.012738,1.1,3609.27,1756.18,1.35447,1012.64,-0.221164,-0.10021,-0.077184,119.882,0.05,0.449715,0.405036
