tmp.site,tmp.area,Lb,X1,Wb,POR,ALPHA,BETA,Ks,Kb,Kz,Qthresh,Rs,Rb1,Rb2,Prec,Frac4Rise,Error,BFF
094196781,5.56847e+08,4.82258e+06,0.167805,17.4903,0.15,0.014741,0.8,234.604,4.94263,0.692136,22821.6,-0.066967,-0.013799,-0.030017,709.506,0.05,0.221253,0.509577
