tmp.site,tmp.area,Lb,X1,Wb,POR,ALPHA,BETA,Ks,Kb,Kz,Qthresh,Rs,Rb1,Rb2,Prec,Frac4Rise,Error,BFF
08181500,3.41101e+09,58033.9,100,554.147,0.15,0.012919,1,1338.13,2764.45,0.984444,303375,-0.143841,-0.039082,-0.036394,1614.74,0.05,0.507658,0.29726
