tmp.site,tmp.area,Lb,X1,Wb,POR,ALPHA,BETA,Ks,Kb,Kz,Qthresh,Rs,Rb1,Rb2,Prec,Frac4Rise,Error,BFF
0423406130,4.05592e+09,21273,29.3362,2879.15,0.15,0.008988,0.9,530.52,12864.7,1.07117,3.44404e+06,-0.01905,-0.043271,-0.203356,1715.81,0.05,5.58847,0.750813
