tmp.site,tmp.area,Lb,X1,Wb,POR,ALPHA,BETA,Ks,Kb,Kz,Qthresh,Rs,Rb1,Rb2,Prec,Frac4Rise,Error,BFF
08144500,2.93964e+09,1.64418e+06,4.64295,166.846,0.15,0.017514,0.9,3325.25,1506.02,1.08243,141901,-0.116899,-0.019335,-0.093469,24.4657,0.05,40.1441,0.235731
