tmp.site,tmp.area,Lb,X1,Wb,POR,ALPHA,BETA,Ks,Kb,Kz,Qthresh,Rs,Rb1,Rb2,Prec,Frac4Rise,Error,BFF
0237854520,3.12353e+08,22547.2,70.8655,554.492,0.15,0.0107,0.8,886.913,14977.1,1.02849,459955,-0.158885,-0.030507,-0.061828,20475.4,0.05,0.313598,0.553967
