tmp.site,tmp.area,Lb,X1,Wb,POR,ALPHA,BETA,Ks,Kb,Kz,Qthresh,Rs,Rb1,Rb2,Prec,Frac4Rise,Error,BFF
14315500,8.67128e+08,174883,2.5469,339.916,0.15,0.003797,0.8,283.359,92.5887,1.2556,243600,-0.047432,-0.017773,-0.038252,10740.4,0.05,0.495525,0.300358
