tmp.site,tmp.area,Lb,X1,Wb,POR,ALPHA,BETA,Ks,Kb,Kz,Qthresh,Rs,Rb1,Rb2,Prec,Frac4Rise,Error,BFF
05132000,3.83318e+09,51461.9,87.1645,1445.37,0.15,0.008418,3.9,2169.94,1138.69,0.98028,746204,-0.070711,-0.037621,-0.023253,8282.87,0.05,0.481861,0.496997
