tmp.site,tmp.area,Lb,X1,Wb,POR,ALPHA,BETA,Ks,Kb,Kz,Qthresh,Rs,Rb1,Rb2,Prec,Frac4Rise,Error,BFF
12395500,6.26777e+10,13361.3,0.453047,139037,0.15,0.005716,0.9,4084.69,25.17,1.30495,1.61474e+07,-0.018184,-0.021854,-0.027276,1.33385e+06,0.05,0.50086,0.875811
