tmp.site,tmp.area,Lb,X1,Wb,POR,ALPHA,BETA,Ks,Kb,Kz,Qthresh,Rs,Rb1,Rb2,Prec,Frac4Rise,Error,BFF
03231500,9.96886e+09,10633.4,100,2962.98,0.15,0.010051,1,7799.51,10209.7,1.80459,577391,-0.167586,-0.088323,-0.042246,54558.5,0.05,0.38281,0.335549
