tmp.site,tmp.area,Lb,X1,Wb,POR,ALPHA,BETA,Ks,Kb,Kz,Qthresh,Rs,Rb1,Rb2,Prec,Frac4Rise,Error,BFF
06873000,2.69359e+09,42044.6,215.18,198.419,0.15,0.040854,0.9,2174.37,45580.9,1.12455,115967,-0.143841,-0.053939,-0.132041,24.4657,0.05,41.774,0.166495
