tmp.site,tmp.area,Lb,X1,Wb,POR,ALPHA,BETA,Ks,Kb,Kz,Qthresh,Rs,Rb1,Rb2,Prec,Frac4Rise,Error,BFF
01427500,2.84899e+08,8783.85,0.72296,790.863,0.15,0.013243,1.9,2123.81,30.454,1.22439,20061.9,-0.255413,-0.079555,-0.042669,1761.53,0.05,0.364665,0.413988
