tmp.site,tmp.area,Lb,X1,Wb,POR,ALPHA,BETA,Ks,Kb,Kz,Qthresh,Rs,Rb1,Rb2,Prec,Frac4Rise,Error,BFF
01440400,1.7068e+08,28171.1,20.1848,565.536,0.15,0.015112,2.3,862.456,2663.48,1.06428,21040.5,-0.235336,-0.056949,-0.030604,1981.72,0.05,0.318634,0.544052
