tmp.site,tmp.area,Lb,X1,Wb,POR,ALPHA,BETA,Ks,Kb,Kz,Qthresh,Rs,Rb1,Rb2,Prec,Frac4Rise,Error,BFF
09365000,1.87515e+10,11660.7,60.1378,4112.64,0.15,0.005871,0.9,2045.03,5386.45,0.93024,3.13161e+06,-0.061501,-0.035039,-0.043603,51378,0.05,0.456117,0.57295
