tmp.site,tmp.area,Lb,X1,Wb,POR,ALPHA,BETA,Ks,Kb,Kz,Qthresh,Rs,Rb1,Rb2,Prec,Frac4Rise,Error,BFF
11463682,1.77155e+09,14590.9,1958.94,1788.15,0.15,0.007043,2.2,719.776,3757.52,0.715315,489314,-0.058892,-0.047333,-0.020219,8024.75,0.05,0.397288,0.240522
