tmp.site,tmp.area,Lb,X1,Wb,POR,ALPHA,BETA,Ks,Kb,Kz,Qthresh,Rs,Rb1,Rb2,Prec,Frac4Rise,Error,BFF
04197170,8.96136e+07,5824.54,100,199.664,0.15,0.00797,1,730.031,5024.02,0.899665,2666.76,-0.295811,-0.183866,-0.069007,190.735,0.05,0.446909,0.109784
