tmp.site,tmp.area,Lb,X1,Wb,POR,ALPHA,BETA,Ks,Kb,Kz,Qthresh,Rs,Rb1,Rb2,Prec,Frac4Rise,Error,BFF
02309740,8.80596e+07,19053.4,269.909,411.021,0.15,0.032775,0.9,367.701,91894.5,0.986856,119102,-0.137142,-0.063025,-0.192221,24.4657,0.05,6.62958,0.488407
