tmp.site,tmp.area,Lb,X1,Wb,POR,ALPHA,BETA,Ks,Kb,Kz,Qthresh,Rs,Rb1,Rb2,Prec,Frac4Rise,Error,BFF
03431300,3.05619e+07,7822.2,100,204.571,0.15,0.019467,1,572.438,11794.3,0.96682,10618.1,-0.46469,-0.099922,-0.076893,168.813,0.05,0.441441,0.272891
