tmp.site,tmp.area,Lb,X1,Wb,POR,ALPHA,BETA,Ks,Kb,Kz,Qthresh,Rs,Rb1,Rb2,Prec,Frac4Rise,Error,BFF
08153500,2.33358e+09,9169.96,100,833.426,0.15,0.008396,1,2231.66,13044.1,0.927275,330287,-0.189178,-0.061306,-0.095768,24.4657,0.05,4.39349,0.225049
