tmp.site,tmp.area,Lb,X1,Wb,POR,ALPHA,BETA,Ks,Kb,Kz,Qthresh,Rs,Rb1,Rb2,Prec,Frac4Rise,Error,BFF
02274005,2.21703e+07,2122.73,125.932,251.902,0.15,0.017933,1,239.625,2629.21,0.032776,4893.14,-0.127935,-0.063602,-0.061734,24.4657,0.05,1.13012,0.369302
