tmp.site,tmp.area,Lb,X1,Wb,POR,ALPHA,BETA,Ks,Kb,Kz,Qthresh,Rs,Rb1,Rb2,Prec,Frac4Rise,Error,BFF
14313200,4.40298e+08,418756,100,282.224,0.15,0.026213,1,48.9664,1949.11,0.742353,219947,-0.006516,-0.016446,-0.014224,6752.54,0.05,0.154577,0.572126
