tmp.site,tmp.area,Lb,X1,Wb,POR,ALPHA,BETA,Ks,Kb,Kz,Qthresh,Rs,Rb1,Rb2,Prec,Frac4Rise,Error,BFF
11482500,7.17427e+08,23588.7,37.9986,1431.87,0.15,0.010202,1.4,4590.03,3092.66,1.27236,39879.1,-0.196702,-0.057286,-0.02631,1443.48,0.05,0.358931,0.382652
