tmp.site,tmp.area,Lb,X1,Wb,POR,ALPHA,BETA,Ks,Kb,Kz,Qthresh,Rs,Rb1,Rb2,Prec,Frac4Rise,Error,BFF
05124000,4.37708e+10,104253,100,3447.53,0.15,0.010463,1,1641.06,54515.7,0.958218,814708,-0.042623,-0.041667,-0.117529,24.4657,0.05,50.1033,0.657844
