tmp.site,tmp.area,Lb,X1,Wb,POR,ALPHA,BETA,Ks,Kb,Kz,Qthresh,Rs,Rb1,Rb2,Prec,Frac4Rise,Error,BFF
03469251,8.15846e+07,13365.9,129.073,456.006,0.15,0.012143,2.4,1239.4,11192,1.07263,39389.8,-0.317809,-0.092028,-0.054576,2538.32,0.05,0.357726,0.429965
