tmp.site,tmp.area,Lb,X1,Wb,POR,ALPHA,BETA,Ks,Kb,Kz,Qthresh,Rs,Rb1,Rb2,Prec,Frac4Rise,Error,BFF
03294500,2.36129e+11,5.62263e+06,3.85893,9.1751,0.15,0.01,0.6,19393.2,4.65109e+06,57.3996,1.58765e+07,-0.105737,-0.049957,-0.072177,1.83811e+06,0.05,0.982019,0.005698
