tmp.site,tmp.area,Lb,X1,Wb,POR,ALPHA,BETA,Ks,Kb,Kz,Qthresh,Rs,Rb1,Rb2,Prec,Frac4Rise,Error,BFF
08015500,4.40298e+09,15605.5,9.86479,2079.63,0.15,0.008465,3.7,4315.39,90.7942,2.34479,582284,-0.090866,-0.084494,-0.039979,41836.4,0.05,0.38487,0.334149
