tmp.site,tmp.area,Lb,X1,Wb,POR,ALPHA,BETA,Ks,Kb,Kz,Qthresh,Rs,Rb1,Rb2,Prec,Frac4Rise,Error,BFF
06309200,1.17067e+08,60971.7,25806.8,110.572,0.15,0.00926,9.9,102.574,1811.73,0.639968,14679.4,-0.091161,-0.036487,-0.014836,709.506,0.05,0.315459,0.172365
