tmp.site,tmp.area,Lb,X1,Wb,POR,ALPHA,BETA,Ks,Kb,Kz,Qthresh,Rs,Rb1,Rb2,Prec,Frac4Rise,Error,BFF
12178100,6.96707e+07,55891.5,480.597,280.286,0.15,0.010429,3.9,533.097,23381.5,0.983642,64339.9,-0.18851,-0.061137,-0.038546,6850.4,0.05,0.318133,0.470611
