tmp.site,tmp.area,Lb,X1,Wb,POR,ALPHA,BETA,Ks,Kb,Kz,Qthresh,Rs,Rb1,Rb2,Prec,Frac4Rise,Error,BFF
03366500,7.58867e+08,7297.86,100,1015.3,0.15,0.010032,1,5966.47,17363.6,1.01362,22508.5,-0.27946,-0.12573,-0.105254,195.726,0.05,0.553085,0.2039
