tmp.site,tmp.area,Lb,X1,Wb,POR,ALPHA,BETA,Ks,Kb,Kz,Qthresh,Rs,Rb1,Rb2,Prec,Frac4Rise,Error,BFF
09058500,3.36698e+07,1822.2,1.45166,908.324,0.15,0.003364,1.6,81.5364,19.9619,0.658279,2446.57,-0.143841,-0.04412,-0.024549,234.871,0.05,0.420674,0.334071
