tmp.site,tmp.area,Lb,X1,Wb,POR,ALPHA,BETA,Ks,Kb,Kz,Qthresh,Rs,Rb1,Rb2,Prec,Frac4Rise,Error,BFF
09430600,1.78709e+08,15188.8,100,158.317,0.15,0.056744,1,1301.24,15367.6,0.945257,7339.71,-0.155077,-0.059091,-0.098083,24.4657,0.05,3.97888,0.208047
