tmp.site,tmp.area,Lb,X1,Wb,POR,ALPHA,BETA,Ks,Kb,Kz,Qthresh,Rs,Rb1,Rb2,Prec,Frac4Rise,Error,BFF
01362322,4.68788e+06,3562.54,100,163.187,0.15,0.015201,1,113.899,3715.15,0.32215,856.3,-0.118746,-0.071437,-0.028692,53.8246,0.05,0.354648,0.420659
