tmp.site,tmp.area,Lb,X1,Wb,POR,ALPHA,BETA,Ks,Kb,Kz,Qthresh,Rs,Rb1,Rb2,Prec,Frac4Rise,Error,BFF
06888300,3.31518e+08,12862.4,100,301.969,0.15,0.011922,1,541.406,14907.6,1.03672,5728.89,-0.167852,-0.074212,-0.04416,269.123,0.05,0.495048,0.205717
