tmp.site,tmp.area,Lb,X1,Wb,POR,ALPHA,BETA,Ks,Kb,Kz,Qthresh,Rs,Rb1,Rb2,Prec,Frac4Rise,Error,BFF
08156675,1.4478e+07,1925.49,3.22458,15.9633,0.15,0.002487,0.9,6236.57,8.74934,1.27251,391.451,-0.991835,-0.165111,-0.258638,24.4657,0.05,1.31861,0.002625
