tmp.site,tmp.area,Lb,X1,Wb,POR,ALPHA,BETA,Ks,Kb,Kz,Qthresh,Rs,Rb1,Rb2,Prec,Frac4Rise,Error,BFF
04213152,9.66066e+07,8613,0.588539,374.331,0.15,0.013739,1,1461.25,68.3862,0.986091,12232.9,-0.466332,-0.09013,-0.091048,1122.98,0.05,0.399267,0.300658
