tmp.site,tmp.area,Lb,X1,Wb,POR,ALPHA,BETA,Ks,Kb,Kz,Qthresh,Rs,Rb1,Rb2,Prec,Frac4Rise,Error,BFF
02423496,5.85337e+08,11453,1.66953,1380.08,0.15,0.01016,1,11500.4,458.653,1.15892,14997.5,-0.318039,-0.107345,-0.122645,1003.09,0.05,0.553307,0.298721
