tmp.site,tmp.area,Lb,X1,Wb,POR,ALPHA,BETA,Ks,Kb,Kz,Qthresh,Rs,Rb1,Rb2,Prec,Frac4Rise,Error,BFF
04184500,5.33538e+08,22017.1,108.586,616.116,0.15,0.011073,2.1,1371.31,12238.6,1.16615,48686.8,-0.15958,-0.075248,-0.039038,2079.59,0.05,0.374673,0.436118
