tmp.site,tmp.area,Lb,X1,Wb,POR,ALPHA,BETA,Ks,Kb,Kz,Qthresh,Rs,Rb1,Rb2,Prec,Frac4Rise,Error,BFF
08481500,3.10799e+08,4.61906e+06,0.379196,4.63397,0.15,0.052382,0.8,1378.89,25.7449,1.41063,31560.8,-0.072077,-0.014945,-0.030577,954.163,0.05,0.413831,0.699838
