tmp.site,tmp.area,Lb,X1,Wb,POR,ALPHA,BETA,Ks,Kb,Kz,Qthresh,Rs,Rb1,Rb2,Prec,Frac4Rise,Error,BFF
02181350,4.68788e+08,5501.29,100,1284.48,0.15,0.002896,1,216.685,1079.05,0.890755,65078.8,-0.171392,-0.097505,-0.029894,6238.76,0.05,0.260298,0.321633
