tmp.site,tmp.area,Lb,X1,Wb,POR,ALPHA,BETA,Ks,Kb,Kz,Qthresh,Rs,Rb1,Rb2,Prec,Frac4Rise,Error,BFF
07275530,2.05127e+08,2968.04,628.269,980.934,0.15,0.002641,3.3,3608.98,238.868,0.661372,24465.7,-0.520372,-0.197331,-0.062288,1590.03,0.05,0.357609,0.116196
