tmp.site,tmp.area,Lb,X1,Wb,POR,ALPHA,BETA,Ks,Kb,Kz,Qthresh,Rs,Rb1,Rb2,Prec,Frac4Rise,Error,BFF
04115000,1.12405e+09,36368.2,271.568,871.064,0.15,0.012041,1.2,1064.82,70660.6,1.32661,93703.7,-0.05946,-0.046986,-0.036466,2691.23,0.05,0.381134,0.52358
