tmp.site,tmp.area,Lb,X1,Wb,POR,ALPHA,BETA,Ks,Kb,Kz,Qthresh,Rs,Rb1,Rb2,Prec,Frac4Rise,Error,BFF
09485000,1.16031e+08,3762.72,0.277523,12.6781,0.15,0.004125,1,2700.36,0.198327,0.418574,2030.65,-0.180072,-0.100783,-0.121756,24.4657,0.05,0.428909,0.000216
