tmp.site,tmp.area,Lb,X1,Wb,POR,ALPHA,BETA,Ks,Kb,Kz,Qthresh,Rs,Rb1,Rb2,Prec,Frac4Rise,Error,BFF
09182400,1.50478e+08,24539.3,156.937,1015.42,0.15,0.014037,0.9,310.92,1735.36,0.412832,8269.41,-0.066766,-0.012626,-0.012059,746.204,0.05,0.244547,0.738679
