tmp.site,tmp.area,Lb,X1,Wb,POR,ALPHA,BETA,Ks,Kb,Kz,Qthresh,Rs,Rb1,Rb2,Prec,Frac4Rise,Error,BFF
14354200,4.63608e+08,31815.5,23.8054,288.215,0.15,0.011563,1,224.338,6825.59,1.00597,14434.8,-0.109015,-0.043923,-0.048555,1318.82,0.05,0.357204,0.498866
