tmp.site,tmp.area,Lb,X1,Wb,POR,ALPHA,BETA,Ks,Kb,Kz,Qthresh,Rs,Rb1,Rb2,Prec,Frac4Rise,Error,BFF
13213072,2.30509e+08,13479.5,121.466,748.235,0.15,0.009178,1,172.68,1175.46,0.522979,213747,-0.047655,-0.016326,-0.015899,9125.71,0.05,0.21684,0.606436
