tmp.site,tmp.area,Lb,X1,Wb,POR,ALPHA,BETA,Ks,Kb,Kz,Qthresh,Rs,Rb1,Rb2,Prec,Frac4Rise,Error,BFF
05299750,1.89846e+08,5859.52,139.604,299.913,0.15,0.0121,1,748.574,6047.61,0.980473,4403.83,-0.166751,-0.07587,-0.070159,244.657,0.05,0.697364,0.215051
