tmp.site,tmp.area,Lb,X1,Wb,POR,ALPHA,BETA,Ks,Kb,Kz,Qthresh,Rs,Rb1,Rb2,Prec,Frac4Rise,Error,BFF
01426500,1.54104e+09,21323.7,5.17048,1469.68,0.15,0.01194,1,2896.71,1490.66,1.07723,112542,-0.131182,-0.060227,-0.065702,12232.9,0.05,0.414394,0.489876
