tmp.site,tmp.area,Lb,X1,Wb,POR,ALPHA,BETA,Ks,Kb,Kz,Qthresh,Rs,Rb1,Rb2,Prec,Frac4Rise,Error,BFF
08104500,1.35405e+10,22604,100,709.173,0.15,0.006327,1,1309.32,12520,0.992158,234871,-0.02326,-0.060837,-0.08435,6850.4,0.05,0.509024,0.127288
