tmp.site,tmp.area,Lb,X1,Wb,POR,ALPHA,BETA,Ks,Kb,Kz,Qthresh,Rs,Rb1,Rb2,Prec,Frac4Rise,Error,BFF
06861000,1.35197e+10,25154,182.726,494.413,0.15,0.017701,1,11994.6,93462,0.96126,86119.3,-0.189717,-0.090352,-0.116525,24.4657,0.05,6.61489,0.221957
