tmp.site,tmp.area,Lb,X1,Wb,POR,ALPHA,BETA,Ks,Kb,Kz,Qthresh,Rs,Rb1,Rb2,Prec,Frac4Rise,Error,BFF
07215500,4.50658e+08,41860,66.4685,153.294,0.15,0.042333,0.9,409.007,6842.67,0.987456,1223.29,-0.143841,-0.046764,-0.076085,63.6109,0.05,1.40931,0.215537
