tmp.site,tmp.area,Lb,X1,Wb,POR,ALPHA,BETA,Ks,Kb,Kz,Qthresh,Rs,Rb1,Rb2,Prec,Frac4Rise,Error,BFF
08383500,1.02823e+10,96436.4,100,1191.39,0.15,0.000723,1,0.258601,19.2291,0.834384,220191,-0.105439,-0.080769,-0.076878,13700.8,0.05,0.212075,0.367545
