tmp.site,tmp.area,Lb,X1,Wb,POR,ALPHA,BETA,Ks,Kb,Kz,Qthresh,Rs,Rb1,Rb2,Prec,Frac4Rise,Error,BFF
01197500,7.30377e+08,13763.6,100,1201.62,0.15,0.014044,1,1647.86,13687,0.972385,836727,-0.14329,-0.049945,-0.059825,14665.5,0.05,0.348181,0.54331
