tmp.site,tmp.area,Lb,X1,Wb,POR,ALPHA,BETA,Ks,Kb,Kz,Qthresh,Rs,Rb1,Rb2,Prec,Frac4Rise,Error,BFF
01435000,1.72493e+08,11735.2,6.18364,753.295,0.15,0.014172,5.5,1131.88,32.9248,1.0131,51378,-0.349912,-0.058882,-0.030268,3914.51,0.05,0.286001,0.493488
