tmp.site,tmp.area,Lb,X1,Wb,POR,ALPHA,BETA,Ks,Kb,Kz,Qthresh,Rs,Rb1,Rb2,Prec,Frac4Rise,Error,BFF
02039000,1.80263e+08,48882.1,116.866,190.388,0.15,0.011125,2.3,301.932,12811.5,0.566855,86853.3,-0.255413,-0.060959,-0.042877,1516.87,0.05,0.345859,0.424981
