tmp.site,tmp.area,Lb,X1,Wb,POR,ALPHA,BETA,Ks,Kb,Kz,Qthresh,Rs,Rb1,Rb2,Prec,Frac4Rise,Error,BFF
07366200,5.38718e+08,25083.6,101.471,675.488,0.15,0.01226,1,2620.49,79196,0.858372,125617,-0.119285,-0.103482,-0.131581,24.4657,0.05,1.47775,0.365187
