tmp.site,tmp.area,Lb,X1,Wb,POR,ALPHA,BETA,Ks,Kb,Kz,Qthresh,Rs,Rb1,Rb2,Prec,Frac4Rise,Error,BFF
01304500,1.93472e+08,36347.8,42.7956,477.478,0.15,0.023364,0.9,28.2608,6420.73,0.537658,84406.7,-0.05268,-0.013591,-0.016161,2935.89,0.05,0.175357,0.862354
