tmp.site,tmp.area,Lb,X1,Wb,POR,ALPHA,BETA,Ks,Kb,Kz,Qthresh,Rs,Rb1,Rb2,Prec,Frac4Rise,Error,BFF
05382325,4.32528e+08,125003,49305.3,695.563,0.15,0.009113,9.9,132.526,3076.87,0.737575,389005,-0.091161,-0.021111,-0.012703,23364.8,0.05,0.128174,0.772763
