tmp.site,tmp.area,Lb,X1,Wb,POR,ALPHA,BETA,Ks,Kb,Kz,Qthresh,Rs,Rb1,Rb2,Prec,Frac4Rise,Error,BFF
03310000,9.87303e+07,16050.4,35.9076,280.88,0.15,0.018319,1,586.129,13049.3,1.53877,10764.9,-0.248039,-0.088522,-0.102817,24.4657,0.05,2.78619,0.352491
