tmp.site,tmp.area,Lb,X1,Wb,POR,ALPHA,BETA,Ks,Kb,Kz,Qthresh,Rs,Rb1,Rb2,Prec,Frac4Rise,Error,BFF
04062500,1.69903e+09,36038.4,40.0196,1536.27,0.15,0.009944,0.8,63.6685,8586.82,0.93809,1.6392e+06,-0.004851,-0.030968,-0.06475,24955,0.05,0.767962,0.689067
