tmp.site,tmp.area,Lb,X1,Wb,POR,ALPHA,BETA,Ks,Kb,Kz,Qthresh,Rs,Rb1,Rb2,Prec,Frac4Rise,Error,BFF
03205470,7.82176e+08,8810.92,100,1079.62,0.15,0.012978,1,3489.49,26442.8,0.964985,770.67,-0.170036,-0.096304,-0.12104,88.0766,0.05,0.564288,0.355673
