tmp.site,tmp.area,Lb,X1,Wb,POR,ALPHA,BETA,Ks,Kb,Kz,Qthresh,Rs,Rb1,Rb2,Prec,Frac4Rise,Error,BFF
08066175,1.68349e+08,4252.44,100,277.846,0.15,0.009316,1,1385.43,12247.8,0.954558,35475.3,-0.277183,-0.155805,-0.174052,24.4657,0.05,1.79927,0.063394
