tmp.site,tmp.area,Lb,X1,Wb,POR,ALPHA,BETA,Ks,Kb,Kz,Qthresh,Rs,Rb1,Rb2,Prec,Frac4Rise,Error,BFF
09404208,7.22607e+08,2.36864e+06,100,10.7082,0.15,0.024756,1,312.359,2337.7,0.326609,12086.1,-0.082564,-0.011196,-0.028897,192.374,0.05,0.433378,0.490624
