tmp.site,tmp.area,Lb,X1,Wb,POR,ALPHA,BETA,Ks,Kb,Kz,Qthresh,Rs,Rb1,Rb2,Prec,Frac4Rise,Error,BFF
06634060,4.22168e+08,7569.98,252.154,337.01,0.15,0.004095,1,100.006,35709.5,0.473092,16600.5,-0.069872,-0.050416,-0.051329,85.63,0.05,0.399813,0.320307
