tmp.site,tmp.area,Lb,X1,Wb,POR,ALPHA,BETA,Ks,Kb,Kz,Qthresh,Rs,Rb1,Rb2,Prec,Frac4Rise,Error,BFF
05294000,2.34394e+09,23239.1,13.695,994.732,0.15,0.037403,1,382.194,1876.61,1.1184,364539,-0.091161,-0.029476,-0.035711,24.4657,0.05,2.35468,0.557143
