tmp.site,tmp.area,Lb,X1,Wb,POR,ALPHA,BETA,Ks,Kb,Kz,Qthresh,Rs,Rb1,Rb2,Prec,Frac4Rise,Error,BFF
09431500,7.32708e+09,19864.5,0.308291,1058.93,0.15,0.007859,1,1453.01,44.0255,0.986998,269123,-0.096224,-0.046314,-0.047712,2182.71,0.05,0.501386,0.47711
