tmp.site,tmp.area,Lb,X1,Wb,POR,ALPHA,BETA,Ks,Kb,Kz,Qthresh,Rs,Rb1,Rb2,Prec,Frac4Rise,Error,BFF
11523200,3.85908e+08,15442.1,14.9246,941.377,0.15,0.012616,4.7,1179.45,78.8173,1.01968,104958,-0.111572,-0.045435,-0.016648,4966.54,0.05,0.331045,0.467263
