tmp.site,tmp.area,Lb,X1,Wb,POR,ALPHA,BETA,Ks,Kb,Kz,Qthresh,Rs,Rb1,Rb2,Prec,Frac4Rise,Error,BFF
03232300,5.41308e+08,5920.47,70.361,1539.73,0.15,0.012735,1.1,7143.1,10668,1.11933,4034.64,-0.194446,-0.127287,-0.087414,73.3482,0.05,0.496718,0.35639
