tmp.site,tmp.area,Lb,X1,Wb,POR,ALPHA,BETA,Ks,Kb,Kz,Qthresh,Rs,Rb1,Rb2,Prec,Frac4Rise,Error,BFF
04126970,3.65188e+08,20672.1,169.57,1608.43,0.15,0.015252,0.8,210.061,2040.68,0.093806,207714,-0.05268,-0.016799,-0.007571,18349.3,0.05,0.140619,0.760671
