tmp.site,tmp.area,Lb,X1,Wb,POR,ALPHA,BETA,Ks,Kb,Kz,Qthresh,Rs,Rb1,Rb2,Prec,Frac4Rise,Error,BFF
03288100,3.80728e+08,8252.52,100,1008.98,0.15,0.015167,1,3155.29,23732.4,0.945725,27594.9,-0.250984,-0.100148,-0.09935,538.246,0.05,0.437348,0.371815
