tmp.site,tmp.area,Lb,X1,Wb,POR,ALPHA,BETA,Ks,Kb,Kz,Qthresh,Rs,Rb1,Rb2,Prec,Frac4Rise,Error,BFF
08080500,2.27815e+10,4934.19,100,648.043,0.15,0.009442,1,12496.5,12223.1,0.867224,189120,-0.211452,-0.101764,-0.191704,24.4657,0.05,22.6007,0.092219
