tmp.site,tmp.area,Lb,X1,Wb,POR,ALPHA,BETA,Ks,Kb,Kz,Qthresh,Rs,Rb1,Rb2,Prec,Frac4Rise,Error,BFF
03237020,1.51152e+10,20936.9,0.094697,4081.99,0.15,0.008145,1.3,16913.3,12.1924,2.80462,1.67164e+06,-0.111572,-0.075548,-0.056793,159832,0.05,0.346344,0.436317
