tmp.site,tmp.area,Lb,X1,Wb,POR,ALPHA,BETA,Ks,Kb,Kz,Qthresh,Rs,Rb1,Rb2,Prec,Frac4Rise,Error,BFF
11189500,1.37269e+09,71037.7,13.983,1276.15,0.15,0.012314,0.9,1909.12,6369.06,0.042892,2446.57,-0.118194,-0.027709,-0.040286,122.329,0.05,0.50582,0.530792
