tmp.site,tmp.area,Lb,X1,Wb,POR,ALPHA,BETA,Ks,Kb,Kz,Qthresh,Rs,Rb1,Rb2,Prec,Frac4Rise,Error,BFF
02149000,2.04609e+08,40442,100,477.576,0.15,0.016038,1,607.22,10526.8,0.972645,100309,-0.346574,-0.040702,-0.029324,6361.09,0.05,0.269001,0.556389
