tmp.site,tmp.area,Lb,X1,Wb,POR,ALPHA,BETA,Ks,Kb,Kz,Qthresh,Rs,Rb1,Rb2,Prec,Frac4Rise,Error,BFF
09153300,7.58867e+07,11194.3,105.298,845.861,0.15,0.009111,0.8,275.881,9884.76,0.443876,11988.2,-0.077075,-0.024795,-0.086272,1272.22,0.05,0.610786,0.53822
