tmp.site,tmp.area,Lb,X1,Wb,POR,ALPHA,BETA,Ks,Kb,Kz,Qthresh,Rs,Rb1,Rb2,Prec,Frac4Rise,Error,BFF
07179700,3.10799e+08,3953.59,146.297,547.19,0.15,0.01028,1,1353.57,7993.62,0.870295,3213.33,-0.18798,-0.109535,-0.103254,24.4657,0.05,5.99531,0.137582
