tmp.site,tmp.area,Lb,X1,Wb,POR,ALPHA,BETA,Ks,Kb,Kz,Qthresh,Rs,Rb1,Rb2,Prec,Frac4Rise,Error,BFF
394329104490101,8.96136e+07,23381.1,7.41059,89.5445,0.15,0.010612,0.9,823.166,2333.82,0.930625,34741.3,-0.305837,-0.079503,-0.120904,135.736,0.05,0.575413,0.19731
