tmp.site,tmp.area,Lb,X1,Wb,POR,ALPHA,BETA,Ks,Kb,Kz,Qthresh,Rs,Rb1,Rb2,Prec,Frac4Rise,Error,BFF
01064801,1.75083e+08,39373.5,102.517,514.188,0.15,0.013693,1.3,1503.74,70197.1,0.719749,17370.7,-0.254679,-0.079941,-0.056284,1519.52,0.05,0.393328,0.473734
