tmp.site,tmp.area,Lb,X1,Wb,POR,ALPHA,BETA,Ks,Kb,Kz,Qthresh,Rs,Rb1,Rb2,Prec,Frac4Rise,Error,BFF
03353800,5.49077e+08,27742.5,60.8154,748.949,0.15,0.011341,1.5,3588.1,14869.9,0.809449,31805.4,-0.269498,-0.091122,-0.052354,1223.29,0.05,0.412558,0.335679
