tmp.site,tmp.area,Lb,X1,Wb,POR,ALPHA,BETA,Ks,Kb,Kz,Qthresh,Rs,Rb1,Rb2,Prec,Frac4Rise,Error,BFF
08158000,1.01033e+11,7490.29,156.048,3557.49,0.15,0.00417,0.9,11083.2,17290.8,0.453901,342520,-0.091161,-0.070799,-0.089355,10275.6,0.05,0.808205,0.297739
