tmp.site,tmp.area,Lb,X1,Wb,POR,ALPHA,BETA,Ks,Kb,Kz,Qthresh,Rs,Rb1,Rb2,Prec,Frac4Rise,Error,BFF
021473428,7.69226e+07,6517.82,100,185.421,0.15,0.024948,1,2084.88,11452.5,0.920455,56515.8,-0.549306,-0.102823,-0.131914,48.9314,0.05,0.595236,0.218262
