tmp.site,tmp.area,Lb,X1,Wb,POR,ALPHA,BETA,Ks,Kb,Kz,Qthresh,Rs,Rb1,Rb2,Prec,Frac4Rise,Error,BFF
03368000,2.95259e+07,3424.55,0.473331,215.077,0.15,0.014798,1,691.806,58.8951,1.27362,34252,-0.403644,-0.131594,-0.145259,24.4657,0.05,1.56131,0.181979
