tmp.site,tmp.area,Lb,X1,Wb,POR,ALPHA,BETA,Ks,Kb,Kz,Qthresh,Rs,Rb1,Rb2,Prec,Frac4Rise,Error,BFF
05134200,1.50478e+09,23085.6,18.7253,945.445,0.15,0.014599,1,1307.85,3029.55,0.933851,21537.7,-0.066766,-0.04803,-0.054104,92.9697,0.05,1.12999,0.412408
