tmp.site,tmp.area,Lb,X1,Wb,POR,ALPHA,BETA,Ks,Kb,Kz,Qthresh,Rs,Rb1,Rb2,Prec,Frac4Rise,Error,BFF
04213000,4.53248e+08,8732.6,138.388,704.468,0.15,0.009989,1.1,3841.6,16647.8,0.90114,672807,-0.270062,-0.112449,-0.084364,831.834,0.05,0.438469,0.228839
