tmp.site,tmp.area,Lb,X1,Wb,POR,ALPHA,BETA,Ks,Kb,Kz,Qthresh,Rs,Rb1,Rb2,Prec,Frac4Rise,Error,BFF
08167200,2.85676e+09,225032,100,409.44,0.15,0.023781,1,1840.33,3878.07,0.973352,218479,-0.132765,-0.044563,-0.059725,24.4657,0.05,199.032,0.299402
