tmp.site,tmp.area,Lb,X1,Wb,POR,ALPHA,BETA,Ks,Kb,Kz,Qthresh,Rs,Rb1,Rb2,Prec,Frac4Rise,Error,BFF
04096015,2.09012e+08,11106.2,100,545.664,0.15,0.007359,1,331.369,6364.74,0.96627,83428.1,-0.202733,-0.069856,-0.02541,3837.2,0.05,0.267891,0.466593
