tmp.site,tmp.area,Lb,X1,Wb,POR,ALPHA,BETA,Ks,Kb,Kz,Qthresh,Rs,Rb1,Rb2,Prec,Frac4Rise,Error,BFF
11055000,1.27168e+08,20164.7,2.05703,17.5388,0.15,0.001821,0.9,5127.23,5.78922,1.22698,489.314,-0.346574,-0.078371,-0.101588,244.657,0.05,0.321014,0.009009
