tmp.site,tmp.area,Lb,X1,Wb,POR,ALPHA,BETA,Ks,Kb,Kz,Qthresh,Rs,Rb1,Rb2,Prec,Frac4Rise,Error,BFF
06934000,8.23616e+09,4643.45,100,9122.7,0.15,0.003684,1,18406.8,1428.99,1.30732,1.06915e+06,-0.111572,-0.068424,-0.020235,92969.7,0.05,0.346125,0.342546
