tmp.site,tmp.area,Lb,X1,Wb,POR,ALPHA,BETA,Ks,Kb,Kz,Qthresh,Rs,Rb1,Rb2,Prec,Frac4Rise,Error,BFF
02449882,3.36698e+07,17659.9,85.0721,157.845,0.15,0.019884,1,284.193,19613.9,0.812968,3987.91,-0.322378,-0.064482,-0.069893,24.4657,0.05,0.580247,0.360439
