tmp.site,tmp.area,Lb,X1,Wb,POR,ALPHA,BETA,Ks,Kb,Kz,Qthresh,Rs,Rb1,Rb2,Prec,Frac4Rise,Error,BFF
01389550,2.02537e+07,249048,2008.54,46.6272,0.15,0.046271,4.4,581.958,869.67,0.425247,20168.6,-0.527956,-0.095814,-0.053979,1401.89,0.05,0.349246,0.336018
