tmp.site,tmp.area,Lb,X1,Wb,POR,ALPHA,BETA,Ks,Kb,Kz,Qthresh,Rs,Rb1,Rb2,Prec,Frac4Rise,Error,BFF
05554000,4.81738e+08,4845.82,265.067,967.411,0.15,0.024857,1,1278.31,28668.8,1.06716,10764.9,-0.136177,-0.090501,-0.08683,244.657,0.05,0.700986,0.389239
