tmp.site,tmp.area,Lb,X1,Wb,POR,ALPHA,BETA,Ks,Kb,Kz,Qthresh,Rs,Rb1,Rb2,Prec,Frac4Rise,Error,BFF
02327355,6.73397e+08,12873.4,22.1139,1148.53,0.15,0.037713,1,1386.81,8502.81,1.28567,4232.57,-0.138946,-0.08628,-0.102957,75.8437,0.05,0.510417,0.45596
