tmp.site,tmp.area,Lb,X1,Wb,POR,ALPHA,BETA,Ks,Kb,Kz,Qthresh,Rs,Rb1,Rb2,Prec,Frac4Rise,Error,BFF
03374000,2.88136e+10,26302.9,48.3036,5136.52,0.15,0.010039,4.2,10195.6,206.238,4.22942,3.03375e+06,-0.083411,-0.055111,-0.025228,212852,0.05,0.340849,0.47555
