tmp.site,tmp.area,Lb,X1,Wb,POR,ALPHA,BETA,Ks,Kb,Kz,Qthresh,Rs,Rb1,Rb2,Prec,Frac4Rise,Error,BFF
11180500,2.432e+07,10630.4,100,8.62044,0.15,0.002394,1,1150.97,197.792,0.887843,6018.57,-0.362628,-0.092448,-0.124621,24.4657,0.05,0.382254,0.000377
