tmp.site,tmp.area,Lb,X1,Wb,POR,ALPHA,BETA,Ks,Kb,Kz,Qthresh,Rs,Rb1,Rb2,Prec,Frac4Rise,Error,BFF
07190500,2.6897e+10,41883.6,27.4017,4508.32,0.15,0.012747,0.9,11127.7,15513,2.65941,2.24106e+07,-0.085996,-0.06582,-0.154698,14747,0.05,2.03809,0.453692
