tmp.site,tmp.area,Lb,X1,Wb,POR,ALPHA,BETA,Ks,Kb,Kz,Qthresh,Rs,Rb1,Rb2,Prec,Frac4Rise,Error,BFF
02301000,3.49648e+08,33554.3,52.2671,422.577,0.15,0.01107,1.6,845.774,11055.6,1.02007,58717.7,-0.171027,-0.062378,-0.042666,1941.45,0.05,0.395565,0.449911
