tmp.site,tmp.area,Lb,X1,Wb,POR,ALPHA,BETA,Ks,Kb,Kz,Qthresh,Rs,Rb1,Rb2,Prec,Frac4Rise,Error,BFF
01576787,3.83318e+08,32613.3,100,609.57,0.15,0.011798,1,962.579,9247.78,0.946409,148996,-0.406754,-0.038641,-0.026991,10764.9,0.05,0.272752,0.532056
