tmp.site,tmp.area,Lb,X1,Wb,POR,ALPHA,BETA,Ks,Kb,Kz,Qthresh,Rs,Rb1,Rb2,Prec,Frac4Rise,Error,BFF
03031882,8.49516e+08,14239.7,18.7268,1449.26,0.15,0.013317,1.2,4233.73,3270.02,1.1974,167615,-0.270916,-0.072942,-0.053905,8729.86,0.05,0.358221,0.466475
