tmp.site,tmp.area,Lb,X1,Wb,POR,ALPHA,BETA,Ks,Kb,Kz,Qthresh,Rs,Rb1,Rb2,Prec,Frac4Rise,Error,BFF
02077670,1.38564e+08,3055.04,70.7426,323.567,0.15,0.005608,1,135.911,54.8742,0.476269,10667.1,-0.077075,-0.061001,-0.064745,24.4657,0.05,7.50775,0.060102
