tmp.site,tmp.area,Lb,X1,Wb,POR,ALPHA,BETA,Ks,Kb,Kz,Qthresh,Rs,Rb1,Rb2,Prec,Frac4Rise,Error,BFF
02413210,6.34547e+08,12091.3,16.4179,998.494,0.15,0.012867,1.2,2763.11,2054.15,0.980162,66962.7,-0.195408,-0.074927,-0.055026,3316.08,0.05,0.378618,0.417921
