tmp.site,tmp.area,Lb,X1,Wb,POR,ALPHA,BETA,Ks,Kb,Kz,Qthresh,Rs,Rb1,Rb2,Prec,Frac4Rise,Error,BFF
08048000,6.77282e+09,5868,100,1091.16,0.15,0.008855,1,7221.43,10654.1,0.990032,102756,-0.183862,-0.087916,-0.143674,73.3971,0.05,2.48523,0.127195
