tmp.site,tmp.area,Lb,X1,Wb,POR,ALPHA,BETA,Ks,Kb,Kz,Qthresh,Rs,Rb1,Rb2,Prec,Frac4Rise,Error,BFF
04087233,1.47629e+08,9140.07,100,306.517,0.15,0.020906,1,635.505,12519.3,0.968728,1981.72,-0.225815,-0.098693,-0.064652,220.191,0.05,0.442984,0.293458
