tmp.site,tmp.area,Lb,X1,Wb,POR,ALPHA,BETA,Ks,Kb,Kz,Qthresh,Rs,Rb1,Rb2,Prec,Frac4Rise,Error,BFF
11246700,3.78397e+09,8485.59,100,4930.96,0.15,0.000498,1,6914.88,15.3553,0.869982,134561,-0.143841,-0.089226,-0.006366,4159.17,0.05,0.323727,0.053019
