tmp.site,tmp.area,Lb,X1,Wb,POR,ALPHA,BETA,Ks,Kb,Kz,Qthresh,Rs,Rb1,Rb2,Prec,Frac4Rise,Error,BFF
04060500,2.38538e+08,108963,100,269.419,0.15,0.012954,1,128.745,1807.94,0.964434,93253.5,-0.1034,-0.028552,-0.01171,9541.63,0.05,0.176312,0.642324
