tmp.site,tmp.area,Lb,X1,Wb,POR,ALPHA,BETA,Ks,Kb,Kz,Qthresh,Rs,Rb1,Rb2,Prec,Frac4Rise,Error,BFF
05537980,3.89016e+09,11590.8,100,4005.07,0.15,0.00906,1,3437.97,9822.1,1.62541,5.43139e+06,-0.121192,-0.047523,-0.044018,296035,0.05,0.18043,0.666963
