tmp.site,tmp.area,Lb,X1,Wb,POR,ALPHA,BETA,Ks,Kb,Kz,Qthresh,Rs,Rb1,Rb2,Prec,Frac4Rise,Error,BFF
02423500,5.95697e+08,14548.2,100,1126.93,0.15,0.014191,1,4518.06,38357.3,0.934372,61164.3,-0.282787,-0.099597,-0.106087,244.657,0.05,0.576336,0.329135
