tmp.site,tmp.area,Lb,X1,Wb,POR,ALPHA,BETA,Ks,Kb,Kz,Qthresh,Rs,Rb1,Rb2,Prec,Frac4Rise,Error,BFF
11162619,1.63169e+07,11612.8,4083.77,223.727,0.15,0.009174,4.4,72.7457,1880.03,0.257607,6679.14,-0.073753,-0.043423,-0.026813,481.975,0.05,0.266326,0.384094
