tmp.site,tmp.area,Lb,X1,Wb,POR,ALPHA,BETA,Ks,Kb,Kz,Qthresh,Rs,Rb1,Rb2,Prec,Frac4Rise,Error,BFF
07282000,7.64046e+08,3284.63,100,1443.47,0.15,0.012644,1,7020.43,11048.2,1.285,14434.8,-0.325164,-0.151372,-0.147017,24.4657,0.05,1.05403,0.172768
