tmp.site,tmp.area,Lb,X1,Wb,POR,ALPHA,BETA,Ks,Kb,Kz,Qthresh,Rs,Rb1,Rb2,Prec,Frac4Rise,Error,BFF
04150800,1.67054e+09,21778.3,119.384,880.937,0.15,0.009412,3.4,2767.04,2744.15,0.836889,489314,-0.09903,-0.081756,-0.031915,5627.11,0.05,0.388522,0.338721
