tmp.site,tmp.area,Lb,X1,Wb,POR,ALPHA,BETA,Ks,Kb,Kz,Qthresh,Rs,Rb1,Rb2,Prec,Frac4Rise,Error,BFF
02232415,1.40636e+08,4725.64,0.924416,166.11,0.15,0.014844,0.9,181.945,193.104,0.923718,3938.98,-0.021358,-0.108419,-0.300716,24.4657,0.05,2.28765,0.036044
