tmp.site,tmp.area,Lb,X1,Wb,POR,ALPHA,BETA,Ks,Kb,Kz,Qthresh,Rs,Rb1,Rb2,Prec,Frac4Rise,Error,BFF
10289500,5.05048e+07,9959.68,100,354.048,0.15,0.017199,1,112.361,6891.89,0.449993,24465.7,-0.083527,-0.028439,-0.026039,807.369,0.05,0.312031,0.613903
