tmp.site,tmp.area,Lb,X1,Wb,POR,ALPHA,BETA,Ks,Kb,Kz,Qthresh,Rs,Rb1,Rb2,Prec,Frac4Rise,Error,BFF
02266480,5.95697e+07,15626.4,100,127.057,0.15,0.036085,1,109.282,13393.6,0.999808,2446.57,-0.143841,-0.058607,-0.044813,183.493,0.05,0.429843,0.392468
