tmp.site,tmp.area,Lb,X1,Wb,POR,ALPHA,BETA,Ks,Kb,Kz,Qthresh,Rs,Rb1,Rb2,Prec,Frac4Rise,Error,BFF
02415000,4.92098e+08,16819.3,100,1022.12,0.15,0.011888,1,3425.13,12040.4,0.989957,18593.9,-0.389712,-0.059989,-0.047527,2250.85,0.05,0.350643,0.416715
