tmp.site,tmp.area,Lb,X1,Wb,POR,ALPHA,BETA,Ks,Kb,Kz,Qthresh,Rs,Rb1,Rb2,Prec,Frac4Rise,Error,BFF
14211720,2.90079e+10,1.97071e+06,3.55816,9.22293,0.15,0.01,0.6,5490.52,1.38961e+06,43.7313,2.20191e+07,-0.084523,-0.042996,-0.022617,1.45326e+06,0.05,0.959282,0.004418
