tmp.site,tmp.area,Lb,X1,Wb,POR,ALPHA,BETA,Ks,Kb,Kz,Qthresh,Rs,Rb1,Rb2,Prec,Frac4Rise,Error,BFF
05356500,4.27348e+09,14971.9,100,2394.48,0.15,0.0065,1,1194.27,1133.67,0.97945,3.00928e+06,-0.073917,-0.042105,-0.03057,83183.4,0.05,0.379756,0.412357
