tmp.site,tmp.area,Lb,X1,Wb,POR,ALPHA,BETA,Ks,Kb,Kz,Qthresh,Rs,Rb1,Rb2,Prec,Frac4Rise,Error,BFF
06339100,5.30948e+08,6995.8,0.675414,217.961,0.15,0.008584,1.1,464.234,85.8727,1.04682,4942.07,-0.120515,-0.11007,-0.083632,24.4657,0.05,0.819205,0.13613
