tmp.site,tmp.area,Lb,X1,Wb,POR,ALPHA,BETA,Ks,Kb,Kz,Qthresh,Rs,Rb1,Rb2,Prec,Frac4Rise,Error,BFF
02350900,1.36492e+09,14664.1,100,1006.44,0.15,0.012525,1,1024.99,11998.5,1.02438,1.23797e+06,-0.074199,-0.049655,-0.044065,11645.7,0.05,0.303745,0.49867
