tmp.site,tmp.area,Lb,X1,Wb,POR,ALPHA,BETA,Ks,Kb,Kz,Qthresh,Rs,Rb1,Rb2,Prec,Frac4Rise,Error,BFF
06438500,5.52988e+10,6934.94,88.743,2593.37,0.15,0.005977,1,11508.6,1711.44,1.14947,1.80557e+06,-0.138898,-0.060125,-0.057983,5382.46,0.05,0.557371,0.267194
