tmp.site,tmp.area,Lb,X1,Wb,POR,ALPHA,BETA,Ks,Kb,Kz,Qthresh,Rs,Rb1,Rb2,Prec,Frac4Rise,Error,BFF
01171300,1.07485e+08,10998.4,100,441.804,0.15,0.012683,1,1234.79,12156.4,0.948043,13700.8,-0.287196,-0.063427,-0.052628,1125.42,0.05,0.368979,0.429046
