tmp.site,tmp.area,Lb,X1,Wb,POR,ALPHA,BETA,Ks,Kb,Kz,Qthresh,Rs,Rb1,Rb2,Prec,Frac4Rise,Error,BFF
04161820,8.00306e+08,12297.6,100,998.275,0.15,0.013234,1,1057.6,13641.4,0.945773,631215,-0.178337,-0.041301,-0.047396,11278.7,0.05,0.320481,0.591581
