tmp.site,tmp.area,Lb,X1,Wb,POR,ALPHA,BETA,Ks,Kb,Kz,Qthresh,Rs,Rb1,Rb2,Prec,Frac4Rise,Error,BFF
01181000,2.43459e+08,17769.5,62.048,715.879,0.15,0.015216,1.2,1782.84,15179,1.48522,29358.9,-0.293893,-0.069764,-0.051838,1817.95,0.05,0.356223,0.464382
