tmp.site,tmp.area,Lb,X1,Wb,POR,ALPHA,BETA,Ks,Kb,Kz,Qthresh,Rs,Rb1,Rb2,Prec,Frac4Rise,Error,BFF
08048800,1.36751e+08,4782.96,100,222.95,0.15,0.014614,1,1475.2,12524.2,0.949831,16349.9,-0.318111,-0.122106,-0.184423,24.4657,0.05,4.69876,0.102384
