tmp.site,tmp.area,Lb,X1,Wb,POR,ALPHA,BETA,Ks,Kb,Kz,Qthresh,Rs,Rb1,Rb2,Prec,Frac4Rise,Error,BFF
08068090,2.49157e+09,5355.92,1618.21,1906.38,0.15,0.0071,2.5,5211.38,2653.06,0.966196,85630,-0.158216,-0.168964,-0.07026,4648.49,0.05,0.449996,0.099423
