tmp.site,tmp.area,Lb,X1,Wb,POR,ALPHA,BETA,Ks,Kb,Kz,Qthresh,Rs,Rb1,Rb2,Prec,Frac4Rise,Error,BFF
06446500,1.06215e+10,5520.28,116.605,898.842,0.15,0.005517,0.9,2523.31,8047.61,0.929083,536068,-0.144704,-0.08374,-0.171343,24.4657,0.05,62.6667,0.178246
