tmp.site,tmp.area,Lb,X1,Wb,POR,ALPHA,BETA,Ks,Kb,Kz,Qthresh,Rs,Rb1,Rb2,Prec,Frac4Rise,Error,BFF
01393450,4.37708e+07,18579.3,100,129.277,0.15,0.018889,1,772.66,7413.61,1.00463,23976.4,-0.346574,-0.087123,-0.102629,391.451,0.05,0.514598,0.254028
