tmp.site,tmp.area,Lb,X1,Wb,POR,ALPHA,BETA,Ks,Kb,Kz,Qthresh,Rs,Rb1,Rb2,Prec,Frac4Rise,Error,BFF
08194200,1.2147e+09,130473,100,7.49367,0.15,0.000252,1,44.4918,1899.41,0.882337,1174.35,-0.336276,-0.219232,-0.295424,24.4657,0.05,0.388427,2.4e-05
