tmp.site,tmp.area,Lb,X1,Wb,POR,ALPHA,BETA,Ks,Kb,Kz,Qthresh,Rs,Rb1,Rb2,Prec,Frac4Rise,Error,BFF
09505350,3.67778e+08,3009.55,2.13286,59.5998,0.15,0.000135,0.9,589.194,1.18596,1.27313,94682.3,-0.245842,-0.132207,-0.327416,24.4657,0.05,0.295082,1.5e-05
