tmp.site,tmp.area,Lb,X1,Wb,POR,ALPHA,BETA,Ks,Kb,Kz,Qthresh,Rs,Rb1,Rb2,Prec,Frac4Rise,Error,BFF
08078000,2.27142e+08,5277.12,100,448.64,0.15,0.008095,1,1746.01,12012,0.920621,43304.3,-0.219976,-0.152902,-0.138348,161.474,0.05,0.584207,0.143194
