tmp.site,tmp.area,Lb,X1,Wb,POR,ALPHA,BETA,Ks,Kb,Kz,Qthresh,Rs,Rb1,Rb2,Prec,Frac4Rise,Error,BFF
01589440,6.52677e+07,54808.5,122.757,201.333,0.15,0.006532,1.6,788.474,23581.1,1.05755,66948,-0.441507,-0.050626,-0.039667,1078.94,0.05,0.311826,0.455139
