tmp.site,tmp.area,Lb,X1,Wb,POR,ALPHA,BETA,Ks,Kb,Kz,Qthresh,Rs,Rb1,Rb2,Prec,Frac4Rise,Error,BFF
01390450,2.82309e+07,33823.4,66.8872,114.807,0.15,0.043069,1,808.876,13620.2,0.930343,2104.05,-0.48988,-0.06871,-0.07883,188.777,0.05,0.436182,0.295469
