tmp.site,tmp.area,Lb,X1,Wb,POR,ALPHA,BETA,Ks,Kb,Kz,Qthresh,Rs,Rb1,Rb2,Prec,Frac4Rise,Error,BFF
02123500,8.85776e+08,11049.7,0.151373,938.266,0.15,0.008685,1.5,6138.99,9.21177,1.47012,39145.1,-0.378349,-0.118059,-0.065818,1370.32,0.05,0.414988,0.246674
