tmp.site,tmp.area,Lb,X1,Wb,POR,ALPHA,BETA,Ks,Kb,Kz,Qthresh,Rs,Rb1,Rb2,Prec,Frac4Rise,Error,BFF
14321000,9.53893e+09,9607.79,100,6892.4,0.15,0.006797,1,6362.93,2124.69,2.41602,1.9279e+06,-0.114297,-0.058065,-0.011413,197683,0.05,0.338474,0.348256
