tmp.site,tmp.area,Lb,X1,Wb,POR,ALPHA,BETA,Ks,Kb,Kz,Qthresh,Rs,Rb1,Rb2,Prec,Frac4Rise,Error,BFF
14220500,1.89328e+09,19045.3,33.3138,3111.04,0.15,0.007778,0.9,261.933,2692.72,2.67891,3.76772e+06,-0.014085,-0.040326,-0.054704,168813,0.05,0.56994,0.530208
