tmp.site,tmp.area,Lb,X1,Wb,POR,ALPHA,BETA,Ks,Kb,Kz,Qthresh,Rs,Rb1,Rb2,Prec,Frac4Rise,Error,BFF
01110000,6.63037e+07,8696.47,100,556.799,0.15,0.048891,1,259.803,11930.4,0.685113,103001,-0.097118,-0.038626,-0.077698,97.8629,0.05,0.801265,0.580562
