tmp.site,tmp.area,Lb,X1,Wb,POR,ALPHA,BETA,Ks,Kb,Kz,Qthresh,Rs,Rb1,Rb2,Prec,Frac4Rise,Error,BFF
01405030,1.1629e+08,16220.4,87.8227,247.437,0.15,0.016934,0.9,800.766,18571.2,0.977277,49665.4,-0.279808,-0.076768,-0.120208,391.451,0.05,0.620044,0.304453
