tmp.site,tmp.area,Lb,X1,Wb,POR,ALPHA,BETA,Ks,Kb,Kz,Qthresh,Rs,Rb1,Rb2,Prec,Frac4Rise,Error,BFF
06327450,9.42756e+06,8893,19.8108,263.334,0.15,0.012004,0.9,24.6876,125.893,0.391784,27156.9,-0.019473,-0.011307,-0.017306,24.4657,0.05,45.6754,0.324869
