tmp.site,tmp.area,Lb,X1,Wb,POR,ALPHA,BETA,Ks,Kb,Kz,Qthresh,Rs,Rb1,Rb2,Prec,Frac4Rise,Error,BFF
12358500,2.91374e+09,18803.4,49.1058,3560.78,0.15,0.006745,3.6,308.399,173.051,0.952755,758437,-0.060241,-0.027961,-0.015366,72173.9,0.05,0.210498,0.600616
