tmp.site,tmp.area,Lb,X1,Wb,POR,ALPHA,BETA,Ks,Kb,Kz,Qthresh,Rs,Rb1,Rb2,Prec,Frac4Rise,Error,BFF
08180800,2.50452e+09,24339.2,100,642.942,0.15,0.007712,1,585.056,4649.3,0.949807,18713.3,-0.111572,-0.032016,-0.022487,1266.81,0.05,0.482222,0.255814
