tmp.site,tmp.area,Lb,X1,Wb,POR,ALPHA,BETA,Ks,Kb,Kz,Qthresh,Rs,Rb1,Rb2,Prec,Frac4Rise,Error,BFF
01390500,5.59437e+07,27411.2,50.6481,180.884,0.15,0.019487,1,390.742,14786.8,0.950834,6792.66,-0.405465,-0.057023,-0.062122,587.177,0.05,0.367219,0.418821
