tmp.site,tmp.area,Lb,X1,Wb,POR,ALPHA,BETA,Ks,Kb,Kz,Qthresh,Rs,Rb1,Rb2,Prec,Frac4Rise,Error,BFF
06891850,5.59437e+08,9872.31,25.2696,641.695,0.15,0.007565,1.2,3087.54,7653.7,1.20725,29114.2,-0.301671,-0.137895,-0.090066,168.813,0.05,0.54198,0.218446
