tmp.site,tmp.area,Lb,X1,Wb,POR,ALPHA,BETA,Ks,Kb,Kz,Qthresh,Rs,Rb1,Rb2,Prec,Frac4Rise,Error,BFF
02437100,5.30171e+09,10883.7,100,6179.06,0.15,0.015996,1,17286.5,37904.6,2.42766,407330,-0.267677,-0.084132,-0.093863,46240.2,0.05,0.401015,0.493465
