tmp.site,tmp.area,Lb,X1,Wb,POR,ALPHA,BETA,Ks,Kb,Kz,Qthresh,Rs,Rb1,Rb2,Prec,Frac4Rise,Error,BFF
12204010,5.92589e+07,7866.52,100,164.768,0.15,0.028442,1,892.826,9524.8,0.875008,836.972,-0.264112,-0.084567,-0.077256,80.7369,0.05,0.477657,0.20191
