tmp.site,tmp.area,Lb,X1,Wb,POR,ALPHA,BETA,Ks,Kb,Kz,Qthresh,Rs,Rb1,Rb2,Prec,Frac4Rise,Error,BFF
02100500,9.03906e+08,18800.7,33.3901,743.585,0.15,0.007455,1,4242.49,8194.54,0.975031,180410,-0.225475,-0.089264,-0.102894,2935.89,0.05,0.487215,0.294569
