tmp.site,tmp.area,Lb,X1,Wb,POR,ALPHA,BETA,Ks,Kb,Kz,Qthresh,Rs,Rb1,Rb2,Prec,Frac4Rise,Error,BFF
14372300,1.0202e+10,13917.2,100,5192.28,0.15,0.007124,1,1697.69,2373.25,1.42572,5.60265e+06,-0.063382,-0.045441,-0.018089,243923,0.05,0.312524,0.451664
