tmp.site,tmp.area,Lb,X1,Wb,POR,ALPHA,BETA,Ks,Kb,Kz,Qthresh,Rs,Rb1,Rb2,Prec,Frac4Rise,Error,BFF
03293510,1.55658e+08,7290.61,100,482.651,0.15,0.012025,1,2166.79,22993.3,1.09199,212607,-0.511558,-0.106542,-0.176107,280.132,0.05,0.860486,0.239535
