tmp.site,tmp.area,Lb,X1,Wb,POR,ALPHA,BETA,Ks,Kb,Kz,Qthresh,Rs,Rb1,Rb2,Prec,Frac4Rise,Error,BFF
10351700,4.73191e+09,28169.2,100,1886.4,0.15,0.010215,1,2118.63,16088.8,0.930321,320501,-0.103138,-0.042017,-0.055854,3914.51,0.05,0.745989,0.533236
