tmp.site,tmp.area,Lb,X1,Wb,POR,ALPHA,BETA,Ks,Kb,Kz,Qthresh,Rs,Rb1,Rb2,Prec,Frac4Rise,Error,BFF
08171350,1.12923e+09,16786.6,100,626.491,0.15,0.038844,1,1214.58,24409.3,0.919125,7706.7,-0.145759,-0.071417,-0.146163,24.4657,0.05,2.32759,0.15221
