tmp.site,tmp.area,Lb,X1,Wb,POR,ALPHA,BETA,Ks,Kb,Kz,Qthresh,Rs,Rb1,Rb2,Prec,Frac4Rise,Error,BFF
11376160,4.86918e+08,20338.1,994.568,969.309,0.15,0.004694,1,191.168,7939.34,0.078717,15902.7,-0.086445,-0.012816,-0.011733,905.231,0.05,0.32807,0.574214
