tmp.site,tmp.area,Lb,X1,Wb,POR,ALPHA,BETA,Ks,Kb,Kz,Qthresh,Rs,Rb1,Rb2,Prec,Frac4Rise,Error,BFF
02219000,4.55838e+08,22112.5,47.6669,618.314,0.15,0.011665,1.7,1397.13,2503.41,1.86137,420810,-0.234764,-0.061741,-0.043952,3604.04,0.05,0.342128,0.443431
