tmp.site,tmp.area,Lb,X1,Wb,POR,ALPHA,BETA,Ks,Kb,Kz,Qthresh,Rs,Rb1,Rb2,Prec,Frac4Rise,Error,BFF
11480410,3.13389e+08,27572.3,15.9802,1409.48,0.15,0.002101,1.2,156.026,3058.52,0.948562,374325,-0.050437,-0.060246,-0.048821,1932.79,0.05,0.565014,0.398527
