tmp.site,tmp.area,Lb,X1,Wb,POR,ALPHA,BETA,Ks,Kb,Kz,Qthresh,Rs,Rb1,Rb2,Prec,Frac4Rise,Error,BFF
01138500,6.84793e+09,13162.6,100,3588.49,0.15,0.011044,1,4026.11,13249.1,1.67513,6.55681e+06,-0.087377,-0.051044,-0.074322,134561,0.05,0.449776,0.570168
