tmp.site,tmp.area,Lb,X1,Wb,POR,ALPHA,BETA,Ks,Kb,Kz,Qthresh,Rs,Rb1,Rb2,Prec,Frac4Rise,Error,BFF
06006000,9.66066e+07,24912.9,475.71,626.528,0.15,0.009082,4.8,251.783,3291.81,0.348894,50644,-0.10179,-0.017595,-0.013529,3596.46,0.05,0.201579,0.763435
