tmp.site,tmp.area,Lb,X1,Wb,POR,ALPHA,BETA,Ks,Kb,Kz,Qthresh,Rs,Rb1,Rb2,Prec,Frac4Rise,Error,BFF
07264500,1.48665e+09,48007.4,100,5303.95,0.15,0.019826,1,1916.3,19383.6,1.01037,1.48507e+06,-0.073898,-0.042569,-0.170612,24.4657,0.05,2013.5,0.649974
