tmp.site,tmp.area,Lb,X1,Wb,POR,ALPHA,BETA,Ks,Kb,Kz,Qthresh,Rs,Rb1,Rb2,Prec,Frac4Rise,Error,BFF
03313700,2.84899e+08,7890.38,100,834.335,0.15,0.014883,1,2237.22,14098.1,0.892685,7519.29,-0.256087,-0.091108,-0.080471,318.054,0.05,0.583481,0.354571
