tmp.site,tmp.area,Lb,X1,Wb,POR,ALPHA,BETA,Ks,Kb,Kz,Qthresh,Rs,Rb1,Rb2,Prec,Frac4Rise,Error,BFF
05455500,1.48665e+09,7539.8,100,1249.05,0.15,0.011142,1,4205.7,8422.62,0.949609,12477.5,-0.202733,-0.084947,-0.059267,685.04,0.05,0.511691,0.281296
