tmp.site,tmp.area,Lb,X1,Wb,POR,ALPHA,BETA,Ks,Kb,Kz,Qthresh,Rs,Rb1,Rb2,Prec,Frac4Rise,Error,BFF
03363000,2.74539e+09,8315.77,100,2268.96,0.15,0.006984,1,3970.15,5790.52,0.999928,251997,-0.158845,-0.075311,-0.025082,24465.7,0.05,0.362523,0.364239
