tmp.site,tmp.area,Lb,X1,Wb,POR,ALPHA,BETA,Ks,Kb,Kz,Qthresh,Rs,Rb1,Rb2,Prec,Frac4Rise,Error,BFF
14301340,2.17041e+09,28279.4,31.1989,2712.07,0.15,0.010964,0.9,4604,20979.1,2.55506,734363,-0.167092,-0.060895,-0.157285,9822.98,0.05,1.02729,0.594037
