tmp.site,tmp.area,Lb,X1,Wb,POR,ALPHA,BETA,Ks,Kb,Kz,Qthresh,Rs,Rb1,Rb2,Prec,Frac4Rise,Error,BFF
02414500,4.33823e+09,36776.8,29.8191,2448.57,0.15,0.012815,0.9,8004.44,8284.43,1.72592,4.59955e+06,-0.157672,-0.061039,-0.097371,32637.3,0.05,0.668043,0.445272
