tmp.site,tmp.area,Lb,X1,Wb,POR,ALPHA,BETA,Ks,Kb,Kz,Qthresh,Rs,Rb1,Rb2,Prec,Frac4Rise,Error,BFF
04111379,4.22168e+08,15685.6,100,453.705,0.15,0.010834,1,248.97,11366.7,0.933385,67608.6,-0.086798,-0.059811,-0.032132,2691.23,0.05,0.305133,0.455177
