tmp.site,tmp.area,Lb,X1,Wb,POR,ALPHA,BETA,Ks,Kb,Kz,Qthresh,Rs,Rb1,Rb2,Prec,Frac4Rise,Error,BFF
09201500,2.97849e+08,8926.15,25.9462,1166.07,0.15,0.008137,1.3,234.393,1835.2,1.31616,24955,-0.060907,-0.046045,-0.029346,1227.67,0.05,0.672707,0.553861
