tmp.site,tmp.area,Lb,X1,Wb,POR,ALPHA,BETA,Ks,Kb,Kz,Qthresh,Rs,Rb1,Rb2,Prec,Frac4Rise,Error,BFF
09079450,8.93546e+07,10696.1,12.0701,344.225,0.15,0.021041,1.5,82.8362,472.217,0.635918,16392,-0.103613,-0.029429,-0.020676,1507.11,0.05,0.314698,0.622166
