tmp.site,tmp.area,Lb,X1,Wb,POR,ALPHA,BETA,Ks,Kb,Kz,Qthresh,Rs,Rb1,Rb2,Prec,Frac4Rise,Error,BFF
01446775,8.05486e+07,19765.3,100,655.336,0.15,0.011549,1,407.919,3978.35,0.786113,256890,-0.178337,-0.042938,-0.027117,15413.4,0.05,0.238566,0.640732
