tmp.site,tmp.area,Lb,X1,Wb,POR,ALPHA,BETA,Ks,Kb,Kz,Qthresh,Rs,Rb1,Rb2,Prec,Frac4Rise,Error,BFF
12438905,1.21988e+08,64565.3,100,10.3821,0.15,0.014551,1,222.687,5917.49,0.582552,880.766,-0.088266,-0.056562,-0.044415,24.4657,0.05,0.824825,0.085771
