tmp.site,tmp.area,Lb,X1,Wb,POR,ALPHA,BETA,Ks,Kb,Kz,Qthresh,Rs,Rb1,Rb2,Prec,Frac4Rise,Error,BFF
03289200,7.76996e+07,9079.78,1255.45,529.953,0.15,0.010243,9.9,763.235,3774.08,0.754628,68822.1,-0.329884,-0.082393,-0.053444,5798.37,0.05,0.294023,0.465357
