tmp.site,tmp.area,Lb,X1,Wb,POR,ALPHA,BETA,Ks,Kb,Kz,Qthresh,Rs,Rb1,Rb2,Prec,Frac4Rise,Error,BFF
05471500,4.23463e+09,55516,98.0492,1345.74,0.15,0.006572,1.2,4787.6,41409.7,1.20433,156581,-0.143841,-0.051081,-0.037768,3425.2,0.05,0.43065,0.43957
