tmp.site,tmp.area,Lb,X1,Wb,POR,ALPHA,BETA,Ks,Kb,Kz,Qthresh,Rs,Rb1,Rb2,Prec,Frac4Rise,Error,BFF
07332655,1.02564e+09,5125.45,100,1417.13,0.15,0.011632,1,3001.26,13860.7,0.929271,11009.6,-0.180888,-0.08012,-0.141971,583.263,0.05,0.997345,0.310287
