tmp.site,tmp.area,Lb,X1,Wb,POR,ALPHA,BETA,Ks,Kb,Kz,Qthresh,Rs,Rb1,Rb2,Prec,Frac4Rise,Error,BFF
0422016550,5.23178e+08,58088.6,21.9954,621.146,0.15,0.009818,0.8,605.547,1778.19,0.946132,497731,-0.067023,-0.034378,-0.057199,11734.7,0.05,0.503916,0.550559
