tmp.site,tmp.area,Lb,X1,Wb,POR,ALPHA,BETA,Ks,Kb,Kz,Qthresh,Rs,Rb1,Rb2,Prec,Frac4Rise,Error,BFF
06762500,3.14425e+09,1.80787e+06,0.42267,16.546,0.15,0.019407,0.9,882.361,12.6256,0.590117,17126,-0.143841,-0.021087,-0.03478,24.4657,0.05,54.5873,0.456952
