tmp.site,tmp.area,Lb,X1,Wb,POR,ALPHA,BETA,Ks,Kb,Kz,Qthresh,Rs,Rb1,Rb2,Prec,Frac4Rise,Error,BFF
02163001,1.07226e+09,21692.1,100,1227,0.15,0.012572,1,1660.59,10214,0.988666,1.23063e+06,-0.134172,-0.04411,-0.04614,22538.6,0.05,0.252791,0.587727
