tmp.site,tmp.area,Lb,X1,Wb,POR,ALPHA,BETA,Ks,Kb,Kz,Qthresh,Rs,Rb1,Rb2,Prec,Frac4Rise,Error,BFF
03164000,2.95518e+09,17678.9,100,2603.93,0.15,0.008941,1,4659.12,6214.37,0.961703,1.22329e+06,-0.184928,-0.047636,-0.031005,100554,0.05,0.253272,0.542487
