tmp.site,tmp.area,Lb,X1,Wb,POR,ALPHA,BETA,Ks,Kb,Kz,Qthresh,Rs,Rb1,Rb2,Prec,Frac4Rise,Error,BFF
08379500,2.71949e+09,22318.9,100,513.483,0.15,0.014483,1,782.257,36957.2,0.90888,122329,-0.128915,-0.055889,-0.124054,13.7008,0.05,24.7758,0.455569
