tmp.site,tmp.area,Lb,X1,Wb,POR,ALPHA,BETA,Ks,Kb,Kz,Qthresh,Rs,Rb1,Rb2,Prec,Frac4Rise,Error,BFF
04166100,2.2766e+08,17329.3,0.571068,359.026,0.15,0.014067,1.1,1183.28,81.0704,1.13188,39145.1,-0.346574,-0.072053,-0.066169,1027.56,0.05,0.387196,0.375794
