tmp.site,tmp.area,Lb,X1,Wb,POR,ALPHA,BETA,Ks,Kb,Kz,Qthresh,Rs,Rb1,Rb2,Prec,Frac4Rise,Error,BFF
02021500,8.52106e+08,41723.9,165.688,732.978,0.15,0.007194,2,2602.96,62993.1,0.993568,48931.4,-0.143841,-0.090924,-0.043824,3914.51,0.05,0.378081,0.412076
