tmp.site,tmp.area,Lb,X1,Wb,POR,ALPHA,BETA,Ks,Kb,Kz,Qthresh,Rs,Rb1,Rb2,Prec,Frac4Rise,Error,BFF
01358000,2.0953e+10,11675.1,75.2899,8176.91,0.15,0.00847,1,5291.16,6868.67,3.20229,3.00928e+07,-0.070272,-0.046118,-0.044705,641002,0.05,0.222362,0.628526
