tmp.site,tmp.area,Lb,X1,Wb,POR,ALPHA,BETA,Ks,Kb,Kz,Qthresh,Rs,Rb1,Rb2,Prec,Frac4Rise,Error,BFF
03453000,4.09218e+08,12148,100,701.937,0.15,0.012871,1,1248.57,10917.1,0.853347,85079.5,-0.260874,-0.060645,-0.044005,4501.69,0.05,0.30708,0.479538
