tmp.site,tmp.area,Lb,X1,Wb,POR,ALPHA,BETA,Ks,Kb,Kz,Qthresh,Rs,Rb1,Rb2,Prec,Frac4Rise,Error,BFF
02236125,8.62466e+09,29080.5,51.4559,6646.06,0.15,0.015741,0.9,5669.53,12630.2,1.0929,8.6364e+06,-0.097782,-0.034374,-0.103736,32118.6,0.05,1.22393,0.670956
