tmp.site,tmp.area,Lb,X1,Wb,POR,ALPHA,BETA,Ks,Kb,Kz,Qthresh,Rs,Rb1,Rb2,Prec,Frac4Rise,Error,BFF
07160300,9.37576e+07,6466.72,100,55.5046,0.15,0.01229,1,1104.71,5531.64,0.957998,5408.88,-0.249087,-0.183698,-0.099414,24.4657,0.05,0.967965,0.057577
