tmp.site,tmp.area,Lb,X1,Wb,POR,ALPHA,BETA,Ks,Kb,Kz,Qthresh,Rs,Rb1,Rb2,Prec,Frac4Rise,Error,BFF
03050000,4.86918e+08,5990.7,100,1151.65,0.15,0.013928,1,3455.95,16628,0.967571,870979,-0.247301,-0.091851,-0.092894,390.84,0.05,0.411531,0.372247
