tmp.site,tmp.area,Lb,X1,Wb,POR,ALPHA,BETA,Ks,Kb,Kz,Qthresh,Rs,Rb1,Rb2,Prec,Frac4Rise,Error,BFF
03286200,1.137e+09,41519,100,414.888,0.15,0.005575,1,234.552,443.313,0.967623,199640,-0.015215,-0.054896,-0.128488,10491.9,0.05,0.320082,0.172665
