tmp.site,tmp.area,Lb,X1,Wb,POR,ALPHA,BETA,Ks,Kb,Kz,Qthresh,Rs,Rb1,Rb2,Prec,Frac4Rise,Error,BFF
12121600,1.46593e+08,15421.4,6360.45,655.059,0.15,0.010909,10.1,510.78,3557.9,0.945095,72907.8,-0.202733,-0.048936,-0.020838,4159.17,0.05,0.267282,0.504424
