tmp.site,tmp.area,Lb,X1,Wb,POR,ALPHA,BETA,Ks,Kb,Kz,Qthresh,Rs,Rb1,Rb2,Prec,Frac4Rise,Error,BFF
02312598,2.40869e+09,49047.3,93.9579,1069.34,0.15,0.022094,0.9,579.434,13326.2,0.901814,518673,-0.04113,-0.022596,-0.043476,24.4657,0.05,22.4845,0.403982
