tmp.site,tmp.area,Lb,X1,Wb,POR,ALPHA,BETA,Ks,Kb,Kz,Qthresh,Rs,Rb1,Rb2,Prec,Frac4Rise,Error,BFF
02298530,1.7068e+07,3381.56,0.21579,398.959,0.15,0.020863,1.3,644.683,13.9402,0.993204,4183.64,-0.221888,-0.098447,-0.063055,173.707,0.05,0.395349,0.390134
