tmp.site,tmp.area,Lb,X1,Wb,POR,ALPHA,BETA,Ks,Kb,Kz,Qthresh,Rs,Rb1,Rb2,Prec,Frac4Rise,Error,BFF
11173800,1.7068e+07,495.904,1.69747,84.688,0.15,0.000528,1.1,2.05951,1.61545,0.503783,978.629,-0.202733,-0.076786,-0.05625,24.4657,0.05,0.748611,0.001295
