tmp.site,tmp.area,Lb,X1,Wb,POR,ALPHA,BETA,Ks,Kb,Kz,Qthresh,Rs,Rb1,Rb2,Prec,Frac4Rise,Error,BFF
11237000,2.10048e+08,332413,100,24.5683,0.15,0.020984,1,974.581,4575.01,0.569068,11498.9,-0.143841,-0.015085,-0.017371,244.657,0.05,0.790806,0.076653
