tmp.site,tmp.area,Lb,X1,Wb,POR,ALPHA,BETA,Ks,Kb,Kz,Qthresh,Rs,Rb1,Rb2,Prec,Frac4Rise,Error,BFF
06185500,2.32731e+11,55728.3,100,12708.7,0.15,0.008503,1,3928.43,5224.15,0.963323,2.17745e+07,-0.043205,-0.018999,-0.025515,318054,0.05,0.447488,0.68014
