tmp.site,tmp.area,Lb,X1,Wb,POR,ALPHA,BETA,Ks,Kb,Kz,Qthresh,Rs,Rb1,Rb2,Prec,Frac4Rise,Error,BFF
05344500,1.16031e+11,15552.9,85.8534,32183.1,0.15,0.002419,1.1,234.32,5201.74,0.914935,9.4193e+06,-0.043699,-0.023987,-0.021621,814708,0.05,0.267298,0.732627
