tmp.site,tmp.area,Lb,X1,Wb,POR,ALPHA,BETA,Ks,Kb,Kz,Qthresh,Rs,Rb1,Rb2,Prec,Frac4Rise,Error,BFF
02423400,6.31957e+07,11608.8,100,309.058,0.15,0.013613,1,525.409,11368.6,0.87471,15829.3,-0.357141,-0.081607,-0.044572,1242.22,0.05,0.295733,0.416785
