tmp.site,tmp.area,Lb,X1,Wb,POR,ALPHA,BETA,Ks,Kb,Kz,Qthresh,Rs,Rb1,Rb2,Prec,Frac4Rise,Error,BFF
07010035,3.62598e+06,4851.59,100,41.2615,0.15,0.014385,1,132.04,7250.47,0.461885,2447.31,-0.431223,-0.116306,-0.113565,24.4657,0.05,0.570171,0.156655
