tmp.site,tmp.area,Lb,X1,Wb,POR,ALPHA,BETA,Ks,Kb,Kz,Qthresh,Rs,Rb1,Rb2,Prec,Frac4Rise,Error,BFF
07297910,9.72282e+09,12166,100,104.851,0.15,0.013997,1,5881.35,14884.5,0.968622,65323.5,-0.211838,-0.081669,-0.204658,24.4657,0.05,7.95954,0.073658
