tmp.site,tmp.area,Lb,X1,Wb,POR,ALPHA,BETA,Ks,Kb,Kz,Qthresh,Rs,Rb1,Rb2,Prec,Frac4Rise,Error,BFF
13302500,9.67879e+09,37488.2,13030.6,2823.6,0.15,0.003627,10.1,882.352,1091.45,0.562935,3.40073e+06,-0.058892,-0.020413,-0.014533,140923,0.05,0.378021,0.44692
