tmp.site,tmp.area,Lb,X1,Wb,POR,ALPHA,BETA,Ks,Kb,Kz,Qthresh,Rs,Rb1,Rb2,Prec,Frac4Rise,Error,BFF
05464780,1.83242e+10,27713.3,58.46,4242.74,0.15,0.007809,6.4,3391.03,117.085,1.14443,2.78909e+06,-0.063601,-0.036313,-0.01973,172527,0.05,0.257583,0.608686
