tmp.site,tmp.area,Lb,X1,Wb,POR,ALPHA,BETA,Ks,Kb,Kz,Qthresh,Rs,Rb1,Rb2,Prec,Frac4Rise,Error,BFF
07325840,4.94688e+07,225640,100,20.3593,0.15,0.067109,1,307.141,4250.22,0.63601,9615.03,-0.180126,-0.041125,-0.075781,24.4657,0.05,3.01524,0.277292
