tmp.site,tmp.area,Lb,X1,Wb,POR,ALPHA,BETA,Ks,Kb,Kz,Qthresh,Rs,Rb1,Rb2,Prec,Frac4Rise,Error,BFF
03230500,1.38305e+09,8667.16,0.098969,1305,0.15,0.010508,1.6,4775.88,4.79776,1.10005,98841.5,-0.202733,-0.093203,-0.048644,2104.05,0.05,0.390485,0.340478
