tmp.site,tmp.area,Lb,X1,Wb,POR,ALPHA,BETA,Ks,Kb,Kz,Qthresh,Rs,Rb1,Rb2,Prec,Frac4Rise,Error,BFF
02337170,5.33538e+09,9273.48,94.9865,5048.69,0.15,0.00441,1,844.245,1540.96,1.13824,2.61783e+06,-0.046698,-0.05765,-0.054135,266676,0.05,0.180819,0.544786
