tmp.site,tmp.area,Lb,X1,Wb,POR,ALPHA,BETA,Ks,Kb,Kz,Qthresh,Rs,Rb1,Rb2,Prec,Frac4Rise,Error,BFF
01336000,3.93678e+08,11701.2,39.5908,1828.6,0.15,0.007857,0.9,136.887,156.506,0.225106,587177,-0.014083,-0.043369,-0.043002,28380.2,0.05,0.208357,0.491457
