tmp.site,tmp.area,Lb,X1,Wb,POR,ALPHA,BETA,Ks,Kb,Kz,Qthresh,Rs,Rb1,Rb2,Prec,Frac4Rise,Error,BFF
08408500,1.7845e+09,464190,2.96868,14.4135,0.15,0.019002,0.9,1226.45,21.3989,1.54413,16392,-0.166821,-0.038104,-0.115055,24.4657,0.05,29.9095,0.110051
