tmp.site,tmp.area,Lb,X1,Wb,POR,ALPHA,BETA,Ks,Kb,Kz,Qthresh,Rs,Rb1,Rb2,Prec,Frac4Rise,Error,BFF
05517000,1.12664e+09,3897.24,100,2544.28,0.15,0.00642,1,1180.26,1143.55,0.914265,225085,-0.111572,-0.051774,-0.025065,20551.2,0.05,0.308223,0.464351
