tmp.site,tmp.area,Lb,X1,Wb,POR,ALPHA,BETA,Ks,Kb,Kz,Qthresh,Rs,Rb1,Rb2,Prec,Frac4Rise,Error,BFF
02145000,1.62651e+09,13225.4,100,1938.44,0.15,0.008546,1,4350.79,5623.89,0.884033,1.54379e+06,-0.220311,-0.058515,-0.04404,26912.3,0.05,0.264821,0.511038
