tmp.site,tmp.area,Lb,X1,Wb,POR,ALPHA,BETA,Ks,Kb,Kz,Qthresh,Rs,Rb1,Rb2,Prec,Frac4Rise,Error,BFF
06401500,2.35611e+10,7552.07,100,453.256,0.15,0.009203,1,10273.7,2058.79,1.01124,1198.82,-0.077663,-0.107365,-0.03846,92.9697,0.05,3.80909,0.064664
