tmp.site,tmp.area,Lb,X1,Wb,POR,ALPHA,BETA,Ks,Kb,Kz,Qthresh,Rs,Rb1,Rb2,Prec,Frac4Rise,Error,BFF
06191000,5.15408e+08,89244.2,29595.6,415.783,0.15,0.013673,10,61.6685,446.1,0.667435,296035,-0.058892,-0.017994,-0.009476,18104.6,0.05,0.158871,0.495595
