tmp.site,tmp.area,Lb,X1,Wb,POR,ALPHA,BETA,Ks,Kb,Kz,Qthresh,Rs,Rb1,Rb2,Prec,Frac4Rise,Error,BFF
01443500,3.26339e+08,11404.1,0.184197,873.333,0.15,0.015083,1.3,1082.7,12.0956,1.09147,46484.9,-0.151939,-0.049268,-0.038766,4403.83,0.05,0.288159,0.544924
