tmp.site,tmp.area,Lb,X1,Wb,POR,ALPHA,BETA,Ks,Kb,Kz,Qthresh,Rs,Rb1,Rb2,Prec,Frac4Rise,Error,BFF
14316455,1.1269e+09,10613.8,30.6991,5288,0.15,0.007452,0.9,295.535,45.5452,0.095567,802475,-0.03958,-0.044926,-0.045531,18251.4,0.05,0.305212,0.54474
