tmp.site,tmp.area,Lb,X1,Wb,POR,ALPHA,BETA,Ks,Kb,Kz,Qthresh,Rs,Rb1,Rb2,Prec,Frac4Rise,Error,BFF
05054500,1.09815e+09,148901,65.9218,82.5254,0.15,0.098752,0.9,2568.77,45489.5,1.01618,29358.9,-0.132852,-0.045141,-0.07461,24.4657,0.05,1.94695,0.184795
