tmp.site,tmp.area,Lb,X1,Wb,POR,ALPHA,BETA,Ks,Kb,Kz,Qthresh,Rs,Rb1,Rb2,Prec,Frac4Rise,Error,BFF
03295890,6.70807e+08,6780.19,100,1591.3,0.15,0.013821,1,5458.35,22152,0.970353,973735,-0.225246,-0.108401,-0.12223,24.4657,0.05,0.644554,0.365369
