tmp.site,tmp.area,Lb,X1,Wb,POR,ALPHA,BETA,Ks,Kb,Kz,Qthresh,Rs,Rb1,Rb2,Prec,Frac4Rise,Error,BFF
04121944,8.93546e+08,32594.1,100,837.212,0.15,0.010611,1,365.089,13013.8,0.944417,479528,-0.094474,-0.033795,-0.018349,31805.4,0.05,0.263523,0.654189
