tmp.site,tmp.area,Lb,X1,Wb,POR,ALPHA,BETA,Ks,Kb,Kz,Qthresh,Rs,Rb1,Rb2,Prec,Frac4Rise,Error,BFF
10260500,3.47058e+08,22603.4,100,268.519,0.15,0.016308,1,269.681,19851,0.940602,24465.7,-0.143841,-0.046206,-0.042005,53.8246,0.05,0.539419,0.233087
