tmp.site,tmp.area,Lb,X1,Wb,POR,ALPHA,BETA,Ks,Kb,Kz,Qthresh,Rs,Rb1,Rb2,Prec,Frac4Rise,Error,BFF
02176500,5.25768e+08,12712,100,1256.48,0.15,0.02234,1,2174.39,28570.3,1.00435,376772,-0.1567,-0.065455,-0.141721,24.4657,0.05,11.7877,0.484736
