tmp.site,tmp.area,Lb,X1,Wb,POR,ALPHA,BETA,Ks,Kb,Kz,Qthresh,Rs,Rb1,Rb2,Prec,Frac4Rise,Error,BFF
04133501,1.51773e+09,47615.9,17145.7,1338.53,0.15,0.004849,10.1,442.562,700.039,0.668246,795136,-0.063917,-0.035232,-0.024971,42081,0.05,0.280193,0.585246
