tmp.site,tmp.area,Lb,X1,Wb,POR,ALPHA,BETA,Ks,Kb,Kz,Qthresh,Rs,Rb1,Rb2,Prec,Frac4Rise,Error,BFF
05288705,7.30377e+07,74436,100,97.9599,0.15,0.020648,1,189.892,89927.4,0.949727,415.917,-0.111572,-0.058422,-0.100118,56.2711,0.05,0.740848,0.405961
