tmp.site,tmp.area,Lb,X1,Wb,POR,ALPHA,BETA,Ks,Kb,Kz,Qthresh,Rs,Rb1,Rb2,Prec,Frac4Rise,Error,BFF
03337570,1.94508e+08,9645.65,3701.48,631.341,0.15,0.007897,10.1,1051.58,4906.45,0.813673,45261.6,-0.313123,-0.092217,-0.044874,3571.99,0.05,0.332591,0.369548
