tmp.site,tmp.area,Lb,X1,Wb,POR,ALPHA,BETA,Ks,Kb,Kz,Qthresh,Rs,Rb1,Rb2,Prec,Frac4Rise,Error,BFF
03197790,1.13182e+08,7075.73,100,357.386,0.15,0.029853,1,2334.54,24346.6,0.892991,113110,-0.376456,-0.096923,-0.149715,24.4657,0.05,0.598941,0.282523
