tmp.site,tmp.area,Lb,X1,Wb,POR,ALPHA,BETA,Ks,Kb,Kz,Qthresh,Rs,Rb1,Rb2,Prec,Frac4Rise,Error,BFF
01475001,1.61615e+07,10829.7,594.024,291.617,0.15,0.004044,10.1,152.405,700.604,0.147984,9786.04,-0.314586,-0.030358,-0.024571,1044.69,0.05,0.215423,0.628216
