tmp.site,tmp.area,Lb,X1,Wb,POR,ALPHA,BETA,Ks,Kb,Kz,Qthresh,Rs,Rb1,Rb2,Prec,Frac4Rise,Error,BFF
03431800,2.51747e+08,20263.6,241.939,498.099,0.15,0.010559,2.8,1664.79,22410,0.969568,41591.7,-0.294739,-0.102521,-0.050334,2498.44,0.05,0.389014,0.343399
