tmp.site,tmp.area,Lb,X1,Wb,POR,ALPHA,BETA,Ks,Kb,Kz,Qthresh,Rs,Rb1,Rb2,Prec,Frac4Rise,Error,BFF
02167450,5.80157e+08,58382.5,101.147,372.679,0.15,0.006137,1,1945.25,39291.9,1.31711,173217,-0.354764,-0.06598,-0.07647,667.767,0.05,0.455688,0.332119
