tmp.site,tmp.area,Lb,X1,Wb,POR,ALPHA,BETA,Ks,Kb,Kz,Qthresh,Rs,Rb1,Rb2,Prec,Frac4Rise,Error,BFF
04181500,1.60838e+09,4384.48,0.353988,3234.76,0.15,0.008912,1.2,3468.4,73.6942,1.79272,66057.4,-0.140051,-0.122483,-0.083022,3180.54,0.05,0.470973,0.652015
