tmp.site,tmp.area,Lb,X1,Wb,POR,ALPHA,BETA,Ks,Kb,Kz,Qthresh,Rs,Rb1,Rb2,Prec,Frac4Rise,Error,BFF
02423647,1.53586e+09,5456.75,0.391374,3870.13,0.15,0.010023,1.9,16897.2,11.9268,2.1087,190833,-0.300952,-0.102657,-0.052707,14190.1,0.05,0.360234,0.420693
