tmp.site,tmp.area,Lb,X1,Wb,POR,ALPHA,BETA,Ks,Kb,Kz,Qthresh,Rs,Rb1,Rb2,Prec,Frac4Rise,Error,BFF
05286000,3.52238e+09,25157,5442.38,1926.89,0.15,0.009796,3.3,1425.97,3589.35,0.711656,538246,-0.055702,-0.036645,-0.017813,14924.1,0.05,0.380792,0.432557
