tmp.site,tmp.area,Lb,X1,Wb,POR,ALPHA,BETA,Ks,Kb,Kz,Qthresh,Rs,Rb1,Rb2,Prec,Frac4Rise,Error,BFF
06893500,4.86918e+08,6168.79,100,710.962,0.15,0.009272,1,2970.72,11427.8,0.921909,58717.7,-0.346574,-0.098948,-0.089927,244.657,0.05,0.592519,0.217868
