tmp.site,tmp.area,Lb,X1,Wb,POR,ALPHA,BETA,Ks,Kb,Kz,Qthresh,Rs,Rb1,Rb2,Prec,Frac4Rise,Error,BFF
08158840,2.13415e+07,24667,100,53.0889,0.15,0.045291,1,278.515,28192.8,0.712826,7339.71,-0.255413,-0.068965,-0.090412,24.4657,0.05,1.3144,0.160478
