tmp.site,tmp.area,Lb,X1,Wb,POR,ALPHA,BETA,Ks,Kb,Kz,Qthresh,Rs,Rb1,Rb2,Prec,Frac4Rise,Error,BFF
08201500,1.16549e+08,154294,100,97.2228,0.15,0.092858,1,958.038,41140.3,0.800535,13260.4,-0.199517,-0.033989,-0.056206,24.4657,0.05,2.29524,0.189708
