tmp.site,tmp.area,Lb,X1,Wb,POR,ALPHA,BETA,Ks,Kb,Kz,Qthresh,Rs,Rb1,Rb2,Prec,Frac4Rise,Error,BFF
01526500,3.56641e+09,57484.8,119.151,1579.89,0.15,0.009882,1.9,6373.36,65957.4,0.744137,139455,-0.202733,-0.087124,-0.043942,12477.5,0.05,0.391131,0.481572
