tmp.site,tmp.area,Lb,X1,Wb,POR,ALPHA,BETA,Ks,Kb,Kz,Qthresh,Rs,Rb1,Rb2,Prec,Frac4Rise,Error,BFF
01162500,5.02458e+07,22075.5,100,251.745,0.15,0.021701,1,346.338,41435.3,0.922099,56760.5,-0.143841,-0.061603,-0.072107,146.794,0.05,0.415198,0.508905
