tmp.site,tmp.area,Lb,X1,Wb,POR,ALPHA,BETA,Ks,Kb,Kz,Qthresh,Rs,Rb1,Rb2,Prec,Frac4Rise,Error,BFF
05536290,5.38718e+08,27633.6,99.7262,523.459,0.15,0.008628,2.6,2174.99,14364.7,1.40641,75843.7,-0.226697,-0.100912,-0.06172,5137.8,0.05,0.355555,0.398646
