tmp.site,tmp.area,Lb,X1,Wb,POR,ALPHA,BETA,Ks,Kb,Kz,Qthresh,Rs,Rb1,Rb2,Prec,Frac4Rise,Error,BFF
03284230,1.06215e+10,16491.1,0.067699,4019.88,0.15,0.019838,1,9766.35,16.7422,3.11615,2.88695e+06,-0.126714,-0.074268,-0.085576,30582.1,0.05,0.411828,0.410592
