tmp.site,tmp.area,Lb,X1,Wb,POR,ALPHA,BETA,Ks,Kb,Kz,Qthresh,Rs,Rb1,Rb2,Prec,Frac4Rise,Error,BFF
06414000,1.06967e+09,36604.1,80.0958,532.003,0.15,0.007506,1,102.837,9420.36,0.935204,171505,-0.07155,-0.027586,-0.027606,3425.2,0.05,0.268923,0.679533
