tmp.site,tmp.area,Lb,X1,Wb,POR,ALPHA,BETA,Ks,Kb,Kz,Qthresh,Rs,Rb1,Rb2,Prec,Frac4Rise,Error,BFF
11250110,4.2424e+09,86659.9,19.3844,3071.53,0.15,0.015306,1,64.7131,4306.49,0.947129,1.23699e+06,-0.002834,-0.030934,-0.033346,24221.1,0.05,1.37716,0.729112
