tmp.site,tmp.area,Lb,X1,Wb,POR,ALPHA,BETA,Ks,Kb,Kz,Qthresh,Rs,Rb1,Rb2,Prec,Frac4Rise,Error,BFF
03490000,1.73788e+09,42593.8,175.255,1058.53,0.15,0.006231,2,5593.38,15440.5,0.895106,181046,-0.164595,-0.077351,-0.044652,17126,0.05,0.3277,0.374699
