tmp.site,tmp.area,Lb,X1,Wb,POR,ALPHA,BETA,Ks,Kb,Kz,Qthresh,Rs,Rb1,Rb2,Prec,Frac4Rise,Error,BFF
04157060,1.60838e+10,12974.1,100,4306.86,0.15,0.009115,1,11254.8,10644.4,1.24461,1.12787e+07,-0.18404,-0.047483,-0.106421,96076.9,0.05,0.927831,0.23849
