tmp.site,tmp.area,Lb,X1,Wb,POR,ALPHA,BETA,Ks,Kb,Kz,Qthresh,Rs,Rb1,Rb2,Prec,Frac4Rise,Error,BFF
11401112,1.58507e+09,134985,13.2951,948.041,0.15,0.010837,0.9,88.9039,1708.57,0.966363,359646,-0.013699,-0.029355,-0.032954,12722.2,0.05,1.21248,0.528597
