tmp.site,tmp.area,Lb,X1,Wb,POR,ALPHA,BETA,Ks,Kb,Kz,Qthresh,Rs,Rb1,Rb2,Prec,Frac4Rise,Error,BFF
01475548,5.15408e+07,3433.31,161.558,425.921,0.15,0.022836,1,1064.32,1912.64,1.02035,22141.5,-0.629471,-0.089688,-0.08347,1208.85,0.05,0.31926,0.291462
