tmp.site,tmp.area,Lb,X1,Wb,POR,ALPHA,BETA,Ks,Kb,Kz,Qthresh,Rs,Rb1,Rb2,Prec,Frac4Rise,Error,BFF
02130000,1.89587e+10,11325.2,98.6399,6721.15,0.15,0.012091,1,13305.3,10544.8,2.48202,5.50479e+06,-0.136239,-0.066924,-0.061497,371879,0.05,0.315551,0.500373
