tmp.site,tmp.area,Lb,X1,Wb,POR,ALPHA,BETA,Ks,Kb,Kz,Qthresh,Rs,Rb1,Rb2,Prec,Frac4Rise,Error,BFF
12450700,2.22998e+11,31765.3,15.2765,70846.3,0.15,0.011243,0.8,8496.53,12304.3,3.04206,2.61783e+08,-0.0546,-0.021748,-0.035558,1.01288e+07,0.05,0.199643,0.950048
