tmp.site,tmp.area,Lb,X1,Wb,POR,ALPHA,BETA,Ks,Kb,Kz,Qthresh,Rs,Rb1,Rb2,Prec,Frac4Rise,Error,BFF
03592718,6.39727e+07,9876.39,100,252.239,0.15,0.014401,1,644.136,9827.98,0.930522,9688.42,-0.381371,-0.093392,-0.056094,685.04,0.05,0.372829,0.305742
