tmp.site,tmp.area,Lb,X1,Wb,POR,ALPHA,BETA,Ks,Kb,Kz,Qthresh,Rs,Rb1,Rb2,Prec,Frac4Rise,Error,BFF
06896900,4.45478e+09,6400.47,100,1754.83,0.15,0.006516,1,8415.39,7870.59,1.1802,50154.7,-0.191226,-0.133349,-0.055228,5213.64,0.05,0.476216,0.156399
