tmp.site,tmp.area,Lb,X1,Wb,POR,ALPHA,BETA,Ks,Kb,Kz,Qthresh,Rs,Rb1,Rb2,Prec,Frac4Rise,Error,BFF
01010000,3.4654e+09,5457.8,52.9922,3206.13,0.15,0.007711,1,5463.6,1084.34,1.78932,261783,-0.117191,-0.066695,-0.060381,28135.6,0.05,0.522491,0.252918
