tmp.site,tmp.area,Lb,X1,Wb,POR,ALPHA,BETA,Ks,Kb,Kz,Qthresh,Rs,Rb1,Rb2,Prec,Frac4Rise,Error,BFF
12119000,4.76558e+08,61370.9,20.8541,705.784,0.15,0.008254,1,379.802,6434.73,0.815547,1.15723e+06,-0.064169,-0.036468,-0.03774,17370.7,0.05,0.343668,0.584812
