tmp.site,tmp.area,Lb,X1,Wb,POR,ALPHA,BETA,Ks,Kb,Kz,Qthresh,Rs,Rb1,Rb2,Prec,Frac4Rise,Error,BFF
09314250,2.47344e+09,35083.4,39.6085,332.055,0.15,0.005561,0.9,1876.1,2264.75,0.939582,119882,-0.111572,-0.044462,-0.059414,908.73,0.05,0.769131,0.207901
