tmp.site,tmp.area,Lb,X1,Wb,POR,ALPHA,BETA,Ks,Kb,Kz,Qthresh,Rs,Rb1,Rb2,Prec,Frac4Rise,Error,BFF
11126400,1.1111e+09,112990,100,17.5575,0.15,0.009629,1,796.599,1468.47,0.878108,42144.6,-0.052603,-0.014532,-0.019906,1437.92,0.05,0.480168,0.589568
