tmp.site,tmp.area,Lb,X1,Wb,POR,ALPHA,BETA,Ks,Kb,Kz,Qthresh,Rs,Rb1,Rb2,Prec,Frac4Rise,Error,BFF
06862850,1.50478e+10,73929.2,130.612,139.28,0.15,0.026147,0.9,4919.16,15255.2,1.07892,35230.6,-0.143841,-0.070929,-0.127416,24.4657,0.05,29.4604,0.170593
