tmp.site,tmp.area,Lb,X1,Wb,POR,ALPHA,BETA,Ks,Kb,Kz,Qthresh,Rs,Rb1,Rb2,Prec,Frac4Rise,Error,BFF
01185500,2.37502e+08,8954.44,100,681.134,0.15,0.019833,1,954.165,14190.1,0.936755,423257,-0.087745,-0.060662,-0.067981,1755.17,0.05,0.39763,0.46305
