tmp.site,tmp.area,Lb,X1,Wb,POR,ALPHA,BETA,Ks,Kb,Kz,Qthresh,Rs,Rb1,Rb2,Prec,Frac4Rise,Error,BFF
02305851,6.70807e+06,10726.5,179.388,73.9546,0.15,0.079272,0.9,331.806,22511.4,0.451545,4110.24,-0.332065,-0.075606,-0.143162,24.4657,0.05,1.78976,0.269607
