tmp.site,tmp.area,Lb,X1,Wb,POR,ALPHA,BETA,Ks,Kb,Kz,Qthresh,Rs,Rb1,Rb2,Prec,Frac4Rise,Error,BFF
03216600,1.60579e+11,4.63671e+06,4.12036,9.34105,0.15,0.01,0.6,19844.3,3.80028e+06,50.5815,3.96345e+07,-0.132965,-0.049523,-0.069565,2.12925e+06,0.05,0.977326,0.00565
