tmp.site,tmp.area,Lb,X1,Wb,POR,ALPHA,BETA,Ks,Kb,Kz,Qthresh,Rs,Rb1,Rb2,Prec,Frac4Rise,Error,BFF
02312000,1.47629e+09,51763.2,218.154,1496.13,0.15,0.032371,1,341.206,80199.7,1.00654,15254.9,-0.058892,-0.032687,-0.034924,1032.45,0.05,0.450351,0.651529
