tmp.site,tmp.area,Lb,X1,Wb,POR,ALPHA,BETA,Ks,Kb,Kz,Qthresh,Rs,Rb1,Rb2,Prec,Frac4Rise,Error,BFF
03321500,2.37787e+10,15816.9,100,5721.21,0.15,0.012239,1,7623.92,24702.6,2.28742,2.27776e+06,-0.05784,-0.047012,-0.075887,190226,0.05,0.431148,0.479853
