tmp.site,tmp.area,Lb,X1,Wb,POR,ALPHA,BETA,Ks,Kb,Kz,Qthresh,Rs,Rb1,Rb2,Prec,Frac4Rise,Error,BFF
04168660,4.99868e+07,9317.96,100,148.486,0.15,0.021294,1,1145.22,18884.2,0.963555,7364.18,-0.321107,-0.108242,-0.144235,107.649,0.05,0.566871,0.243123
