tmp.site,tmp.area,Lb,X1,Wb,POR,ALPHA,BETA,Ks,Kb,Kz,Qthresh,Rs,Rb1,Rb2,Prec,Frac4Rise,Error,BFF
04274185,3.15979e+06,2243.25,100,180.195,0.15,0.010996,1,98.1134,1851.07,0.300673,4012.38,-0.189603,-0.050304,-0.020275,88.0766,0.05,0.365852,0.456241
