tmp.site,tmp.area,Lb,X1,Wb,POR,ALPHA,BETA,Ks,Kb,Kz,Qthresh,Rs,Rb1,Rb2,Prec,Frac4Rise,Error,BFF
01399190,1.90882e+07,8285.64,100,228.026,0.15,0.016614,1,235.565,5291.3,0.330535,5137.8,-0.202733,-0.036383,-0.036148,440.383,0.05,0.295548,0.554243
