tmp.site,tmp.area,Lb,X1,Wb,POR,ALPHA,BETA,Ks,Kb,Kz,Qthresh,Rs,Rb1,Rb2,Prec,Frac4Rise,Error,BFF
06054500,3.792e+10,18560.3,100,16742.8,0.15,0.006997,1,277.646,14802.7,0.934928,1.20616e+07,-0.037054,-0.028039,-0.029529,305821,0.05,0.263125,0.856941
