tmp.site,tmp.area,Lb,X1,Wb,POR,ALPHA,BETA,Ks,Kb,Kz,Qthresh,Rs,Rb1,Rb2,Prec,Frac4Rise,Error,BFF
01141500,3.36698e+08,101506,82.2377,590.445,0.15,0.020642,1.1,1061.82,98982.4,1.23334,217745,-0.168236,-0.048555,-0.04307,2446.57,0.05,0.400308,0.509415
