tmp.site,tmp.area,Lb,X1,Wb,POR,ALPHA,BETA,Ks,Kb,Kz,Qthresh,Rs,Rb1,Rb2,Prec,Frac4Rise,Error,BFF
11060400,2.84899e+07,5039.27,106.005,145.626,0.15,0.015526,0.9,331.587,13853.9,0.406196,19083.3,-0.202733,-0.038885,-0.139705,24.4657,0.05,15.4286,0.175227
