tmp.site,tmp.area,Lb,X1,Wb,POR,ALPHA,BETA,Ks,Kb,Kz,Qthresh,Rs,Rb1,Rb2,Prec,Frac4Rise,Error,BFF
03136500,5.23178e+08,13439.6,2363.43,725.645,0.15,0.009006,10.1,1497.68,5903.42,1.01214,114500,-0.202733,-0.086279,-0.035532,4403.83,0.05,0.335283,0.365173
