tmp.site,tmp.area,Lb,X1,Wb,POR,ALPHA,BETA,Ks,Kb,Kz,Qthresh,Rs,Rb1,Rb2,Prec,Frac4Rise,Error,BFF
01644390,1.16031e+07,12061.9,100,82.026,0.15,0.024387,1,160.554,10302.8,0.591232,1247.75,-0.468222,-0.081625,-0.059425,73.3971,0.05,0.407969,0.299975
