tmp.site,tmp.area,Lb,X1,Wb,POR,ALPHA,BETA,Ks,Kb,Kz,Qthresh,Rs,Rb1,Rb2,Prec,Frac4Rise,Error,BFF
11042800,1.43485e+08,11470.7,100,10.0501,0.15,0.001658,1,4823.14,401.325,0.949099,9639.49,-0.422724,-0.187116,-0.257971,24.4657,0.05,0.284412,0.000194
