tmp.site,tmp.area,Lb,X1,Wb,POR,ALPHA,BETA,Ks,Kb,Kz,Qthresh,Rs,Rb1,Rb2,Prec,Frac4Rise,Error,BFF
13152500,7.74406e+09,15711.8,100,2194.13,0.15,0.043223,1,1388.03,44070,0.908707,618983,-0.099374,-0.063933,-0.156622,24.4657,0.05,29.7963,0.549424
