tmp.site,tmp.area,Lb,X1,Wb,POR,ALPHA,BETA,Ks,Kb,Kz,Qthresh,Rs,Rb1,Rb2,Prec,Frac4Rise,Error,BFF
02473000,4.5273e+09,7827.82,100,3220.56,0.15,0.007551,1,4480.25,2541.35,2.04366,1.02267e+06,-0.108721,-0.093233,-0.033705,92235.7,0.05,0.304502,0.328915
