tmp.site,tmp.area,Lb,X1,Wb,POR,ALPHA,BETA,Ks,Kb,Kz,Qthresh,Rs,Rb1,Rb2,Prec,Frac4Rise,Error,BFF
03141500,3.05619e+08,9009.9,100,577.558,0.15,0.008763,1,63.0868,11285,0.889285,11338.4,-0.011956,-0.064931,-0.211548,269.123,0.05,6.79343,0.29391
