tmp.site,tmp.area,Lb,X1,Wb,POR,ALPHA,BETA,Ks,Kb,Kz,Qthresh,Rs,Rb1,Rb2,Prec,Frac4Rise,Error,BFF
03052000,3.85908e+08,3566.45,100,1811.43,0.15,0.01443,1,4595.95,11365.6,0.984623,868533,-0.187079,-0.083017,-0.09396,440.383,0.05,0.427719,0.448087
