tmp.site,tmp.area,Lb,X1,Wb,POR,ALPHA,BETA,Ks,Kb,Kz,Qthresh,Rs,Rb1,Rb2,Prec,Frac4Rise,Error,BFF
06882000,1.15177e+10,9508.68,235.48,1336.52,0.15,0.008189,1.1,1483.01,8393.85,0.780996,704613,-0.129075,-0.090956,-0.070559,9786.29,0.05,0.502364,0.25486
