tmp.site,tmp.area,Lb,X1,Wb,POR,ALPHA,BETA,Ks,Kb,Kz,Qthresh,Rs,Rb1,Rb2,Prec,Frac4Rise,Error,BFF
02121500,4.50658e+08,18415.7,99.8611,580.406,0.15,0.007219,1.2,3665.73,27112.7,1.00067,36698.6,-0.342365,-0.102205,-0.074522,1787.15,0.05,0.415246,0.287932
