tmp.site,tmp.area,Lb,X1,Wb,POR,ALPHA,BETA,Ks,Kb,Kz,Qthresh,Rs,Rb1,Rb2,Prec,Frac4Rise,Error,BFF
08040600,1.96166e+10,50077,18.8576,3278.06,0.15,0.008191,0.9,5293.22,5190.28,0.938917,8.14708e+06,-0.018538,-0.039618,-0.073726,18327.3,0.05,0.754643,0.466835
