tmp.site,tmp.area,Lb,X1,Wb,POR,ALPHA,BETA,Ks,Kb,Kz,Qthresh,Rs,Rb1,Rb2,Prec,Frac4Rise,Error,BFF
14159100,3.87462e+08,44794.1,100,885.156,0.15,0.010846,1,439.234,5482.46,0.931695,599410,-0.076391,-0.029891,-0.005867,58228.4,0.05,0.242042,0.593307
