tmp.site,tmp.area,Lb,X1,Wb,POR,ALPHA,BETA,Ks,Kb,Kz,Qthresh,Rs,Rb1,Rb2,Prec,Frac4Rise,Error,BFF
103087889,2.95259e+06,574.242,28.2958,36.717,0.15,0.002615,1,171.861,2.05807,0.090663,171.26,-0.227827,-0.048821,-0.046575,24.4657,0.05,0.426141,0.005291
