tmp.site,tmp.area,Lb,X1,Wb,POR,ALPHA,BETA,Ks,Kb,Kz,Qthresh,Rs,Rb1,Rb2,Prec,Frac4Rise,Error,BFF
07077500,2.69359e+09,10027.5,114.666,5062.11,0.15,0.010765,0.9,1873.94,16493,0.856016,2.05414e+06,-0.065553,-0.053432,-0.13975,202.796,0.05,4.08455,0.707948
