tmp.site,tmp.area,Lb,X1,Wb,POR,ALPHA,BETA,Ks,Kb,Kz,Qthresh,Rs,Rb1,Rb2,Prec,Frac4Rise,Error,BFF
07191500,2.99921e+10,10774.6,100,11290.5,0.15,0.02985,1,15021.3,22308.2,2.02469,890552,-0.101279,-0.068185,-0.173069,20497.6,0.05,2.40649,0.476953
