tmp.site,tmp.area,Lb,X1,Wb,POR,ALPHA,BETA,Ks,Kb,Kz,Qthresh,Rs,Rb1,Rb2,Prec,Frac4Rise,Error,BFF
04282538,8.46926e+07,10649,39.9595,374.541,0.15,0.013686,1.1,1198.76,11805.3,1.06963,342.52,-0.211168,-0.093171,-0.064669,24.4657,0.05,0.436491,0.396173
