tmp.site,tmp.area,Lb,X1,Wb,POR,ALPHA,BETA,Ks,Kb,Kz,Qthresh,Rs,Rb1,Rb2,Prec,Frac4Rise,Error,BFF
05594800,1.20175e+09,8730.11,100,891.228,0.15,0.009096,1,5872.78,14756.5,0.961414,11009.6,-0.170785,-0.124092,-0.113818,954.163,0.05,0.583668,0.188343
