tmp.site,tmp.area,Lb,X1,Wb,POR,ALPHA,BETA,Ks,Kb,Kz,Qthresh,Rs,Rb1,Rb2,Prec,Frac4Rise,Error,BFF
10189000,3.12612e+09,5105.13,129.085,741.314,0.15,0.019545,0.9,500.523,777.017,1.04,19572.6,-0.044748,-0.03845,-0.040388,2079.59,0.05,0.494027,0.219277
