tmp.site,tmp.area,Lb,X1,Wb,POR,ALPHA,BETA,Ks,Kb,Kz,Qthresh,Rs,Rb1,Rb2,Prec,Frac4Rise,Error,BFF
02136000,3.24267e+09,7960.43,231.953,4839.83,0.15,0.017636,0.9,3171.37,23131.2,0.621694,29603.5,-0.095335,-0.04916,-0.06717,1957.26,0.05,0.570213,0.535969
