tmp.site,tmp.area,Lb,X1,Wb,POR,ALPHA,BETA,Ks,Kb,Kz,Qthresh,Rs,Rb1,Rb2,Prec,Frac4Rise,Error,BFF
04191058,1.03859e+09,7978.61,70.8218,748.428,0.15,0.006934,0.9,4400.87,19804.8,1.24227,2348.71,-0.251536,-0.107915,-0.225762,244.853,0.05,1.34548,0.12231
