tmp.site,tmp.area,Lb,X1,Wb,POR,ALPHA,BETA,Ks,Kb,Kz,Qthresh,Rs,Rb1,Rb2,Prec,Frac4Rise,Error,BFF
07061900,3.60008e+08,21100.8,100,185.608,0.15,0.017009,1,1238.19,4691.35,0.859303,6116.43,-0.199367,-0.072117,-0.026131,200.619,0.05,0.590668,0.097744
