tmp.site,tmp.area,Lb,X1,Wb,POR,ALPHA,BETA,Ks,Kb,Kz,Qthresh,Rs,Rb1,Rb2,Prec,Frac4Rise,Error,BFF
07189542,1.26132e+08,13331.2,100,335.12,0.15,0.010504,1,181.653,6068.89,0.915263,12086.1,-0.091892,-0.060149,-0.027833,1232.73,0.05,0.333046,0.363111
