tmp.site,tmp.area,Lb,X1,Wb,POR,ALPHA,BETA,Ks,Kb,Kz,Qthresh,Rs,Rb1,Rb2,Prec,Frac4Rise,Error,BFF
03209800,4.40816e+09,10932.5,121.865,2425.76,0.15,0.010912,1.1,6499.51,20685.9,1.74663,680147,-0.128406,-0.084775,-0.069635,15168.7,0.05,0.394103,0.403802
