tmp.site,tmp.area,Lb,X1,Wb,POR,ALPHA,BETA,Ks,Kb,Kz,Qthresh,Rs,Rb1,Rb2,Prec,Frac4Rise,Error,BFF
02046000,2.92669e+08,9069.3,6.39082,531.666,0.15,0.014066,1,1569.6,1068.3,1.10881,905.231,-0.202733,-0.081302,-0.086464,121.913,0.05,0.465685,0.347719
