tmp.site,tmp.area,Lb,X1,Wb,POR,ALPHA,BETA,Ks,Kb,Kz,Qthresh,Rs,Rb1,Rb2,Prec,Frac4Rise,Error,BFF
06361000,1.35715e+10,10986.5,11.3304,1353.84,0.15,0.00954,1,7626.96,2349.58,0.980751,215298,-0.127876,-0.101757,-0.107919,244.657,0.05,2.4555,0.200245
