tmp.site,tmp.area,Lb,X1,Wb,POR,ALPHA,BETA,Ks,Kb,Kz,Qthresh,Rs,Rb1,Rb2,Prec,Frac4Rise,Error,BFF
03112000,7.30377e+08,7319.87,100,1458.8,0.15,0.013166,1,4779.99,17780.2,0.866493,174930,-0.238215,-0.085011,-0.089061,318.054,0.05,0.445568,0.404813
