tmp.site,tmp.area,Lb,X1,Wb,POR,ALPHA,BETA,Ks,Kb,Kz,Qthresh,Rs,Rb1,Rb2,Prec,Frac4Rise,Error,BFF
02013100,1.58507e+09,5162.16,100,3499.44,0.15,0.004971,1,2036.71,645.946,0.906076,829388,-0.093737,-0.075093,-0.035398,27646.3,0.05,0.297198,0.380492
