tmp.site,tmp.area,Lb,X1,Wb,POR,ALPHA,BETA,Ks,Kb,Kz,Qthresh,Rs,Rb1,Rb2,Prec,Frac4Rise,Error,BFF
08168500,3.9316e+09,33879.6,11.1678,763.144,0.15,0.012164,1,339.135,731.195,1.51431,1.10585e+06,-0.020246,-0.032326,-0.036782,1761.53,0.05,0.783503,0.357913
