tmp.site,tmp.area,Lb,X1,Wb,POR,ALPHA,BETA,Ks,Kb,Kz,Qthresh,Rs,Rb1,Rb2,Prec,Frac4Rise,Error,BFF
10259100,1.52291e+09,4.79591e+06,0.269714,1.84018,0.15,0.000401,0.9,3938.98,38.7551,0.370553,24.4657,-2.45414,-0.028291,-0.432954,24.4657,0.05,0.161269,1.8e-05
