tmp.site,tmp.area,Lb,X1,Wb,POR,ALPHA,BETA,Ks,Kb,Kz,Qthresh,Rs,Rb1,Rb2,Prec,Frac4Rise,Error,BFF
021459367,4.37708e+07,11873.2,100,108.504,0.15,0.01729,1,1107.43,11732.1,0.911397,2277.27,-0.503604,-0.102192,-0.125316,66.0574,0.05,0.566579,0.187709
