tmp.site,tmp.area,Lb,X1,Wb,POR,ALPHA,BETA,Ks,Kb,Kz,Qthresh,Rs,Rb1,Rb2,Prec,Frac4Rise,Error,BFF
06863500,1.4219e+09,50782.6,100,136.596,0.15,0.017375,1,1256.3,3052.32,0.949584,69482.6,-0.202733,-0.060482,-0.079585,24.4657,0.05,8.44613,0.150666
