tmp.site,tmp.area,Lb,X1,Wb,POR,ALPHA,BETA,Ks,Kb,Kz,Qthresh,Rs,Rb1,Rb2,Prec,Frac4Rise,Error,BFF
08140700,1.37787e+09,5695.38,100,398.182,0.15,0.013432,1,2974.94,12090.1,0.877805,105203,-0.214916,-0.105504,-0.207879,24.4657,0.05,9.46702,0.06506
