tmp.site,tmp.area,Lb,X1,Wb,POR,ALPHA,BETA,Ks,Kb,Kz,Qthresh,Rs,Rb1,Rb2,Prec,Frac4Rise,Error,BFF
01406050,4.14398e+07,11247.3,100,145.436,0.15,0.048603,1,1292.03,22812,0.939697,318.054,-0.456968,-0.077638,-0.138638,24.4657,0.05,1.21677,0.297228
