tmp.site,tmp.area,Lb,X1,Wb,POR,ALPHA,BETA,Ks,Kb,Kz,Qthresh,Rs,Rb1,Rb2,Prec,Frac4Rise,Error,BFF
02334885,1.21988e+08,12050.3,100,337.578,0.15,0.013722,1,856.245,13479,0.999684,88076.6,-0.503196,-0.076479,-0.065437,905.427,0.05,0.385739,0.360325
