tmp.site,tmp.area,Lb,X1,Wb,POR,ALPHA,BETA,Ks,Kb,Kz,Qthresh,Rs,Rb1,Rb2,Prec,Frac4Rise,Error,BFF
04219767,1.83889e+08,62366.7,14.1373,371.693,0.15,0.003944,0.8,203.653,1699.43,1.00478,298482,-0.112192,-0.041602,-0.063914,12193.7,0.05,0.32626,0.510169
