tmp.site,tmp.area,Lb,X1,Wb,POR,ALPHA,BETA,Ks,Kb,Kz,Qthresh,Rs,Rb1,Rb2,Prec,Frac4Rise,Error,BFF
08065000,3.32373e+10,18723.4,100,2741.99,0.15,0.011059,1,12281.9,13321.8,1.06748,2.23127e+06,-0.125187,-0.066273,-0.091692,21040.5,0.05,0.611475,0.206755
