tmp.site,tmp.area,Lb,X1,Wb,POR,ALPHA,BETA,Ks,Kb,Kz,Qthresh,Rs,Rb1,Rb2,Prec,Frac4Rise,Error,BFF
08047050,1.39859e+08,19082.6,100,139.482,0.15,0.04263,1,2276.88,35674.6,0.941513,48197.5,-0.346574,-0.085966,-0.145504,24.4657,0.05,2.06574,0.243059
