tmp.site,tmp.area,Lb,X1,Wb,POR,ALPHA,BETA,Ks,Kb,Kz,Qthresh,Rs,Rb1,Rb2,Prec,Frac4Rise,Error,BFF
02315500,6.29367e+09,19487.3,100,6761.67,0.15,0.050285,1,1641.29,18552.7,1.02872,34252,-0.047245,-0.035416,-0.043715,2593.37,0.05,0.483314,0.533179
