tmp.site,tmp.area,Lb,X1,Wb,POR,ALPHA,BETA,Ks,Kb,Kz,Qthresh,Rs,Rb1,Rb2,Prec,Frac4Rise,Error,BFF
02321500,1.48924e+09,15243.4,100,1405.09,0.15,0.021599,1,2224.17,20118.1,0.910392,90033.8,-0.097078,-0.060957,-0.062286,24.4657,0.05,1.40232,0.420275
