tmp.site,tmp.area,Lb,X1,Wb,POR,ALPHA,BETA,Ks,Kb,Kz,Qthresh,Rs,Rb1,Rb2,Prec,Frac4Rise,Error,BFF
01106000,2.07458e+07,8270.24,100,201.306,0.15,0.031367,1,227.915,15056.7,0.588943,220.191,-0.131182,-0.063264,-0.072404,24.4657,0.05,0.429304,0.474906
