tmp.site,tmp.area,Lb,X1,Wb,POR,ALPHA,BETA,Ks,Kb,Kz,Qthresh,Rs,Rb1,Rb2,Prec,Frac4Rise,Error,BFF
11055800,5.07638e+07,35598.2,212.824,114.775,0.15,0.095472,0.9,560.276,40893,1.0497,20795.9,-0.143841,-0.055426,-0.093178,24.4657,0.05,3.0486,0.216988
