tmp.site,tmp.area,Lb,X1,Wb,POR,ALPHA,BETA,Ks,Kb,Kz,Qthresh,Rs,Rb1,Rb2,Prec,Frac4Rise,Error,BFF
01427207,4.11808e+09,26270.2,147.735,2381.77,0.15,0.008183,2.3,3390.05,7310.63,1.77797,1.38877e+06,-0.128121,-0.056922,-0.041908,144849,0.05,0.314193,0.553512
