tmp.site,tmp.area,Lb,X1,Wb,POR,ALPHA,BETA,Ks,Kb,Kz,Qthresh,Rs,Rb1,Rb2,Prec,Frac4Rise,Error,BFF
08317400,3.85908e+10,24645.6,40.5709,3434.24,0.15,0.010222,0.9,524.969,7346.47,0.934081,2.28754e+06,-0.012988,-0.031273,-0.052442,27890.9,0.05,0.549227,0.748328
