tmp.site,tmp.area,Lb,X1,Wb,POR,ALPHA,BETA,Ks,Kb,Kz,Qthresh,Rs,Rb1,Rb2,Prec,Frac4Rise,Error,BFF
10308783,1.07744e+07,11429,100,19.7684,0.15,0.00808,1,372.288,362.573,0.278834,587.177,-0.159357,-0.035152,-0.029447,24.4657,0.05,0.532904,0.059699
