tmp.site,tmp.area,Lb,X1,Wb,POR,ALPHA,BETA,Ks,Kb,Kz,Qthresh,Rs,Rb1,Rb2,Prec,Frac4Rise,Error,BFF
11289650,3.9834e+09,19014.9,3.4703,2015.42,0.15,0.002428,0.9,973.154,34.4975,0.930715,1.38476e+06,-0.014475,-0.044909,-0.103091,1737.07,0.05,4.82236,0.163782
