tmp.site,tmp.area,Lb,X1,Wb,POR,ALPHA,BETA,Ks,Kb,Kz,Qthresh,Rs,Rb1,Rb2,Prec,Frac4Rise,Error,BFF
06071300,1.01269e+09,4941.03,422.406,1449.63,0.15,0.014734,1.1,227.928,8357.52,0.266241,181046,-0.059808,-0.030421,-0.026787,3669.86,0.05,0.275206,0.646013
