tmp.site,tmp.area,Lb,X1,Wb,POR,ALPHA,BETA,Ks,Kb,Kz,Qthresh,Rs,Rb1,Rb2,Prec,Frac4Rise,Error,BFF
04040000,3.47058e+09,48325.1,16874.8,1554.48,0.15,0.003418,9.6,420.219,1085.21,0.801138,1.24775e+06,-0.071712,-0.057839,-0.036754,75109.7,0.05,0.318862,0.404584
