tmp.site,tmp.area,Lb,X1,Wb,POR,ALPHA,BETA,Ks,Kb,Kz,Qthresh,Rs,Rb1,Rb2,Prec,Frac4Rise,Error,BFF
03438000,6.31957e+08,11561.8,100,1228.48,0.15,0.016948,1,2780.27,9960.22,0.862711,73397.1,-0.239961,-0.066513,-0.039393,3416.64,0.05,0.358981,0.407268
