tmp.site,tmp.area,Lb,X1,Wb,POR,ALPHA,BETA,Ks,Kb,Kz,Qthresh,Rs,Rb1,Rb2,Prec,Frac4Rise,Error,BFF
06142400,3.49648e+08,65016.7,149.529,130.73,0.15,0.024034,0.9,734.916,90895.4,0.968312,53824.6,-0.139122,-0.047353,-0.132994,24.4657,0.05,2.46243,0.194432
