tmp.site,tmp.area,Lb,X1,Wb,POR,ALPHA,BETA,Ks,Kb,Kz,Qthresh,Rs,Rb1,Rb2,Prec,Frac4Rise,Error,BFF
02065500,2.52783e+08,23988.5,100,321.385,0.15,0.012049,1,564.741,12106.4,1.04189,110096,-0.300718,-0.055263,-0.041011,2197.9,0.05,0.325751,0.433278
