tmp.site,tmp.area,Lb,X1,Wb,POR,ALPHA,BETA,Ks,Kb,Kz,Qthresh,Rs,Rb1,Rb2,Prec,Frac4Rise,Error,BFF
05439000,2.01242e+08,7432.34,696.994,739.795,0.15,0.026526,0.9,922.692,98218.6,0.372282,13187,-0.207607,-0.066752,-0.10649,24.4657,0.05,1.17719,0.447595
