tmp.site,tmp.area,Lb,X1,Wb,POR,ALPHA,BETA,Ks,Kb,Kz,Qthresh,Rs,Rb1,Rb2,Prec,Frac4Rise,Error,BFF
01654000,6.19007e+07,9399.7,100,157.306,0.15,0.014278,1,1099.33,11717.3,0.959469,41444.9,-0.582192,-0.077709,-0.125444,119.882,0.05,0.62978,0.18273
