tmp.site,tmp.area,Lb,X1,Wb,POR,ALPHA,BETA,Ks,Kb,Kz,Qthresh,Rs,Rb1,Rb2,Prec,Frac4Rise,Error,BFF
07052500,2.55632e+09,12457.5,20.9735,2161.06,0.15,0.010698,4,4716.42,154.399,0.917388,320501,-0.141329,-0.065842,-0.030922,14924.1,0.05,0.360515,0.424888
