tmp.site,tmp.area,Lb,X1,Wb,POR,ALPHA,BETA,Ks,Kb,Kz,Qthresh,Rs,Rb1,Rb2,Prec,Frac4Rise,Error,BFF
11162500,1.1888e+08,24612.1,100,201.088,0.15,0.017855,1,562.009,7252.2,0.949993,10764.9,-0.168236,-0.055996,-0.035747,56.2711,0.05,0.460176,0.19472
