tmp.site,tmp.area,Lb,X1,Wb,POR,ALPHA,BETA,Ks,Kb,Kz,Qthresh,Rs,Rb1,Rb2,Prec,Frac4Rise,Error,BFF
01449000,1.53068e+09,12842.7,100,1942.71,0.15,0.009434,1,1905.26,12056.2,1.04337,1.17435e+06,-0.098023,-0.053192,-0.034747,42570.3,0.05,0.25665,0.548088
