tmp.site,tmp.area,Lb,X1,Wb,POR,ALPHA,BETA,Ks,Kb,Kz,Qthresh,Rs,Rb1,Rb2,Prec,Frac4Rise,Error,BFF
04174040,1.81299e+09,14543.3,279.995,1295.86,0.15,0.010365,1,640.738,10987.1,0.611675,450291,-0.052571,-0.030357,-0.026712,29114.2,0.05,0.309058,0.548778
