tmp.site,tmp.area,Lb,X1,Wb,POR,ALPHA,BETA,Ks,Kb,Kz,Qthresh,Rs,Rb1,Rb2,Prec,Frac4Rise,Error,BFF
08171000,9.19446e+08,63237.9,88.3696,394.661,0.15,0.01073,1.5,471.83,16069,1.00469,127222,-0.178337,-0.030759,-0.019887,1247.75,0.05,0.438821,0.361526
