tmp.site,tmp.area,Lb,X1,Wb,POR,ALPHA,BETA,Ks,Kb,Kz,Qthresh,Rs,Rb1,Rb2,Prec,Frac4Rise,Error,BFF
03225500,1.01787e+09,9725,152.257,506.196,0.15,0.004371,1,262.516,6708.86,0.946327,150464,-0.070393,-0.119704,-0.108393,733.971,0.05,0.803519,0.080746
