tmp.site,tmp.area,Lb,X1,Wb,POR,ALPHA,BETA,Ks,Kb,Kz,Qthresh,Rs,Rb1,Rb2,Prec,Frac4Rise,Error,BFF
08177500,1.29499e+09,26512.7,100,180.829,0.15,0.001584,1,328.3,2470.18,0.930756,14434.8,-0.222731,-0.144433,-0.09942,24.4657,0.05,5.04094,0.029308
