tmp.site,tmp.area,Lb,X1,Wb,POR,ALPHA,BETA,Ks,Kb,Kz,Qthresh,Rs,Rb1,Rb2,Prec,Frac4Rise,Error,BFF
09497800,7.64046e+08,172067,100,149.174,0.15,0.029974,1,861.592,2049.23,0.967043,15804.9,-0.182811,-0.040764,-0.023744,1345.61,0.05,0.445532,0.223683
