tmp.site,tmp.area,Lb,X1,Wb,POR,ALPHA,BETA,Ks,Kb,Kz,Qthresh,Rs,Rb1,Rb2,Prec,Frac4Rise,Error,BFF
11261500,1.97228e+10,18464.5,7.58671,2066.86,0.15,0.008258,1.1,2876.48,730.881,1.15953,52356.6,-0.062582,-0.041648,-0.035845,5627.11,0.05,0.454606,0.321465
