tmp.site,tmp.area,Lb,X1,Wb,POR,ALPHA,BETA,Ks,Kb,Kz,Qthresh,Rs,Rb1,Rb2,Prec,Frac4Rise,Error,BFF
01638350,8.18436e+07,9691.15,0.538162,592.666,0.15,0.036297,1,966.236,69.6604,0.98194,28380.2,-0.398927,-0.074664,-0.079059,79.7338,0.05,0.502925,0.374635
