tmp.site,tmp.area,Lb,X1,Wb,POR,ALPHA,BETA,Ks,Kb,Kz,Qthresh,Rs,Rb1,Rb2,Prec,Frac4Rise,Error,BFF
07301110,5.13595e+09,10353.8,100,733.061,0.15,0.00727,1,1814.3,5454.13,0.97631,296035,-0.162756,-0.078803,-0.08127,48.9314,0.05,2.90997,0.229952
