tmp.site,tmp.area,Lb,X1,Wb,POR,ALPHA,BETA,Ks,Kb,Kz,Qthresh,Rs,Rb1,Rb2,Prec,Frac4Rise,Error,BFF
08324000,1.21729e+09,3674.18,153.944,882.509,0.15,0.015735,1,703.593,4827.28,0.472019,61653.6,-0.091161,-0.039464,-0.039876,2077.68,0.05,0.32255,0.479718
