tmp.site,tmp.area,Lb,X1,Wb,POR,ALPHA,BETA,Ks,Kb,Kz,Qthresh,Rs,Rb1,Rb2,Prec,Frac4Rise,Error,BFF
04253296,3.00439e+06,2587.35,100,111.021,0.15,0.016053,1,234.219,3758.74,0.28684,1516.87,-0.313088,-0.081026,-0.104376,24.4657,0.05,0.507468,0.326862
