tmp.site,tmp.area,Lb,X1,Wb,POR,ALPHA,BETA,Ks,Kb,Kz,Qthresh,Rs,Rb1,Rb2,Prec,Frac4Rise,Error,BFF
13210824,1.63169e+08,582148,0.397122,235.03,0.15,0.012626,0.8,136.329,223.671,0.496828,78045.6,-0.041035,-0.018693,-0.03027,3278.41,0.05,0.225865,0.76066
