tmp.site,tmp.area,Lb,X1,Wb,POR,ALPHA,BETA,Ks,Kb,Kz,Qthresh,Rs,Rb1,Rb2,Prec,Frac4Rise,Error,BFF
01031450,2.46049e+08,31059.3,64.2078,772.531,0.15,0.015902,1.2,2049.49,39960.3,1.12696,121839,-0.207593,-0.083066,-0.059674,625.172,0.05,0.432449,0.478683
