tmp.site,tmp.area,Lb,X1,Wb,POR,ALPHA,BETA,Ks,Kb,Kz,Qthresh,Rs,Rb1,Rb2,Prec,Frac4Rise,Error,BFF
05344490,1.98134e+10,31733.4,10.3164,5741.95,0.15,0.009009,1,2695.18,3330.53,1.27208,7.85349e+06,-0.074972,-0.03302,-0.034955,438108,0.05,0.225089,0.787025
