tmp.site,tmp.area,Lb,X1,Wb,POR,ALPHA,BETA,Ks,Kb,Kz,Qthresh,Rs,Rb1,Rb2,Prec,Frac4Rise,Error,BFF
03271000,1.77932e+08,15909.2,72.724,350.56,0.15,0.010492,1.9,1676.16,6177.64,1.19869,22866.6,-0.346574,-0.109225,-0.059628,587.177,0.05,0.380606,0.271318
