tmp.site,tmp.area,Lb,X1,Wb,POR,ALPHA,BETA,Ks,Kb,Kz,Qthresh,Rs,Rb1,Rb2,Prec,Frac4Rise,Error,BFF
11066460,2.20667e+09,26647.4,10971.1,588.197,0.15,0.004135,10.1,28.5479,1047.49,0.633327,212852,-0.111572,-0.054303,-0.014759,4403.83,0.05,0.292921,0.340041
