tmp.site,tmp.area,Lb,X1,Wb,POR,ALPHA,BETA,Ks,Kb,Kz,Qthresh,Rs,Rb1,Rb2,Prec,Frac4Rise,Error,BFF
02032640,2.79719e+08,5990.59,375.15,923.834,0.15,0.017062,1,1479.87,32084.2,0.916253,71929.2,-0.270075,-0.072262,-0.067523,415.917,0.05,0.426383,0.419403
