tmp.site,tmp.area,Lb,X1,Wb,POR,ALPHA,BETA,Ks,Kb,Kz,Qthresh,Rs,Rb1,Rb2,Prec,Frac4Rise,Error,BFF
06130500,2.01605e+10,13456.3,96.0538,1146.68,0.15,0.010313,0.9,1826.61,13801.4,1.05656,699719,-0.111572,-0.055304,-0.108875,24.4657,0.05,137.94,0.355901
