tmp.site,tmp.area,Lb,X1,Wb,POR,ALPHA,BETA,Ks,Kb,Kz,Qthresh,Rs,Rb1,Rb2,Prec,Frac4Rise,Error,BFF
08158860,5.98287e+07,29921.3,2.53321,19.0545,0.15,0.000172,0.9,494.115,21.9744,0.847437,24.4657,-1.56482,-0.275763,-0.466536,24.4657,0.05,0.228384,6.7e-05
