tmp.site,tmp.area,Lb,X1,Wb,POR,ALPHA,BETA,Ks,Kb,Kz,Qthresh,Rs,Rb1,Rb2,Prec,Frac4Rise,Error,BFF
02217615,2.57186e+08,14669.1,100,604.586,0.15,0.011943,1,893.965,7331.79,1.00708,39389.8,-0.395532,-0.060119,-0.035098,3669.86,0.05,0.271844,0.500482
