tmp.site,tmp.area,Lb,X1,Wb,POR,ALPHA,BETA,Ks,Kb,Kz,Qthresh,Rs,Rb1,Rb2,Prec,Frac4Rise,Error,BFF
01362357,2.25588e+07,13837.5,100,175.365,0.15,0.016127,1,173.684,18144.9,0.761416,4647.75,-0.22912,-0.076222,-0.043491,178.6,0.05,0.374201,0.418196
