tmp.site,tmp.area,Lb,X1,Wb,POR,ALPHA,BETA,Ks,Kb,Kz,Qthresh,Rs,Rb1,Rb2,Prec,Frac4Rise,Error,BFF
04232034,1.01528e+08,5908.55,100,292.173,0.15,0.017969,1,124.557,4160.44,0.851542,24221.1,-0.239813,-0.066011,-0.028767,2325.49,0.05,0.275422,0.502523
