tmp.site,tmp.area,Lb,X1,Wb,POR,ALPHA,BETA,Ks,Kb,Kz,Qthresh,Rs,Rb1,Rb2,Prec,Frac4Rise,Error,BFF
041843678,9.66066e+07,10279,100,183.033,0.15,0.010903,1,415.696,12669.7,0.904875,3798.06,-0.189943,-0.117245,-0.055758,146.794,0.05,0.416995,0.186666
