tmp.site,tmp.area,Lb,X1,Wb,POR,ALPHA,BETA,Ks,Kb,Kz,Qthresh,Rs,Rb1,Rb2,Prec,Frac4Rise,Error,BFF
05094000,1.44521e+09,5301.16,52.5924,327.105,0.15,0.006112,1.1,735.485,497.011,1.11468,15731.5,-0.081859,-0.082886,-0.053345,41.5917,0.05,2.52461,0.041005
