tmp.site,tmp.area,Lb,X1,Wb,POR,ALPHA,BETA,Ks,Kb,Kz,Qthresh,Rs,Rb1,Rb2,Prec,Frac4Rise,Error,BFF
01674182,1.26909e+08,14857.6,100,284.41,0.15,0.043374,1,1065.65,15556.9,0.940264,58962.4,-0.216475,-0.067836,-0.09754,36.6986,0.05,0.673499,0.25644
