tmp.site,tmp.area,Lb,X1,Wb,POR,ALPHA,BETA,Ks,Kb,Kz,Qthresh,Rs,Rb1,Rb2,Prec,Frac4Rise,Error,BFF
05430175,1.34161e+09,45522,100,1142.67,0.15,0.016685,1,300.229,13922.6,0.908355,1.07649e+06,-0.070353,-0.020283,-0.032181,27646.3,0.05,0.280052,0.736292
