tmp.site,tmp.area,Lb,X1,Wb,POR,ALPHA,BETA,Ks,Kb,Kz,Qthresh,Rs,Rb1,Rb2,Prec,Frac4Rise,Error,BFF
14361500,6.36878e+09,10729.1,100,5662.25,0.15,0.006822,1,987.044,1453.16,0.930242,2.54443e+06,-0.063631,-0.039739,-0.016587,212362,0.05,0.291595,0.516394
