tmp.site,tmp.area,Lb,X1,Wb,POR,ALPHA,BETA,Ks,Kb,Kz,Qthresh,Rs,Rb1,Rb2,Prec,Frac4Rise,Error,BFF
09404222,6.68217e+08,397766,100,10.0153,0.15,0.01456,1,575.855,1345.52,0.294136,4403.83,-0.072075,-0.008776,-0.011327,137.008,0.05,0.709407,0.337986
