tmp.site,tmp.area,Lb,X1,Wb,POR,ALPHA,BETA,Ks,Kb,Kz,Qthresh,Rs,Rb1,Rb2,Prec,Frac4Rise,Error,BFF
04234200,1.66277e+08,10930.6,100,246.841,0.15,0.046504,1,1039.59,11423.2,0.947651,15658.1,-0.184326,-0.072219,-0.07283,60.675,0.05,0.519735,0.275499
