tmp.site,tmp.area,Lb,X1,Wb,POR,ALPHA,BETA,Ks,Kb,Kz,Qthresh,Rs,Rb1,Rb2,Prec,Frac4Rise,Error,BFF
0357479650,8.54696e+07,8499.02,100,231.283,0.15,0.008289,1,559.533,7975.53,0.922332,7584.37,-0.310148,-0.114075,-0.04892,450.169,0.05,0.409141,0.202215
