tmp.site,tmp.area,Lb,X1,Wb,POR,ALPHA,BETA,Ks,Kb,Kz,Qthresh,Rs,Rb1,Rb2,Prec,Frac4Rise,Error,BFF
09404104,5.00127e+09,11394.1,100,19.0065,0.15,0.009037,1,35914.9,64.9899,0.947309,308.268,-0.884863,-0.15994,-0.003779,24.4657,0.05,0.16711,3.5e-05
