tmp.site,tmp.area,Lb,X1,Wb,POR,ALPHA,BETA,Ks,Kb,Kz,Qthresh,Rs,Rb1,Rb2,Prec,Frac4Rise,Error,BFF
03157000,2.30509e+08,10661.6,4580.63,635.44,0.15,0.00758,10.1,1114.3,5956.38,0.766373,51378,-0.314304,-0.083309,-0.032148,2576.48,0.05,0.343526,0.366956
