tmp.site,tmp.area,Lb,X1,Wb,POR,ALPHA,BETA,Ks,Kb,Kz,Qthresh,Rs,Rb1,Rb2,Prec,Frac4Rise,Error,BFF
08458975,2.96036e+07,22794.4,134.746,16.3535,0.15,0.07499,0.9,424.561,38452,0.627479,6012.2,-0.148407,-0.056677,-0.134725,24.4657,0.05,1.83161,0.140694
