tmp.site,tmp.area,Lb,X1,Wb,POR,ALPHA,BETA,Ks,Kb,Kz,Qthresh,Rs,Rb1,Rb2,Prec,Frac4Rise,Error,BFF
01625000,9.66066e+08,12734.9,5683.7,1447.75,0.15,0.008193,10.1,1466.41,1274.88,1.12292,233146,-0.181434,-0.055894,-0.027553,12477.5,0.05,0.291727,0.464333
