tmp.site,tmp.area,Lb,X1,Wb,POR,ALPHA,BETA,Ks,Kb,Kz,Qthresh,Rs,Rb1,Rb2,Prec,Frac4Rise,Error,BFF
06620000,3.70627e+09,6744.58,0.581328,2247.1,0.15,0.004012,1.5,61.0752,8.84518,1.0332,229978,-0.092166,-0.036265,-0.025718,9296.97,0.05,0.380195,0.474452
