tmp.site,tmp.area,Lb,X1,Wb,POR,ALPHA,BETA,Ks,Kb,Kz,Qthresh,Rs,Rb1,Rb2,Prec,Frac4Rise,Error,BFF
09410100,9.79016e+08,169092,100,79.6574,0.15,0.07938,1,615.225,85999.2,0.974042,9688.42,-0.111572,-0.05113,-0.148352,24.4657,0.05,14.0619,0.217882
