tmp.site,tmp.area,Lb,X1,Wb,POR,ALPHA,BETA,Ks,Kb,Kz,Qthresh,Rs,Rb1,Rb2,Prec,Frac4Rise,Error,BFF
05469000,1.11887e+09,17192.8,4.21616,1061.27,0.15,0.012429,1.1,3156.25,692.278,0.965669,73397.1,-0.231991,-0.063795,-0.054945,1516.87,0.05,0.479643,0.403736
