tmp.site,tmp.area,Lb,X1,Wb,POR,ALPHA,BETA,Ks,Kb,Kz,Qthresh,Rs,Rb1,Rb2,Prec,Frac4Rise,Error,BFF
14184100,1.90623e+09,26183.1,10634.3,2526.55,0.15,0.009791,10.1,609.692,1144.14,1.50466,1.72239e+06,-0.052322,-0.046626,-0.02404,161718,0.05,0.316789,0.505056
