tmp.site,tmp.area,Lb,X1,Wb,POR,ALPHA,BETA,Ks,Kb,Kz,Qthresh,Rs,Rb1,Rb2,Prec,Frac4Rise,Error,BFF
11203580,5.20588e+07,20281.4,100,235.403,0.15,0.017012,1,151.848,7677,0.311993,2152.98,-0.111572,-0.020685,-0.017358,183.493,0.05,0.366112,0.468305
