tmp.site,tmp.area,Lb,X1,Wb,POR,ALPHA,BETA,Ks,Kb,Kz,Qthresh,Rs,Rb1,Rb2,Prec,Frac4Rise,Error,BFF
12093500,4.45478e+08,12028.1,100,1467.01,0.15,0.009117,1,1002.04,11513.1,0.928542,1.6441e+06,-0.13169,-0.049951,-0.039236,44038.3,0.05,0.228482,0.619333
