tmp.site,tmp.area,Lb,X1,Wb,POR,ALPHA,BETA,Ks,Kb,Kz,Qthresh,Rs,Rb1,Rb2,Prec,Frac4Rise,Error,BFF
09202000,3.26339e+08,37440.9,100,703.401,0.15,0.011352,1,193.6,23605.8,0.992551,166367,-0.041659,-0.030954,-0.029476,244.657,0.05,1.4458,0.53857
