tmp.site,tmp.area,Lb,X1,Wb,POR,ALPHA,BETA,Ks,Kb,Kz,Qthresh,Rs,Rb1,Rb2,Prec,Frac4Rise,Error,BFF
11230500,1.35974e+08,29623,100,304.407,0.15,0.012874,1,298.336,25793.6,1.00055,11988.2,-0.127497,-0.0385,-0.026209,856.3,0.05,0.413782,0.443424
