tmp.site,tmp.area,Lb,X1,Wb,POR,ALPHA,BETA,Ks,Kb,Kz,Qthresh,Rs,Rb1,Rb2,Prec,Frac4Rise,Error,BFF
08329918,4.43639e+10,23761.2,20.3152,6062.25,0.15,0.009487,0.9,851.681,5415.19,0.978194,1.94823e+06,-0.030263,-0.031116,-0.043746,23182.5,0.05,0.400295,0.876077
