tmp.site,tmp.area,Lb,X1,Wb,POR,ALPHA,BETA,Ks,Kb,Kz,Qthresh,Rs,Rb1,Rb2,Prec,Frac4Rise,Error,BFF
01171500,1.36233e+08,14114.2,77.2205,448.932,0.15,0.024938,1.1,653.39,11310.4,1.12612,18691.8,-0.280884,-0.059789,-0.050425,1590.27,0.05,0.344424,0.468228
