tmp.site,tmp.area,Lb,X1,Wb,POR,ALPHA,BETA,Ks,Kb,Kz,Qthresh,Rs,Rb1,Rb2,Prec,Frac4Rise,Error,BFF
06793000,3.70886e+10,5507.92,129.761,4442.15,0.15,0.012336,0.9,13785.6,28542.6,1.27726,998201,-0.141001,-0.075645,-0.161242,139.699,0.05,3.15969,0.45721
