tmp.site,tmp.area,Lb,X1,Wb,POR,ALPHA,BETA,Ks,Kb,Kz,Qthresh,Rs,Rb1,Rb2,Prec,Frac4Rise,Error,BFF
13338950,5.38718e+08,16041,27.5984,285.878,0.15,0.015834,1.1,66.0187,5296.88,1.00384,6374.79,-0.039096,-0.046505,-0.038908,614.089,0.05,0.308948,0.569928
