tmp.site,tmp.area,Lb,X1,Wb,POR,ALPHA,BETA,Ks,Kb,Kz,Qthresh,Rs,Rb1,Rb2,Prec,Frac4Rise,Error,BFF
11313482,2.66769e+06,208551,100,9.24393,0.15,0.012154,1,44.0877,721.543,0.215626,2426.02,-0.068659,-0.007272,-0.01702,24.4657,0.05,1.66648,0.626021
