tmp.site,tmp.area,Lb,X1,Wb,POR,ALPHA,BETA,Ks,Kb,Kz,Qthresh,Rs,Rb1,Rb2,Prec,Frac4Rise,Error,BFF
14128500,5.82747e+08,12163.1,100,1953.84,0.15,0.007972,1,1297.33,3451.07,1.48929,389005,-0.157404,-0.05128,-0.009293,36943.2,0.05,0.287758,0.445638
