tmp.site,tmp.area,Lb,X1,Wb,POR,ALPHA,BETA,Ks,Kb,Kz,Qthresh,Rs,Rb1,Rb2,Prec,Frac4Rise,Error,BFF
02116500,5.90517e+09,17137.2,100,3446.75,0.15,0.00811,1,7166.04,5991.06,1.02635,3.66986e+06,-0.218876,-0.050153,-0.036469,156664,0.05,0.275067,0.531392
