tmp.site,tmp.area,Lb,X1,Wb,POR,ALPHA,BETA,Ks,Kb,Kz,Qthresh,Rs,Rb1,Rb2,Prec,Frac4Rise,Error,BFF
05429700,1.05413e+09,62426.3,100,1319.12,0.15,0.013046,1,249.087,23459.8,0.96113,66057.4,-0.050957,-0.021092,-0.042879,6605.74,0.05,0.406557,0.746757
