tmp.site,tmp.area,Lb,X1,Wb,POR,ALPHA,BETA,Ks,Kb,Kz,Qthresh,Rs,Rb1,Rb2,Prec,Frac4Rise,Error,BFF
01075000,4.99868e+08,15813.9,252.106,1166.01,0.15,0.009817,6.2,3186.79,1978.53,0.230331,166367,-0.289556,-0.072363,-0.036918,14508.2,0.05,0.323687,0.432008
