tmp.site,tmp.area,Lb,X1,Wb,POR,ALPHA,BETA,Ks,Kb,Kz,Qthresh,Rs,Rb1,Rb2,Prec,Frac4Rise,Error,BFF
03558000,4.58428e+08,36891.1,100,1279.67,0.15,0.009846,1,1456.81,11816.2,0.947766,291142,-0.315956,-0.02891,-0.020161,30337.5,0.05,0.194516,0.667532
