tmp.site,tmp.area,Lb,X1,Wb,POR,ALPHA,BETA,Ks,Kb,Kz,Qthresh,Rs,Rb1,Rb2,Prec,Frac4Rise,Error,BFF
010642505,2.35689e+08,15299.5,35.397,874.414,0.15,0.011918,3,2182.36,1088.86,0.972958,50399.4,-0.296913,-0.069483,-0.037596,5260.13,0.05,0.318798,0.464376
