tmp.site,tmp.area,Lb,X1,Wb,POR,ALPHA,BETA,Ks,Kb,Kz,Qthresh,Rs,Rb1,Rb2,Prec,Frac4Rise,Error,BFF
12101500,2.45531e+09,18466.7,0.026071,3382.32,0.15,0.005007,1.2,156.722,1.72374,1.8456,6.16536e+06,-0.091909,-0.040802,-0.036573,196626,0.05,0.209984,0.673614
