tmp.site,tmp.area,Lb,X1,Wb,POR,ALPHA,BETA,Ks,Kb,Kz,Qthresh,Rs,Rb1,Rb2,Prec,Frac4Rise,Error,BFF
02156050,1.67313e+07,12403.1,100,150.619,0.15,0.010199,1,149.619,6037.36,0.38435,20795.9,-0.334771,-0.046775,-0.040404,318.054,0.05,0.272576,0.519135
