tmp.site,tmp.area,Lb,X1,Wb,POR,ALPHA,BETA,Ks,Kb,Kz,Qthresh,Rs,Rb1,Rb2,Prec,Frac4Rise,Error,BFF
05435943,5.25768e+07,542689,100,92.5002,0.15,0.052951,1,2793.77,8.23742,0.59512,26423,-0.225993,-0.039517,-0.023525,856.3,0.05,0.509109,0.305611
