tmp.site,tmp.area,Lb,X1,Wb,POR,ALPHA,BETA,Ks,Kb,Kz,Qthresh,Rs,Rb1,Rb2,Prec,Frac4Rise,Error,BFF
03332605,4.63608e+09,40767.1,97.2129,2337.38,0.15,0.009404,1.4,2651.2,15712.6,1.03869,1.31626e+06,-0.102621,-0.040119,-0.032238,70950.6,0.05,0.243239,0.664707
