tmp.site,tmp.area,Lb,X1,Wb,POR,ALPHA,BETA,Ks,Kb,Kz,Qthresh,Rs,Rb1,Rb2,Prec,Frac4Rise,Error,BFF
02298170,6.73397e+08,17052.6,100,680.964,0.15,0.026265,1,720.414,21739.6,0.987917,141412,-0.096725,-0.056915,-0.066224,873.035,0.05,0.521839,0.466222
