tmp.site,tmp.area,Lb,X1,Wb,POR,ALPHA,BETA,Ks,Kb,Kz,Qthresh,Rs,Rb1,Rb2,Prec,Frac4Rise,Error,BFF
07010180,4.68788e+07,2678.8,201.405,235.54,0.15,0.008153,1.1,1596,7204.85,0.944086,3280.36,-0.851111,-0.174336,-0.121847,156.581,0.05,0.458435,0.097939
