tmp.site,tmp.area,Lb,X1,Wb,POR,ALPHA,BETA,Ks,Kb,Kz,Qthresh,Rs,Rb1,Rb2,Prec,Frac4Rise,Error,BFF
14091500,8.18436e+08,22885.4,100,35221,0.15,0.006124,1,955.562,63.9371,0.398226,3.66986e+06,-0.07155,-0.004487,-0.001852,278909,0.05,0.091392,0.882492
