tmp.site,tmp.area,Lb,X1,Wb,POR,ALPHA,BETA,Ks,Kb,Kz,Qthresh,Rs,Rb1,Rb2,Prec,Frac4Rise,Error,BFF
01102500,6.34547e+07,4739.88,332.102,506.737,0.15,0.038813,0.9,560.932,24273.3,0.40993,1957.26,-0.233791,-0.059526,-0.082192,134.561,0.05,0.441088,0.423806
