tmp.site,tmp.area,Lb,X1,Wb,POR,ALPHA,BETA,Ks,Kb,Kz,Qthresh,Rs,Rb1,Rb2,Prec,Frac4Rise,Error,BFF
04206000,1.04636e+09,9796.05,100,1360.45,0.15,0.012081,1,1858.78,14976.2,0.895564,166367,-0.099315,-0.059966,-0.057644,11498.9,0.05,0.332354,0.533574
