tmp.site,tmp.area,Lb,X1,Wb,POR,ALPHA,BETA,Ks,Kb,Kz,Qthresh,Rs,Rb1,Rb2,Prec,Frac4Rise,Error,BFF
07141900,4.1906e+09,13790.5,84.0719,372.35,0.15,0.014182,0.9,3564.12,3663.81,1.14646,80736.9,-0.174247,-0.103935,-0.190009,24.4657,0.05,85.3079,0.128054
