tmp.site,tmp.area,Lb,X1,Wb,POR,ALPHA,BETA,Ks,Kb,Kz,Qthresh,Rs,Rb1,Rb2,Prec,Frac4Rise,Error,BFF
02299450,2.09789e+08,23811.4,100,316.73,0.15,0.029544,1,404.155,41810.4,0.982118,114375,-0.090956,-0.06614,-0.099544,24.4657,0.05,1.78053,0.387567
