tmp.site,tmp.area,Lb,X1,Wb,POR,ALPHA,BETA,Ks,Kb,Kz,Qthresh,Rs,Rb1,Rb2,Prec,Frac4Rise,Error,BFF
06280300,7.92536e+08,10776.4,0.751974,4887.89,0.15,0.003781,1.4,4.15993,54.0799,1.01439,204778,-0.080311,-0.02758,-0.020311,12722.2,0.05,0.277753,0.839611
