tmp.site,tmp.area,Lb,X1,Wb,POR,ALPHA,BETA,Ks,Kb,Kz,Qthresh,Rs,Rb1,Rb2,Prec,Frac4Rise,Error,BFF
13237920,8.72826e+08,32749.8,934.563,3737.78,0.15,0.007279,3.4,183.597,74841,1.0411,219457,-0.100335,-0.026342,-0.017249,17052.6,0.05,0.333291,0.924335
