tmp.site,tmp.area,Lb,X1,Wb,POR,ALPHA,BETA,Ks,Kb,Kz,Qthresh,Rs,Rb1,Rb2,Prec,Frac4Rise,Error,BFF
01382210,7.09657e+07,31553,29.1173,221.347,0.15,0.012273,0.9,14.5351,2836.59,0.59263,123307,-0.004177,-0.053226,-0.078281,1167.01,0.05,0.830944,0.455467
