tmp.site,tmp.area,Lb,X1,Wb,POR,ALPHA,BETA,Ks,Kb,Kz,Qthresh,Rs,Rb1,Rb2,Prec,Frac4Rise,Error,BFF
02088500,6.00877e+08,14699,27.2686,795.905,0.15,0.014785,1,1931.79,8775.32,1.19083,391451,-0.128019,-0.075228,-0.095453,536.925,0.05,0.555522,0.437904
