tmp.site,tmp.area,Lb,X1,Wb,POR,ALPHA,BETA,Ks,Kb,Kz,Qthresh,Rs,Rb1,Rb2,Prec,Frac4Rise,Error,BFF
06719840,2.69359e+07,7105.2,725.723,136.091,0.15,0.022375,1,713.548,11509.6,0.168786,3131.61,-0.332962,-0.098557,-0.082629,68.504,0.05,0.476096,0.248315
