tmp.site,tmp.area,Lb,X1,Wb,POR,ALPHA,BETA,Ks,Kb,Kz,Qthresh,Rs,Rb1,Rb2,Prec,Frac4Rise,Error,BFF
03104500,2.05127e+09,16901.6,65.4846,1421.69,0.15,0.011046,1.1,4582.14,19738.7,0.557459,51378,-0.132687,-0.082398,-0.070548,4403.83,0.05,0.397937,0.415446
