tmp.site,tmp.area,Lb,X1,Wb,POR,ALPHA,BETA,Ks,Kb,Kz,Qthresh,Rs,Rb1,Rb2,Prec,Frac4Rise,Error,BFF
05287890,2.22739e+08,15293.9,100,335.305,0.15,0.031582,1,147.959,20260.8,0.92128,2446.57,-0.072232,-0.053881,-0.044684,178.6,0.05,0.499406,0.518281
