tmp.site,tmp.area,Lb,X1,Wb,POR,ALPHA,BETA,Ks,Kb,Kz,Qthresh,Rs,Rb1,Rb2,Prec,Frac4Rise,Error,BFF
02476500,1.34938e+08,8921.19,100,434.646,0.15,0.013775,1,1892.49,13108.6,0.955913,6361.09,-0.381343,-0.102099,-0.088775,146.794,0.05,0.493604,0.243906
