tmp.site,tmp.area,Lb,X1,Wb,POR,ALPHA,BETA,Ks,Kb,Kz,Qthresh,Rs,Rb1,Rb2,Prec,Frac4Rise,Error,BFF
09504350,1.10851e+08,1.9642e+06,100,19.2932,0.15,0.010656,1,208.513,637.718,0.577317,3327.34,-0.066766,-0.059041,-0.016987,128.2,0.05,0.280502,0.349589
