tmp.site,tmp.area,Lb,X1,Wb,POR,ALPHA,BETA,Ks,Kb,Kz,Qthresh,Rs,Rb1,Rb2,Prec,Frac4Rise,Error,BFF
06601200,8.18954e+11,53176,100,56343.4,0.15,0.010713,1,2625.54,7201.33,0.890851,7.92689e+07,-0.034496,-0.015893,-0.023008,2.66676e+06,0.05,0.285338,0.781223
