tmp.site,tmp.area,Lb,X1,Wb,POR,ALPHA,BETA,Ks,Kb,Kz,Qthresh,Rs,Rb1,Rb2,Prec,Frac4Rise,Error,BFF
02263869,6.63037e+06,9099.4,100,19.5744,0.15,0.002381,1,50.2867,99.6691,0.330004,1834.93,-0.064273,-0.061082,-0.030114,24.4657,0.05,0.292549,0.000694
