tmp.site,tmp.area,Lb,X1,Wb,POR,ALPHA,BETA,Ks,Kb,Kz,Qthresh,Rs,Rb1,Rb2,Prec,Frac4Rise,Error,BFF
05059300,2.28955e+10,34111.8,100,1557.46,0.15,0.010662,1,1331.54,7183.76,0.93833,261783,-0.036737,-0.03205,-0.028013,13631.8,0.05,0.465706,0.493222
