tmp.site,tmp.area,Lb,X1,Wb,POR,ALPHA,BETA,Ks,Kb,Kz,Qthresh,Rs,Rb1,Rb2,Prec,Frac4Rise,Error,BFF
12445500,1.76637e+08,758440,0.5316,22.1347,0.15,0.017937,0.9,159.478,13.6798,0.792668,15633.6,-0.086463,-0.026632,-0.058857,44.4297,0.05,3.17236,0.57401
