tmp.site,tmp.area,Lb,X1,Wb,POR,ALPHA,BETA,Ks,Kb,Kz,Qthresh,Rs,Rb1,Rb2,Prec,Frac4Rise,Error,BFF
06336600,1.59543e+09,20426.7,56.497,473.044,0.15,0.045842,1,2116.94,8736.18,1.10269,41281,-0.138365,-0.066719,-0.086584,24.4657,0.05,3.57113,0.255315
