tmp.site,tmp.area,Lb,X1,Wb,POR,ALPHA,BETA,Ks,Kb,Kz,Qthresh,Rs,Rb1,Rb2,Prec,Frac4Rise,Error,BFF
02472000,1.92436e+09,5107.75,200.766,2165.23,0.15,0.005542,1.1,4325.24,2754.29,0.811712,163920,-0.134368,-0.123569,-0.042024,17126,0.05,0.365198,0.186907
