tmp.site,tmp.area,Lb,X1,Wb,POR,ALPHA,BETA,Ks,Kb,Kz,Qthresh,Rs,Rb1,Rb2,Prec,Frac4Rise,Error,BFF
06205000,2.42423e+09,12691.4,85.3554,2682.68,0.15,0.0067,1.2,75.9037,3934.96,0.948923,1.26243e+06,-0.068507,-0.025793,-0.021388,36698.6,0.05,0.230844,0.6825
