tmp.site,tmp.area,Lb,X1,Wb,POR,ALPHA,BETA,Ks,Kb,Kz,Qthresh,Rs,Rb1,Rb2,Prec,Frac4Rise,Error,BFF
01134500,1.94767e+08,10665.6,100,579.557,0.15,0.018232,1,1293.03,18680.1,0.935223,102756,-0.264034,-0.06956,-0.066722,1981.72,0.05,0.441879,0.410953
