tmp.site,tmp.area,Lb,X1,Wb,POR,ALPHA,BETA,Ks,Kb,Kz,Qthresh,Rs,Rb1,Rb2,Prec,Frac4Rise,Error,BFF
13117020,9.86785e+08,2.03963e+06,100,330.202,0.15,0.013429,1,2408.36,2.18321,0.198419,178600,-0.077075,-0.004826,-0.006726,13211.5,0.05,0.172589,0.796097
