tmp.site,tmp.area,Lb,X1,Wb,POR,ALPHA,BETA,Ks,Kb,Kz,Qthresh,Rs,Rb1,Rb2,Prec,Frac4Rise,Error,BFF
11109375,5.12818e+08,9037.63,846.511,1026.07,0.15,0.01814,1,641.641,58832.9,0.058274,24465.7,-0.143841,-0.037549,-0.043256,24.4657,0.05,1.76677,0.331613
