tmp.site,tmp.area,Lb,X1,Wb,POR,ALPHA,BETA,Ks,Kb,Kz,Qthresh,Rs,Rb1,Rb2,Prec,Frac4Rise,Error,BFF
12147600,1.38305e+07,17324.8,100,154.4,0.15,0.013354,1,347.828,15804.8,0.992787,6605.74,-0.299371,-0.109783,-0.048248,709.506,0.05,0.401151,0.271452
