tmp.site,tmp.area,Lb,X1,Wb,POR,ALPHA,BETA,Ks,Kb,Kz,Qthresh,Rs,Rb1,Rb2,Prec,Frac4Rise,Error,BFF
01618000,1.54234e+10,30106,24.1117,3648.32,0.15,0.00827,1.8,10491.3,2007.37,1.69065,2.41477e+06,-0.13148,-0.064279,-0.042752,113521,0.05,0.340598,0.48031
