tmp.site,tmp.area,Lb,X1,Wb,POR,ALPHA,BETA,Ks,Kb,Kz,Qthresh,Rs,Rb1,Rb2,Prec,Frac4Rise,Error,BFF
11239300,1.14477e+07,5006.24,1.37069,434.973,0.15,0.005603,2.5,27.4446,4.03653,0.842417,14924.1,-0.066766,-0.035247,-0.018139,880.766,0.05,0.379951,0.167755
