tmp.site,tmp.area,Lb,X1,Wb,POR,ALPHA,BETA,Ks,Kb,Kz,Qthresh,Rs,Rb1,Rb2,Prec,Frac4Rise,Error,BFF
03576148,3.52238e+08,9293.83,100,1332.58,0.15,0.021707,1,3233.78,26010.8,1.03124,4159.17,-0.234906,-0.088023,-0.096689,146.794,0.05,0.496425,0.398732
