tmp.site,tmp.area,Lb,X1,Wb,POR,ALPHA,BETA,Ks,Kb,Kz,Qthresh,Rs,Rb1,Rb2,Prec,Frac4Rise,Error,BFF
06864000,1.80393e+10,5356.83,139.477,1372.31,0.15,0.007723,1,8342.64,822.625,0.170484,149241,-0.141586,-0.073467,-0.069456,48.9314,0.05,3.35808,0.130677
