tmp.site,tmp.area,Lb,X1,Wb,POR,ALPHA,BETA,Ks,Kb,Kz,Qthresh,Rs,Rb1,Rb2,Prec,Frac4Rise,Error,BFF
05114000,2.31545e+10,27879.9,35.4843,1559.27,0.15,0.035606,1,5318.23,4962.8,0.965957,9786.29,-0.082486,-0.049293,-0.052032,24.4657,0.05,3.68493,0.158016
