tmp.site,tmp.area,Lb,X1,Wb,POR,ALPHA,BETA,Ks,Kb,Kz,Qthresh,Rs,Rb1,Rb2,Prec,Frac4Rise,Error,BFF
03170000,7.76996e+08,14744.2,410.557,1191.24,0.15,0.01119,1.6,2114.99,6621.48,1.06708,391451,-0.265727,-0.046509,-0.035597,18349.3,0.05,0.273823,0.530166
