tmp.site,tmp.area,Lb,X1,Wb,POR,ALPHA,BETA,Ks,Kb,Kz,Qthresh,Rs,Rb1,Rb2,Prec,Frac4Rise,Error,BFF
07024500,9.91965e+08,12216.3,2631.87,1069.01,0.15,0.005308,10.1,1271.26,793.819,0.485044,225085,-0.086744,-0.11661,-0.04994,20795.9,0.05,0.356779,0.24148
