tmp.site,tmp.area,Lb,X1,Wb,POR,ALPHA,BETA,Ks,Kb,Kz,Qthresh,Rs,Rb1,Rb2,Prec,Frac4Rise,Error,BFF
07364185,2.87489e+09,24762.9,185.193,11274.5,0.15,0.064156,0.9,2006.71,43126,0.950593,74131.1,-0.06205,-0.036729,-0.092665,1572.41,0.05,0.764712,0.528001
