tmp.site,tmp.area,Lb,X1,Wb,POR,ALPHA,BETA,Ks,Kb,Kz,Qthresh,Rs,Rb1,Rb2,Prec,Frac4Rise,Error,BFF
02422500,5.25768e+08,17443.8,7233.79,1063.58,0.15,0.00974,10.1,1706.76,6225.47,0.644348,119637,-0.284102,-0.068882,-0.032717,9296.97,0.05,0.30222,0.440394
