tmp.site,tmp.area,Lb,X1,Wb,POR,ALPHA,BETA,Ks,Kb,Kz,Qthresh,Rs,Rb1,Rb2,Prec,Frac4Rise,Error,BFF
04027000,1.54622e+09,9625.69,2617.63,2639.14,0.15,0.009896,3.1,2384.83,1080.19,0.761128,229978,-0.100482,-0.069434,-0.033024,16774.7,0.05,0.402447,0.311961
