tmp.site,tmp.area,Lb,X1,Wb,POR,ALPHA,BETA,Ks,Kb,Kz,Qthresh,Rs,Rb1,Rb2,Prec,Frac4Rise,Error,BFF
06884200,8.90956e+08,12317,14.7389,328.08,0.15,0.00732,1,1077.55,1844.95,1.09523,83917.4,-0.202733,-0.098788,-0.111339,113.178,0.05,1.4387,0.133043
