tmp.site,tmp.area,Lb,X1,Wb,POR,ALPHA,BETA,Ks,Kb,Kz,Qthresh,Rs,Rb1,Rb2,Prec,Frac4Rise,Error,BFF
06404998,6.94117e+07,4331.13,948.524,315.023,0.15,0.025221,1,185.857,27742.6,0.079062,9052.31,-0.159227,-0.035578,-0.036611,24.4657,0.05,1.79372,0.452742
