tmp.site,tmp.area,Lb,X1,Wb,POR,ALPHA,BETA,Ks,Kb,Kz,Qthresh,Rs,Rb1,Rb2,Prec,Frac4Rise,Error,BFF
06436190,2.00206e+08,16923.1,416.765,624.061,0.15,0.01398,1,792.356,77107.9,0.043268,39389.8,-0.111572,-0.0385,-0.037575,491.761,0.05,0.33614,0.558088
