tmp.site,tmp.area,Lb,X1,Wb,POR,ALPHA,BETA,Ks,Kb,Kz,Qthresh,Rs,Rb1,Rb2,Prec,Frac4Rise,Error,BFF
12097820,8.88366e+07,5657.42,678.374,1462.38,0.15,0.022335,1.1,1498.43,13094.9,0.271905,18435.2,-0.174582,-0.070291,-0.022638,1160.46,0.05,0.300012,0.383943
