tmp.site,tmp.area,Lb,X1,Wb,POR,ALPHA,BETA,Ks,Kb,Kz,Qthresh,Rs,Rb1,Rb2,Prec,Frac4Rise,Error,BFF
04084445,1.54104e+10,26466.9,27.5903,21963.4,0.15,0.012155,0.8,771.011,6940.63,0.955378,1.28788e+07,-0.013582,-0.028284,-0.057531,409311,0.05,0.324809,0.923912
