tmp.site,tmp.area,Lb,X1,Wb,POR,ALPHA,BETA,Ks,Kb,Kz,Qthresh,Rs,Rb1,Rb2,Prec,Frac4Rise,Error,BFF
08020900,8.17141e+09,6672.01,100,8216.56,0.15,0.018274,1,13682,9002.78,0.934082,300928,-0.081528,-0.067235,-0.067753,7339.71,0.05,0.482024,0.405139
