tmp.site,tmp.area,Lb,X1,Wb,POR,ALPHA,BETA,Ks,Kb,Kz,Qthresh,Rs,Rb1,Rb2,Prec,Frac4Rise,Error,BFF
07050500,1.36492e+09,19291.2,36.674,1312.13,0.15,0.010431,1.3,3940.77,10055.8,0.914595,51378,-0.143841,-0.086801,-0.053035,1003.09,0.05,0.434403,0.392094
