tmp.site,tmp.area,Lb,X1,Wb,POR,ALPHA,BETA,Ks,Kb,Kz,Qthresh,Rs,Rb1,Rb2,Prec,Frac4Rise,Error,BFF
06332190,2.25329e+09,77079.6,100,29.4201,0.15,0.014148,1,3130.67,6551.93,0.995342,23390.4,-0.129458,-0.043057,-0.091534,423.257,0.05,0.793873,0.296574
