tmp.site,tmp.area,Lb,X1,Wb,POR,ALPHA,BETA,Ks,Kb,Kz,Qthresh,Rs,Rb1,Rb2,Prec,Frac4Rise,Error,BFF
05467000,4.50658e+08,21360.8,49.8722,412.205,0.15,0.01782,1.1,686.616,10101.1,1.48779,9296.97,-0.202733,-0.063652,-0.051526,611.643,0.05,0.497592,0.373932
