tmp.site,tmp.area,Lb,X1,Wb,POR,ALPHA,BETA,Ks,Kb,Kz,Qthresh,Rs,Rb1,Rb2,Prec,Frac4Rise,Error,BFF
08329928,4.45737e+10,16092,100,2856.61,0.15,0.007802,1,1764.91,9770.47,0.910794,1.72728e+06,-0.033199,-0.035602,-0.048375,22354.3,0.05,0.444047,0.62781
