tmp.site,tmp.area,Lb,X1,Wb,POR,ALPHA,BETA,Ks,Kb,Kz,Qthresh,Rs,Rb1,Rb2,Prec,Frac4Rise,Error,BFF
06214500,3.058e+10,89635.4,33.3154,5369.62,0.15,0.00333,1.1,3692.47,14634.5,1.34618,1.10585e+07,-0.051137,-0.024298,-0.022826,330287,0.05,0.306996,0.717548
