tmp.site,tmp.area,Lb,X1,Wb,POR,ALPHA,BETA,Ks,Kb,Kz,Qthresh,Rs,Rb1,Rb2,Prec,Frac4Rise,Error,BFF
01387450,3.18569e+07,15339.8,100,199.291,0.15,0.028175,1,230.781,20049.4,0.718527,3180.54,-0.286708,-0.063386,-0.052042,173.707,0.05,0.370941,0.456746
