tmp.site,tmp.area,Lb,X1,Wb,POR,ALPHA,BETA,Ks,Kb,Kz,Qthresh,Rs,Rb1,Rb2,Prec,Frac4Rise,Error,BFF
06910750,1.45298e+09,6336.43,100,1056.02,0.15,0.009843,1,4472.86,13678.2,0.968434,78290.3,-0.202733,-0.131433,-0.091306,195.726,0.05,0.545877,0.184353
