tmp.site,tmp.area,Lb,X1,Wb,POR,ALPHA,BETA,Ks,Kb,Kz,Qthresh,Rs,Rb1,Rb2,Prec,Frac4Rise,Error,BFF
07274252,2.51488e+08,8626.67,3768.22,827.968,0.15,0.004493,10.1,1208.98,1996.3,0.731674,61164.3,-0.350903,-0.128294,-0.038046,4159.17,0.05,0.33414,0.241764
