tmp.site,tmp.area,Lb,X1,Wb,POR,ALPHA,BETA,Ks,Kb,Kz,Qthresh,Rs,Rb1,Rb2,Prec,Frac4Rise,Error,BFF
01351298,2.64179e+08,16097.1,100,996.47,0.15,0.018618,1,2584.77,31212.9,0.980588,375989,-0.263476,-0.065866,-0.084105,415.012,0.05,0.396591,0.466883
