tmp.site,tmp.area,Lb,X1,Wb,POR,ALPHA,BETA,Ks,Kb,Kz,Qthresh,Rs,Rb1,Rb2,Prec,Frac4Rise,Error,BFF
02167705,2.84899e+08,5759.61,100,506.134,0.15,0.0122,1,2403.42,14688.4,1.08322,88565.9,-0.349782,-0.095108,-0.199079,24.4657,0.05,1.63702,0.140503
