tmp.site,tmp.area,Lb,X1,Wb,POR,ALPHA,BETA,Ks,Kb,Kz,Qthresh,Rs,Rb1,Rb2,Prec,Frac4Rise,Error,BFF
14231900,6.47497e+08,9299.34,100,2835.34,0.15,0.008201,1,586.091,2042.16,0.913074,790243,-0.099802,-0.032358,-0.016593,59843.1,0.05,0.252333,0.585654
