tmp.site,tmp.area,Lb,X1,Wb,POR,ALPHA,BETA,Ks,Kb,Kz,Qthresh,Rs,Rb1,Rb2,Prec,Frac4Rise,Error,BFF
08055500,6.36878e+09,14501.2,11.3312,762.342,0.15,0.009741,0.9,4171.76,282.316,1.29465,1.17435e+06,-0.114709,-0.07829,-0.158947,24.4657,0.05,578.586,0.096733
