tmp.site,tmp.area,Lb,X1,Wb,POR,ALPHA,BETA,Ks,Kb,Kz,Qthresh,Rs,Rb1,Rb2,Prec,Frac4Rise,Error,BFF
02056000,1.3183e+09,15969.1,4896.5,1552.34,0.15,0.00684,10.1,2344.33,2580.01,0.961704,403684,-0.183073,-0.063351,-0.036796,22503.3,0.05,0.264346,0.470548
