tmp.site,tmp.area,Lb,X1,Wb,POR,ALPHA,BETA,Ks,Kb,Kz,Qthresh,Rs,Rb1,Rb2,Prec,Frac4Rise,Error,BFF
04119055,1.20693e+08,8708.23,100,325.727,0.15,0.013827,1,1192.35,6848.08,0.946074,18962.9,-0.287017,-0.100602,-0.073446,1568.55,0.05,0.36857,0.292044
