tmp.site,tmp.area,Lb,X1,Wb,POR,ALPHA,BETA,Ks,Kb,Kz,Qthresh,Rs,Rb1,Rb2,Prec,Frac4Rise,Error,BFF
01573825,5.64617e+08,19578.6,34.3594,860.185,0.15,0.010054,1.8,3990.55,3090.16,1.04,133338,-0.333782,-0.091831,-0.052237,4134.71,0.05,0.330187,0.370172
