tmp.site,tmp.area,Lb,X1,Wb,POR,ALPHA,BETA,Ks,Kb,Kz,Qthresh,Rs,Rb1,Rb2,Prec,Frac4Rise,Error,BFF
05455700,1.11188e+10,18803.2,100,3189.95,0.15,0.010025,1,3842.92,13921.6,0.995943,526013,-0.051065,-0.039827,-0.048017,38655.8,0.05,0.38881,0.496696
