tmp.site,tmp.area,Lb,X1,Wb,POR,ALPHA,BETA,Ks,Kb,Kz,Qthresh,Rs,Rb1,Rb2,Prec,Frac4Rise,Error,BFF
07105940,6.94117e+07,143379,103.968,23.4837,0.15,0.044055,0.9,149.169,76458.4,0.993307,3743.25,-0.158415,-0.068926,-0.100681,24.4657,0.05,4.26883,0.171698
