tmp.site,tmp.area,Lb,X1,Wb,POR,ALPHA,BETA,Ks,Kb,Kz,Qthresh,Rs,Rb1,Rb2,Prec,Frac4Rise,Error,BFF
08134250,3.62598e+09,734.383,1.55784,50.3804,0.15,0.002222,1,3350.94,0.20979,1.27919,8726.92,-0.223179,-0.168248,-0.165101,24.4657,0.05,0.33173,0.000124
