tmp.site,tmp.area,Lb,X1,Wb,POR,ALPHA,BETA,Ks,Kb,Kz,Qthresh,Rs,Rb1,Rb2,Prec,Frac4Rise,Error,BFF
11491470,2.92669e+07,5194.97,316.85,117.18,0.15,0.013872,1,76.5712,4481.98,0.330922,2764.63,-0.122051,-0.036127,-0.03207,144.348,0.05,0.359478,0.307733
