tmp.site,tmp.area,Lb,X1,Wb,POR,ALPHA,BETA,Ks,Kb,Kz,Qthresh,Rs,Rb1,Rb2,Prec,Frac4Rise,Error,BFF
01124350,8.08076e+07,11497.3,100,347.494,0.15,0.034183,1,222.408,15723,0.946123,132249,-0.119477,-0.053583,-0.061667,241.623,0.05,0.401473,0.565083
