tmp.site,tmp.area,Lb,X1,Wb,POR,ALPHA,BETA,Ks,Kb,Kz,Qthresh,Rs,Rb1,Rb2,Prec,Frac4Rise,Error,BFF
383103106594200,5.52444e+09,30920.3,465.1,2230.12,0.15,0.009945,1.1,1281.88,1968.66,0.150912,604303,-0.054845,-0.020256,-0.016882,52941.4,0.05,0.223701,0.447611
