tmp.site,tmp.area,Lb,X1,Wb,POR,ALPHA,BETA,Ks,Kb,Kz,Qthresh,Rs,Rb1,Rb2,Prec,Frac4Rise,Error,BFF
06169500,8.33976e+08,10260.5,100,158.824,0.15,0.028956,1,1720.34,11735.5,0.909851,11254.2,-0.130831,-0.089583,-0.096575,24.4657,0.05,2.80562,0.11666
