tmp.site,tmp.area,Lb,X1,Wb,POR,ALPHA,BETA,Ks,Kb,Kz,Qthresh,Rs,Rb1,Rb2,Prec,Frac4Rise,Error,BFF
02147500,5.02458e+08,9295.74,100,661.323,0.15,0.010403,1,3104.89,9862.2,0.988429,176153,-0.379794,-0.090255,-0.097199,181.046,0.05,0.551079,0.245239
