tmp.site,tmp.area,Lb,X1,Wb,POR,ALPHA,BETA,Ks,Kb,Kz,Qthresh,Rs,Rb1,Rb2,Prec,Frac4Rise,Error,BFF
02146110,1.50219e+07,13371,100,50.9653,0.15,0.02941,1,341.614,12267.6,0.87609,9199.11,-0.684067,-0.106689,-0.112465,24.4657,0.05,0.591301,0.188936
