tmp.site,tmp.area,Lb,X1,Wb,POR,ALPHA,BETA,Ks,Kb,Kz,Qthresh,Rs,Rb1,Rb2,Prec,Frac4Rise,Error,BFF
11290000,4.87954e+09,13182.3,100,3912.39,0.15,0.005167,1,680.465,9599.28,0.947719,1.14255e+06,-0.060805,-0.045872,-0.047591,20795.9,0.05,0.451196,0.557866
