tmp.site,tmp.area,Lb,X1,Wb,POR,ALPHA,BETA,Ks,Kb,Kz,Qthresh,Rs,Rb1,Rb2,Prec,Frac4Rise,Error,BFF
01184000,2.50193e+10,15744.7,100,7918.28,0.15,0.010819,1,10233.3,16905.1,2.71847,4.11024e+07,-0.08392,-0.045515,-0.055866,521120,0.05,0.292009,0.587684
