tmp.site,tmp.area,Lb,X1,Wb,POR,ALPHA,BETA,Ks,Kb,Kz,Qthresh,Rs,Rb1,Rb2,Prec,Frac4Rise,Error,BFF
04087050,2.07199e+07,18861.3,550.664,71.0096,0.15,0.057479,1.1,294.849,83483.8,0.247203,2691.23,-0.209884,-0.083911,-0.063146,24.4657,0.05,0.600756,0.245574
