tmp.site,tmp.area,Lb,X1,Wb,POR,ALPHA,BETA,Ks,Kb,Kz,Qthresh,Rs,Rb1,Rb2,Prec,Frac4Rise,Error,BFF
07367005,3.96216e+10,100302,22.7001,35669.5,0.15,0.015853,0.9,3086.86,4934.45,1.6285,5.40692e+07,-0.094286,-0.026716,-0.076007,180073,0.05,1.53396,0.719213
