tmp.site,tmp.area,Lb,X1,Wb,POR,ALPHA,BETA,Ks,Kb,Kz,Qthresh,Rs,Rb1,Rb2,Prec,Frac4Rise,Error,BFF
09032050,1.70939e+06,17798.3,52.3055,54.3576,0.15,0.010676,1.3,58.6914,5156.75,0.080185,856.3,-0.093759,-0.030936,-0.0251,24.4657,0.05,0.269489,0.527755
