tmp.site,tmp.area,Lb,X1,Wb,POR,ALPHA,BETA,Ks,Kb,Kz,Qthresh,Rs,Rb1,Rb2,Prec,Frac4Rise,Error,BFF
01513831,1.09194e+10,16727.3,2.02423,5404.34,0.15,0.010292,2.4,11315.2,50.5257,2.21617,2.32581e+06,-0.139241,-0.059354,-0.033687,170367,0.05,0.324514,0.556995
