tmp.site,tmp.area,Lb,X1,Wb,POR,ALPHA,BETA,Ks,Kb,Kz,Qthresh,Rs,Rb1,Rb2,Prec,Frac4Rise,Error,BFF
03215000,1.00932e+10,10167.1,100,4127.37,0.15,0.012741,1,12509.1,15977.4,1.76915,15081.6,-0.168017,-0.07849,-0.060313,1838.6,0.05,1.28575,0.385069
