tmp.site,tmp.area,Lb,X1,Wb,POR,ALPHA,BETA,Ks,Kb,Kz,Qthresh,Rs,Rb1,Rb2,Prec,Frac4Rise,Error,BFF
09498502,2.64179e+08,22136.7,330.997,126.413,0.15,0.018451,1,957.732,9235.86,0.184238,10275.6,-0.140197,-0.058408,-0.054247,24.4657,0.05,10.7094,0.104804
