tmp.site,tmp.area,Lb,X1,Wb,POR,ALPHA,BETA,Ks,Kb,Kz,Qthresh,Rs,Rb1,Rb2,Prec,Frac4Rise,Error,BFF
09499000,1.74824e+09,22718.1,24.7912,508.949,0.15,0.008548,1,1533.93,4278.05,0.335665,43059.7,-0.185536,-0.066714,-0.079732,24.4657,0.05,22.4188,0.194927
