tmp.site,tmp.area,Lb,X1,Wb,POR,ALPHA,BETA,Ks,Kb,Kz,Qthresh,Rs,Rb1,Rb2,Prec,Frac4Rise,Error,BFF
03584600,4.67493e+09,15717.3,2.102,2482.33,0.15,0.012668,1.4,6080.21,186.448,2.22722,655681,-0.118194,-0.079686,-0.052251,44527.6,0.05,0.359614,0.421887
