tmp.site,tmp.area,Lb,X1,Wb,POR,ALPHA,BETA,Ks,Kb,Kz,Qthresh,Rs,Rb1,Rb2,Prec,Frac4Rise,Error,BFF
09015000,4.92098e+08,21405.5,100,352.426,0.15,0.00811,1,354.965,741.343,0.967753,53335.3,-0.032999,-0.058139,-0.019446,4403.83,0.05,0.325469,0.165494
