tmp.site,tmp.area,Lb,X1,Wb,POR,ALPHA,BETA,Ks,Kb,Kz,Qthresh,Rs,Rb1,Rb2,Prec,Frac4Rise,Error,BFF
08208000,3.03288e+09,2182.49,100,747.584,0.15,0.003699,1,2737.3,2813.94,0.894311,51378,-0.178337,-0.122375,-0.135688,24.4657,0.05,9.25505,0.054752
