tmp.site,tmp.area,Lb,X1,Wb,POR,ALPHA,BETA,Ks,Kb,Kz,Qthresh,Rs,Rb1,Rb2,Prec,Frac4Rise,Error,BFF
07312200,1.68867e+09,15989,14.8908,202.176,0.15,0.004998,0.9,3507.34,341.193,1.22651,24465.7,-0.158082,-0.113589,-0.193164,24.4657,0.05,13.0193,0.04318
