tmp.site,tmp.area,Lb,X1,Wb,POR,ALPHA,BETA,Ks,Kb,Kz,Qthresh,Rs,Rb1,Rb2,Prec,Frac4Rise,Error,BFF
01342743,5.62027e+07,83248.5,100,147.448,0.15,0.03629,1,821.458,50850.7,0.953086,12110.5,-0.345344,-0.067358,-0.058724,308.146,0.05,0.512529,0.275471
