tmp.site,tmp.area,Lb,X1,Wb,POR,ALPHA,BETA,Ks,Kb,Kz,Qthresh,Rs,Rb1,Rb2,Prec,Frac4Rise,Error,BFF
07055646,1.48665e+08,5847.8,100,570.129,0.15,0.018076,1,940.637,12211.4,0.918314,33273.4,-0.143841,-0.094808,-0.083706,24.4657,0.05,0.546837,0.294031
