tmp.site,tmp.area,Lb,X1,Wb,POR,ALPHA,BETA,Ks,Kb,Kz,Qthresh,Rs,Rb1,Rb2,Prec,Frac4Rise,Error,BFF
08382830,6.29367e+09,8880.78,41.2367,1183.51,0.15,0.008723,1.1,854.045,25147,1.00735,59941,-0.029796,-0.245422,-0.147712,24.4657,0.05,147.11,0.3955
