tmp.site,tmp.area,Lb,X1,Wb,POR,ALPHA,BETA,Ks,Kb,Kz,Qthresh,Rs,Rb1,Rb2,Prec,Frac4Rise,Error,BFF
02296750,3.54051e+09,16538.8,0.161502,2011.65,0.15,0.011679,1.3,3176.85,14.9933,0.67732,374325,-0.089926,-0.049803,-0.036642,8575.23,0.05,0.40941,0.469774
