tmp.site,tmp.area,Lb,X1,Wb,POR,ALPHA,BETA,Ks,Kb,Kz,Qthresh,Rs,Rb1,Rb2,Prec,Frac4Rise,Error,BFF
02145642,2.30509e+08,5091.65,507.071,996.809,0.15,0.016824,1.4,1894.6,4380.07,0.5784,69700.4,-0.515304,-0.060272,-0.038831,1235.08,0.05,0.360436,0.363538
