tmp.site,tmp.area,Lb,X1,Wb,POR,ALPHA,BETA,Ks,Kb,Kz,Qthresh,Rs,Rb1,Rb2,Prec,Frac4Rise,Error,BFF
03364042,4.63608e+07,3066.37,481.934,471.358,0.15,0.029428,0.9,842.634,36870.1,0.360832,32050.1,-0.317601,-0.093071,-0.128596,24.4657,0.05,0.779443,0.323953
