tmp.site,tmp.area,Lb,X1,Wb,POR,ALPHA,BETA,Ks,Kb,Kz,Qthresh,Rs,Rb1,Rb2,Prec,Frac4Rise,Error,BFF
04206425,1.43744e+09,16914.7,1.9899,1727.58,0.15,0.008565,1.5,3532.88,257.839,1.18069,489314,-0.197973,-0.061185,-0.047092,39879.1,0.05,0.29503,0.580693
