tmp.site,tmp.area,Lb,X1,Wb,POR,ALPHA,BETA,Ks,Kb,Kz,Qthresh,Rs,Rb1,Rb2,Prec,Frac4Rise,Error,BFF
09447800,7.82176e+08,994422,100,24.832,0.15,0.025863,1,680.37,5924.33,0.939312,5798.37,-0.072688,-0.03712,-0.023727,89.6668,0.05,0.530658,0.260028
