tmp.site,tmp.area,Lb,X1,Wb,POR,ALPHA,BETA,Ks,Kb,Kz,Qthresh,Rs,Rb1,Rb2,Prec,Frac4Rise,Error,BFF
08050400,4.50658e+08,7568.87,0.438628,723.462,0.15,0.019987,1,1520.57,97.3424,1.02256,5186.73,-0.259002,-0.108268,-0.12505,24.4657,0.05,5.74828,0.293987
