tmp.site,tmp.area,Lb,X1,Wb,POR,ALPHA,BETA,Ks,Kb,Kz,Qthresh,Rs,Rb1,Rb2,Prec,Frac4Rise,Error,BFF
02204285,3.08209e+07,15255.5,91.9736,187.145,0.15,0.014577,0.9,112.595,12996.3,0.565526,5871.77,-0.083598,-0.048402,-0.066611,489.314,0.05,0.444862,0.515886
