tmp.site,tmp.area,Lb,X1,Wb,POR,ALPHA,BETA,Ks,Kb,Kz,Qthresh,Rs,Rb1,Rb2,Prec,Frac4Rise,Error,BFF
07195865,4.94688e+07,8869.42,3497.15,319.364,0.15,0.013533,3.4,225.098,6728.45,0.727693,24245.5,-0.100335,-0.08849,-0.047014,879.396,0.05,0.29686,0.327923
