tmp.site,tmp.area,Lb,X1,Wb,POR,ALPHA,BETA,Ks,Kb,Kz,Qthresh,Rs,Rb1,Rb2,Prec,Frac4Rise,Error,BFF
02135517,3.47058e+08,8252.28,100,614.659,0.15,0.01503,1,1179.32,13628.8,0.954757,85630,-0.101413,-0.077268,-0.0788,2227.36,0.05,0.425457,0.346777
