tmp.site,tmp.area,Lb,X1,Wb,POR,ALPHA,BETA,Ks,Kb,Kz,Qthresh,Rs,Rb1,Rb2,Prec,Frac4Rise,Error,BFF
13132100,3.43173e+09,4603.73,57.2323,1719.46,0.15,0.09212,0.9,335.122,3730.2,0.979701,97862.9,-0.094462,-0.050791,-0.117465,24.4657,0.05,25.5359,0.60699
