tmp.site,tmp.area,Lb,X1,Wb,POR,ALPHA,BETA,Ks,Kb,Kz,Qthresh,Rs,Rb1,Rb2,Prec,Frac4Rise,Error,BFF
09216050,3.84613e+09,395764,100,175.949,0.15,0.032337,1,2133.4,601.055,0.948913,164326,-0.111448,-0.031792,-0.017532,2446.57,0.05,0.398217,0.405676
