tmp.site,tmp.area,Lb,X1,Wb,POR,ALPHA,BETA,Ks,Kb,Kz,Qthresh,Rs,Rb1,Rb2,Prec,Frac4Rise,Error,BFF
07189540,2.07199e+07,26837.2,100,83.1055,0.15,0.015762,1,23.39,11537.8,0.532813,8514.07,-0.061296,-0.058201,-0.038103,288.328,0.05,0.211255,0.465405
