tmp.site,tmp.area,Lb,X1,Wb,POR,ALPHA,BETA,Ks,Kb,Kz,Qthresh,Rs,Rb1,Rb2,Prec,Frac4Rise,Error,BFF
10136500,4.21391e+09,35373,100,1063.61,0.15,0.007242,1,842.493,12542.4,0.970374,1.25754e+06,-0.076849,-0.030123,-0.033174,11131.9,0.05,0.369426,0.541436
