tmp.site,tmp.area,Lb,X1,Wb,POR,ALPHA,BETA,Ks,Kb,Kz,Qthresh,Rs,Rb1,Rb2,Prec,Frac4Rise,Error,BFF
01330000,6.44907e+07,12917.8,100,266.522,0.15,0.01702,1,607.794,23526.5,0.991279,4519.31,-0.254908,-0.07183,-0.067018,492.054,0.05,0.371938,0.433367
