tmp.site,tmp.area,Lb,X1,Wb,POR,ALPHA,BETA,Ks,Kb,Kz,Qthresh,Rs,Rb1,Rb2,Prec,Frac4Rise,Error,BFF
02299950,1.69126e+08,17252.9,37.813,298.326,0.15,0.009701,1.3,1018.92,12039.1,1.02651,17052.6,-0.242754,-0.106521,-0.069854,171.26,0.05,0.454772,0.262935
