tmp.site,tmp.area,Lb,X1,Wb,POR,ALPHA,BETA,Ks,Kb,Kz,Qthresh,Rs,Rb1,Rb2,Prec,Frac4Rise,Error,BFF
13337000,3.05101e+09,30145.1,0.219724,2556.28,0.15,0.009607,1.4,2443.25,19.8094,1.0245,841621,-0.091161,-0.031818,-0.022786,68504,0.05,0.262433,0.595311
