tmp.site,tmp.area,Lb,X1,Wb,POR,ALPHA,BETA,Ks,Kb,Kz,Qthresh,Rs,Rb1,Rb2,Prec,Frac4Rise,Error,BFF
01650800,1.67054e+07,9442.09,100,76.051,0.15,0.019346,1,718.814,6439.74,0.691221,21456.4,-0.625597,-0.082258,-0.114568,190.833,0.05,0.431095,0.210114
