tmp.site,tmp.area,Lb,X1,Wb,POR,ALPHA,BETA,Ks,Kb,Kz,Qthresh,Rs,Rb1,Rb2,Prec,Frac4Rise,Error,BFF
02298123,6.03467e+08,17221.7,100,755.769,0.15,0.027773,1,717.533,24751.2,0.991423,19474.7,-0.093902,-0.05849,-0.058169,366.986,0.05,0.441431,0.46815
