tmp.site,tmp.area,Lb,X1,Wb,POR,ALPHA,BETA,Ks,Kb,Kz,Qthresh,Rs,Rb1,Rb2,Prec,Frac4Rise,Error,BFF
01589312,2.04609e+06,2807.8,100,49.9341,0.15,0.012055,1,458.247,2676.46,0.322115,1565.81,-1.07011,-0.097246,-0.122428,24.4657,0.05,0.470017,0.149275
