tmp.site,tmp.area,Lb,X1,Wb,POR,ALPHA,BETA,Ks,Kb,Kz,Qthresh,Rs,Rb1,Rb2,Prec,Frac4Rise,Error,BFF
03336000,2.12845e+10,29539.9,1.8575,3718.49,0.15,0.006553,2.7,8241.67,30.8323,1.1619,2.12852e+06,-0.095897,-0.056764,-0.035007,200619,0.05,0.343034,0.465223
