tmp.site,tmp.area,Lb,X1,Wb,POR,ALPHA,BETA,Ks,Kb,Kz,Qthresh,Rs,Rb1,Rb2,Prec,Frac4Rise,Error,BFF
14147500,6.37137e+08,7132.63,100,2297.23,0.15,0.007818,1,968.62,2005.3,0.945743,293589,-0.117525,-0.042752,-0.010722,26912.3,0.05,0.275545,0.480923
