tmp.site,tmp.area,Lb,X1,Wb,POR,ALPHA,BETA,Ks,Kb,Kz,Qthresh,Rs,Rb1,Rb2,Prec,Frac4Rise,Error,BFF
12392300,3.21159e+08,26569,14.9112,627.214,0.15,0.021737,1.5,354.657,2021.1,1.14916,51378,-0.120959,-0.040468,-0.025569,4088.47,0.05,0.306641,0.609911
