tmp.site,tmp.area,Lb,X1,Wb,POR,ALPHA,BETA,Ks,Kb,Kz,Qthresh,Rs,Rb1,Rb2,Prec,Frac4Rise,Error,BFF
01192883,7.71816e+07,8707.07,100,399.906,0.15,0.03215,1,449.395,12552.7,0.959247,78290.3,-0.1454,-0.065296,-0.07319,269.123,0.05,0.381531,0.452576
