tmp.site,tmp.area,Lb,X1,Wb,POR,ALPHA,BETA,Ks,Kb,Kz,Qthresh,Rs,Rb1,Rb2,Prec,Frac4Rise,Error,BFF
05056060,1.55917e+08,18713.9,100,205.019,0.15,0.073289,1,111.948,35639,0.97931,13667.5,-0.111327,-0.075537,-0.109873,24.4657,0.05,2.55181,0.357782
