tmp.site,tmp.area,Lb,X1,Wb,POR,ALPHA,BETA,Ks,Kb,Kz,Qthresh,Rs,Rb1,Rb2,Prec,Frac4Rise,Error,BFF
02329600,7.89946e+08,9628.98,100,903.238,0.15,0.00969,1,1739.65,9180.87,0.997613,325394,-0.128964,-0.077747,-0.061574,2691.23,0.05,0.465949,0.343459
