tmp.site,tmp.area,Lb,X1,Wb,POR,ALPHA,BETA,Ks,Kb,Kz,Qthresh,Rs,Rb1,Rb2,Prec,Frac4Rise,Error,BFF
02296389,1.68608e+08,20702.7,100,337.418,0.15,0.040131,1,261.84,21661.4,0.940944,8609,-0.127449,-0.054677,-0.072964,22.9978,0.05,0.593207,0.417129
