tmp.site,tmp.area,Lb,X1,Wb,POR,ALPHA,BETA,Ks,Kb,Kz,Qthresh,Rs,Rb1,Rb2,Prec,Frac4Rise,Error,BFF
12391400,5.62261e+10,67213.5,36.7332,47901.3,0.15,0.009251,0.9,8735.55,29485.2,1.72129,4.94207e+07,-0.07575,-0.035072,-0.061096,869585,0.05,0.389244,0.953559
