tmp.site,tmp.area,Lb,X1,Wb,POR,ALPHA,BETA,Ks,Kb,Kz,Qthresh,Rs,Rb1,Rb2,Prec,Frac4Rise,Error,BFF
08210000,3.99557e+10,21498.5,100,755.795,0.15,0.004375,1,28395.5,98.6333,0.925237,127222,-0.143841,-0.099888,-0.150757,24.4657,0.05,108,0.037152
