tmp.site,tmp.area,Lb,X1,Wb,POR,ALPHA,BETA,Ks,Kb,Kz,Qthresh,Rs,Rb1,Rb2,Prec,Frac4Rise,Error,BFF
05425912,4.06628e+08,21999.2,89.1861,699.979,0.15,0.027715,0.9,248.822,22602.4,0.932031,191322,-0.031751,-0.054797,-0.118098,660.574,0.05,1.53489,0.621887
