tmp.site,tmp.area,Lb,X1,Wb,POR,ALPHA,BETA,Ks,Kb,Kz,Qthresh,Rs,Rb1,Rb2,Prec,Frac4Rise,Error,BFF
11451100,1.55917e+08,7561.85,386.516,704.553,0.15,0.018859,1,632.571,24130.4,0.663885,13382.7,-0.172007,-0.056442,-0.047283,24.4657,0.05,1.57476,0.328377
