tmp.site,tmp.area,Lb,X1,Wb,POR,ALPHA,BETA,Ks,Kb,Kz,Qthresh,Rs,Rb1,Rb2,Prec,Frac4Rise,Error,BFF
04267500,2.42682e+09,39697.5,49.1022,4137.88,0.15,0.017099,0.9,3289.97,24267,0.944329,4.50169e+06,-0.068025,-0.038743,-0.100082,18349.3,0.05,1.93118,0.718899
