tmp.site,tmp.area,Lb,X1,Wb,POR,ALPHA,BETA,Ks,Kb,Kz,Qthresh,Rs,Rb1,Rb2,Prec,Frac4Rise,Error,BFF
0214676115,2.4838e+08,189581,100,119.443,0.15,0.015803,1,142.954,96963.1,0.906498,172483,-0.336701,-0.047959,-0.051049,10937.6,0.05,0.266752,0.553412
