tmp.site,tmp.area,Lb,X1,Wb,POR,ALPHA,BETA,Ks,Kb,Kz,Qthresh,Rs,Rb1,Rb2,Prec,Frac4Rise,Error,BFF
01351200,2.56409e+08,35724.4,77.7858,580.432,0.15,0.013749,1.2,2239.59,43415.2,1.25945,51407.4,-0.279825,-0.082155,-0.053763,211.408,0.05,0.403819,0.388301
