tmp.site,tmp.area,Lb,X1,Wb,POR,ALPHA,BETA,Ks,Kb,Kz,Qthresh,Rs,Rb1,Rb2,Prec,Frac4Rise,Error,BFF
01382385,1.47888e+08,12564.3,80.3821,423.744,0.15,0.008474,1,451.533,13225.6,1.01425,19401.3,-0.168391,-0.085623,-0.094506,797.166,0.05,0.66026,0.350341
