tmp.site,tmp.area,Lb,X1,Wb,POR,ALPHA,BETA,Ks,Kb,Kz,Qthresh,Rs,Rb1,Rb2,Prec,Frac4Rise,Error,BFF
09470700,2.26365e+07,167.243,2.70448,47.1692,0.15,0.010039,1,476.078,0.003941,0.140524,1174.35,-0.129428,-0.086561,-0.085275,24.4657,0.05,0.251141,0.000454
