tmp.site,tmp.area,Lb,X1,Wb,POR,ALPHA,BETA,Ks,Kb,Kz,Qthresh,Rs,Rb1,Rb2,Prec,Frac4Rise,Error,BFF
02162035,1.35456e+10,45125.4,0.014032,2277.9,0.15,0.008915,1,5775.58,3.61852,1.2256,1.34806e+07,-0.107564,-0.057873,-0.058984,191965,0.05,0.351073,0.498623
