tmp.site,tmp.area,Lb,X1,Wb,POR,ALPHA,BETA,Ks,Kb,Kz,Qthresh,Rs,Rb1,Rb2,Prec,Frac4Rise,Error,BFF
08090905,6.67233e+10,551311,0.470665,41.0318,0.15,0.004455,0.9,3078.81,21.1275,0.915518,46974.2,-0.063023,-0.092095,-0.152431,1206.16,0.05,0.467267,0.138801
