tmp.site,tmp.area,Lb,X1,Wb,POR,ALPHA,BETA,Ks,Kb,Kz,Qthresh,Rs,Rb1,Rb2,Prec,Frac4Rise,Error,BFF
11073300,9.47936e+07,6983.2,0.129668,31.8344,0.15,0.009285,1,840.401,35.7629,0.918826,2568.9,-0.205867,-0.153149,-0.209824,24.4657,0.05,1.42674,0.01799
