tmp.site,tmp.area,Lb,X1,Wb,POR,ALPHA,BETA,Ks,Kb,Kz,Qthresh,Rs,Rb1,Rb2,Prec,Frac4Rise,Error,BFF
06437500,4.68788e+08,19040.2,100,142.752,0.15,0.018895,1,1423.94,10332.1,0.936643,11254.2,-0.159562,-0.068555,-0.061646,73.3971,0.05,3.05532,0.045028
