tmp.site,tmp.area,Lb,X1,Wb,POR,ALPHA,BETA,Ks,Kb,Kz,Qthresh,Rs,Rb1,Rb2,Prec,Frac4Rise,Error,BFF
04057814,1.74565e+08,237074,100,308.171,0.15,0.002347,1,15.313,9.32653,0.027774,62142.9,-0.028403,-0.003219,-0.003598,3082.68,0.05,0.168894,0.831512
