tmp.site,tmp.area,Lb,X1,Wb,POR,ALPHA,BETA,Ks,Kb,Kz,Qthresh,Rs,Rb1,Rb2,Prec,Frac4Rise,Error,BFF
02420000,3.90752e+10,23078.1,0.056948,7380.64,0.15,0.013812,0.9,9761.73,24.0705,3.5651,2.22883e+07,-0.08627,-0.051774,-0.073051,685725,0.05,0.415076,0.581795
