tmp.site,tmp.area,Lb,X1,Wb,POR,ALPHA,BETA,Ks,Kb,Kz,Qthresh,Rs,Rb1,Rb2,Prec,Frac4Rise,Error,BFF
04165710,5.92589e+11,137966,100,667666,0.15,0.004519,1,2753.82,2802.87,0.965494,4.79528e+08,-0.03405,-0.005926,-0.010719,3.30287e+07,0.05,0.074121,0.96505
