tmp.site,tmp.area,Lb,X1,Wb,POR,ALPHA,BETA,Ks,Kb,Kz,Qthresh,Rs,Rb1,Rb2,Prec,Frac4Rise,Error,BFF
01471875,1.4737e+08,25259,100,341.358,0.15,0.012521,1,667.346,14595.2,1.02355,80492.2,-0.466261,-0.05889,-0.033886,3498.6,0.05,0.297915,0.467861
