tmp.site,tmp.area,Lb,X1,Wb,POR,ALPHA,BETA,Ks,Kb,Kz,Qthresh,Rs,Rb1,Rb2,Prec,Frac4Rise,Error,BFF
06805000,4.24758e+09,6855.78,510.087,1636.88,0.15,0.003255,1.8,2803.28,1818.57,0.540469,528459,-0.137697,-0.105555,-0.059199,12966.8,0.05,0.343496,0.24775
