tmp.site,tmp.area,Lb,X1,Wb,POR,ALPHA,BETA,Ks,Kb,Kz,Qthresh,Rs,Rb1,Rb2,Prec,Frac4Rise,Error,BFF
05490600,3.70368e+10,27403.2,72.964,12052.8,0.15,0.022011,0.9,12489,21600.3,1.00344,13456.1,-0.055501,-0.036977,-0.079035,1316.01,0.05,167.355,0.530158
