tmp.site,tmp.area,Lb,X1,Wb,POR,ALPHA,BETA,Ks,Kb,Kz,Qthresh,Rs,Rb1,Rb2,Prec,Frac4Rise,Error,BFF
07191265,7.04218e+07,23433.8,100,133.527,0.15,0.0167,1,113.96,14420.7,0.978271,1767.16,-0.078972,-0.073292,-0.025578,171.26,0.05,0.423322,0.260718
