tmp.site,tmp.area,Lb,X1,Wb,POR,ALPHA,BETA,Ks,Kb,Kz,Qthresh,Rs,Rb1,Rb2,Prec,Frac4Rise,Error,BFF
12362500,4.3201e+09,25676.5,22.2938,5537.13,0.15,0.009455,0.9,303.412,5622.85,1.46572,7.33971e+06,-0.011297,-0.044443,-0.115485,37019.1,0.05,2.61986,0.729997
