tmp.site,tmp.area,Lb,X1,Wb,POR,ALPHA,BETA,Ks,Kb,Kz,Qthresh,Rs,Rb1,Rb2,Prec,Frac4Rise,Error,BFF
09136100,2.5097e+09,15793.5,100,1229.8,0.15,0.00722,1,68.1274,16925.1,1.03384,342520,-0.069099,-0.045598,-0.055177,12027.3,0.05,0.283434,0.51691
