tmp.site,tmp.area,Lb,X1,Wb,POR,ALPHA,BETA,Ks,Kb,Kz,Qthresh,Rs,Rb1,Rb2,Prec,Frac4Rise,Error,BFF
06479000,5.49336e+09,4229.01,3.67594,1225.76,0.15,0.007003,1,3933.37,117.922,1.02253,112542,-0.143841,-0.06021,-0.060208,24.4657,0.05,6.50625,0.215985
