tmp.site,tmp.area,Lb,X1,Wb,POR,ALPHA,BETA,Ks,Kb,Kz,Qthresh,Rs,Rb1,Rb2,Prec,Frac4Rise,Error,BFF
09184600,7.89946e+07,93785.7,100,11.9948,0.15,0.03407,1,1065.53,3228.76,0.633916,3082.68,-0.202733,-0.0432,-0.059928,39.1451,0.05,0.567401,0.21923
