tmp.site,tmp.area,Lb,X1,Wb,POR,ALPHA,BETA,Ks,Kb,Kz,Qthresh,Rs,Rb1,Rb2,Prec,Frac4Rise,Error,BFF
05424157,1.69903e+09,14770.7,0.188827,2220.82,0.15,0.011231,0.9,644.541,25.7466,0.925671,141627,-0.042937,-0.033891,-0.049639,13211.5,0.05,0.37397,0.596543
