tmp.site,tmp.area,Lb,X1,Wb,POR,ALPHA,BETA,Ks,Kb,Kz,Qthresh,Rs,Rb1,Rb2,Prec,Frac4Rise,Error,BFF
04175748,5.90517e+07,28159.3,100,162.486,0.15,0.093874,1,780.832,59892.4,0.884624,342.52,-0.255413,-0.104894,-0.114445,24.4657,0.05,0.706098,0.29932
