tmp.site,tmp.area,Lb,X1,Wb,POR,ALPHA,BETA,Ks,Kb,Kz,Qthresh,Rs,Rb1,Rb2,Prec,Frac4Rise,Error,BFF
08110200,1.06687e+11,13475.6,142.983,6295.03,0.15,0.01206,1,21884.5,9555.61,0.862213,1.44553e+06,-0.084281,-0.058617,-0.055188,87264.3,0.05,0.368341,0.350651
