tmp.site,tmp.area,Lb,X1,Wb,POR,ALPHA,BETA,Ks,Kb,Kz,Qthresh,Rs,Rb1,Rb2,Prec,Frac4Rise,Error,BFF
02452505,2.84899e+09,102378,49.8797,5017.76,0.15,0.009367,0.9,926.582,84951.3,0.951267,104195,-0.030786,-0.059034,-0.211089,8070.75,0.05,5.0403,0.963697
