tmp.site,tmp.area,Lb,X1,Wb,POR,ALPHA,BETA,Ks,Kb,Kz,Qthresh,Rs,Rb1,Rb2,Prec,Frac4Rise,Error,BFF
01115110,1.61356e+07,10472.5,100,178.362,0.15,0.048318,1,675.72,20881.7,0.58461,28884.2,-0.368042,-0.071453,-0.132226,24.4657,0.05,0.669891,0.29756
