tmp.site,tmp.area,Lb,X1,Wb,POR,ALPHA,BETA,Ks,Kb,Kz,Qthresh,Rs,Rb1,Rb2,Prec,Frac4Rise,Error,BFF
07105500,1.01528e+09,26548.8,13.3336,316.026,0.15,0.008052,0.9,707.086,2868.01,0.972949,173462,-0.158121,-0.046297,-0.053388,1712.6,0.05,0.429469,0.41605
