tmp.site,tmp.area,Lb,X1,Wb,POR,ALPHA,BETA,Ks,Kb,Kz,Qthresh,Rs,Rb1,Rb2,Prec,Frac4Rise,Error,BFF
05483450,9.71246e+08,16724.9,0.95732,871.872,0.15,0.012669,1.8,1083.92,54.8742,1.00607,84896,-0.153167,-0.052232,-0.032256,3502.76,0.05,0.367211,0.485814
