tmp.site,tmp.area,Lb,X1,Wb,POR,ALPHA,BETA,Ks,Kb,Kz,Qthresh,Rs,Rb1,Rb2,Prec,Frac4Rise,Error,BFF
10258000,4.37708e+07,6932.06,167.584,858.795,0.15,0.098306,0.9,1404.02,3280.34,0.492903,10520.3,-0.135967,-0.030466,-0.05412,24.4657,0.05,1.74251,0.161503
