tmp.site,tmp.area,Lb,X1,Wb,POR,ALPHA,BETA,Ks,Kb,Kz,Qthresh,Rs,Rb1,Rb2,Prec,Frac4Rise,Error,BFF
08068500,1.05931e+09,12825.9,7105,902.957,0.15,0.006571,7.4,4101.65,5868.47,0.496534,24465.7,-0.220916,-0.160203,-0.064418,1100.96,0.05,0.439099,0.115105
