tmp.site,tmp.area,Lb,X1,Wb,POR,ALPHA,BETA,Ks,Kb,Kz,Qthresh,Rs,Rb1,Rb2,Prec,Frac4Rise,Error,BFF
03202480,1.89328e+07,3495.04,1223.07,289.12,0.15,0.026344,1,436.688,75046.1,12.1427,318.054,-0.186299,-0.110174,-0.072427,24.4657,0.05,0.47239,0.326091
