tmp.site,tmp.area,Lb,X1,Wb,POR,ALPHA,BETA,Ks,Kb,Kz,Qthresh,Rs,Rb1,Rb2,Prec,Frac4Rise,Error,BFF
11162540,4.73968e+07,10834.6,1249.21,422.95,0.15,0.034479,1.2,657.484,34450,0.141716,5627.11,-0.216122,-0.057782,-0.040843,46.4849,0.05,0.48779,0.284856
