tmp.site,tmp.area,Lb,X1,Wb,POR,ALPHA,BETA,Ks,Kb,Kz,Qthresh,Rs,Rb1,Rb2,Prec,Frac4Rise,Error,BFF
07335300,5.85855e+09,22967.3,13.6212,1452.59,0.15,0.012133,1.2,6752.59,4632.58,1.62641,83917.4,-0.143841,-0.11258,-0.073557,3180.54,0.05,0.494278,0.26047
