tmp.site,tmp.area,Lb,X1,Wb,POR,ALPHA,BETA,Ks,Kb,Kz,Qthresh,Rs,Rb1,Rb2,Prec,Frac4Rise,Error,BFF
02094775,1.06708e+07,8226.97,9.16248,46.9972,0.15,0.016143,1,389.568,1770.48,1.04822,4672.95,-0.658084,-0.142873,-0.143506,24.4657,0.05,0.540642,0.104489
