tmp.site,tmp.area,Lb,X1,Wb,POR,ALPHA,BETA,Ks,Kb,Kz,Qthresh,Rs,Rb1,Rb2,Prec,Frac4Rise,Error,BFF
09313520,1.37269e+09,25633,36.8309,90.567,0.15,0.010002,0.9,1985.33,12473.9,1.00135,28267.7,-0.107593,-0.066273,-0.187263,85.63,0.05,1.30523,0.221003
