tmp.site,tmp.area,Lb,X1,Wb,POR,ALPHA,BETA,Ks,Kb,Kz,Qthresh,Rs,Rb1,Rb2,Prec,Frac4Rise,Error,BFF
02299410,9.45346e+07,9818.34,71.9423,268.398,0.15,0.028397,1,356.641,16366.6,1.07245,25444.3,-0.120581,-0.087438,-0.114245,24.4657,0.05,1.57209,0.308933
