tmp.site,tmp.area,Lb,X1,Wb,POR,ALPHA,BETA,Ks,Kb,Kz,Qthresh,Rs,Rb1,Rb2,Prec,Frac4Rise,Error,BFF
12024000,1.09815e+08,10284.3,171.667,777.112,0.15,0.010106,1.1,877.717,8174.84,0.767421,70950.6,-0.202733,-0.057661,-0.046878,4893.14,0.05,0.421141,0.452855
