tmp.site,tmp.area,Lb,X1,Wb,POR,ALPHA,BETA,Ks,Kb,Kz,Qthresh,Rs,Rb1,Rb2,Prec,Frac4Rise,Error,BFF
05056239,8.02896e+08,14982.3,397.64,1122.04,0.15,0.068006,0.9,520.616,97706.8,1.33895,98107.5,-0.080596,-0.070776,-0.160189,24.4657,0.05,12.973,0.436896
