tmp.site,tmp.area,Lb,X1,Wb,POR,ALPHA,BETA,Ks,Kb,Kz,Qthresh,Rs,Rb1,Rb2,Prec,Frac4Rise,Error,BFF
06909500,1.94508e+08,4515.28,100,430.366,0.15,0.013404,1,1940.13,14977.7,0.903861,6850.4,-0.346574,-0.153553,-0.141007,24.4657,0.05,2.25887,0.159775
