tmp.site,tmp.area,Lb,X1,Wb,POR,ALPHA,BETA,Ks,Kb,Kz,Qthresh,Rs,Rb1,Rb2,Prec,Frac4Rise,Error,BFF
06786000,6.08647e+09,23370.3,100,1462.94,0.15,0.005745,1,200.162,13240.5,0.928527,1.27222e+06,-0.067265,-0.022298,-0.039259,34675.3,0.05,0.26931,0.739199
