tmp.site,tmp.area,Lb,X1,Wb,POR,ALPHA,BETA,Ks,Kb,Kz,Qthresh,Rs,Rb1,Rb2,Prec,Frac4Rise,Error,BFF
07348500,1.56987e+11,13586.3,0.043953,17684.2,0.15,0.012031,1.1,32620,4.62754,2.03895,2.51997e+06,-0.081248,-0.047858,-0.041105,298482,0.05,0.403307,0.510677
