tmp.site,tmp.area,Lb,X1,Wb,POR,ALPHA,BETA,Ks,Kb,Kz,Qthresh,Rs,Rb1,Rb2,Prec,Frac4Rise,Error,BFF
07061600,1.27686e+09,4304.97,100,2914.23,0.15,0.007139,1,803.986,970.4,0.953333,459955,-0.062625,-0.085804,-0.023597,29848.2,0.05,0.272537,0.341351
