tmp.site,tmp.area,Lb,X1,Wb,POR,ALPHA,BETA,Ks,Kb,Kz,Qthresh,Rs,Rb1,Rb2,Prec,Frac4Rise,Error,BFF
01098530,2.74539e+08,18427.1,100,1008.6,0.15,0.045679,1,604.201,28771,0.9695,21074.8,-0.094011,-0.045865,-0.081059,1384.76,0.05,0.473997,0.530287
