tmp.site,tmp.area,Lb,X1,Wb,POR,ALPHA,BETA,Ks,Kb,Kz,Qthresh,Rs,Rb1,Rb2,Prec,Frac4Rise,Error,BFF
05578250,2.7687e+08,6083.44,356.84,832.032,0.15,0.017721,1,1334.22,32281.8,0.844689,880.766,-0.200986,-0.078306,-0.072014,90.5231,0.05,0.558943,0.400356
