tmp.site,tmp.area,Lb,X1,Wb,POR,ALPHA,BETA,Ks,Kb,Kz,Qthresh,Rs,Rb1,Rb2,Prec,Frac4Rise,Error,BFF
09123450,2.74539e+08,20083.6,6420.15,639.492,0.15,0.0066,2.8,88.3813,62996.3,0.609818,18581.7,-0.064127,-0.033092,-0.020163,1692,0.05,0.189443,0.47916
