tmp.site,tmp.area,Lb,X1,Wb,POR,ALPHA,BETA,Ks,Kb,Kz,Qthresh,Rs,Rb1,Rb2,Prec,Frac4Rise,Error,BFF
14375100,2.173e+08,23254.4,100,527.519,0.15,0.01204,1,575.888,9061.89,0.946623,78290.3,-0.162067,-0.041674,-0.015954,3914.51,0.05,0.340075,0.40958
