tmp.site,tmp.area,Lb,X1,Wb,POR,ALPHA,BETA,Ks,Kb,Kz,Qthresh,Rs,Rb1,Rb2,Prec,Frac4Rise,Error,BFF
08103800,2.11861e+09,23445.1,0.207582,418.287,0.15,0.00591,1.4,683.025,23.1313,0.898999,29358.9,-0.168236,-0.061046,-0.039614,1370.08,0.05,0.4468,0.179731
