tmp.site,tmp.area,Lb,X1,Wb,POR,ALPHA,BETA,Ks,Kb,Kz,Qthresh,Rs,Rb1,Rb2,Prec,Frac4Rise,Error,BFF
12039500,6.83757e+08,12117.8,100,2598,0.15,0.009509,1,539.581,3272.8,3.51804,1.03245e+06,-0.091161,-0.055674,-0.019336,83917.4,0.05,0.28833,0.444952
