tmp.site,tmp.area,Lb,X1,Wb,POR,ALPHA,BETA,Ks,Kb,Kz,Qthresh,Rs,Rb1,Rb2,Prec,Frac4Rise,Error,BFF
14201340,8.13256e+08,50359.1,123.946,1592.19,0.15,0.01112,1.1,3687.49,64785.5,0.141492,72173.9,-0.112559,-0.050713,-0.042298,2032.02,0.05,0.323921,0.520811
