tmp.site,tmp.area,Lb,X1,Wb,POR,ALPHA,BETA,Ks,Kb,Kz,Qthresh,Rs,Rb1,Rb2,Prec,Frac4Rise,Error,BFF
04087030,8.98726e+07,14024.1,100,197.36,0.15,0.022466,1,288.039,21138,0.916846,19817.2,-0.174153,-0.07727,-0.064978,366.986,0.05,0.404625,0.382333
