tmp.site,tmp.area,Lb,X1,Wb,POR,ALPHA,BETA,Ks,Kb,Kz,Qthresh,Rs,Rb1,Rb2,Prec,Frac4Rise,Error,BFF
02421000,7.51097e+08,4800.91,100,956.103,0.15,0.011098,1,6894.64,15291.1,1.04194,729078,-0.258118,-0.148264,-0.142802,9.05232,0.05,2.62863,0.159733
