tmp.site,tmp.area,Lb,X1,Wb,POR,ALPHA,BETA,Ks,Kb,Kz,Qthresh,Rs,Rb1,Rb2,Prec,Frac4Rise,Error,BFF
02147403,7.25197e+08,6194.43,100,1026.44,0.15,0.009642,1,5691.2,9123.33,0.910693,10181.4,-0.361135,-0.119226,-0.07586,880.766,0.05,0.421492,0.24878
