tmp.site,tmp.area,Lb,X1,Wb,POR,ALPHA,BETA,Ks,Kb,Kz,Qthresh,Rs,Rb1,Rb2,Prec,Frac4Rise,Error,BFF
08061540,3.10799e+08,16601,5.26931,511.975,0.15,0.010244,1.1,2674.31,583.353,0.77905,193279,-0.455537,-0.094452,-0.07927,538.246,0.05,0.466263,0.237835
