tmp.site,tmp.area,Lb,X1,Wb,POR,ALPHA,BETA,Ks,Kb,Kz,Qthresh,Rs,Rb1,Rb2,Prec,Frac4Rise,Error,BFF
07035800,1.30794e+09,6710.66,100,1780.52,0.15,0.010285,1,6865.19,15030.1,0.942319,78045.6,-0.206829,-0.10311,-0.078556,978.629,0.05,0.470698,0.303103
