tmp.site,tmp.area,Lb,X1,Wb,POR,ALPHA,BETA,Ks,Kb,Kz,Qthresh,Rs,Rb1,Rb2,Prec,Frac4Rise,Error,BFF
06711555,6.13827e+07,9710.19,100,119.478,0.15,0.019799,1,716.885,4112.18,0.910897,6923.8,-0.363899,-0.133841,-0.06422,276.903,0.05,0.388147,0.239139
