tmp.site,tmp.area,Lb,X1,Wb,POR,ALPHA,BETA,Ks,Kb,Kz,Qthresh,Rs,Rb1,Rb2,Prec,Frac4Rise,Error,BFF
11136710,1.914e+09,4136.27,100,22.8398,0.15,0.002187,1,6517.38,536.127,0.966779,31805.4,-0.552127,-0.094194,-0.265634,24.4657,0.05,0.372064,0.00012
