tmp.site,tmp.area,Lb,X1,Wb,POR,ALPHA,BETA,Ks,Kb,Kz,Qthresh,Rs,Rb1,Rb2,Prec,Frac4Rise,Error,BFF
07342470,4.89508e+08,6483.85,0.088148,249.945,0.15,0.003807,1.1,1379.21,10.4741,1.2377,4648.49,-0.346574,-0.27232,-0.186517,195.261,0.05,0.529712,0.019422
