tmp.site,tmp.area,Lb,X1,Wb,POR,ALPHA,BETA,Ks,Kb,Kz,Qthresh,Rs,Rb1,Rb2,Prec,Frac4Rise,Error,BFF
07379000,1.04636e+07,8392.19,100,76.8247,0.15,0.012957,1,402.787,5337.52,0.919367,9052.31,-0.346574,-0.132832,-0.121748,244.657,0.05,0.471845,0.112823
