tmp.site,tmp.area,Lb,X1,Wb,POR,ALPHA,BETA,Ks,Kb,Kz,Qthresh,Rs,Rb1,Rb2,Prec,Frac4Rise,Error,BFF
01432000,5.90517e+08,15787.9,28.9731,956.682,0.15,0.009748,0.9,485.521,9451.99,1.03421,851407,-0.046031,-0.05468,-0.121036,2201.91,0.05,120.577,0.59915
