tmp.site,tmp.area,Lb,X1,Wb,POR,ALPHA,BETA,Ks,Kb,Kz,Qthresh,Rs,Rb1,Rb2,Prec,Frac4Rise,Error,BFF
09105000,1.53327e+09,9867.71,1.26438,1023.62,0.15,0.004868,1.2,73.4226,80.2614,1.07376,291142,-0.111572,-0.041582,-0.033979,4403.83,0.05,0.313928,0.508654
