tmp.site,tmp.area,Lb,X1,Wb,POR,ALPHA,BETA,Ks,Kb,Kz,Qthresh,Rs,Rb1,Rb2,Prec,Frac4Rise,Error,BFF
06913000,2.69359e+09,8450.89,0.115665,995.045,0.15,0.003146,1,2246.35,7.6177,0.947869,168813,-0.044241,-0.106012,-0.124168,244.657,0.05,3.67847,0.092552
