tmp.site,tmp.area,Lb,X1,Wb,POR,ALPHA,BETA,Ks,Kb,Kz,Qthresh,Rs,Rb1,Rb2,Prec,Frac4Rise,Error,BFF
01648011,2.66769e+06,6077.12,100,49.923,0.15,0.018969,1,141.239,1650.11,0.475595,2030.65,-0.431112,-0.132641,-0.028663,66.0574,0.05,0.262828,0.284967
