tmp.site,tmp.area,Lb,X1,Wb,POR,ALPHA,BETA,Ks,Kb,Kz,Qthresh,Rs,Rb1,Rb2,Prec,Frac4Rise,Error,BFF
06730525,2.25847e+09,10752.5,100,854.439,0.15,0.005561,1,284.609,923.315,0.980288,340073,-0.06359,-0.04792,-0.044192,11725.7,0.05,0.308756,0.357214
