tmp.site,tmp.area,Lb,X1,Wb,POR,ALPHA,BETA,Ks,Kb,Kz,Qthresh,Rs,Rb1,Rb2,Prec,Frac4Rise,Error,BFF
09109000,6.57857e+08,175414,100,324.588,0.15,0.012389,1,53.4389,3197.31,1.00189,244657,-0.010753,-0.021557,-0.018204,2006.19,0.05,2.89569,0.361126
