tmp.site,tmp.area,Lb,X1,Wb,POR,ALPHA,BETA,Ks,Kb,Kz,Qthresh,Rs,Rb1,Rb2,Prec,Frac4Rise,Error,BFF
05463000,8.98726e+08,57656.2,143.228,489.066,0.15,0.00711,1.6,1083.92,40648.6,1.39438,68504,-0.15042,-0.055999,-0.031306,1272.22,0.05,0.384318,0.39169
