tmp.site,tmp.area,Lb,X1,Wb,POR,ALPHA,BETA,Ks,Kb,Kz,Qthresh,Rs,Rb1,Rb2,Prec,Frac4Rise,Error,BFF
03042500,4.42888e+08,6404.75,0.109426,1027.99,0.15,0.013728,1.3,1733.57,6.49698,1.12561,177024,-0.132157,-0.072685,-0.054705,3914.51,0.05,0.35576,0.450293
