tmp.site,tmp.area,Lb,X1,Wb,POR,ALPHA,BETA,Ks,Kb,Kz,Qthresh,Rs,Rb1,Rb2,Prec,Frac4Rise,Error,BFF
06895000,4.11808e+08,5694.7,100,601.399,0.15,0.010695,1,2628.2,13063.6,0.883156,4991.01,-0.242754,-0.126391,-0.106925,24.4657,0.05,1.5848,0.173528
