tmp.site,tmp.area,Lb,X1,Wb,POR,ALPHA,BETA,Ks,Kb,Kz,Qthresh,Rs,Rb1,Rb2,Prec,Frac4Rise,Error,BFF
01363556,7.22607e+08,4007.23,38.7006,970.669,0.15,0.004946,0.9,401.527,1039.78,0.963223,91501.8,-0.048723,-0.084865,-0.110701,2940.53,0.05,0.386737,0.164712
