tmp.site,tmp.area,Lb,X1,Wb,POR,ALPHA,BETA,Ks,Kb,Kz,Qthresh,Rs,Rb1,Rb2,Prec,Frac4Rise,Error,BFF
08026000,1.93783e+10,16737.3,14.9979,10702.3,0.15,0.008415,0.9,2892.23,3818.35,1.43586,776933,-0.027123,-0.061749,-0.140599,23487.1,0.05,2.14626,0.755548
