tmp.site,tmp.area,Lb,X1,Wb,POR,ALPHA,BETA,Ks,Kb,Kz,Qthresh,Rs,Rb1,Rb2,Prec,Frac4Rise,Error,BFF
09304000,4.58428e+08,84397.7,32110.6,561.627,0.15,0.005137,10,76.2557,2769.76,0.754075,281356,-0.091161,-0.028647,-0.010476,17860,0.05,0.235408,0.406443
