tmp.site,tmp.area,Lb,X1,Wb,POR,ALPHA,BETA,Ks,Kb,Kz,Qthresh,Rs,Rb1,Rb2,Prec,Frac4Rise,Error,BFF
02439400,2.06681e+09,19514.5,161.077,1636.52,0.15,0.008896,3.5,5427.94,2612.81,1.90114,327841,-0.234874,-0.07566,-0.03842,27890.9,0.05,0.337656,0.415833
