tmp.site,tmp.area,Lb,X1,Wb,POR,ALPHA,BETA,Ks,Kb,Kz,Qthresh,Rs,Rb1,Rb2,Prec,Frac4Rise,Error,BFF
06935890,5.69797e+07,8545.91,1.09591,177.699,0.15,0.007363,1.1,1045.47,162.885,0.996399,12306.3,-0.544241,-0.13466,-0.1166,217.745,0.05,0.429397,0.148994
