tmp.site,tmp.area,Lb,X1,Wb,POR,ALPHA,BETA,Ks,Kb,Kz,Qthresh,Rs,Rb1,Rb2,Prec,Frac4Rise,Error,BFF
12088000,8.93546e+07,22710.9,100,245.176,0.15,0.015559,1,272.383,24017.8,0.974772,16147.4,-0.152796,-0.054624,-0.042447,818.525,0.05,0.3564,0.460012
