tmp.site,tmp.area,Lb,X1,Wb,POR,ALPHA,BETA,Ks,Kb,Kz,Qthresh,Rs,Rb1,Rb2,Prec,Frac4Rise,Error,BFF
07105530,1.06967e+09,29204.7,49.4,470.145,0.15,0.005096,1.2,256.742,485.345,1.05191,278909,-0.085913,-0.037403,-0.033305,9541.63,0.05,0.262431,0.492405
