tmp.site,tmp.area,Lb,X1,Wb,POR,ALPHA,BETA,Ks,Kb,Kz,Qthresh,Rs,Rb1,Rb2,Prec,Frac4Rise,Error,BFF
09279000,3.80728e+08,10513.2,5590.79,3387.56,0.15,0.002267,9.1,0.118955,1.57183,0.781649,129668,-0.058892,-0.024324,-0.009999,7095.06,0.05,0.26074,0.321822
