tmp.site,tmp.area,Lb,X1,Wb,POR,ALPHA,BETA,Ks,Kb,Kz,Qthresh,Rs,Rb1,Rb2,Prec,Frac4Rise,Error,BFF
06810000,7.26751e+09,41594.7,0.22838,2314.63,0.15,0.008958,1,5394.08,48.7477,0.098903,1.12542e+06,-0.154212,-0.046391,-0.049608,9052.31,0.05,0.580861,0.416379
