tmp.site,tmp.area,Lb,X1,Wb,POR,ALPHA,BETA,Ks,Kb,Kz,Qthresh,Rs,Rb1,Rb2,Prec,Frac4Rise,Error,BFF
08332010,4.98055e+10,13017.1,76.9986,9596.56,0.15,0.014598,0.9,9083.42,8559.65,0.874397,1.94747e+06,-0.104804,-0.052766,-0.155963,24.4657,0.05,2634.82,0.635347
