tmp.site,tmp.area,Lb,X1,Wb,POR,ALPHA,BETA,Ks,Kb,Kz,Qthresh,Rs,Rb1,Rb2,Prec,Frac4Rise,Error,BFF
05388250,1.99429e+09,27898.8,100,1123.85,0.15,0.008654,1,702.029,6678.84,0.963015,359646,-0.076571,-0.036798,-0.021147,23976.4,0.05,0.285734,0.46956
