tmp.site,tmp.area,Lb,X1,Wb,POR,ALPHA,BETA,Ks,Kb,Kz,Qthresh,Rs,Rb1,Rb2,Prec,Frac4Rise,Error,BFF
01362370,8.00306e+07,10248.1,100,449.35,0.15,0.014218,1,432.373,12121.2,0.903523,13211.5,-0.161953,-0.076288,-0.030093,1230.11,0.05,0.340419,0.41387
