tmp.site,tmp.area,Lb,X1,Wb,POR,ALPHA,BETA,Ks,Kb,Kz,Qthresh,Rs,Rb1,Rb2,Prec,Frac4Rise,Error,BFF
05336700,2.24811e+09,32539.3,10595.9,907.558,0.15,0.006601,5.4,116.306,2349.59,0.759662,249550,-0.060479,-0.058947,-0.02088,19572.6,0.05,0.39472,0.235398
