tmp.site,tmp.area,Lb,X1,Wb,POR,ALPHA,BETA,Ks,Kb,Kz,Qthresh,Rs,Rb1,Rb2,Prec,Frac4Rise,Error,BFF
06425500,1.41931e+09,9870.04,115.479,372.49,0.15,0.013746,0.9,1045.78,11167.3,0.899908,68305.8,-0.125621,-0.085549,-0.1281,24.4657,0.05,19.0627,0.185165
