tmp.site,tmp.area,Lb,X1,Wb,POR,ALPHA,BETA,Ks,Kb,Kz,Qthresh,Rs,Rb1,Rb2,Prec,Frac4Rise,Error,BFF
07364300,7.01887e+08,10562.7,100,824.107,0.15,0.011704,1,3176.12,34454.4,0.910761,124775,-0.114129,-0.101784,-0.204684,24.4657,0.05,39.7364,0.2056
