tmp.site,tmp.area,Lb,X1,Wb,POR,ALPHA,BETA,Ks,Kb,Kz,Qthresh,Rs,Rb1,Rb2,Prec,Frac4Rise,Error,BFF
05576500,6.78059e+09,11180.9,100,2846.26,0.15,0.02043,1,3576.79,15414.1,0.923114,92969.7,-0.085083,-0.067039,-0.059401,6850.4,0.05,0.479513,0.437179
