tmp.site,tmp.area,Lb,X1,Wb,POR,ALPHA,BETA,Ks,Kb,Kz,Qthresh,Rs,Rb1,Rb2,Prec,Frac4Rise,Error,BFF
07250935,5.12818e+07,23323.2,100,197.914,0.15,0.034869,1,214.75,67210.2,1.01052,77556.3,-0.165801,-0.079484,-0.134592,24.4657,0.05,3.22092,0.394767
