tmp.site,tmp.area,Lb,X1,Wb,POR,ALPHA,BETA,Ks,Kb,Kz,Qthresh,Rs,Rb1,Rb2,Prec,Frac4Rise,Error,BFF
05455100,5.20588e+08,12031.8,100,710.848,0.15,0.01236,1,1856.01,13239.1,0.93162,10430.2,-0.23027,-0.069737,-0.06547,97.8629,0.05,0.795397,0.355108
