tmp.site,tmp.area,Lb,X1,Wb,POR,ALPHA,BETA,Ks,Kb,Kz,Qthresh,Rs,Rb1,Rb2,Prec,Frac4Rise,Error,BFF
04087240,4.92098e+08,13582,5.51408,679.309,0.15,0.017054,1.1,2298.04,1030.44,1.04255,8177.91,-0.209054,-0.09127,-0.076891,611.643,0.05,0.452031,0.319194
