tmp.site,tmp.area,Lb,X1,Wb,POR,ALPHA,BETA,Ks,Kb,Kz,Qthresh,Rs,Rb1,Rb2,Prec,Frac4Rise,Error,BFF
07141300,8.89816e+10,23045.8,100,854.641,0.15,0.011069,1,21986.8,3313.67,0.934601,14190.1,-0.143841,-0.060206,-0.060205,24.4657,0.05,5.86819,0.173437
