tmp.site,tmp.area,Lb,X1,Wb,POR,ALPHA,BETA,Ks,Kb,Kz,Qthresh,Rs,Rb1,Rb2,Prec,Frac4Rise,Error,BFF
06823500,4.45478e+08,138670,0.645232,3.80998,0.15,0.000515,0.9,165.688,1.12987,0.901832,13333.8,-0.085925,-0.030573,-0.160001,24.4657,0.05,43.9468,0.510813
