tmp.site,tmp.area,Lb,X1,Wb,POR,ALPHA,BETA,Ks,Kb,Kz,Qthresh,Rs,Rb1,Rb2,Prec,Frac4Rise,Error,BFF
09430500,4.82774e+09,8396.62,222.864,1443.24,0.15,0.006042,3.5,86.7403,1090.4,0.123038,183493,-0.086103,-0.041756,-0.024576,5113.33,0.05,0.367618,0.500304
