tmp.site,tmp.area,Lb,X1,Wb,POR,ALPHA,BETA,Ks,Kb,Kz,Qthresh,Rs,Rb1,Rb2,Prec,Frac4Rise,Error,BFF
02266295,1.95026e+07,16059.5,37.2054,180.845,0.15,0.009359,0.9,46.6624,1567.96,0.390205,14410.3,-0.038498,-0.043586,-0.07414,24.4657,0.05,81.0301,0.310388
