tmp.site,tmp.area,Lb,X1,Wb,POR,ALPHA,BETA,Ks,Kb,Kz,Qthresh,Rs,Rb1,Rb2,Prec,Frac4Rise,Error,BFF
06600300,4.66198e+08,11264.8,17.6569,337.379,0.15,0.013227,1,598.362,1586.72,1.00173,100309,-0.165093,-0.049945,-0.064161,48.9314,0.05,1.28997,0.242501
