tmp.site,tmp.area,Lb,X1,Wb,POR,ALPHA,BETA,Ks,Kb,Kz,Qthresh,Rs,Rb1,Rb2,Prec,Frac4Rise,Error,BFF
03202000,1.51514e+09,67690.8,95.0248,897.199,0.15,0.012673,1.2,3836.78,93599.5,1.27533,11254.2,-0.123965,-0.091083,-0.064806,1394.55,0.05,0.448528,0.365543
