tmp.site,tmp.area,Lb,X1,Wb,POR,ALPHA,BETA,Ks,Kb,Kz,Qthresh,Rs,Rb1,Rb2,Prec,Frac4Rise,Error,BFF
07328100,1.23491e+10,11540.5,100,1604.6,0.15,0.007276,1,2951.93,6547.58,0.894868,411024,-0.143841,-0.05374,-0.065731,2501.13,0.05,0.759349,0.345269
