tmp.site,tmp.area,Lb,X1,Wb,POR,ALPHA,BETA,Ks,Kb,Kz,Qthresh,Rs,Rb1,Rb2,Prec,Frac4Rise,Error,BFF
11023100,2.04609e+07,6473.69,100,31.1687,0.15,0.018589,1,371.563,4112.63,0.998562,526.013,-0.202733,-0.235423,-0.060201,24.4657,0.05,0.361003,0.037015
