tmp.site,tmp.area,Lb,X1,Wb,POR,ALPHA,BETA,Ks,Kb,Kz,Qthresh,Rs,Rb1,Rb2,Prec,Frac4Rise,Error,BFF
02401390,3.65188e+08,6585.39,100,968.292,0.15,0.010428,1,3263.42,5811.93,0.95478,49665.4,-0.316261,-0.103672,-0.034748,2911.42,0.05,0.37495,0.289937
