tmp.site,tmp.area,Lb,X1,Wb,POR,ALPHA,BETA,Ks,Kb,Kz,Qthresh,Rs,Rb1,Rb2,Prec,Frac4Rise,Error,BFF
10109000,5.54257e+08,20149.9,222.164,1156,0.15,0.009685,0.9,131.077,17407.4,0.387083,327841,-0.077075,-0.019384,-0.024198,2935.89,0.05,0.553857,0.620766
