tmp.site,tmp.area,Lb,X1,Wb,POR,ALPHA,BETA,Ks,Kb,Kz,Qthresh,Rs,Rb1,Rb2,Prec,Frac4Rise,Error,BFF
07343450,5.11782e+09,22614.4,159.254,19058,0.15,0.065791,1,18245.7,93870.1,1.80173,67036.1,-0.144182,-0.102442,-0.150925,14.1901,0.05,1.69101,0.359301
