tmp.site,tmp.area,Lb,X1,Wb,POR,ALPHA,BETA,Ks,Kb,Kz,Qthresh,Rs,Rb1,Rb2,Prec,Frac4Rise,Error,BFF
01116500,5.17998e+08,20392.3,17.1138,840.747,0.15,0.009468,0.9,536.103,3001.77,0.992436,484421,-0.04556,-0.044931,-0.061942,13250.1,0.05,0.355937,0.603999
