tmp.site,tmp.area,Lb,X1,Wb,POR,ALPHA,BETA,Ks,Kb,Kz,Qthresh,Rs,Rb1,Rb2,Prec,Frac4Rise,Error,BFF
0214655255,1.89846e+07,10464,100,58.0545,0.15,0.021817,1,329.048,14363.5,0.97481,11988.2,-0.547833,-0.102352,-0.14853,24.4657,0.05,0.628825,0.15446
