tmp.site,tmp.area,Lb,X1,Wb,POR,ALPHA,BETA,Ks,Kb,Kz,Qthresh,Rs,Rb1,Rb2,Prec,Frac4Rise,Error,BFF
14033500,5.93107e+09,9175.33,100,1710.55,0.15,0.009209,1,2381.23,14428.4,0.942246,489314,-0.100335,-0.061955,-0.130378,117.435,0.05,5.82288,0.463149
