tmp.site,tmp.area,Lb,X1,Wb,POR,ALPHA,BETA,Ks,Kb,Kz,Qthresh,Rs,Rb1,Rb2,Prec,Frac4Rise,Error,BFF
01115170,8.41746e+06,5699.82,100,271.167,0.15,0.044133,1,160.461,10804.4,0.320839,415.917,-0.148685,-0.05304,-0.099817,26.9123,0.05,0.454904,0.585626
