tmp.site,tmp.area,Lb,X1,Wb,POR,ALPHA,BETA,Ks,Kb,Kz,Qthresh,Rs,Rb1,Rb2,Prec,Frac4Rise,Error,BFF
02338840,2.35689e+08,9509.83,100,593.749,0.15,0.013495,1,1491.51,10468.7,0.906923,2446.57,-0.330899,-0.072193,-0.058457,415.917,0.05,0.374004,0.393256
