tmp.site,tmp.area,Lb,X1,Wb,POR,ALPHA,BETA,Ks,Kb,Kz,Qthresh,Rs,Rb1,Rb2,Prec,Frac4Rise,Error,BFF
01484100,7.82176e+06,5807.97,86.9055,192.186,0.15,0.010481,0.9,193.019,2847.87,0.142692,4770.81,-0.340751,-0.028307,-0.037804,34.252,0.05,0.353917,0.569926
