tmp.site,tmp.area,Lb,X1,Wb,POR,ALPHA,BETA,Ks,Kb,Kz,Qthresh,Rs,Rb1,Rb2,Prec,Frac4Rise,Error,BFF
03363900,1.38305e+09,8301.15,100,1652.82,0.15,0.008167,1,3641.21,6744.99,0.933224,109606,-0.18994,-0.076107,-0.026001,7095.06,0.05,0.372171,0.374422
