tmp.site,tmp.area,Lb,X1,Wb,POR,ALPHA,BETA,Ks,Kb,Kz,Qthresh,Rs,Rb1,Rb2,Prec,Frac4Rise,Error,BFF
05481300,1.41206e+10,17239.4,163.339,4796.95,0.15,0.011251,1.1,5059.15,15712,0.995045,467295,-0.078311,-0.041855,-0.033203,17615.3,0.05,0.38129,0.552627
