tmp.site,tmp.area,Lb,X1,Wb,POR,ALPHA,BETA,Ks,Kb,Kz,Qthresh,Rs,Rb1,Rb2,Prec,Frac4Rise,Error,BFF
06349000,8.57286e+09,9715.31,0.034332,960.205,0.15,0.008906,1.1,3178.79,0.999959,1.21827,178600,-0.091288,-0.057998,-0.047832,24.4657,0.05,11.6181,0.166891
