tmp.site,tmp.area,Lb,X1,Wb,POR,ALPHA,BETA,Ks,Kb,Kz,Qthresh,Rs,Rb1,Rb2,Prec,Frac4Rise,Error,BFF
12098500,1.03859e+09,37757.7,32.5125,1220.73,0.15,0.006529,1,850.769,4110.21,0.605245,963949,-0.08355,-0.037069,-0.038289,74131.1,0.05,0.295152,0.533364
