tmp.site,tmp.area,Lb,X1,Wb,POR,ALPHA,BETA,Ks,Kb,Kz,Qthresh,Rs,Rb1,Rb2,Prec,Frac4Rise,Error,BFF
06478522,1.19139e+09,130697,39.7032,522.326,0.15,0.039679,0.9,213.035,13081.1,0.807909,313161,-0.092615,-0.022106,-0.027237,2438.2,0.05,0.424966,0.59121
