tmp.site,tmp.area,Lb,X1,Wb,POR,ALPHA,BETA,Ks,Kb,Kz,Qthresh,Rs,Rb1,Rb2,Prec,Frac4Rise,Error,BFF
12131500,6.29367e+08,12551.1,100,1979.09,0.15,0.009077,1,1400.6,6513.51,1.65122,464849,-0.136498,-0.050686,-0.01583,36453.9,0.05,0.275257,0.498573
