tmp.site,tmp.area,Lb,X1,Wb,POR,ALPHA,BETA,Ks,Kb,Kz,Qthresh,Rs,Rb1,Rb2,Prec,Frac4Rise,Error,BFF
07195430,1.48924e+09,9924.35,100,1814.84,0.15,0.007752,1,3900.06,6074.29,0.963326,276463,-0.236527,-0.073098,-0.033341,23653.5,0.05,0.352554,0.373786
