tmp.site,tmp.area,Lb,X1,Wb,POR,ALPHA,BETA,Ks,Kb,Kz,Qthresh,Rs,Rb1,Rb2,Prec,Frac4Rise,Error,BFF
02102500,8.97172e+09,35468.5,0.372436,1767.74,0.15,0.007839,1,8366.9,210.112,1.6392,1.63676e+06,-0.147882,-0.085318,-0.089454,23487.1,0.05,0.436791,0.349364
