tmp.site,tmp.area,Lb,X1,Wb,POR,ALPHA,BETA,Ks,Kb,Kz,Qthresh,Rs,Rb1,Rb2,Prec,Frac4Rise,Error,BFF
01101000,5.51667e+07,5250.92,381.203,954.623,0.15,0.055111,0.9,292.589,23229.2,0.568056,92969.7,-0.100335,-0.040637,-0.063404,24.4657,0.05,0.585824,0.587313
