tmp.site,tmp.area,Lb,X1,Wb,POR,ALPHA,BETA,Ks,Kb,Kz,Qthresh,Rs,Rb1,Rb2,Prec,Frac4Rise,Error,BFF
05076000,2.55114e+09,17864.1,100,4442.59,0.15,0.01511,1,6932.6,19048.6,0.926663,518673,-0.055613,-0.058357,-0.120568,24.4657,0.05,11.5094,0.47605
