tmp.site,tmp.area,Lb,X1,Wb,POR,ALPHA,BETA,Ks,Kb,Kz,Qthresh,Rs,Rb1,Rb2,Prec,Frac4Rise,Error,BFF
0212430653,1.49183e+07,16335,100,38.5243,0.15,0.037649,1,547.132,14941,0.78387,3180.54,-0.382781,-0.094826,-0.114496,24.4657,0.05,0.541818,0.188331
