tmp.site,tmp.area,Lb,X1,Wb,POR,ALPHA,BETA,Ks,Kb,Kz,Qthresh,Rs,Rb1,Rb2,Prec,Frac4Rise,Error,BFF
14036860,1.03962e+08,57612.8,30875.4,640.456,0.15,0.010036,10.1,286.074,264.277,0.226866,64589.5,-0.079582,-0.018422,-0.005776,5292.67,0.05,0.259079,0.513477
