tmp.site,tmp.area,Lb,X1,Wb,POR,ALPHA,BETA,Ks,Kb,Kz,Qthresh,Rs,Rb1,Rb2,Prec,Frac4Rise,Error,BFF
01556000,7.53687e+08,14988.5,3607.18,1188.97,0.15,0.009211,10.1,1988.87,7297.42,1.11467,171260,-0.247073,-0.066055,-0.032243,12232.9,0.05,0.288602,0.475596
