tmp.site,tmp.area,Lb,X1,Wb,POR,ALPHA,BETA,Ks,Kb,Kz,Qthresh,Rs,Rb1,Rb2,Prec,Frac4Rise,Error,BFF
08045550,5.3561e+09,27541.4,0.13167,238.776,0.15,0.00212,1,3896.98,6.20832,1.05099,13358.3,-0.133446,-0.135453,-0.139072,868.533,0.05,0.45236,0.025796
