tmp.site,tmp.area,Lb,X1,Wb,POR,ALPHA,BETA,Ks,Kb,Kz,Qthresh,Rs,Rb1,Rb2,Prec,Frac4Rise,Error,BFF
08047500,1.34161e+09,6957.1,100,453.734,0.15,0.009712,1,2623.91,10386.2,0.943654,97862.9,-0.17959,-0.092759,-0.149963,24.4657,0.05,28.4766,0.109587
