tmp.site,tmp.area,Lb,X1,Wb,POR,ALPHA,BETA,Ks,Kb,Kz,Qthresh,Rs,Rb1,Rb2,Prec,Frac4Rise,Error,BFF
09413700,1.14348e+10,20085.5,100,879.061,0.15,0.049019,1,15280,18008,0.997121,300928,-0.213722,-0.054852,-0.105984,24.4657,0.05,17.24,0.246872
