tmp.site,tmp.area,Lb,X1,Wb,POR,ALPHA,BETA,Ks,Kb,Kz,Qthresh,Rs,Rb1,Rb2,Prec,Frac4Rise,Error,BFF
09444000,4.28125e+09,157488,100,220.172,0.15,0.027574,1,2320.3,1410.7,0.916283,84162.1,-0.119393,-0.046864,-0.036287,2079.59,0.05,0.41562,0.221033
