tmp.site,tmp.area,Lb,X1,Wb,POR,ALPHA,BETA,Ks,Kb,Kz,Qthresh,Rs,Rb1,Rb2,Prec,Frac4Rise,Error,BFF
06815000,3.46799e+09,18932,0.021505,923.481,0.15,0.004469,1.2,3239.69,2.97048,0.177519,325394,-0.149829,-0.098752,-0.073295,3914.51,0.05,0.497562,0.203047
