tmp.site,tmp.area,Lb,X1,Wb,POR,ALPHA,BETA,Ks,Kb,Kz,Qthresh,Rs,Rb1,Rb2,Prec,Frac4Rise,Error,BFF
09367958,1.17844e+10,6014.12,100,113.993,0.15,0.008547,1,11553.2,8453.11,0.948258,26119.6,-0.321775,-0.144623,-0.26307,24.4657,0.05,5.04579,0.046834
