tmp.site,tmp.area,Lb,X1,Wb,POR,ALPHA,BETA,Ks,Kb,Kz,Qthresh,Rs,Rb1,Rb2,Prec,Frac4Rise,Error,BFF
01105585,1.06449e+07,17349.6,64.9578,136.684,0.15,0.017178,0.9,451.374,9748.54,0.496002,9701.15,-0.352365,-0.057931,-0.083713,152.372,0.05,0.431545,0.350534
