tmp.site,tmp.area,Lb,X1,Wb,POR,ALPHA,BETA,Ks,Kb,Kz,Qthresh,Rs,Rb1,Rb2,Prec,Frac4Rise,Error,BFF
11278000,2.03055e+08,20502.7,31.7845,351.011,0.15,0.003359,0.9,108.945,1497.55,1.06919,371879,-0.035729,-0.048132,-0.091288,97.8629,0.05,2.61964,0.089721
