tmp.site,tmp.area,Lb,X1,Wb,POR,ALPHA,BETA,Ks,Kb,Kz,Qthresh,Rs,Rb1,Rb2,Prec,Frac4Rise,Error,BFF
02156370,1.30276e+09,10559.1,100,1672.94,0.15,0.010067,1,2516.59,9249.61,1.0032,1.59786e+06,-0.188747,-0.062508,-0.043857,31560.8,0.05,0.291303,0.521706
