tmp.site,tmp.area,Lb,X1,Wb,POR,ALPHA,BETA,Ks,Kb,Kz,Qthresh,Rs,Rb1,Rb2,Prec,Frac4Rise,Error,BFF
01524500,4.09218e+08,9727.99,1258.94,686.97,0.15,0.006674,9.8,1515.23,4974.99,0.884739,55781.8,-0.1922,-0.093471,-0.038596,3425.2,0.05,0.332038,0.35116
