tmp.site,tmp.area,Lb,X1,Wb,POR,ALPHA,BETA,Ks,Kb,Kz,Qthresh,Rs,Rb1,Rb2,Prec,Frac4Rise,Error,BFF
01396582,3.18569e+07,19366.5,100,154.877,0.15,0.015505,1,345.438,17540.9,0.858224,14005.6,-0.458145,-0.069704,-0.04679,490.048,0.05,0.348642,0.395867
