tmp.site,tmp.area,Lb,X1,Wb,POR,ALPHA,BETA,Ks,Kb,Kz,Qthresh,Rs,Rb1,Rb2,Prec,Frac4Rise,Error,BFF
02266300,2.19113e+08,16270.4,100,296.06,0.15,0.027586,1,275.208,17764.8,0.917726,35475.3,-0.152691,-0.045792,-0.058585,100.309,0.05,0.559711,0.459672
