tmp.site,tmp.area,Lb,X1,Wb,POR,ALPHA,BETA,Ks,Kb,Kz,Qthresh,Rs,Rb1,Rb2,Prec,Frac4Rise,Error,BFF
02172300,4.04038e+07,18376.4,100,172.397,0.15,0.015004,1,268.431,18917.7,0.574573,38411.2,-0.257285,-0.044583,-0.057843,489.314,0.05,0.338242,0.526751
