tmp.site,tmp.area,Lb,X1,Wb,POR,ALPHA,BETA,Ks,Kb,Kz,Qthresh,Rs,Rb1,Rb2,Prec,Frac4Rise,Error,BFF
14302480,4.04038e+08,6864.75,100,1978.81,0.15,0.008713,1,1695.75,2557.82,1.74221,137081,-0.181922,-0.062779,-0.015258,14336.9,0.05,0.319269,0.340952
