tmp.site,tmp.area,Lb,X1,Wb,POR,ALPHA,BETA,Ks,Kb,Kz,Qthresh,Rs,Rb1,Rb2,Prec,Frac4Rise,Error,BFF
05470500,5.28358e+08,10115.9,100,837.73,0.15,0.016192,1,1583.94,17086.5,0.96054,251997,-0.191496,-0.063827,-0.087694,24.4657,0.05,9.35836,0.419522
