tmp.site,tmp.area,Lb,X1,Wb,POR,ALPHA,BETA,Ks,Kb,Kz,Qthresh,Rs,Rb1,Rb2,Prec,Frac4Rise,Error,BFF
11451292,3.10799e+08,41301.2,4074.08,321.946,0.15,0.007992,9.1,51.9324,1.30843,0.630503,24465.7,-0.012659,-0.030892,-0.00618,2299.78,0.05,0.145554,0.107373
