tmp.site,tmp.area,Lb,X1,Wb,POR,ALPHA,BETA,Ks,Kb,Kz,Qthresh,Rs,Rb1,Rb2,Prec,Frac4Rise,Error,BFF
06447230,7.07067e+08,8579.35,100,166.324,0.15,0.022572,1,2197.66,11668,0.898066,68504,-0.200756,-0.099421,-0.159895,24.4657,0.05,12.203,0.139517
