tmp.site,tmp.area,Lb,X1,Wb,POR,ALPHA,BETA,Ks,Kb,Kz,Qthresh,Rs,Rb1,Rb2,Prec,Frac4Rise,Error,BFF
02209360,1.7845e+07,7579.39,55.4507,142.916,0.15,0.01498,1,226.888,4901.71,0.808728,7804.56,-0.224603,-0.069185,-0.077693,24.4657,0.05,0.569361,0.338048
