tmp.site,tmp.area,Lb,X1,Wb,POR,ALPHA,BETA,Ks,Kb,Kz,Qthresh,Rs,Rb1,Rb2,Prec,Frac4Rise,Error,BFF
03426470,1.97875e+07,8281.35,100,108.304,0.15,0.032785,1,568.898,14592,0.862439,1712.6,-0.339465,-0.119201,-0.100193,24.4657,0.05,0.533106,0.216996
