tmp.site,tmp.area,Lb,X1,Wb,POR,ALPHA,BETA,Ks,Kb,Kz,Qthresh,Rs,Rb1,Rb2,Prec,Frac4Rise,Error,BFF
05535070,5.46487e+07,9130.39,100,177.257,0.15,0.03227,1,1160.73,11638.2,0.985205,11792.5,-0.320904,-0.087409,-0.129956,70.9506,0.05,0.878248,0.266136
