tmp.site,tmp.area,Lb,X1,Wb,POR,ALPHA,BETA,Ks,Kb,Kz,Qthresh,Rs,Rb1,Rb2,Prec,Frac4Rise,Error,BFF
05051300,4.86918e+09,19707,100,3037.78,0.15,0.021887,1,3198.67,15003.4,0.916654,61164.3,-0.059448,-0.056225,-0.148066,24.4657,0.05,19.0258,0.484313
