tmp.site,tmp.area,Lb,X1,Wb,POR,ALPHA,BETA,Ks,Kb,Kz,Qthresh,Rs,Rb1,Rb2,Prec,Frac4Rise,Error,BFF
02458450,8.67646e+07,8071.94,100,431.038,0.15,0.009358,1,1447.78,4771.81,0.890528,61164.3,-0.469784,-0.11784,-0.06781,3180.54,0.05,0.29662,0.319725
