tmp.site,tmp.area,Lb,X1,Wb,POR,ALPHA,BETA,Ks,Kb,Kz,Qthresh,Rs,Rb1,Rb2,Prec,Frac4Rise,Error,BFF
05368000,1.08262e+09,78010.2,29598.4,934.192,0.15,0.005954,10.1,719.258,417.146,0.790497,442829,-0.120581,-0.036217,-0.011941,29358.9,0.05,0.23922,0.534882
