tmp.site,tmp.area,Lb,X1,Wb,POR,ALPHA,BETA,Ks,Kb,Kz,Qthresh,Rs,Rb1,Rb2,Prec,Frac4Rise,Error,BFF
02146530,1.27427e+08,11243.2,100,453.097,0.15,0.007972,1,2168.48,1747.23,1.03729,64344.8,-0.710086,-0.118897,-0.076136,5529.25,0.05,0.272254,0.312279
