tmp.site,tmp.area,Lb,X1,Wb,POR,ALPHA,BETA,Ks,Kb,Kz,Qthresh,Rs,Rb1,Rb2,Prec,Frac4Rise,Error,BFF
09403850,6.1305e+09,75473.4,100,46.8666,0.15,0.026635,1,4740.26,1005.01,1.01091,10226.7,-0.265866,-0.074968,-0.021754,697.273,0.05,0.304619,0.25618
