tmp.site,tmp.area,Lb,X1,Wb,POR,ALPHA,BETA,Ks,Kb,Kz,Qthresh,Rs,Rb1,Rb2,Prec,Frac4Rise,Error,BFF
01642198,1.12664e+07,5234.55,100,153.583,0.15,0.015332,1,191.258,2533.77,0.294432,1268.3,-0.427833,-0.046008,-0.031902,105.203,0.05,0.307697,0.438569
