tmp.site,tmp.area,Lb,X1,Wb,POR,ALPHA,BETA,Ks,Kb,Kz,Qthresh,Rs,Rb1,Rb2,Prec,Frac4Rise,Error,BFF
08068740,3.39288e+08,4461.27,100,717.747,0.15,0.020023,1,2233.96,22243.5,0.937344,9541.63,-0.235002,-0.156079,-0.169755,24.4657,0.05,2.21004,0.247888
