tmp.site,tmp.area,Lb,X1,Wb,POR,ALPHA,BETA,Ks,Kb,Kz,Qthresh,Rs,Rb1,Rb2,Prec,Frac4Rise,Error,BFF
07207500,4.42888e+08,55757.7,48.6573,71.6269,0.15,0.020591,0.9,896.358,6951.23,0.916616,8538.53,-0.143841,-0.047148,-0.075176,24.4657,0.05,6.8165,0.179628
