tmp.site,tmp.area,Lb,X1,Wb,POR,ALPHA,BETA,Ks,Kb,Kz,Qthresh,Rs,Rb1,Rb2,Prec,Frac4Rise,Error,BFF
09312600,1.95803e+08,79399.8,100,57.383,0.15,0.024883,1,1011.89,4437.28,0.896241,12966.8,-0.125845,-0.030032,-0.034352,24.4657,0.05,4.29389,0.127505
