tmp.site,tmp.area,Lb,X1,Wb,POR,ALPHA,BETA,Ks,Kb,Kz,Qthresh,Rs,Rb1,Rb2,Prec,Frac4Rise,Error,BFF
04043050,7.25197e+07,12945.8,4227.44,394.131,0.15,0.006809,3,87.2039,6960.45,0.685307,24465.7,-0.170916,-0.061846,-0.023962,1908.67,0.05,0.364099,0.336432
