tmp.site,tmp.area,Lb,X1,Wb,POR,ALPHA,BETA,Ks,Kb,Kz,Qthresh,Rs,Rb1,Rb2,Prec,Frac4Rise,Error,BFF
03342500,5.90517e+08,10466.7,100,729.442,0.15,0.015607,1,2601.67,20462.7,0.92206,36698.6,-0.148889,-0.10653,-0.098658,244.657,0.05,0.613107,0.273738
