tmp.site,tmp.area,Lb,X1,Wb,POR,ALPHA,BETA,Ks,Kb,Kz,Qthresh,Rs,Rb1,Rb2,Prec,Frac4Rise,Error,BFF
09093500,5.12818e+08,180736,100,123.182,0.15,0.02483,1,2112.03,5623.25,1.01447,29358.9,-0.143351,-0.042986,-0.072222,24.4657,0.05,6.94033,0.207307
