tmp.site,tmp.area,Lb,X1,Wb,POR,ALPHA,BETA,Ks,Kb,Kz,Qthresh,Rs,Rb1,Rb2,Prec,Frac4Rise,Error,BFF
02180400,6.21597e+07,50174.3,179.011,379.743,0.15,0.008063,3.7,721.513,4684.59,0.668575,52356.6,-0.43986,-0.034578,-0.027073,3822.52,0.05,0.255771,0.578682
