tmp.site,tmp.area,Lb,X1,Wb,POR,ALPHA,BETA,Ks,Kb,Kz,Qthresh,Rs,Rb1,Rb2,Prec,Frac4Rise,Error,BFF
10028500,5.26286e+09,13691.1,242.257,1512.49,0.15,0.01543,0.9,1502.75,32207,0.904445,256890,-0.066766,-0.039332,-0.067494,167.076,0.05,0.856477,0.445674
