tmp.site,tmp.area,Lb,X1,Wb,POR,ALPHA,BETA,Ks,Kb,Kz,Qthresh,Rs,Rb1,Rb2,Prec,Frac4Rise,Error,BFF
08075900,9.47936e+07,3010.06,63.0129,458.137,0.15,0.006068,1,1253.53,2090.35,0.808849,53824.6,-0.346574,-0.120242,-0.115768,562.711,0.05,0.417231,0.179515
