tmp.site,tmp.area,Lb,X1,Wb,POR,ALPHA,BETA,Ks,Kb,Kz,Qthresh,Rs,Rb1,Rb2,Prec,Frac4Rise,Error,BFF
06821500,4.36672e+09,28601.2,103.297,77.5999,0.15,0.044883,0.9,3933.48,13138.2,1.03229,35475.3,-0.143841,-0.061558,-0.137159,24.4657,0.05,14.6722,0.17926
