tmp.site,tmp.area,Lb,X1,Wb,POR,ALPHA,BETA,Ks,Kb,Kz,Qthresh,Rs,Rb1,Rb2,Prec,Frac4Rise,Error,BFF
07250551,3.89915e+11,18007.3,100,25475.9,0.15,0.011516,1,17911.2,9443.1,0.902897,3.05821e+07,-0.040139,-0.033627,-0.288649,758.437,0.05,5276.51,0.773325
