tmp.site,tmp.area,Lb,X1,Wb,POR,ALPHA,BETA,Ks,Kb,Kz,Qthresh,Rs,Rb1,Rb2,Prec,Frac4Rise,Error,BFF
09442681,8.70236e+08,50209.6,36.5982,54.3297,0.15,0.015308,0.9,1669.08,8574.35,1.0249,15005.8,-0.138316,-0.053962,-0.090628,24.4657,0.05,0.874648,0.127185
