tmp.site,tmp.area,Lb,X1,Wb,POR,ALPHA,BETA,Ks,Kb,Kz,Qthresh,Rs,Rb1,Rb2,Prec,Frac4Rise,Error,BFF
04118500,6.06057e+08,21707.8,100,682.71,0.15,0.010374,1,59.9008,7286.03,0.907951,369432,-0.05268,-0.038863,-0.022331,19572.6,0.05,0.23356,0.611975
