tmp.site,tmp.area,Lb,X1,Wb,POR,ALPHA,BETA,Ks,Kb,Kz,Qthresh,Rs,Rb1,Rb2,Prec,Frac4Rise,Error,BFF
08038000,1.30276e+09,23762.5,195.871,2505.69,0.15,0.013572,1.2,7072.68,80352.7,1.36678,171260,-0.09332,-0.083664,-0.060181,1737.07,0.05,0.463417,0.495731
