tmp.site,tmp.area,Lb,X1,Wb,POR,ALPHA,BETA,Ks,Kb,Kz,Qthresh,Rs,Rb1,Rb2,Prec,Frac4Rise,Error,BFF
03118500,4.45478e+08,21284.8,1692.83,591.738,0.15,0.007288,9.8,1301.73,3803.83,0.636712,237317,-0.255413,-0.070083,-0.043579,7584.37,0.05,0.288956,0.450541
