tmp.site,tmp.area,Lb,X1,Wb,POR,ALPHA,BETA,Ks,Kb,Kz,Qthresh,Rs,Rb1,Rb2,Prec,Frac4Rise,Error,BFF
08082500,4.02432e+10,9118.32,100,979.641,0.15,0.008714,1,13637.4,5365.64,0.95664,254443,-0.192497,-0.090685,-0.159641,24.4657,0.05,199.139,0.118785
