tmp.site,tmp.area,Lb,X1,Wb,POR,ALPHA,BETA,Ks,Kb,Kz,Qthresh,Rs,Rb1,Rb2,Prec,Frac4Rise,Error,BFF
02436000,3.75548e+08,30477.6,110.66,12086.3,0.15,0.010242,1.2,4724.22,99221.1,0.933785,56271.1,-0.443652,-0.120292,-0.078343,366.986,0.05,5.82095,0.979801
