tmp.site,tmp.area,Lb,X1,Wb,POR,ALPHA,BETA,Ks,Kb,Kz,Qthresh,Rs,Rb1,Rb2,Prec,Frac4Rise,Error,BFF
03083500,4.44183e+09,14100.9,19.92,2808.35,0.15,0.008629,1.1,5254.23,2531.37,2.0868,2.51997e+06,-0.15337,-0.058675,-0.052278,70950.6,0.05,0.341609,0.490914
