tmp.site,tmp.area,Lb,X1,Wb,POR,ALPHA,BETA,Ks,Kb,Kz,Qthresh,Rs,Rb1,Rb2,Prec,Frac4Rise,Error,BFF
05502500,1.24578e+09,4930.39,100,846.706,0.15,0.010732,1,4524.24,13860.8,0.900718,38491.9,-0.263559,-0.157863,-0.137478,48.9314,0.05,1.03414,0.134121
