tmp.site,tmp.area,Lb,X1,Wb,POR,ALPHA,BETA,Ks,Kb,Kz,Qthresh,Rs,Rb1,Rb2,Prec,Frac4Rise,Error,BFF
402913084285400,4.24758e+07,10905.5,87.9649,430.843,0.15,0.040163,1,1477.29,41273.2,1.05941,35719.9,-0.391161,-0.122412,-0.146938,24.4657,0.05,0.872085,0.349673
