tmp.site,tmp.area,Lb,X1,Wb,POR,ALPHA,BETA,Ks,Kb,Kz,Qthresh,Rs,Rb1,Rb2,Prec,Frac4Rise,Error,BFF
06450500,4.01189e+09,1059.2,18.235,4509.85,0.15,0.016018,1,2398.19,49.5664,0.376024,366986,-0.091161,-0.032612,-0.031012,8318.34,0.05,0.3064,0.581171
