tmp.site,tmp.area,Lb,X1,Wb,POR,ALPHA,BETA,Ks,Kb,Kz,Qthresh,Rs,Rb1,Rb2,Prec,Frac4Rise,Error,BFF
07062575,2.60812e+09,10220.5,65.557,2724.86,0.15,0.008478,0.9,507.626,3633.26,0.840071,633662,-0.019084,-0.045373,-0.051921,66502.7,0.05,0.257702,0.553462
