tmp.site,tmp.area,Lb,X1,Wb,POR,ALPHA,BETA,Ks,Kb,Kz,Qthresh,Rs,Rb1,Rb2,Prec,Frac4Rise,Error,BFF
14326300,7.61457e+08,8707.97,100,1404.45,0.15,0.008105,1,5007.79,5060.26,0.964828,19389.1,-0.217484,-0.079636,-0.026751,1631.32,0.05,0.287625,0.263205
