tmp.site,tmp.area,Lb,X1,Wb,POR,ALPHA,BETA,Ks,Kb,Kz,Qthresh,Rs,Rb1,Rb2,Prec,Frac4Rise,Error,BFF
07338500,3.18051e+09,12017,321.652,5938.39,0.15,0.016701,1.1,13866.6,98674.9,1.78453,65323.5,-0.090547,-0.117747,-0.085751,1794.71,0.05,0.619654,0.485247
