tmp.site,tmp.area,Lb,X1,Wb,POR,ALPHA,BETA,Ks,Kb,Kz,Qthresh,Rs,Rb1,Rb2,Prec,Frac4Rise,Error,BFF
03050500,7.07067e+08,6023.48,100,1486.46,0.15,0.011589,1,5209.8,16920.5,0.981286,5871.77,-0.232739,-0.088488,-0.101883,685.04,0.05,0.447641,0.381675
