tmp.site,tmp.area,Lb,X1,Wb,POR,ALPHA,BETA,Ks,Kb,Kz,Qthresh,Rs,Rb1,Rb2,Prec,Frac4Rise,Error,BFF
07351000,2.04609e+08,4002.03,100,354.402,0.15,0.011211,1,1842.31,8027.53,1.02384,11498.9,-0.245206,-0.157516,-0.132762,24.4657,0.05,2.12227,0.086544
