tmp.site,tmp.area,Lb,X1,Wb,POR,ALPHA,BETA,Ks,Kb,Kz,Qthresh,Rs,Rb1,Rb2,Prec,Frac4Rise,Error,BFF
12321500,2.51229e+08,33002.9,88.8508,547.633,0.15,0.01291,1.6,454.332,15412.2,1.09468,73397.1,-0.105398,-0.039691,-0.024897,3669.86,0.05,0.319504,0.560367
