tmp.site,tmp.area,Lb,X1,Wb,POR,ALPHA,BETA,Ks,Kb,Kz,Qthresh,Rs,Rb1,Rb2,Prec,Frac4Rise,Error,BFF
01157000,1.84148e+08,16028.6,16.4401,510.947,0.15,0.020611,1.1,796.002,4288.5,1.20989,7829.03,-0.150868,-0.067308,-0.058357,880.766,0.05,0.413817,0.463133
