tmp.site,tmp.area,Lb,X1,Wb,POR,ALPHA,BETA,Ks,Kb,Kz,Qthresh,Rs,Rb1,Rb2,Prec,Frac4Rise,Error,BFF
14188610,2.66769e+06,4565.2,0.16864,114.547,0.15,0.020029,1.5,191.051,10.0472,0.693926,195.726,-0.211476,-0.099306,-0.035023,24.4657,0.05,0.40401,0.315396
