tmp.site,tmp.area,Lb,X1,Wb,POR,ALPHA,BETA,Ks,Kb,Kz,Qthresh,Rs,Rb1,Rb2,Prec,Frac4Rise,Error,BFF
06892350,1.54767e+11,37185,1.53829,4005.25,0.15,0.005235,1.3,12413.3,272.104,1.04781,2.59337e+06,-0.091161,-0.05244,-0.0405,134806,0.05,0.367539,0.45975
