tmp.site,tmp.area,Lb,X1,Wb,POR,ALPHA,BETA,Ks,Kb,Kz,Qthresh,Rs,Rb1,Rb2,Prec,Frac4Rise,Error,BFF
06185110,7.037e+09,15323.5,100,579.578,0.15,0.022652,1,499.3,17673.2,0.883466,30826.8,-0.103615,-0.053021,-0.097183,24.4657,0.05,7.96295,0.393361
