tmp.site,tmp.area,Lb,X1,Wb,POR,ALPHA,BETA,Ks,Kb,Kz,Qthresh,Rs,Rb1,Rb2,Prec,Frac4Rise,Error,BFF
07069220,7.25197e+08,84817.2,100,736.351,0.15,0.012068,1,478.913,3696.02,0.950478,721739,-0.051427,-0.016277,-0.009508,52266.1,0.05,0.302137,0.486167
