tmp.site,tmp.area,Lb,X1,Wb,POR,ALPHA,BETA,Ks,Kb,Kz,Qthresh,Rs,Rb1,Rb2,Prec,Frac4Rise,Error,BFF
03333050,4.84069e+09,16693.5,148.871,3472.58,0.15,0.009684,1.1,4328.55,21005.7,0.914166,662336,-0.120211,-0.042792,-0.037798,70461.3,0.05,0.255945,0.648081
