tmp.site,tmp.area,Lb,X1,Wb,POR,ALPHA,BETA,Ks,Kb,Kz,Qthresh,Rs,Rb1,Rb2,Prec,Frac4Rise,Error,BFF
09196000,6.13827e+08,89625.8,100,193.932,0.15,0.011649,1,698.65,3379.42,0.891321,66057.4,-0.111572,-0.041098,-0.020186,3914.51,0.05,0.310206,0.322453
