tmp.site,tmp.area,Lb,X1,Wb,POR,ALPHA,BETA,Ks,Kb,Kz,Qthresh,Rs,Rb1,Rb2,Prec,Frac4Rise,Error,BFF
09361000,4.45478e+08,18269.4,100,484.467,0.15,0.008583,1,258.74,11229.2,1.0098,51378,-0.139678,-0.037498,-0.018224,2446.57,0.05,0.379225,0.36328
