tmp.site,tmp.area,Lb,X1,Wb,POR,ALPHA,BETA,Ks,Kb,Kz,Qthresh,Rs,Rb1,Rb2,Prec,Frac4Rise,Error,BFF
13011000,2.09012e+09,71577.7,0.637406,813.274,0.15,0.008217,0.9,159.222,4.28895,1.20229,1.27956e+06,-0.009901,-0.034187,-0.058978,978.629,0.05,12.5768,0.181482
