tmp.site,tmp.area,Lb,X1,Wb,POR,ALPHA,BETA,Ks,Kb,Kz,Qthresh,Rs,Rb1,Rb2,Prec,Frac4Rise,Error,BFF
01351500,2.29473e+09,15683.6,84.9924,2273.6,0.15,0.014063,1.2,5766.62,21634.3,1.13369,48931.4,-0.202733,-0.080686,-0.05066,2691.23,0.05,0.393851,0.482531
