tmp.site,tmp.area,Lb,X1,Wb,POR,ALPHA,BETA,Ks,Kb,Kz,Qthresh,Rs,Rb1,Rb2,Prec,Frac4Rise,Error,BFF
02072000,5.56847e+08,24326.3,23.229,1664.38,0.15,0.017398,0.8,18.3592,7111.53,0.947084,707059,-0.001988,-0.042446,-0.11842,8807.66,0.05,2.12612,0.86832
