tmp.site,tmp.area,Lb,X1,Wb,POR,ALPHA,BETA,Ks,Kb,Kz,Qthresh,Rs,Rb1,Rb2,Prec,Frac4Rise,Error,BFF
02392920,3.67778e+07,8225.17,28.4171,192.591,0.15,0.02144,1,1350.77,4563.18,1.10191,42570.3,-0.47351,-0.111025,-0.112653,154.819,0.05,0.419494,0.273796
