tmp.site,tmp.area,Lb,X1,Wb,POR,ALPHA,BETA,Ks,Kb,Kz,Qthresh,Rs,Rb1,Rb2,Prec,Frac4Rise,Error,BFF
01429301,1.20175e+08,15411.8,224.491,476.784,0.15,0.015051,2.9,936.149,13197.8,1.13295,27156.9,-0.308115,-0.06726,-0.035906,1951.39,0.05,0.342385,0.499543
