tmp.site,tmp.area,Lb,X1,Wb,POR,ALPHA,BETA,Ks,Kb,Kz,Qthresh,Rs,Rb1,Rb2,Prec,Frac4Rise,Error,BFF
02070500,6.26777e+08,14389,166.246,1075.28,0.15,0.009061,9.3,1732.69,116.285,1.43345,386558,-0.346574,-0.0469,-0.03392,17126,0.05,0.278706,0.532608
