tmp.site,tmp.area,Lb,X1,Wb,POR,ALPHA,BETA,Ks,Kb,Kz,Qthresh,Rs,Rb1,Rb2,Prec,Frac4Rise,Error,BFF
01644375,3.49648e+06,3997.76,711.543,94.4673,0.15,0.009959,10.1,119.144,2684.51,0.310867,3376.27,-0.410188,-0.094073,-0.056268,85.63,0.05,0.317661,0.365987
