tmp.site,tmp.area,Lb,X1,Wb,POR,ALPHA,BETA,Ks,Kb,Kz,Qthresh,Rs,Rb1,Rb2,Prec,Frac4Rise,Error,BFF
09114500,2.61848e+09,60089.2,197.436,1066.47,0.15,0.0053,3.3,142.317,2446.83,0.952091,552925,-0.066766,-0.023239,-0.015608,30582.1,0.05,0.309964,0.559325
