tmp.site,tmp.area,Lb,X1,Wb,POR,ALPHA,BETA,Ks,Kb,Kz,Qthresh,Rs,Rb1,Rb2,Prec,Frac4Rise,Error,BFF
07030050,5.97769e+09,10494.1,100,4830.81,0.15,0.008848,1,2434.98,11092.5,1.11794,819601,-0.063872,-0.048249,-0.045414,76577.7,0.05,0.384218,0.570673
