tmp.site,tmp.area,Lb,X1,Wb,POR,ALPHA,BETA,Ks,Kb,Kz,Qthresh,Rs,Rb1,Rb2,Prec,Frac4Rise,Error,BFF
10348245,2.07199e+08,884251,100,21.647,0.15,0.035653,1,753.732,12126.8,0.841845,2813.56,-0.143841,-0.056508,-0.042381,24.4657,0.05,3.53972,0.268064
