tmp.site,tmp.area,Lb,X1,Wb,POR,ALPHA,BETA,Ks,Kb,Kz,Qthresh,Rs,Rb1,Rb2,Prec,Frac4Rise,Error,BFF
04126740,3.23749e+08,78629.4,42802.3,2029.01,0.15,0.005202,10.1,65.558,1614.46,0.297556,308268,-0.201172,-0.00809,-0.005543,22508.5,0.05,0.099623,0.872795
