tmp.site,tmp.area,Lb,X1,Wb,POR,ALPHA,BETA,Ks,Kb,Kz,Qthresh,Rs,Rb1,Rb2,Prec,Frac4Rise,Error,BFF
08172400,2.90079e+08,6840.02,100,390.086,0.15,0.019635,1,1169.39,13445,0.896805,18911,-0.210227,-0.109988,-0.160927,24.4657,0.05,7.99811,0.13636
