tmp.site,tmp.area,Lb,X1,Wb,POR,ALPHA,BETA,Ks,Kb,Kz,Qthresh,Rs,Rb1,Rb2,Prec,Frac4Rise,Error,BFF
14313700,5.15408e+08,151797,8.42334,513.268,0.15,0.037467,0.9,163.522,52.1232,1.1974,220681,-0.016187,-0.037195,-0.046878,7991.24,0.05,0.211817,0.470092
