tmp.site,tmp.area,Lb,X1,Wb,POR,ALPHA,BETA,Ks,Kb,Kz,Qthresh,Rs,Rb1,Rb2,Prec,Frac4Rise,Error,BFF
02200120,1.17326e+09,9471.06,100,920.336,0.15,0.015999,1,2105.74,13971.8,0.961659,20217.5,-0.160727,-0.065103,-0.063736,420.81,0.05,0.425129,0.375954
