tmp.site,tmp.area,Lb,X1,Wb,POR,ALPHA,BETA,Ks,Kb,Kz,Qthresh,Rs,Rb1,Rb2,Prec,Frac4Rise,Error,BFF
12325500,1.39859e+08,136531,16.4693,463.675,0.15,0.030604,0.9,89.2344,58.3252,0.562983,75843.7,-0.019765,-0.01819,-0.02557,880.766,0.05,0.861675,0.617524
