tmp.site,tmp.area,Lb,X1,Wb,POR,ALPHA,BETA,Ks,Kb,Kz,Qthresh,Rs,Rb1,Rb2,Prec,Frac4Rise,Error,BFF
08020000,7.22866e+09,4404.36,100,18711.5,0.15,0.070104,1,7871.03,7967.84,0.949506,53824.6,-0.098525,-0.080346,-0.076095,3425.2,0.05,0.59901,0.467386
