tmp.site,tmp.area,Lb,X1,Wb,POR,ALPHA,BETA,Ks,Kb,Kz,Qthresh,Rs,Rb1,Rb2,Prec,Frac4Rise,Error,BFF
021973269,2.14969e+10,4980.8,3367.09,363252,0.15,0.046873,10.1,16878.6,60.1631,0.835885,1.03001e+07,-0.049849,-0.0304,-0.022812,956609,0.05,0.298576,0.706586
