tmp.site,tmp.area,Lb,X1,Wb,POR,ALPHA,BETA,Ks,Kb,Kz,Qthresh,Rs,Rb1,Rb2,Prec,Frac4Rise,Error,BFF
02322500,2.63402e+09,27669.1,100,6067.77,0.15,0.030062,1,273.286,212.696,0.890787,2.23127e+06,-0.035745,-0.010921,-0.004823,126977,0.05,0.230914,0.622881
