tmp.site,tmp.area,Lb,X1,Wb,POR,ALPHA,BETA,Ks,Kb,Kz,Qthresh,Rs,Rb1,Rb2,Prec,Frac4Rise,Error,BFF
05488500,3.23205e+10,139832,66.5874,1711.55,0.15,0.005435,1,5158.02,64474.7,1.4068,995755,-0.032269,-0.04548,-0.047139,41591.7,0.05,0.465991,0.363556
