tmp.site,tmp.area,Lb,X1,Wb,POR,ALPHA,BETA,Ks,Kb,Kz,Qthresh,Rs,Rb1,Rb2,Prec,Frac4Rise,Error,BFF
0214265808,1.8881e+07,10381.4,100,65.4107,0.15,0.0323,1,269.239,8675.52,0.828158,1590.27,-0.521374,-0.093529,-0.115618,56.2711,0.05,0.444202,0.257616
