tmp.site,tmp.area,Lb,X1,Wb,POR,ALPHA,BETA,Ks,Kb,Kz,Qthresh,Rs,Rb1,Rb2,Prec,Frac4Rise,Error,BFF
02359170,4.97278e+10,33664.2,169.436,12852.8,0.15,0.006993,1.2,1677.36,6391.52,1.63238,1.56581e+07,-0.037818,-0.026098,-0.022726,1.46777e+06,0.05,0.276422,0.68613
