tmp.site,tmp.area,Lb,X1,Wb,POR,ALPHA,BETA,Ks,Kb,Kz,Qthresh,Rs,Rb1,Rb2,Prec,Frac4Rise,Error,BFF
10145400,2.09789e+08,443730,100,42.3405,0.15,0.035289,1,167.252,205.89,0.866436,8807.66,-0.039692,-0.03312,-0.02194,619.888,0.05,0.30634,0.220697
