tmp.site,tmp.area,Lb,X1,Wb,POR,ALPHA,BETA,Ks,Kb,Kz,Qthresh,Rs,Rb1,Rb2,Prec,Frac4Rise,Error,BFF
05440000,2.8464e+09,17354.1,13.6379,1587.78,0.15,0.008057,3.7,2251.69,121.42,0.777457,217745,-0.119608,-0.054253,-0.0297,19279,0.05,0.32,0.479075
