tmp.site,tmp.area,Lb,X1,Wb,POR,ALPHA,BETA,Ks,Kb,Kz,Qthresh,Rs,Rb1,Rb2,Prec,Frac4Rise,Error,BFF
02378500,1.43226e+08,43602.3,14914.4,411.256,0.15,0.006163,10.1,153.809,1005.42,0.999693,138231,-0.323542,-0.059782,-0.025302,9786.29,0.05,0.207312,0.529681
