tmp.site,tmp.area,Lb,X1,Wb,POR,ALPHA,BETA,Ks,Kb,Kz,Qthresh,Rs,Rb1,Rb2,Prec,Frac4Rise,Error,BFF
10259050,3.60008e+08,51896.2,0.566787,29.1872,0.15,0.000133,0.9,7463.8,2.9837,0.999865,5080.31,-0.346574,-0.139679,-0.229237,24.4657,0.05,0.205279,7.5e-05
