tmp.site,tmp.area,Lb,X1,Wb,POR,ALPHA,BETA,Ks,Kb,Kz,Qthresh,Rs,Rb1,Rb2,Prec,Frac4Rise,Error,BFF
01575900,2.79719e+08,19465.2,2028.11,569.529,0.15,0.013828,9.6,551.243,4990.63,0.727358,122084,-0.285265,-0.045004,-0.02553,4403.83,0.05,0.225001,0.539133
