tmp.site,tmp.area,Lb,X1,Wb,POR,ALPHA,BETA,Ks,Kb,Kz,Qthresh,Rs,Rb1,Rb2,Prec,Frac4Rise,Error,BFF
03017500,6.03467e+08,12961.9,0.262373,1418.4,0.15,0.013756,1.3,3362.55,34.8691,1.23067,67525.4,-0.24422,-0.065296,-0.046132,5137.8,0.05,0.336263,0.499572
