tmp.site,tmp.area,Lb,X1,Wb,POR,ALPHA,BETA,Ks,Kb,Kz,Qthresh,Rs,Rb1,Rb2,Prec,Frac4Rise,Error,BFF
10011500,4.45478e+08,51488,15191.3,391.252,0.15,0.005984,5.6,576.97,2359.33,0.634396,136763,-0.097261,-0.033951,-0.015938,6116.43,0.05,0.324868,0.216823
