tmp.site,tmp.area,Lb,X1,Wb,POR,ALPHA,BETA,Ks,Kb,Kz,Qthresh,Rs,Rb1,Rb2,Prec,Frac4Rise,Error,BFF
04142000,8.28796e+08,2948.49,443.921,10817.2,0.15,0.001164,1.8,282.871,164.184,0.844723,325394,-0.134132,-0.044905,-0.019022,31071.5,0.05,0.2377,0.556291
