tmp.site,tmp.area,Lb,X1,Wb,POR,ALPHA,BETA,Ks,Kb,Kz,Qthresh,Rs,Rb1,Rb2,Prec,Frac4Rise,Error,BFF
05116150,1.77932e+09,10462.7,100,29.2249,0.15,0.007269,1,3015.12,3635.46,0.939088,2147.36,-0.108457,-0.054654,-0.09208,24.4657,0.05,0.586461,0.002782
