tmp.site,tmp.area,Lb,X1,Wb,POR,ALPHA,BETA,Ks,Kb,Kz,Qthresh,Rs,Rb1,Rb2,Prec,Frac4Rise,Error,BFF
03146402,6.21597e+08,6719.82,100,1060.19,0.15,0.008511,1,3408.03,6853.75,0.950904,77556.3,-0.331867,-0.098304,-0.042069,4036.84,0.05,0.347707,0.319914
