tmp.site,tmp.area,Lb,X1,Wb,POR,ALPHA,BETA,Ks,Kb,Kz,Qthresh,Rs,Rb1,Rb2,Prec,Frac4Rise,Error,BFF
08253500,5.56847e+06,1887.8,139.8,473.637,0.15,0.024615,1.1,90.1555,959.748,0.104227,1223.29,-0.125657,-0.016379,-0.014814,110.096,0.05,0.230198,0.722161
