tmp.site,tmp.area,Lb,X1,Wb,POR,ALPHA,BETA,Ks,Kb,Kz,Qthresh,Rs,Rb1,Rb2,Prec,Frac4Rise,Error,BFF
06478500,5.35402e+10,28108.4,100,9215.68,0.15,0.01654,1,8090.96,12734.2,0.974546,697273,-0.088813,-0.032532,-0.050885,244.657,0.05,3.88693,0.517076
