tmp.site,tmp.area,Lb,X1,Wb,POR,ALPHA,BETA,Ks,Kb,Kz,Qthresh,Rs,Rb1,Rb2,Prec,Frac4Rise,Error,BFF
05506350,8.10666e+08,14022.9,27.2156,505.213,0.15,0.010198,1.1,2915.29,12743,0.954881,7437.58,-0.219645,-0.17671,-0.127364,173.707,0.05,0.571534,0.143378
