tmp.site,tmp.area,Lb,X1,Wb,POR,ALPHA,BETA,Ks,Kb,Kz,Qthresh,Rs,Rb1,Rb2,Prec,Frac4Rise,Error,BFF
0137449480,1.60838e+08,7548.04,100,783.649,0.15,0.035637,1,708.097,12068.5,0.948182,281356,-0.143295,-0.054923,-0.085731,84.7492,0.05,0.530101,0.489263
