tmp.site,tmp.area,Lb,X1,Wb,POR,ALPHA,BETA,Ks,Kb,Kz,Qthresh,Rs,Rb1,Rb2,Prec,Frac4Rise,Error,BFF
07176321,4.16988e+08,10641.6,50.0386,399.542,0.15,0.005347,1.6,1160.04,7222.06,0.995987,60063.3,-0.217585,-0.13734,-0.066874,403.684,0.05,0.446258,0.121085
