tmp.site,tmp.area,Lb,X1,Wb,POR,ALPHA,BETA,Ks,Kb,Kz,Qthresh,Rs,Rb1,Rb2,Prec,Frac4Rise,Error,BFF
06888500,8.23616e+08,5763.25,252.094,1048.68,0.15,0.009318,1,1927.07,12831.6,0.757584,68504,-0.202733,-0.058525,-0.053236,244.657,0.05,0.860889,0.25797
