tmp.site,tmp.area,Lb,X1,Wb,POR,ALPHA,BETA,Ks,Kb,Kz,Qthresh,Rs,Rb1,Rb2,Prec,Frac4Rise,Error,BFF
06916600,8.41746e+09,15399.3,0.149143,2105.38,0.15,0.010501,1,7827.73,54.0361,1.38765,166367,-0.111572,-0.085742,-0.114085,1100.96,0.05,0.668943,0.312722
