tmp.site,tmp.area,Lb,X1,Wb,POR,ALPHA,BETA,Ks,Kb,Kz,Qthresh,Rs,Rb1,Rb2,Prec,Frac4Rise,Error,BFF
05600000,8.33976e+07,9065.06,0.052554,216.779,0.15,0.013657,1.1,947.181,7.4652,0.946358,11988.2,-0.346574,-0.125348,-0.095233,244.657,0.05,0.67027,0.150357
