tmp.site,tmp.area,Lb,X1,Wb,POR,ALPHA,BETA,Ks,Kb,Kz,Qthresh,Rs,Rb1,Rb2,Prec,Frac4Rise,Error,BFF
03114350,1.63428e+08,13768.6,89.9721,968.945,0.15,0.024891,1,3259.25,47278.3,1.0006,1235.76,-0.401763,-0.120057,-0.126304,29.3589,0.05,0.543408,0.338284
