tmp.site,tmp.area,Lb,X1,Wb,POR,ALPHA,BETA,Ks,Kb,Kz,Qthresh,Rs,Rb1,Rb2,Prec,Frac4Rise,Error,BFF
09457000,5.67725e+09,217513,0.279876,32.1806,0.15,8e-06,0.9,91517.5,1.86817,1.02052,24.4657,-0.625279,-0.156184,-0.282456,24.4657,0.05,0.165141,1.2e-05
