tmp.site,tmp.area,Lb,X1,Wb,POR,ALPHA,BETA,Ks,Kb,Kz,Qthresh,Rs,Rb1,Rb2,Prec,Frac4Rise,Error,BFF
03015000,2.11343e+09,6747.1,101.613,3608.39,0.15,0.014791,1,4896.3,9179.67,1.2943,198172,-0.064502,-0.056674,-0.055221,21285.2,0.05,0.395915,0.507898
