tmp.site,tmp.area,Lb,X1,Wb,POR,ALPHA,BETA,Ks,Kb,Kz,Qthresh,Rs,Rb1,Rb2,Prec,Frac4Rise,Error,BFF
01162000,2.11861e+08,11207.8,100,718.451,0.15,0.031583,1,527.741,18275.3,0.922412,24465.7,-0.10382,-0.052102,-0.071019,1712.6,0.05,0.437341,0.564384
