tmp.site,tmp.area,Lb,X1,Wb,POR,ALPHA,BETA,Ks,Kb,Kz,Qthresh,Rs,Rb1,Rb2,Prec,Frac4Rise,Error,BFF
03574500,8.28796e+08,30655.7,54.5781,1043.2,0.15,0.015974,1.4,3817.45,19965.2,1.57563,22997.8,-0.285162,-0.106926,-0.054329,1786,0.05,0.416829,0.336018
