tmp.site,tmp.area,Lb,X1,Wb,POR,ALPHA,BETA,Ks,Kb,Kz,Qthresh,Rs,Rb1,Rb2,Prec,Frac4Rise,Error,BFF
01592500,3.41878e+08,33370.9,100,279.624,0.15,0.004631,1,116.535,399.857,0.894691,92235.7,-0.030223,-0.061027,-0.050835,1908.33,0.05,0.417529,0.217012
