tmp.site,tmp.area,Lb,X1,Wb,POR,ALPHA,BETA,Ks,Kb,Kz,Qthresh,Rs,Rb1,Rb2,Prec,Frac4Rise,Error,BFF
06324500,2.0795e+10,8160.14,100,1890.29,0.15,0.007425,1,2719.31,8364.18,0.922045,716014,-0.115381,-0.052915,-0.088702,978.629,0.05,1.65941,0.469843
