tmp.site,tmp.area,Lb,X1,Wb,POR,ALPHA,BETA,Ks,Kb,Kz,Qthresh,Rs,Rb1,Rb2,Prec,Frac4Rise,Error,BFF
05592050,2.41128e+08,8118.2,81.8663,536.934,0.15,0.01318,1,1546.66,13795.1,0.585858,1223.29,-0.27721,-0.098013,-0.100309,24.4657,0.05,3.86662,0.28595
