tmp.site,tmp.area,Lb,X1,Wb,POR,ALPHA,BETA,Ks,Kb,Kz,Qthresh,Rs,Rb1,Rb2,Prec,Frac4Rise,Error,BFF
12179000,3.29964e+09,46327.2,3.20363,3563.34,0.15,0.009293,0.9,770.173,1056.09,2.30848,1.25754e+07,-0.044589,-0.031316,-0.03986,406131,0.05,0.251961,0.822093
