tmp.site,tmp.area,Lb,X1,Wb,POR,ALPHA,BETA,Ks,Kb,Kz,Qthresh,Rs,Rb1,Rb2,Prec,Frac4Rise,Error,BFF
06922500,2.97849e+10,7686.45,100.326,6483.77,0.15,0.011699,1,16243.1,12013.8,3.04947,386558,-0.116399,-0.095153,-0.086262,25444.3,0.05,0.449321,0.331931
