tmp.site,tmp.area,Lb,X1,Wb,POR,ALPHA,BETA,Ks,Kb,Kz,Qthresh,Rs,Rb1,Rb2,Prec,Frac4Rise,Error,BFF
03275000,1.3701e+09,8001.97,100,1680.62,0.15,0.00686,1,2010.2,4514.09,0.880741,293589,-0.187347,-0.070431,-0.02312,13211.5,0.05,0.328262,0.381899
