tmp.site,tmp.area,Lb,X1,Wb,POR,ALPHA,BETA,Ks,Kb,Kz,Qthresh,Rs,Rb1,Rb2,Prec,Frac4Rise,Error,BFF
12025000,4.01448e+08,9727.18,100,1222.38,0.15,0.008931,1,2769.79,5663.44,0.986517,90523.1,-0.201797,-0.063702,-0.024716,6536.99,0.05,0.328388,0.375506
