tmp.site,tmp.area,Lb,X1,Wb,POR,ALPHA,BETA,Ks,Kb,Kz,Qthresh,Rs,Rb1,Rb2,Prec,Frac4Rise,Error,BFF
06227600,5.68761e+09,30008.1,7.43242,978.601,0.15,0.005178,1,507.944,328.932,1.11335,1.15723e+06,-0.064641,-0.044936,-0.050874,14927.8,0.05,0.488424,0.337341
