tmp.site,tmp.area,Lb,X1,Wb,POR,ALPHA,BETA,Ks,Kb,Kz,Qthresh,Rs,Rb1,Rb2,Prec,Frac4Rise,Error,BFF
01477000,1.58248e+08,20128,100,387.63,0.15,0.010879,1,853.24,9438.1,0.980999,63610.9,-0.42292,-0.056463,-0.044382,3425.2,0.05,0.287071,0.458624
