tmp.site,tmp.area,Lb,X1,Wb,POR,ALPHA,BETA,Ks,Kb,Kz,Qthresh,Rs,Rb1,Rb2,Prec,Frac4Rise,Error,BFF
08183200,5.08674e+09,6518.97,258.98,1950.87,0.15,0.006696,1.2,3752.7,2772.94,0.661098,433043,-0.073534,-0.075024,-0.05747,15780.4,0.05,0.348075,0.321887
