tmp.site,tmp.area,Lb,X1,Wb,POR,ALPHA,BETA,Ks,Kb,Kz,Qthresh,Rs,Rb1,Rb2,Prec,Frac4Rise,Error,BFF
01549700,2.44495e+09,56553.5,97.9101,1674.64,0.15,0.011478,1.5,4284.53,48995.4,1.21635,100309,-0.119446,-0.067537,-0.042087,11009.6,0.05,0.347104,0.514062
