tmp.site,tmp.area,Lb,X1,Wb,POR,ALPHA,BETA,Ks,Kb,Kz,Qthresh,Rs,Rb1,Rb2,Prec,Frac4Rise,Error,BFF
01420500,6.24187e+08,9657.69,3.79786,1548.78,0.15,0.011082,4.1,2911.57,30.6005,0.662103,140201,-0.246287,-0.066974,-0.033239,10275.6,0.05,0.304616,0.492825
