tmp.site,tmp.area,Lb,X1,Wb,POR,ALPHA,BETA,Ks,Kb,Kz,Qthresh,Rs,Rb1,Rb2,Prec,Frac4Rise,Error,BFF
12209490,5.95697e+07,9002.8,100,509.644,0.15,0.008307,1,739.66,5367.32,0.971192,39879.1,-0.269713,-0.077937,-0.028844,3890.05,0.05,0.336923,0.37719
