tmp.site,tmp.area,Lb,X1,Wb,POR,ALPHA,BETA,Ks,Kb,Kz,Qthresh,Rs,Rb1,Rb2,Prec,Frac4Rise,Error,BFF
02455980,7.09657e+07,17680.5,100,268.398,0.15,0.012932,1,258.047,7658.82,0.940964,19113.6,-0.332739,-0.068046,-0.024196,1786,0.05,0.275522,0.433338
