tmp.site,tmp.area,Lb,X1,Wb,POR,ALPHA,BETA,Ks,Kb,Kz,Qthresh,Rs,Rb1,Rb2,Prec,Frac4Rise,Error,BFF
11176340,5.74977e+08,7794.91,2522.47,455.277,0.15,0.0058,4.4,946.704,983.851,0.662643,16441,-0.145531,-0.137242,-0.031248,901.464,0.05,0.275974,0.126544
