tmp.site,tmp.area,Lb,X1,Wb,POR,ALPHA,BETA,Ks,Kb,Kz,Qthresh,Rs,Rb1,Rb2,Prec,Frac4Rise,Error,BFF
03219500,1.46852e+09,11670.5,0.326569,987.482,0.15,0.011346,1.5,3737.48,44.1759,1.14575,44038.3,-0.178802,-0.120515,-0.061701,2691.23,0.05,0.431801,0.305492
