tmp.site,tmp.area,Lb,X1,Wb,POR,ALPHA,BETA,Ks,Kb,Kz,Qthresh,Rs,Rb1,Rb2,Prec,Frac4Rise,Error,BFF
02443500,1.85184e+09,22784.1,14.1546,1403.67,0.15,0.00953,1.7,4634.71,1729.25,1.20339,340073,-0.140253,-0.08071,-0.048502,14679.4,0.05,0.377749,0.413199
