tmp.site,tmp.area,Lb,X1,Wb,POR,ALPHA,BETA,Ks,Kb,Kz,Qthresh,Rs,Rb1,Rb2,Prec,Frac4Rise,Error,BFF
01408120,9.03906e+07,28655.2,100,267.72,0.15,0.01264,1,538.987,11710.7,0.990231,56271.1,-0.257344,-0.053014,-0.047329,3425.2,0.05,0.278592,0.495741
