tmp.site,tmp.area,Lb,X1,Wb,POR,ALPHA,BETA,Ks,Kb,Kz,Qthresh,Rs,Rb1,Rb2,Prec,Frac4Rise,Error,BFF
01408150,7.12247e+07,12505.2,96.9935,281.596,0.15,0.010831,0.8,214.75,6008.93,0.120785,119882,-0.076713,-0.037516,-0.062081,3180.54,0.05,0.352943,0.489988
