tmp.site,tmp.area,Lb,X1,Wb,POR,ALPHA,BETA,Ks,Kb,Kz,Qthresh,Rs,Rb1,Rb2,Prec,Frac4Rise,Error,BFF
09444200,1.31053e+09,32960.7,100,203.306,0.15,0.011525,1,1816.28,4280.79,0.899913,6483.41,-0.111572,-0.05205,-0.047539,265.991,0.05,0.779509,0.127057
