tmp.site,tmp.area,Lb,X1,Wb,POR,ALPHA,BETA,Ks,Kb,Kz,Qthresh,Rs,Rb1,Rb2,Prec,Frac4Rise,Error,BFF
05549000,4.01448e+07,5243.29,21.6496,340.521,0.15,0.010225,5,68.6942,32.4323,0.243993,24465.7,-0.178337,-0.033478,-0.024596,978.629,0.05,0.25651,0.641554
