tmp.site,tmp.area,Lb,X1,Wb,POR,ALPHA,BETA,Ks,Kb,Kz,Qthresh,Rs,Rb1,Rb2,Prec,Frac4Rise,Error,BFF
02231291,7.38147e+08,32586.1,40.2658,519.265,0.15,0.022281,0.9,813.771,39964.2,5.78912,1.87701e+06,-0.177995,-0.040579,-0.181518,3720.75,0.05,2.20657,0.335952
