tmp.site,tmp.area,Lb,X1,Wb,POR,ALPHA,BETA,Ks,Kb,Kz,Qthresh,Rs,Rb1,Rb2,Prec,Frac4Rise,Error,BFF
03090500,6.42317e+08,89396.7,66.8703,1493.9,0.15,0.010272,0.9,50.8845,42318.9,0.912917,51730.3,-0.004181,-0.05963,-0.0995,7217.39,0.05,1.78361,0.878068
