tmp.site,tmp.area,Lb,X1,Wb,POR,ALPHA,BETA,Ks,Kb,Kz,Qthresh,Rs,Rb1,Rb2,Prec,Frac4Rise,Error,BFF
05592100,3.44468e+09,36113.4,59.4796,2786.57,0.15,0.026839,0.9,2121.68,26217.6,1.06611,146794,-0.043506,-0.040998,-0.103844,3180.54,0.05,0.782272,0.545747
