tmp.site,tmp.area,Lb,X1,Wb,POR,ALPHA,BETA,Ks,Kb,Kz,Qthresh,Rs,Rb1,Rb2,Prec,Frac4Rise,Error,BFF
12113347,6.44907e+06,7940.37,100,79.1559,0.15,0.010076,1,170.996,2332.53,0.432135,1883.86,-0.25666,-0.085552,-0.042821,149.241,0.05,0.365088,0.284129
