tmp.site,tmp.area,Lb,X1,Wb,POR,ALPHA,BETA,Ks,Kb,Kz,Qthresh,Rs,Rb1,Rb2,Prec,Frac4Rise,Error,BFF
01399670,2.92669e+07,13333.3,102.138,165.722,0.15,0.012544,0.9,370.949,15022.1,0.580756,8744.05,-0.211428,-0.063349,-0.106385,662.507,0.05,0.436712,0.292469
