tmp.site,tmp.area,Lb,X1,Wb,POR,ALPHA,BETA,Ks,Kb,Kz,Qthresh,Rs,Rb1,Rb2,Prec,Frac4Rise,Error,BFF
02074000,1.39341e+09,12512.9,100,1741.79,0.15,0.008242,1,211.873,4915.36,0.941688,1.60006e+06,-0.019121,-0.057923,-0.068553,29603.5,0.05,0.435905,0.689043
