tmp.site,tmp.area,Lb,X1,Wb,POR,ALPHA,BETA,Ks,Kb,Kz,Qthresh,Rs,Rb1,Rb2,Prec,Frac4Rise,Error,BFF
08028500,2.1313e+10,28312.4,6.97185,7959.46,0.15,0.007963,0.9,2623.01,3760.36,1.5329,636109,-0.038481,-0.051956,-0.08565,59696.3,0.05,0.742272,0.741026
