tmp.site,tmp.area,Lb,X1,Wb,POR,ALPHA,BETA,Ks,Kb,Kz,Qthresh,Rs,Rb1,Rb2,Prec,Frac4Rise,Error,BFF
10130500,1.12664e+09,36269.8,31.1668,674.236,0.15,0.00634,1,62.3102,1894.21,1.03998,484421,-0.043506,-0.038888,-0.042022,5627.11,0.05,0.629011,0.469819
