tmp.site,tmp.area,Lb,X1,Wb,POR,ALPHA,BETA,Ks,Kb,Kz,Qthresh,Rs,Rb1,Rb2,Prec,Frac4Rise,Error,BFF
14064500,4.55579e+09,1.17593e+06,2.17015,3784.63,0.15,0.011442,0.8,158.977,2700.28,1.03082,2.44657e+06,-0.030273,-0.010266,-0.018196,122329,0.05,0.376845,0.717432
