tmp.site,tmp.area,Lb,X1,Wb,POR,ALPHA,BETA,Ks,Kb,Kz,Qthresh,Rs,Rb1,Rb2,Prec,Frac4Rise,Error,BFF
01617000,3.03029e+07,17626.9,83.1126,238.371,0.15,0.012481,1.8,214.861,3576.09,0.403887,7853.49,-0.202733,-0.02881,-0.020946,293.589,0.05,0.259878,0.603607
