tmp.site,tmp.area,Lb,X1,Wb,POR,ALPHA,BETA,Ks,Kb,Kz,Qthresh,Rs,Rb1,Rb2,Prec,Frac4Rise,Error,BFF
04086500,3.10799e+08,18731.9,68.4882,364.166,0.15,0.013661,1.2,587.148,10975.2,0.938251,50154.7,-0.138605,-0.063292,-0.050032,709.506,0.05,0.416138,0.400705
