tmp.site,tmp.area,Lb,X1,Wb,POR,ALPHA,BETA,Ks,Kb,Kz,Qthresh,Rs,Rb1,Rb2,Prec,Frac4Rise,Error,BFF
12417650,9.58814e+09,16617.4,100,10754.6,0.15,0.008827,1,241.313,13975.8,0.91291,7.38865e+06,-0.030166,-0.02797,-0.031659,171050,0.05,0.294402,0.705767
