tmp.site,tmp.area,Lb,X1,Wb,POR,ALPHA,BETA,Ks,Kb,Kz,Qthresh,Rs,Rb1,Rb2,Prec,Frac4Rise,Error,BFF
01150800,8.57286e+06,4575.78,100,191.012,0.15,0.016811,1,305.169,5090.18,0.366202,8318.34,-0.300943,-0.055328,-0.052523,141.901,0.05,0.367893,0.428103
