tmp.site,tmp.area,Lb,X1,Wb,POR,ALPHA,BETA,Ks,Kb,Kz,Qthresh,Rs,Rb1,Rb2,Prec,Frac4Rise,Error,BFF
02336910,4.06628e+08,8431.94,100,720.044,0.15,0.0127,1,2187.38,12423.1,0.948641,418364,-0.242021,-0.078493,-0.070431,982.347,0.05,0.394926,0.369933
