tmp.site,tmp.area,Lb,X1,Wb,POR,ALPHA,BETA,Ks,Kb,Kz,Qthresh,Rs,Rb1,Rb2,Prec,Frac4Rise,Error,BFF
05462000,4.52212e+09,88988,73.9601,1088.7,0.15,0.007655,1.4,2466.3,19357.2,0.887205,592070,-0.080653,-0.042628,-0.032292,16147.4,0.05,0.358872,0.467593
