tmp.site,tmp.area,Lb,X1,Wb,POR,ALPHA,BETA,Ks,Kb,Kz,Qthresh,Rs,Rb1,Rb2,Prec,Frac4Rise,Error,BFF
09146020,1.9917e+08,30149.9,6469.75,401.217,0.15,0.010286,3,379.886,7665.52,0.586124,63366.2,-0.100335,-0.031646,-0.019506,4379.36,0.05,0.286314,0.332008
