tmp.site,tmp.area,Lb,X1,Wb,POR,ALPHA,BETA,Ks,Kb,Kz,Qthresh,Rs,Rb1,Rb2,Prec,Frac4Rise,Error,BFF
02344620,6.24187e+07,14364.1,22.6666,493.468,0.15,0.033448,1,891.129,4360.02,1.00533,71929.2,-0.36628,-0.080868,-0.098247,56.2711,0.05,0.654078,0.36835
