tmp.site,tmp.area,Lb,X1,Wb,POR,ALPHA,BETA,Ks,Kb,Kz,Qthresh,Rs,Rb1,Rb2,Prec,Frac4Rise,Error,BFF
05496000,1.01787e+09,6916.72,100,650.792,0.15,0.008681,1,4044.75,15183.6,1.03228,24270,-0.240293,-0.149251,-0.118703,73.3971,0.05,0.868866,0.114294
