tmp.site,tmp.area,Lb,X1,Wb,POR,ALPHA,BETA,Ks,Kb,Kz,Qthresh,Rs,Rb1,Rb2,Prec,Frac4Rise,Error,BFF
04036000,4.19578e+08,24045.4,54.1493,1035.04,0.15,0.016145,0.9,241.578,7494.03,1.07576,210405,-0.032862,-0.04796,-0.128811,244.657,0.05,3.35881,0.666799
