tmp.site,tmp.area,Lb,X1,Wb,POR,ALPHA,BETA,Ks,Kb,Kz,Qthresh,Rs,Rb1,Rb2,Prec,Frac4Rise,Error,BFF
11159490,1.45298e+08,11633.5,100,334.945,0.15,0.038744,1,333.859,12537.6,0.90037,4487.5,-0.085429,-0.05977,-0.10454,24.4657,0.05,48.6203,0.332263
