tmp.site,tmp.area,Lb,X1,Wb,POR,ALPHA,BETA,Ks,Kb,Kz,Qthresh,Rs,Rb1,Rb2,Prec,Frac4Rise,Error,BFF
10339410,1.655e+09,28134.3,100,689.149,0.15,0.012636,1,363.363,9082.56,1.01436,858747,-0.03443,-0.029522,-0.032292,6483.41,0.05,0.458163,0.387667
