tmp.site,tmp.area,Lb,X1,Wb,POR,ALPHA,BETA,Ks,Kb,Kz,Qthresh,Rs,Rb1,Rb2,Prec,Frac4Rise,Error,BFF
03271500,7.02146e+09,19576.4,4607.55,2604.81,0.15,0.007266,10.1,5526.81,5380.42,1.48037,1.22818e+06,-0.155315,-0.075759,-0.034883,65078.8,0.05,0.333674,0.407559
