tmp.site,tmp.area,Lb,X1,Wb,POR,ALPHA,BETA,Ks,Kb,Kz,Qthresh,Rs,Rb1,Rb2,Prec,Frac4Rise,Error,BFF
08407000,4.98832e+10,84664.6,100,349.567,0.15,0.026412,1,6542.06,2633.26,0.953321,242348,-0.122561,-0.054812,-0.046407,1370.08,0.05,0.642461,0.177367
