tmp.site,tmp.area,Lb,X1,Wb,POR,ALPHA,BETA,Ks,Kb,Kz,Qthresh,Rs,Rb1,Rb2,Prec,Frac4Rise,Error,BFF
03371500,9.99994e+09,7527.9,100,4586.87,0.15,0.008582,1,8479.59,3088.51,1.75164,1.04224e+06,-0.126139,-0.07226,-0.025955,67280.7,0.05,0.374552,0.317391
