tmp.site,tmp.area,Lb,X1,Wb,POR,ALPHA,BETA,Ks,Kb,Kz,Qthresh,Rs,Rb1,Rb2,Prec,Frac4Rise,Error,BFF
03229500,1.40895e+09,9028.09,0.639509,1115.84,0.15,0.009466,1.5,6426.84,40.6591,1.06115,29358.9,-0.244281,-0.118702,-0.068502,3180.54,0.05,0.421873,0.259796
