tmp.site,tmp.area,Lb,X1,Wb,POR,ALPHA,BETA,Ks,Kb,Kz,Qthresh,Rs,Rb1,Rb2,Prec,Frac4Rise,Error,BFF
04043150,1.67572e+08,9145.81,475.073,644.984,0.15,0.01083,1.2,476.081,2966.75,0.566515,56271.1,-0.148611,-0.059554,-0.044567,1983.78,0.05,0.490419,0.376965
