tmp.site,tmp.area,Lb,X1,Wb,POR,ALPHA,BETA,Ks,Kb,Kz,Qthresh,Rs,Rb1,Rb2,Prec,Frac4Rise,Error,BFF
03267900,8.02896e+08,14542.1,100,1560.85,0.15,0.003911,1,1413.45,4323.55,0.966058,288695,-0.262314,-0.044754,-0.015221,23242.4,0.05,0.251393,0.557376
