tmp.site,tmp.area,Lb,X1,Wb,POR,ALPHA,BETA,Ks,Kb,Kz,Qthresh,Rs,Rb1,Rb2,Prec,Frac4Rise,Error,BFF
02239000,2.63661e+09,87293.7,28.6143,2863.74,0.15,0.021338,0.9,956.105,3726.93,1.36996,660574,-0.091161,-0.02691,-0.067212,504.532,0.05,1.91806,0.61236
