tmp.site,tmp.area,Lb,X1,Wb,POR,ALPHA,BETA,Ks,Kb,Kz,Qthresh,Rs,Rb1,Rb2,Prec,Frac4Rise,Error,BFF
04156000,6.21597e+09,29836.9,0.445928,2482.79,0.15,0.011317,1.1,5697.81,186.643,0.925346,2.31201e+06,-0.093048,-0.061974,-0.056883,54424,0.05,0.298896,0.580341
