tmp.site,tmp.area,Lb,X1,Wb,POR,ALPHA,BETA,Ks,Kb,Kz,Qthresh,Rs,Rb1,Rb2,Prec,Frac4Rise,Error,BFF
03582000,2.14192e+09,10616.1,0.155335,2089.73,0.15,0.006976,1.2,1891.93,11.2954,1.33332,354753,-0.058628,-0.073022,-0.057218,36698.6,0.05,0.400054,0.444445
