tmp.site,tmp.area,Lb,X1,Wb,POR,ALPHA,BETA,Ks,Kb,Kz,Qthresh,Rs,Rb1,Rb2,Prec,Frac4Rise,Error,BFF
02440500,1.30794e+09,4168.91,100,1530.39,0.15,0.010005,1,9324.75,12378.5,1.52925,107649,-0.255787,-0.13075,-0.147952,24.4657,0.05,2.03192,0.163433
