tmp.site,tmp.area,Lb,X1,Wb,POR,ALPHA,BETA,Ks,Kb,Kz,Qthresh,Rs,Rb1,Rb2,Prec,Frac4Rise,Error,BFF
01632000,5.43898e+08,17560.4,49.4135,648.806,0.15,0.009864,1.4,1770.09,15480.3,1.04154,21774.5,-0.135565,-0.098871,-0.052696,220.191,0.05,0.456129,0.344084
