tmp.site,tmp.area,Lb,X1,Wb,POR,ALPHA,BETA,Ks,Kb,Kz,Qthresh,Rs,Rb1,Rb2,Prec,Frac4Rise,Error,BFF
03040000,1.16808e+09,24482.2,71.1087,1447.05,0.15,0.013323,1.1,4388.15,26298.3,0.866377,58717.7,-0.232116,-0.067619,-0.056884,4403.83,0.05,0.385355,0.469266
