tmp.site,tmp.area,Lb,X1,Wb,POR,ALPHA,BETA,Ks,Kb,Kz,Qthresh,Rs,Rb1,Rb2,Prec,Frac4Rise,Error,BFF
0211139110,9.50526e+08,16563,4444.63,1783.67,0.15,0.008756,10.1,197.244,488.24,1.01737,809815,-0.015976,-0.055815,-0.037532,32784.1,0.05,0.228176,0.653752
