tmp.site,tmp.area,Lb,X1,Wb,POR,ALPHA,BETA,Ks,Kb,Kz,Qthresh,Rs,Rb1,Rb2,Prec,Frac4Rise,Error,BFF
05551580,4.67234e+09,5320.23,0.196984,9604.69,0.15,0.006669,0.9,1842.37,22.9176,1.08201,1.28934e+06,-0.045412,-0.035614,-0.047718,67655,0.05,0.281021,0.819761
