tmp.site,tmp.area,Lb,X1,Wb,POR,ALPHA,BETA,Ks,Kb,Kz,Qthresh,Rs,Rb1,Rb2,Prec,Frac4Rise,Error,BFF
05594000,1.90364e+09,7648.9,100,1041.28,0.15,0.013812,1,4259.68,13358,0.94525,102511,-0.190029,-0.111618,-0.104849,697.077,0.05,0.654128,0.208427
