tmp.site,tmp.area,Lb,X1,Wb,POR,ALPHA,BETA,Ks,Kb,Kz,Qthresh,Rs,Rb1,Rb2,Prec,Frac4Rise,Error,BFF
12141300,3.98858e+08,9646.86,100,1478.82,0.15,0.010551,1,2243.05,5206.74,2.82016,283802,-0.220425,-0.077315,-0.030224,30337.5,0.05,0.329459,0.389432
