tmp.site,tmp.area,Lb,X1,Wb,POR,ALPHA,BETA,Ks,Kb,Kz,Qthresh,Rs,Rb1,Rb2,Prec,Frac4Rise,Error,BFF
04101500,9.4949e+09,9869.8,100,11780,0.15,0.005506,1,952.318,6338.53,0.926211,4.89314e+06,-0.066415,-0.022312,-0.023474,235605,0.05,0.146396,0.85979
