tmp.site,tmp.area,Lb,X1,Wb,POR,ALPHA,BETA,Ks,Kb,Kz,Qthresh,Rs,Rb1,Rb2,Prec,Frac4Rise,Error,BFF
03432100,1.72493e+08,10960.3,100,411.045,0.15,0.039592,1,2973.36,22433.4,1.01296,18937,-0.309696,-0.081183,-0.160333,24.4657,0.05,1.13755,0.292747
