tmp.site,tmp.area,Lb,X1,Wb,POR,ALPHA,BETA,Ks,Kb,Kz,Qthresh,Rs,Rb1,Rb2,Prec,Frac4Rise,Error,BFF
03485500,3.54828e+08,16999.4,90.4272,735.149,0.15,0.010563,6.5,1081.28,526.338,0.37827,144348,-0.220916,-0.053231,-0.034078,10275.6,0.05,0.262583,0.55962
