tmp.site,tmp.area,Lb,X1,Wb,POR,ALPHA,BETA,Ks,Kb,Kz,Qthresh,Rs,Rb1,Rb2,Prec,Frac4Rise,Error,BFF
01666500,4.63608e+08,25270.4,42.8944,765.373,0.15,0.012573,1.1,1732.02,9532.08,1.25021,159027,-0.29042,-0.052643,-0.04647,2935.89,0.05,0.354021,0.47446
