tmp.site,tmp.area,Lb,X1,Wb,POR,ALPHA,BETA,Ks,Kb,Kz,Qthresh,Rs,Rb1,Rb2,Prec,Frac4Rise,Error,BFF
07138070,6.98364e+10,41774.5,77.7959,365.036,0.15,0.027776,0.9,6353.92,4840.06,0.894447,158293,-0.062093,-0.049386,-0.107828,24.4657,0.05,102.771,0.125448
