tmp.site,tmp.area,Lb,X1,Wb,POR,ALPHA,BETA,Ks,Kb,Kz,Qthresh,Rs,Rb1,Rb2,Prec,Frac4Rise,Error,BFF
08083430,1.09297e+09,921.875,84.9698,36.7566,0.15,0.004016,0.9,49602,385.84,0.926359,52112,-0.346574,-0.098181,-0.302597,24.4657,0.05,0.745683,0.000561
