tmp.site,tmp.area,Lb,X1,Wb,POR,ALPHA,BETA,Ks,Kb,Kz,Qthresh,Rs,Rb1,Rb2,Prec,Frac4Rise,Error,BFF
14198400,2.02019e+06,4224.37,8.66363,94.5152,0.15,0.009269,1.8,92.0066,338.233,0.250906,587.177,-0.162502,-0.083373,-0.030103,24.4657,0.05,0.337859,0.330412
