tmp.site,tmp.area,Lb,X1,Wb,POR,ALPHA,BETA,Ks,Kb,Kz,Qthresh,Rs,Rb1,Rb2,Prec,Frac4Rise,Error,BFF
08016800,4.58428e+08,11786.8,10.1047,1300.26,0.15,0.020853,1,3948.83,6461.51,1.00814,565158,-0.120145,-0.140537,-0.213988,24.4657,0.05,1.00866,0.292927
