tmp.site,tmp.area,Lb,X1,Wb,POR,ALPHA,BETA,Ks,Kb,Kz,Qthresh,Rs,Rb1,Rb2,Prec,Frac4Rise,Error,BFF
01598500,1.05154e+09,61974.6,36.6699,527.195,0.15,0.008189,1.2,749.846,6621.94,1.14834,856300,-0.066766,-0.062876,-0.052652,13456.1,0.05,0.460362,0.353488
