tmp.site,tmp.area,Lb,X1,Wb,POR,ALPHA,BETA,Ks,Kb,Kz,Qthresh,Rs,Rb1,Rb2,Prec,Frac4Rise,Error,BFF
12444290,1.90105e+08,4.57677e+06,0.37492,20.2141,0.15,0.075212,0.9,77.5264,24.7688,1.09966,6483.41,-0.066766,-0.045088,-0.075619,34.252,0.05,1.50386,0.333043
