tmp.site,tmp.area,Lb,X1,Wb,POR,ALPHA,BETA,Ks,Kb,Kz,Qthresh,Rs,Rb1,Rb2,Prec,Frac4Rise,Error,BFF
08044500,4.46773e+09,15039.1,70.013,679.447,0.15,0.007804,0.9,1297.26,15049.7,0.992704,638555,-0.058927,-0.07799,-0.182834,24.4657,0.05,43.4428,0.201833
