tmp.site,tmp.area,Lb,X1,Wb,POR,ALPHA,BETA,Ks,Kb,Kz,Qthresh,Rs,Rb1,Rb2,Prec,Frac4Rise,Error,BFF
0208735012,3.03029e+06,1991.87,124.634,79.2086,0.15,0.006135,0.9,148.247,3243.49,0.369434,1516.87,-0.549306,-0.100095,-0.140081,24.4657,0.05,1.22717,0.127132
