tmp.site,tmp.area,Lb,X1,Wb,POR,ALPHA,BETA,Ks,Kb,Kz,Qthresh,Rs,Rb1,Rb2,Prec,Frac4Rise,Error,BFF
02087359,7.71816e+07,13168.5,17.9747,158.405,0.15,0.014759,1,1683.51,3074.03,1.81667,3914.51,-0.492744,-0.105658,-0.117375,420.272,0.05,0.449561,0.205024
