tmp.site,tmp.area,Lb,X1,Wb,POR,ALPHA,BETA,Ks,Kb,Kz,Qthresh,Rs,Rb1,Rb2,Prec,Frac4Rise,Error,BFF
01440485,1.7068e+07,6637.63,100,423.187,0.15,0.008048,1,206.913,3142.94,0.337502,12820,-0.259209,-0.039694,-0.014398,1218.39,0.05,0.237818,0.585035
