tmp.site,tmp.area,Lb,X1,Wb,POR,ALPHA,BETA,Ks,Kb,Kz,Qthresh,Rs,Rb1,Rb2,Prec,Frac4Rise,Error,BFF
01451630,3.75548e+07,57848.4,100,293.647,0.15,0.011546,1,2362.8,329.134,0.438912,31805.4,-0.705072,-0.033176,-0.019057,2691.23,0.05,0.226652,0.600524
