tmp.site,tmp.area,Lb,X1,Wb,POR,ALPHA,BETA,Ks,Kb,Kz,Qthresh,Rs,Rb1,Rb2,Prec,Frac4Rise,Error,BFF
02011470,1.95803e+08,6087.2,100,496.906,0.15,0.00631,1,160.069,3356.87,0.903693,22043.6,-0.075211,-0.110563,-0.05998,1981.72,0.05,0.404361,0.2197
