tmp.site,tmp.area,Lb,X1,Wb,POR,ALPHA,BETA,Ks,Kb,Kz,Qthresh,Rs,Rb1,Rb2,Prec,Frac4Rise,Error,BFF
021671101,6.21597e+07,11036.8,100,177.746,0.15,0.013398,1,298.374,9617.02,0.936007,6825.93,-0.326979,-0.076713,-0.047499,450.414,0.05,0.33849,0.371813
