tmp.site,tmp.area,Lb,X1,Wb,POR,ALPHA,BETA,Ks,Kb,Kz,Qthresh,Rs,Rb1,Rb2,Prec,Frac4Rise,Error,BFF
03028500,5.28358e+08,7766.73,0.379269,1377.95,0.15,0.00852,1.3,1138.88,21.9754,1.00519,68504,-0.117688,-0.05933,-0.048713,7339.71,0.05,0.325583,0.555938
