tmp.site,tmp.area,Lb,X1,Wb,POR,ALPHA,BETA,Ks,Kb,Kz,Qthresh,Rs,Rb1,Rb2,Prec,Frac4Rise,Error,BFF
13295000,3.80728e+08,39699.6,9888.14,691.739,0.15,0.019895,4.2,282.726,132.388,0.612845,221415,-0.078421,-0.022714,-0.01473,12232.9,0.05,0.322468,0.339788
