tmp.site,tmp.area,Lb,X1,Wb,POR,ALPHA,BETA,Ks,Kb,Kz,Qthresh,Rs,Rb1,Rb2,Prec,Frac4Rise,Error,BFF
03074500,1.90882e+08,17182.1,60.0121,439.06,0.15,0.014855,1.9,816.951,5083.83,0.98297,59451.7,-0.269498,-0.06639,-0.045061,2935.89,0.05,0.328693,0.474974
