tmp.site,tmp.area,Lb,X1,Wb,POR,ALPHA,BETA,Ks,Kb,Kz,Qthresh,Rs,Rb1,Rb2,Prec,Frac4Rise,Error,BFF
07235600,3.77361e+09,1.20833e+07,100,40.7235,0.15,0.039087,1,634.339,4088.47,0.970382,25444.3,-0.038481,-0.028042,-0.020544,207.274,0.05,0.681428,0.355403
