tmp.site,tmp.area,Lb,X1,Wb,POR,ALPHA,BETA,Ks,Kb,Kz,Qthresh,Rs,Rb1,Rb2,Prec,Frac4Rise,Error,BFF
02393419,3.83318e+07,50035.1,66.8082,184.799,0.15,0.057401,1,826.949,14650.3,1.13655,23120.3,-0.47305,-0.082865,-0.08915,24.4657,0.05,1.09516,0.30034
