tmp.site,tmp.area,Lb,X1,Wb,POR,ALPHA,BETA,Ks,Kb,Kz,Qthresh,Rs,Rb1,Rb2,Prec,Frac4Rise,Error,BFF
11355500,4.19578e+08,122856,35030.3,2061.39,0.15,0.012993,10,215.27,582.634,0.089087,318054,-0.058892,-0.007708,-0.005838,17992.1,0.05,0.13455,0.79763
