tmp.site,tmp.area,Lb,X1,Wb,POR,ALPHA,BETA,Ks,Kb,Kz,Qthresh,Rs,Rb1,Rb2,Prec,Frac4Rise,Error,BFF
04073240,1.11369e+07,428189,100,22.5684,0.15,0.009317,1,174.817,384.971,0.300795,30092.8,-0.148593,-0.005135,-0.004439,2113.84,0.05,0.123196,0.853773
