tmp.site,tmp.area,Lb,X1,Wb,POR,ALPHA,BETA,Ks,Kb,Kz,Qthresh,Rs,Rb1,Rb2,Prec,Frac4Rise,Error,BFF
06866000,2.10048e+10,5703.96,191.888,1302.34,0.15,0.005415,1.1,1452.05,4003.64,0.939756,332734,-0.063149,-0.067915,-0.048868,2446.57,0.05,0.51335,0.209162
