tmp.site,tmp.area,Lb,X1,Wb,POR,ALPHA,BETA,Ks,Kb,Kz,Qthresh,Rs,Rb1,Rb2,Prec,Frac4Rise,Error,BFF
01543500,1.77414e+09,12656.3,100,2282.38,0.15,0.010427,1,7367.94,21423.1,1.05337,73397.1,-0.155077,-0.074274,-0.056595,5627.11,0.05,0.375089,0.442374
