tmp.site,tmp.area,Lb,X1,Wb,POR,ALPHA,BETA,Ks,Kb,Kz,Qthresh,Rs,Rb1,Rb2,Prec,Frac4Rise,Error,BFF
01567500,3.88498e+07,9681.64,100,218.681,0.15,0.014717,1,251.164,6118.52,0.835631,10275.6,-0.288873,-0.062504,-0.025884,587.177,0.05,0.319993,0.417749
