tmp.site,tmp.area,Lb,X1,Wb,POR,ALPHA,BETA,Ks,Kb,Kz,Qthresh,Rs,Rb1,Rb2,Prec,Frac4Rise,Error,BFF
06463720,2.54078e+10,32939.3,11.254,5134.28,0.15,0.007058,0.9,538.339,2157.87,1.04941,2.66676e+06,-0.061102,-0.01853,-0.021776,165388,0.05,0.199175,0.869747
