tmp.site,tmp.area,Lb,X1,Wb,POR,ALPHA,BETA,Ks,Kb,Kz,Qthresh,Rs,Rb1,Rb2,Prec,Frac4Rise,Error,BFF
07350020,6.85829e+09,13530.5,24.8991,5749.27,0.15,0.015497,0.9,4809.72,5980.11,1.0313,1.56581e+06,-0.077676,-0.040315,-0.063607,13872.1,0.05,0.583637,0.626742
