tmp.site,tmp.area,Lb,X1,Wb,POR,ALPHA,BETA,Ks,Kb,Kz,Qthresh,Rs,Rb1,Rb2,Prec,Frac4Rise,Error,BFF
06478052,4.24758e+08,34675.3,88.5722,418.391,0.15,0.059543,1,3775.4,38284.7,0.993335,37320,-0.171754,-0.093901,-0.098875,24.4657,0.05,1.09869,0.283462
