tmp.site,tmp.area,Lb,X1,Wb,POR,ALPHA,BETA,Ks,Kb,Kz,Qthresh,Rs,Rb1,Rb2,Prec,Frac4Rise,Error,BFF
11274550,2.51073e+10,141379,135.645,2502.26,0.15,0.008132,1.1,3462.78,88029.3,1.27421,2.41232e+06,-0.077075,-0.031918,-0.029095,7829.03,0.05,0.434685,0.471992
