tmp.site,tmp.area,Lb,X1,Wb,POR,ALPHA,BETA,Ks,Kb,Kz,Qthresh,Rs,Rb1,Rb2,Prec,Frac4Rise,Error,BFF
11186001,2.19113e+09,6599.44,1.58687,5284.49,0.15,0.002562,3.3,52.874,4.14404,1.01303,241428,-0.07155,-0.025395,-0.015155,25689,0.05,0.285136,0.619422
