tmp.site,tmp.area,Lb,X1,Wb,POR,ALPHA,BETA,Ks,Kb,Kz,Qthresh,Rs,Rb1,Rb2,Prec,Frac4Rise,Error,BFF
06889500,7.51097e+08,22557.3,32.9833,357.098,0.15,0.005455,1.1,1669.45,10757.7,1.17075,73397.1,-0.257353,-0.104585,-0.083312,48.9314,0.05,4.06039,0.147801
