tmp.site,tmp.area,Lb,X1,Wb,POR,ALPHA,BETA,Ks,Kb,Kz,Qthresh,Rs,Rb1,Rb2,Prec,Frac4Rise,Error,BFF
01652500,3.26339e+07,8574.72,100,133.946,0.15,0.011404,1,488.453,6458,1.01502,12232.9,-0.549306,-0.112459,-0.097059,366.986,0.05,0.369916,0.19523
