tmp.site,tmp.area,Lb,X1,Wb,POR,ALPHA,BETA,Ks,Kb,Kz,Qthresh,Rs,Rb1,Rb2,Prec,Frac4Rise,Error,BFF
11022480,9.53116e+08,18265.8,56.1958,143.342,0.15,0.030998,1.1,2285.69,8984.87,0.926392,15658.1,-0.202733,-0.08059,-0.054696,24.4657,0.05,2.23093,0.135829
