tmp.site,tmp.area,Lb,X1,Wb,POR,ALPHA,BETA,Ks,Kb,Kz,Qthresh,Rs,Rb1,Rb2,Prec,Frac4Rise,Error,BFF
05536890,1.91141e+09,16263.9,100,2564.7,0.15,0.009633,1,3691.45,12510.7,1.49905,6.01857e+06,-0.172347,-0.045228,-0.053026,170621,0.05,0.21617,0.637458
