tmp.site,tmp.area,Lb,X1,Wb,POR,ALPHA,BETA,Ks,Kb,Kz,Qthresh,Rs,Rb1,Rb2,Prec,Frac4Rise,Error,BFF
02082585,2.39574e+09,28096.9,23.4501,847.469,0.15,0.007307,1,3573.1,7083.18,1.17308,240009,-0.118422,-0.078597,-0.082192,8067.81,0.05,0.435394,0.307989
