tmp.site,tmp.area,Lb,X1,Wb,POR,ALPHA,BETA,Ks,Kb,Kz,Qthresh,Rs,Rb1,Rb2,Prec,Frac4Rise,Error,BFF
09489082,1.89069e+06,3095.43,100,11.051,0.15,0.009468,1,78.5977,432.587,0.153183,195.726,-0.111572,-0.053513,-0.060206,24.4657,0.05,0.481444,0.026712
