tmp.site,tmp.area,Lb,X1,Wb,POR,ALPHA,BETA,Ks,Kb,Kz,Qthresh,Rs,Rb1,Rb2,Prec,Frac4Rise,Error,BFF
02202600,6.00877e+08,6790.36,100,1089.75,0.15,0.029529,1,1320.15,18148,0.839485,1100.96,-0.128335,-0.094427,-0.139852,34.252,0.05,1.05469,0.438895
