tmp.site,tmp.area,Lb,X1,Wb,POR,ALPHA,BETA,Ks,Kb,Kz,Qthresh,Rs,Rb1,Rb2,Prec,Frac4Rise,Error,BFF
01531908,2.90079e+08,15945.7,49.0083,632.971,0.15,0.019055,1.1,1505.94,17389.8,1.26965,332734,-0.312492,-0.077629,-0.065201,305.821,0.05,0.405467,0.419454
