tmp.site,tmp.area,Lb,X1,Wb,POR,ALPHA,BETA,Ks,Kb,Kz,Qthresh,Rs,Rb1,Rb2,Prec,Frac4Rise,Error,BFF
01519200,6.08647e+08,40557.6,136.063,630.659,0.15,0.009259,1.5,2555.48,85965.9,0.930954,21146.2,-0.288648,-0.090229,-0.049724,1697.99,0.05,0.361858,0.436055
