tmp.site,tmp.area,Lb,X1,Wb,POR,ALPHA,BETA,Ks,Kb,Kz,Qthresh,Rs,Rb1,Rb2,Prec,Frac4Rise,Error,BFF
12060500,1.97616e+08,13497.6,499.648,1152.84,0.15,0.011467,1.3,597.962,7360.83,0.409605,195481,-0.207585,-0.064367,-0.013827,17370.7,0.05,0.270349,0.399701
