tmp.site,tmp.area,Lb,X1,Wb,POR,ALPHA,BETA,Ks,Kb,Kz,Qthresh,Rs,Rb1,Rb2,Prec,Frac4Rise,Error,BFF
05516665,9.76426e+08,17313.8,6537.24,1093.12,0.15,0.009054,10.1,1069.46,4895.2,0.912605,230125,-0.111399,-0.058016,-0.034727,15004.8,0.05,0.286037,0.509687
