tmp.site,tmp.area,Lb,X1,Wb,POR,ALPHA,BETA,Ks,Kb,Kz,Qthresh,Rs,Rb1,Rb2,Prec,Frac4Rise,Error,BFF
01464907,6.94117e+07,7440.84,100,311.497,0.15,0.014031,1,1177.1,10084.3,0.972531,11878.1,-0.46073,-0.112702,-0.081997,437.936,0.05,0.41202,0.242993
