tmp.site,tmp.area,Lb,X1,Wb,POR,ALPHA,BETA,Ks,Kb,Kz,Qthresh,Rs,Rb1,Rb2,Prec,Frac4Rise,Error,BFF
04282650,1.47888e+08,9863.88,100,350.584,0.15,0.014883,1,641.451,17402.8,0.915332,46484.9,-0.175559,-0.094257,-0.062921,428.15,0.05,0.40507,0.363178
