tmp.site,tmp.area,Lb,X1,Wb,POR,ALPHA,BETA,Ks,Kb,Kz,Qthresh,Rs,Rb1,Rb2,Prec,Frac4Rise,Error,BFF
01349150,1.54622e+08,6405.02,0.35622,513.253,0.15,0.01309,1.4,1831.78,31.4388,0.843142,6812.23,-0.33598,-0.11509,-0.06263,327.841,0.05,0.401465,0.284047
