tmp.site,tmp.area,Lb,X1,Wb,POR,ALPHA,BETA,Ks,Kb,Kz,Qthresh,Rs,Rb1,Rb2,Prec,Frac4Rise,Error,BFF
11271360,3.21677e+09,12839.3,4.82981,2189.46,0.15,0.009018,1,2116.1,1139.7,1.26076,472188,-0.090428,-0.066311,-0.073016,6850.4,0.05,0.56159,0.464676
