tmp.site,tmp.area,Lb,X1,Wb,POR,ALPHA,BETA,Ks,Kb,Kz,Qthresh,Rs,Rb1,Rb2,Prec,Frac4Rise,Error,BFF
04201409,8.62466e+06,5887.65,100,79.1656,0.15,0.014299,1,265.052,31045.6,0.810378,1003.09,-0.72125,-0.124394,-0.156136,41.5917,0.05,0.464049,0.208236
