tmp.site,tmp.area,Lb,X1,Wb,POR,ALPHA,BETA,Ks,Kb,Kz,Qthresh,Rs,Rb1,Rb2,Prec,Frac4Rise,Error,BFF
08068800,5.54257e+08,32743.7,42.1075,383.121,0.15,0.008395,1.1,2699.51,59495.1,1.58039,28624.9,-0.22149,-0.160407,-0.132855,239.764,0.05,0.543474,0.203064
