tmp.site,tmp.area,Lb,X1,Wb,POR,ALPHA,BETA,Ks,Kb,Kz,Qthresh,Rs,Rb1,Rb2,Prec,Frac4Rise,Error,BFF
06354815,5.69797e+08,3013.51,379.226,455.879,0.15,0.01119,1.2,1593.23,670.056,0.160637,3425.2,-0.131127,-0.100589,-0.074764,139.455,0.05,0.776404,0.086056
