tmp.site,tmp.area,Lb,X1,Wb,POR,ALPHA,BETA,Ks,Kb,Kz,Qthresh,Rs,Rb1,Rb2,Prec,Frac4Rise,Error,BFF
08086212,1.58766e+09,6249.56,100,267.266,0.15,0.010456,1,2999.59,7324.12,0.917525,31805.4,-0.173991,-0.101923,-0.199961,24.4657,0.05,8.21992,0.034988
