tmp.site,tmp.area,Lb,X1,Wb,POR,ALPHA,BETA,Ks,Kb,Kz,Qthresh,Rs,Rb1,Rb2,Prec,Frac4Rise,Error,BFF
01549500,9.76426e+07,14819.3,313.255,314.265,0.15,0.022861,1.1,457.645,66667.4,0.475928,11445.1,-0.212514,-0.070603,-0.054971,293.589,0.05,0.378553,0.415826
