tmp.site,tmp.area,Lb,X1,Wb,POR,ALPHA,BETA,Ks,Kb,Kz,Qthresh,Rs,Rb1,Rb2,Prec,Frac4Rise,Error,BFF
07185030,4.79148e+07,4042.72,180.921,142.85,0.15,0.011821,1,657.086,23754.1,1.00117,10240.4,-0.28958,-0.192813,-0.186416,24.4657,0.05,1.73533,0.056416
