tmp.site,tmp.area,Lb,X1,Wb,POR,ALPHA,BETA,Ks,Kb,Kz,Qthresh,Rs,Rb1,Rb2,Prec,Frac4Rise,Error,BFF
01581590,5.43898e+07,19982.8,97.9438,181.218,0.15,0.01535,1,624.76,15415.5,0.934131,13994.4,-0.585853,-0.08017,-0.08014,946.897,0.05,0.351829,0.327443
