tmp.site,tmp.area,Lb,X1,Wb,POR,ALPHA,BETA,Ks,Kb,Kz,Qthresh,Rs,Rb1,Rb2,Prec,Frac4Rise,Error,BFF
03215410,2.05205e+08,15461.7,57.3852,633.383,0.15,0.015787,1.1,2336.2,22234.4,1.72853,978.629,-0.306017,-0.099078,-0.083345,117.044,0.05,0.483541,0.346755
