tmp.site,tmp.area,Lb,X1,Wb,POR,ALPHA,BETA,Ks,Kb,Kz,Qthresh,Rs,Rb1,Rb2,Prec,Frac4Rise,Error,BFF
04201526,2.10307e+07,5284.78,100,94.1632,0.15,0.024494,1,735.417,11855.2,0.928568,2079.59,-0.398416,-0.100586,-0.135223,138.77,0.05,0.435329,0.209617
