tmp.site,tmp.area,Lb,X1,Wb,POR,ALPHA,BETA,Ks,Kb,Kz,Qthresh,Rs,Rb1,Rb2,Prec,Frac4Rise,Error,BFF
06803510,1.12923e+08,3149.6,289.505,231.959,0.15,0.015315,1.1,135.493,4102.22,0.460613,11988.2,-0.180979,-0.071268,-0.058721,222.638,0.05,0.411205,0.286329
