tmp.site,tmp.area,Lb,X1,Wb,POR,ALPHA,BETA,Ks,Kb,Kz,Qthresh,Rs,Rb1,Rb2,Prec,Frac4Rise,Error,BFF
01203000,3.41878e+08,12619.2,100,1011.02,0.15,0.021225,1,1261.36,18486.6,0.933714,53824.6,-0.21623,-0.050289,-0.046852,1957.26,0.05,0.359012,0.523846
