tmp.site,tmp.area,Lb,X1,Wb,POR,ALPHA,BETA,Ks,Kb,Kz,Qthresh,Rs,Rb1,Rb2,Prec,Frac4Rise,Error,BFF
03094704,4.79148e+07,30910.5,57.323,359.818,0.15,0.03079,1,857.277,89614.1,0.922043,3058.21,-0.325259,-0.128504,-0.155168,46.4849,0.05,0.716474,0.350796
