tmp.site,tmp.area,Lb,X1,Wb,POR,ALPHA,BETA,Ks,Kb,Kz,Qthresh,Rs,Rb1,Rb2,Prec,Frac4Rise,Error,BFF
11252275,4.62313e+09,84576.7,100,1747.47,0.15,0.014006,1,189.918,2691.81,0.928604,1.02267e+06,-0.020502,-0.02921,-0.014414,37187.9,0.05,0.409243,0.65856
