tmp.site,tmp.area,Lb,X1,Wb,POR,ALPHA,BETA,Ks,Kb,Kz,Qthresh,Rs,Rb1,Rb2,Prec,Frac4Rise,Error,BFF
06208500,5.29653e+09,6264.23,100,5436.67,0.15,0.003475,1,206.503,5848.58,1.0222,1.22573e+06,-0.074642,-0.034117,-0.033718,31560.8,0.05,0.35089,0.627826
