tmp.site,tmp.area,Lb,X1,Wb,POR,ALPHA,BETA,Ks,Kb,Kz,Qthresh,Rs,Rb1,Rb2,Prec,Frac4Rise,Error,BFF
02479980,2.09271e+07,25358.9,10059.6,259.464,0.15,0.012305,8.7,433.931,1053.05,0.501672,24027.3,-0.50804,-0.065791,-0.034964,1296.68,0.05,0.250693,0.470647
