tmp.site,tmp.area,Lb,X1,Wb,POR,ALPHA,BETA,Ks,Kb,Kz,Qthresh,Rs,Rb1,Rb2,Prec,Frac4Rise,Error,BFF
01310000,3.68814e+07,42308.9,100,96.9243,0.15,0.011111,1,163.576,26437.8,0.425589,18716.3,-0.346574,-0.028898,-0.039088,127.222,0.05,0.366221,0.53643
