tmp.site,tmp.area,Lb,X1,Wb,POR,ALPHA,BETA,Ks,Kb,Kz,Qthresh,Rs,Rb1,Rb2,Prec,Frac4Rise,Error,BFF
06910450,1.31442e+12,50088,17.7655,67027.9,0.15,0.012516,9.4,72039.1,4.8849,0.997549,1.2502e+08,-0.062971,-0.022459,-0.016849,6.09196e+06,0.05,0.279825,0.620341
