tmp.site,tmp.area,Lb,X1,Wb,POR,ALPHA,BETA,Ks,Kb,Kz,Qthresh,Rs,Rb1,Rb2,Prec,Frac4Rise,Error,BFF
06480400,1.59025e+08,3629.99,200.075,307.762,0.15,0.01308,1,523.153,5894.48,0.256178,14924.1,-0.148905,-0.070862,-0.064091,24.4657,0.05,0.781389,0.227077
