tmp.site,tmp.area,Lb,X1,Wb,POR,ALPHA,BETA,Ks,Kb,Kz,Qthresh,Rs,Rb1,Rb2,Prec,Frac4Rise,Error,BFF
11491450,2.33099e+06,48876.4,100,11.0637,0.15,0.009631,1,24.5166,511.485,0.154087,2275.31,-0.039534,-0.006885,-0.006046,217.745,0.05,0.20816,0.771551
