tmp.site,tmp.area,Lb,X1,Wb,POR,ALPHA,BETA,Ks,Kb,Kz,Qthresh,Rs,Rb1,Rb2,Prec,Frac4Rise,Error,BFF
06050000,1.25614e+08,39384.7,65.528,525.503,0.15,0.005238,1.4,117.254,8032.86,0.631701,139455,-0.091161,-0.023658,-0.018155,2201.91,0.05,0.309999,0.683349
