tmp.site,tmp.area,Lb,X1,Wb,POR,ALPHA,BETA,Ks,Kb,Kz,Qthresh,Rs,Rb1,Rb2,Prec,Frac4Rise,Error,BFF
06236100,1.15125e+10,7158.79,0.367563,10265.9,0.15,0.005794,1.4,974.336,15.7396,1.12303,523566,-0.052632,-0.04301,-0.03389,41347.1,0.05,0.320126,0.873654
