tmp.site,tmp.area,Lb,X1,Wb,POR,ALPHA,BETA,Ks,Kb,Kz,Qthresh,Rs,Rb1,Rb2,Prec,Frac4Rise,Error,BFF
07247000,5.25768e+08,8132.48,100,909.52,0.15,0.013922,1,2958.38,23956.5,0.93776,14434.8,-0.255413,-0.114583,-0.110183,24.4657,0.05,1.19556,0.267109
