tmp.site,tmp.area,Lb,X1,Wb,POR,ALPHA,BETA,Ks,Kb,Kz,Qthresh,Rs,Rb1,Rb2,Prec,Frac4Rise,Error,BFF
08069500,4.50917e+09,12708.7,275.007,1030.46,0.15,0.01043,1.1,4470.28,17639.5,0.490844,66057.4,-0.161243,-0.145584,-0.053987,6064.32,0.05,0.443467,0.138557
