tmp.site,tmp.area,Lb,X1,Wb,POR,ALPHA,BETA,Ks,Kb,Kz,Qthresh,Rs,Rb1,Rb2,Prec,Frac4Rise,Error,BFF
01105730,7.84766e+07,12750.6,100,367.377,0.15,0.018734,1,663.325,14657.9,0.968385,156336,-0.222122,-0.059117,-0.057192,587.177,0.05,0.354558,0.451474
