tmp.site,tmp.area,Lb,X1,Wb,POR,ALPHA,BETA,Ks,Kb,Kz,Qthresh,Rs,Rb1,Rb2,Prec,Frac4Rise,Error,BFF
01117000,5.93107e+07,14017.2,301.882,658.578,0.15,0.027863,0.9,764.454,38589.9,0.875852,12788.2,-0.242754,-0.041595,-0.052969,526.013,0.05,0.336526,0.534249
