tmp.site,tmp.area,Lb,X1,Wb,POR,ALPHA,BETA,Ks,Kb,Kz,Qthresh,Rs,Rb1,Rb2,Prec,Frac4Rise,Error,BFF
03572690,1.14218e+08,8780.16,100,648.784,0.15,0.015415,1,1651.28,20354.2,0.925009,1492.41,-0.331497,-0.079202,-0.085188,26.9123,0.05,0.411494,0.428225
