tmp.site,tmp.area,Lb,X1,Wb,POR,ALPHA,BETA,Ks,Kb,Kz,Qthresh,Rs,Rb1,Rb2,Prec,Frac4Rise,Error,BFF
04188496,1.32089e+08,5976.28,168.143,333.9,0.15,0.011823,1,1675.9,26273.8,0.971032,14615.8,-0.266558,-0.151974,-0.149352,24.4657,0.05,2.77541,0.164423
