tmp.site,tmp.area,Lb,X1,Wb,POR,ALPHA,BETA,Ks,Kb,Kz,Qthresh,Rs,Rb1,Rb2,Prec,Frac4Rise,Error,BFF
01017550,1.02823e+07,8869.47,100,148.646,0.15,0.019448,1,287.376,10086.6,0.451805,1027.56,-0.244319,-0.058089,-0.048991,70.9506,0.05,0.415021,0.417149
