tmp.site,tmp.area,Lb,X1,Wb,POR,ALPHA,BETA,Ks,Kb,Kz,Qthresh,Rs,Rb1,Rb2,Prec,Frac4Rise,Error,BFF
02293987,4.19578e+08,63106.6,100,330.843,0.15,0.042971,1,134.015,63849.1,0.925336,39389.8,-0.063146,-0.041692,-0.046859,489.314,0.05,0.420278,0.512988
