tmp.site,tmp.area,Lb,X1,Wb,POR,ALPHA,BETA,Ks,Kb,Kz,Qthresh,Rs,Rb1,Rb2,Prec,Frac4Rise,Error,BFF
03026480,2.15487e+07,9340.7,100,240.653,0.15,0.025274,1,276.024,15188.6,0.605213,8621.96,-0.263066,-0.062876,-0.049209,222.075,0.05,0.356117,0.511951
