tmp.site,tmp.area,Lb,X1,Wb,POR,ALPHA,BETA,Ks,Kb,Kz,Qthresh,Rs,Rb1,Rb2,Prec,Frac4Rise,Error,BFF
03197950,3.96786e+09,3697.45,100,5676.34,0.15,0.010643,1,6769.94,14578.3,1.68412,4.72188e+06,-0.131671,-0.074767,-0.097765,20741.5,0.05,0.400904,0.573875
