tmp.site,tmp.area,Lb,X1,Wb,POR,ALPHA,BETA,Ks,Kb,Kz,Qthresh,Rs,Rb1,Rb2,Prec,Frac4Rise,Error,BFF
06718550,1.55399e+08,16527,1069.88,148.966,0.15,0.015906,1.2,379.397,8955.67,0.083732,5749.44,-0.07421,-0.031935,-0.024899,318.054,0.05,0.510554,0.204101
