tmp.site,tmp.area,Lb,X1,Wb,POR,ALPHA,BETA,Ks,Kb,Kz,Qthresh,Rs,Rb1,Rb2,Prec,Frac4Rise,Error,BFF
06710247,8.02378e+09,4896.4,123.171,891.132,0.15,0.004628,0.9,865.89,7656.96,0.886636,179089,-0.066479,-0.054426,-0.071451,1896.09,0.05,0.453924,0.294332
