tmp.site,tmp.area,Lb,X1,Wb,POR,ALPHA,BETA,Ks,Kb,Kz,Qthresh,Rs,Rb1,Rb2,Prec,Frac4Rise,Error,BFF
03339280,8.59876e+07,9588.13,100,301.355,0.15,0.015969,1,906.326,16367.7,0.894217,10862.8,-0.369439,-0.099636,-0.08954,121.374,0.05,0.473642,0.295562
