tmp.site,tmp.area,Lb,X1,Wb,POR,ALPHA,BETA,Ks,Kb,Kz,Qthresh,Rs,Rb1,Rb2,Prec,Frac4Rise,Error,BFF
02140991,5.20588e+08,36435.5,188.159,888.295,0.15,0.011684,2.1,1779.51,9835.66,0.522775,296035,-0.347353,-0.04988,-0.036592,14626.6,0.05,0.305285,0.516812
