tmp.site,tmp.area,Lb,X1,Wb,POR,ALPHA,BETA,Ks,Kb,Kz,Qthresh,Rs,Rb1,Rb2,Prec,Frac4Rise,Error,BFF
05536310,3.26339e+07,7711.55,100,89.1474,0.15,0.017555,1,640.716,10664.8,0.934713,5920.7,-0.346574,-0.113416,-0.137918,63.6109,0.05,0.588794,0.164939
