tmp.site,tmp.area,Lb,X1,Wb,POR,ALPHA,BETA,Ks,Kb,Kz,Qthresh,Rs,Rb1,Rb2,Prec,Frac4Rise,Error,BFF
03475000,5.33538e+08,10722.8,10.2194,940.557,0.15,0.009439,9.3,1100.56,9.85421,0.347228,151687,-0.171252,-0.056629,-0.035558,10520.3,0.05,0.261632,0.509879
