tmp.site,tmp.area,Lb,X1,Wb,POR,ALPHA,BETA,Ks,Kb,Kz,Qthresh,Rs,Rb1,Rb2,Prec,Frac4Rise,Error,BFF
07242000,3.76817e+10,40005.1,61.6927,1211.35,0.15,0.003715,1.3,9018.05,18942.8,1.13163,256890,-0.155732,-0.07448,-0.052911,5382.46,0.05,0.454209,0.313004
