tmp.site,tmp.area,Lb,X1,Wb,POR,ALPHA,BETA,Ks,Kb,Kz,Qthresh,Rs,Rb1,Rb2,Prec,Frac4Rise,Error,BFF
07346045,9.45346e+08,8662.83,100,1600.49,0.15,0.022776,1,1662.05,21557.9,0.975197,817155,-0.102873,-0.062819,-0.120696,24.4657,0.05,3.27933,0.531177
