tmp.site,tmp.area,Lb,X1,Wb,POR,ALPHA,BETA,Ks,Kb,Kz,Qthresh,Rs,Rb1,Rb2,Prec,Frac4Rise,Error,BFF
05127500,4.50658e+09,16213.9,1121.67,11416.8,0.15,0.003189,1.4,309.739,3770.79,0.383989,201808,-0.028579,-0.016348,-0.012835,22774.9,0.05,0.4752,0.523847
