tmp.site,tmp.area,Lb,X1,Wb,POR,ALPHA,BETA,Ks,Kb,Kz,Qthresh,Rs,Rb1,Rb2,Prec,Frac4Rise,Error,BFF
01544500,3.52238e+08,8397.59,0.046358,1035.92,0.15,0.013624,1.6,1872.81,2.58492,1.01315,17982.3,-0.15114,-0.072114,-0.040847,1634.31,0.05,0.342405,0.4607
