tmp.site,tmp.area,Lb,X1,Wb,POR,ALPHA,BETA,Ks,Kb,Kz,Qthresh,Rs,Rb1,Rb2,Prec,Frac4Rise,Error,BFF
06891080,1.51514e+11,11227.5,100,8234.52,0.15,0.008697,1,10106,10934.1,0.973372,1.89355e+06,-0.055706,-0.045848,-0.050048,162849,0.05,0.338638,0.574298
