tmp.site,tmp.area,Lb,X1,Wb,POR,ALPHA,BETA,Ks,Kb,Kz,Qthresh,Rs,Rb1,Rb2,Prec,Frac4Rise,Error,BFF
07300000,3.16497e+09,11066.4,100,177.582,0.15,0.016204,1,5439.13,8898.03,0.957482,2324.24,-0.168236,-0.085098,-0.087148,73.3971,0.05,0.727519,0.123292
