tmp.site,tmp.area,Lb,X1,Wb,POR,ALPHA,BETA,Ks,Kb,Kz,Qthresh,Rs,Rb1,Rb2,Prec,Frac4Rise,Error,BFF
03436690,2.66769e+08,13362.8,100,614.879,0.15,0.00966,1,507.765,7305.04,0.993252,80113,-0.119046,-0.071091,-0.02028,4159.17,0.05,0.289577,0.383905
