tmp.site,tmp.area,Lb,X1,Wb,POR,ALPHA,BETA,Ks,Kb,Kz,Qthresh,Rs,Rb1,Rb2,Prec,Frac4Rise,Error,BFF
06430850,7.20017e+07,4654.48,112.677,4182.09,0.15,0.009249,5.8,102.492,1.03406,0.140467,44038.3,-0.075374,-0.004585,-0.004065,2396.32,0.05,0.155613,0.829113
