tmp.site,tmp.area,Lb,X1,Wb,POR,ALPHA,BETA,Ks,Kb,Kz,Qthresh,Rs,Rb1,Rb2,Prec,Frac4Rise,Error,BFF
01027240,4.73968e+08,71399.3,43.1276,378.429,0.15,0.004031,1,446.017,9260.48,0.968667,131870,-0.034979,-0.048769,-0.052888,3927.24,0.05,0.43321,0.242422
