tmp.site,tmp.area,Lb,X1,Wb,POR,ALPHA,BETA,Ks,Kb,Kz,Qthresh,Rs,Rb1,Rb2,Prec,Frac4Rise,Error,BFF
06207500,2.98626e+09,22624.7,30.6084,1662.26,0.15,0.007581,1.3,573.974,3356.57,1.46791,770670,-0.079623,-0.0336,-0.025576,20832.1,0.05,0.318516,0.561159
