tmp.site,tmp.area,Lb,X1,Wb,POR,ALPHA,BETA,Ks,Kb,Kz,Qthresh,Rs,Rb1,Rb2,Prec,Frac4Rise,Error,BFF
10168000,1.19139e+08,23795,100,209.227,0.15,0.02764,1,344.885,36125.5,0.901899,4648.49,-0.167212,-0.062449,-0.090693,217.745,0.05,0.586439,0.352808
