tmp.site,tmp.area,Lb,X1,Wb,POR,ALPHA,BETA,Ks,Kb,Kz,Qthresh,Rs,Rb1,Rb2,Prec,Frac4Rise,Error,BFF
11180825,4.66198e+07,85993.7,100,37.234,0.15,0.02005,1,482.203,29937.8,0.949614,1859.39,-0.202733,-0.066876,-0.060605,24.4657,0.05,0.762447,0.160674
