tmp.site,tmp.area,Lb,X1,Wb,POR,ALPHA,BETA,Ks,Kb,Kz,Qthresh,Rs,Rb1,Rb2,Prec,Frac4Rise,Error,BFF
06803486,6.21597e+08,9354.12,304.229,411.89,0.15,0.018495,1.2,622.671,1810.56,0.387339,96791.3,-0.106787,-0.053987,-0.037701,1215.19,0.05,0.427626,0.270961
