tmp.site,tmp.area,Lb,X1,Wb,POR,ALPHA,BETA,Ks,Kb,Kz,Qthresh,Rs,Rb1,Rb2,Prec,Frac4Rise,Error,BFF
04263000,2.55373e+09,16199.4,0.161519,2150.16,0.15,0.00971,1.1,2112.79,18.764,1.10412,562711,-0.069881,-0.04836,-0.043535,60185.7,0.05,0.27797,0.5622
