tmp.site,tmp.area,Lb,X1,Wb,POR,ALPHA,BETA,Ks,Kb,Kz,Qthresh,Rs,Rb1,Rb2,Prec,Frac4Rise,Error,BFF
08055000,1.82594e+09,11169.8,17.7863,746.269,0.15,0.005621,0.9,366.423,593.847,1.01849,340073,-0.016346,-0.065475,-0.111527,48.9314,0.05,71.0281,0.190516
