tmp.site,tmp.area,Lb,X1,Wb,POR,ALPHA,BETA,Ks,Kb,Kz,Qthresh,Rs,Rb1,Rb2,Prec,Frac4Rise,Error,BFF
08074000,8.70236e+08,14590,8.85031,1086.18,0.15,0.015892,1,4121.26,3317.4,1.45155,10520.3,-0.116345,-0.116306,-0.129526,978.629,0.05,0.574717,0.289164
