tmp.site,tmp.area,Lb,X1,Wb,POR,ALPHA,BETA,Ks,Kb,Kz,Qthresh,Rs,Rb1,Rb2,Prec,Frac4Rise,Error,BFF
06915800,6.91268e+09,51727.4,15.627,844.944,0.15,0.005552,1,4355.06,12019.2,1.42839,165743,-0.087839,-0.089606,-0.096787,9737.35,0.05,0.537394,0.174128
