tmp.site,tmp.area,Lb,X1,Wb,POR,ALPHA,BETA,Ks,Kb,Kz,Qthresh,Rs,Rb1,Rb2,Prec,Frac4Rise,Error,BFF
01104500,6.50087e+08,36841.2,246.159,1208.28,0.15,0.028567,0.9,568.308,96235,1.23499,755991,-0.061768,-0.034245,-0.058241,2104.05,0.05,0.611212,0.638457
