tmp.site,tmp.area,Lb,X1,Wb,POR,ALPHA,BETA,Ks,Kb,Kz,Qthresh,Rs,Rb1,Rb2,Prec,Frac4Rise,Error,BFF
02336030,3.96268e+06,5888.54,3.3037,60.1718,0.15,0.008746,1,208.374,133.74,0.758843,5088.87,-0.423874,-0.108079,-0.116882,51.378,0.05,0.389772,0.158201
