tmp.site,tmp.area,Lb,X1,Wb,POR,ALPHA,BETA,Ks,Kb,Kz,Qthresh,Rs,Rb1,Rb2,Prec,Frac4Rise,Error,BFF
01507000,1.53586e+09,22635.1,1.34423,1473.42,0.15,0.010853,2,3381.58,79.9108,1.34438,122329,-0.168236,-0.057437,-0.032533,13700.8,0.05,0.325501,0.500763
