tmp.site,tmp.area,Lb,X1,Wb,POR,ALPHA,BETA,Ks,Kb,Kz,Qthresh,Rs,Rb1,Rb2,Prec,Frac4Rise,Error,BFF
04057510,4.73968e+08,34389.7,100,481.089,0.15,0.006903,1,270.184,7868.79,0.998613,242211,-0.081279,-0.036474,-0.021663,9695.76,0.05,0.369142,0.417503
