tmp.site,tmp.area,Lb,X1,Wb,POR,ALPHA,BETA,Ks,Kb,Kz,Qthresh,Rs,Rb1,Rb2,Prec,Frac4Rise,Error,BFF
14046500,1.3183e+10,16129.5,100,3709.73,0.15,0.012919,1,4884.06,16229.6,0.93636,82694.1,-0.091161,-0.038116,-0.033928,9321.44,0.05,0.362387,0.581081
