tmp.site,tmp.area,Lb,X1,Wb,POR,ALPHA,BETA,Ks,Kb,Kz,Qthresh,Rs,Rb1,Rb2,Prec,Frac4Rise,Error,BFF
01019000,5.80157e+08,38773.9,25.5869,943.582,0.15,0.010956,0.9,67.1679,2460.73,1.02166,885659,-0.00664,-0.031968,-0.054426,13211.5,0.05,0.588121,0.505672
