tmp.site,tmp.area,Lb,X1,Wb,POR,ALPHA,BETA,Ks,Kb,Kz,Qthresh,Rs,Rb1,Rb2,Prec,Frac4Rise,Error,BFF
01362200,1.64982e+08,10548.1,100,611.248,0.15,0.016668,1,481.627,11442.4,0.996416,12966.8,-0.111572,-0.062135,-0.031535,1467.94,0.05,0.339181,0.456642
