tmp.site,tmp.area,Lb,X1,Wb,POR,ALPHA,BETA,Ks,Kb,Kz,Qthresh,Rs,Rb1,Rb2,Prec,Frac4Rise,Error,BFF
12334510,2.3025e+09,13845.6,0.377419,5051.56,0.15,0.006327,1.1,257.34,45.5471,1.23313,486868,-0.05268,-0.023624,-0.021743,23242.4,0.05,0.258532,0.875205
