tmp.site,tmp.area,Lb,X1,Wb,POR,ALPHA,BETA,Ks,Kb,Kz,Qthresh,Rs,Rb1,Rb2,Prec,Frac4Rise,Error,BFF
01133000,1.39341e+08,19154.3,100,374.5,0.15,0.01301,1,634.897,15190.7,0.957003,105203,-0.269622,-0.053433,-0.041337,4473.56,0.05,0.343651,0.463088
