tmp.site,tmp.area,Lb,X1,Wb,POR,ALPHA,BETA,Ks,Kb,Kz,Qthresh,Rs,Rb1,Rb2,Prec,Frac4Rise,Error,BFF
01383500,7.01887e+07,36647,67.9331,221.888,0.15,0.010091,1,179.228,24979.3,1.25714,22019.1,-0.072456,-0.056395,-0.064035,244.657,0.05,0.8761,0.452515
