tmp.site,tmp.area,Lb,X1,Wb,POR,ALPHA,BETA,Ks,Kb,Kz,Qthresh,Rs,Rb1,Rb2,Prec,Frac4Rise,Error,BFF
14338000,3.34108e+08,24133.1,53.7692,556.188,0.15,0.01354,1.2,1282.15,10789.8,1.08482,6850.4,-0.153184,-0.063827,-0.041828,232.424,0.05,0.39888,0.391665
