tmp.site,tmp.area,Lb,X1,Wb,POR,ALPHA,BETA,Ks,Kb,Kz,Qthresh,Rs,Rb1,Rb2,Prec,Frac4Rise,Error,BFF
05379400,1.42967e+09,62139.1,23292.2,1160.84,0.15,0.007321,10.1,975.668,1133.51,0.686712,954163,-0.110856,-0.035855,-0.013962,36698.6,0.05,0.234976,0.571871
