tmp.site,tmp.area,Lb,X1,Wb,POR,ALPHA,BETA,Ks,Kb,Kz,Qthresh,Rs,Rb1,Rb2,Prec,Frac4Rise,Error,BFF
03362000,2.77129e+08,11400.9,63.2798,622.579,0.15,0.012072,1.4,2119.99,11179.3,0.956505,24465.7,-0.293961,-0.10325,-0.060937,538.246,0.05,0.422826,0.365136
