tmp.site,tmp.area,Lb,X1,Wb,POR,ALPHA,BETA,Ks,Kb,Kz,Qthresh,Rs,Rb1,Rb2,Prec,Frac4Rise,Error,BFF
06412200,9.22036e+08,10239.1,146.022,1317.95,0.15,0.042066,1,232.429,10761.7,0.845553,159027,-0.081537,-0.032507,-0.032236,1978.05,0.05,0.329515,0.686291
