tmp.site,tmp.area,Lb,X1,Wb,POR,ALPHA,BETA,Ks,Kb,Kz,Qthresh,Rs,Rb1,Rb2,Prec,Frac4Rise,Error,BFF
09353800,8.80596e+08,12936.7,100,915.999,0.15,0.011671,1,647.267,6929.54,0.945285,178110,-0.090452,-0.075733,-0.138182,66.0574,0.05,7.49822,0.450454
