tmp.site,tmp.area,Lb,X1,Wb,POR,ALPHA,BETA,Ks,Kb,Kz,Qthresh,Rs,Rb1,Rb2,Prec,Frac4Rise,Error,BFF
09485700,2.25588e+09,2858.02,0.485811,2.72733,0.15,0.099991,0.9,0.137255,0.698904,0.613105,96150.3,-0.606232,-0.092646,-0.147166,24.4657,0.05,0.897533,0.000957
