tmp.site,tmp.area,Lb,X1,Wb,POR,ALPHA,BETA,Ks,Kb,Kz,Qthresh,Rs,Rb1,Rb2,Prec,Frac4Rise,Error,BFF
14158850,4.76558e+08,69108.9,100,1882,0.15,0.012351,1,319.051,4856.14,0.633766,1.58049e+06,-0.053186,-0.013365,-0.006496,129668,0.05,0.174295,0.745821
