tmp.site,tmp.area,Lb,X1,Wb,POR,ALPHA,BETA,Ks,Kb,Kz,Qthresh,Rs,Rb1,Rb2,Prec,Frac4Rise,Error,BFF
02217643,7.89946e+06,5468.79,100,141.498,0.15,0.012154,1,114.361,2789.9,0.287381,5333.53,-0.178476,-0.050774,-0.035217,161.474,0.05,0.327812,0.431529
