tmp.site,tmp.area,Lb,X1,Wb,POR,ALPHA,BETA,Ks,Kb,Kz,Qthresh,Rs,Rb1,Rb2,Prec,Frac4Rise,Error,BFF
06125600,6.96966e+09,19951.6,100,1190.94,0.15,0.022462,1,1326.92,16926,0.936069,161239,-0.062003,-0.044232,-0.058851,1640.67,0.05,0.527719,0.510268
