tmp.site,tmp.area,Lb,X1,Wb,POR,ALPHA,BETA,Ks,Kb,Kz,Qthresh,Rs,Rb1,Rb2,Prec,Frac4Rise,Error,BFF
08329700,9.84195e+06,33055.6,100,3.25565,0.15,0.004054,1,521.831,2664.39,0.338587,2006.19,-0.255413,-0.045631,-0.160519,24.4657,0.05,0.476764,0.00663
