tmp.site,tmp.area,Lb,X1,Wb,POR,ALPHA,BETA,Ks,Kb,Kz,Qthresh,Rs,Rb1,Rb2,Prec,Frac4Rise,Error,BFF
08155541,4.58428e+06,5962.42,100,24.1697,0.15,0.018947,1,268.722,5719.52,0.671149,856.3,-0.346574,-0.152107,-0.106786,24.4657,0.05,0.617308,0.07074
