tmp.site,tmp.area,Lb,X1,Wb,POR,ALPHA,BETA,Ks,Kb,Kz,Qthresh,Rs,Rb1,Rb2,Prec,Frac4Rise,Error,BFF
01124151,4.45478e+08,12111.1,100,780.654,0.15,0.01709,1,690.281,13059.7,0.946632,51378,-0.06068,-0.052365,-0.050491,4114.89,0.05,0.393061,0.498288
