tmp.site,tmp.area,Lb,X1,Wb,POR,ALPHA,BETA,Ks,Kb,Kz,Qthresh,Rs,Rb1,Rb2,Prec,Frac4Rise,Error,BFF
07142019,3.88498e+09,24048.5,54.1462,96.7649,0.15,0.010947,0.9,3620.4,7025.02,0.923708,27646.3,-0.111572,-0.088811,-0.226165,24.4657,0.05,18.6048,0.109427
