tmp.site,tmp.area,Lb,X1,Wb,POR,ALPHA,BETA,Ks,Kb,Kz,Qthresh,Rs,Rb1,Rb2,Prec,Frac4Rise,Error,BFF
01674000,6.63037e+08,18933.9,47.2906,689.365,0.15,0.012668,1,2117.06,17632.1,1.11086,562711,-0.19877,-0.069319,-0.090112,122.329,0.05,0.48229,0.418907
