tmp.site,tmp.area,Lb,X1,Wb,POR,ALPHA,BETA,Ks,Kb,Kz,Qthresh,Rs,Rb1,Rb2,Prec,Frac4Rise,Error,BFF
03026500,2.03055e+07,5941.95,535.912,270.397,0.15,0.036078,1.1,277.932,47524,0.529064,2152.98,-0.243423,-0.068681,-0.053134,73.3971,0.05,0.379454,0.458795
