tmp.site,tmp.area,Lb,X1,Wb,POR,ALPHA,BETA,Ks,Kb,Kz,Qthresh,Rs,Rb1,Rb2,Prec,Frac4Rise,Error,BFF
13247500,5.74977e+09,10722.4,82.4793,7585.03,0.15,0.004817,1,83.8001,1957.38,0.901253,1.88631e+06,-0.057167,-0.024572,-0.023534,152911,0.05,0.286602,0.619972
