tmp.site,tmp.area,Lb,X1,Wb,POR,ALPHA,BETA,Ks,Kb,Kz,Qthresh,Rs,Rb1,Rb2,Prec,Frac4Rise,Error,BFF
12144000,2.11602e+08,16229.6,100,1018.89,0.15,0.010342,1,961.336,7146.57,0.959162,217745,-0.158893,-0.046665,-0.016486,21285.2,0.05,0.294879,0.519689
