tmp.site,tmp.area,Lb,X1,Wb,POR,ALPHA,BETA,Ks,Kb,Kz,Qthresh,Rs,Rb1,Rb2,Prec,Frac4Rise,Error,BFF
14187500,1.65759e+09,33138.9,49.2944,1662.38,0.15,0.007472,2.4,2908.63,1272.6,2.42759,3.10715e+06,-0.078051,-0.058878,-0.026252,33273.4,0.05,0.423021,0.407029
