tmp.site,tmp.area,Lb,X1,Wb,POR,ALPHA,BETA,Ks,Kb,Kz,Qthresh,Rs,Rb1,Rb2,Prec,Frac4Rise,Error,BFF
02484500,1.2147e+09,10325.6,100,629.441,0.15,0.009403,1,3064.73,9539.21,1.21167,58717.7,-0.143841,-0.118973,-0.069142,2740.16,0.05,0.508987,0.117687
