tmp.site,tmp.area,Lb,X1,Wb,POR,ALPHA,BETA,Ks,Kb,Kz,Qthresh,Rs,Rb1,Rb2,Prec,Frac4Rise,Error,BFF
10335000,4.16988e+10,25154.8,203.244,1550.69,0.15,0.096841,0.9,170.261,38099.2,1.04943,56271.1,-0.045486,-0.042901,-0.150903,24.4657,0.05,65.7801,0.603336
