tmp.site,tmp.area,Lb,X1,Wb,POR,ALPHA,BETA,Ks,Kb,Kz,Qthresh,Rs,Rb1,Rb2,Prec,Frac4Rise,Error,BFF
01354083,8.16364e+09,15756.6,100,4145.41,0.15,0.010103,1,8003.74,16787.4,1.88226,9.90861e+06,-0.149697,-0.052207,-0.054259,186135,0.05,0.299104,0.546088
