tmp.site,tmp.area,Lb,X1,Wb,POR,ALPHA,BETA,Ks,Kb,Kz,Qthresh,Rs,Rb1,Rb2,Prec,Frac4Rise,Error,BFF
10234500,2.35689e+08,55861.3,22749.5,246.717,0.15,0.010707,8,123.458,1867.26,0.593017,41591.7,-0.111572,-0.022033,-0.01229,2935.89,0.05,0.27384,0.372713
