tmp.site,tmp.area,Lb,X1,Wb,POR,ALPHA,BETA,Ks,Kb,Kz,Qthresh,Rs,Rb1,Rb2,Prec,Frac4Rise,Error,BFF
07180400,1.95285e+09,6031.98,1198.14,1527.55,0.15,0.003574,2.3,1089.88,877.611,0.819909,169792,-0.111572,-0.106455,-0.048907,3180.54,0.05,0.405162,0.163373
