tmp.site,tmp.area,Lb,X1,Wb,POR,ALPHA,BETA,Ks,Kb,Kz,Qthresh,Rs,Rb1,Rb2,Prec,Frac4Rise,Error,BFF
06775900,2.50193e+09,8.32638e+06,100,149.35,0.15,0.059788,1,4409.69,6.48902,0.426759,528459,-0.074582,-0.004898,-0.006124,42570.3,0.05,0.13253,0.843638
