tmp.site,tmp.area,Lb,X1,Wb,POR,ALPHA,BETA,Ks,Kb,Kz,Qthresh,Rs,Rb1,Rb2,Prec,Frac4Rise,Error,BFF
02198000,1.67313e+09,11609.6,79.8393,1273.45,0.15,0.01012,1,1077.65,6008.09,1.26405,1.36519e+06,-0.073302,-0.039721,-0.039504,18838.6,0.05,0.364683,0.505933
