tmp.site,tmp.area,Lb,X1,Wb,POR,ALPHA,BETA,Ks,Kb,Kz,Qthresh,Rs,Rb1,Rb2,Prec,Frac4Rise,Error,BFF
14378200,2.55891e+09,9726.07,387.126,6680.38,0.15,0.023788,1.2,4951.28,7087.49,15.1918,428150,-0.141206,-0.067009,-0.012916,34986,0.05,0.344193,0.341091
