tmp.site,tmp.area,Lb,X1,Wb,POR,ALPHA,BETA,Ks,Kb,Kz,Qthresh,Rs,Rb1,Rb2,Prec,Frac4Rise,Error,BFF
01186000,3.39288e+08,48353.6,24.2162,369.751,0.15,0.009261,0.9,114.254,3722.87,0.925826,628769,-0.019314,-0.040601,-0.056283,4403.83,0.05,0.662288,0.463194
