tmp.site,tmp.area,Lb,X1,Wb,POR,ALPHA,BETA,Ks,Kb,Kz,Qthresh,Rs,Rb1,Rb2,Prec,Frac4Rise,Error,BFF
06935980,9.68656e+06,7402.15,100,45.2696,0.15,0.019296,1,447.127,6147.09,0.82379,3082.68,-0.649641,-0.127747,-0.141782,24.4657,0.05,0.507618,0.113737
