tmp.site,tmp.area,Lb,X1,Wb,POR,ALPHA,BETA,Ks,Kb,Kz,Qthresh,Rs,Rb1,Rb2,Prec,Frac4Rise,Error,BFF
04060993,9.47936e+08,199725,83126.6,663.041,0.15,0.008231,10,396.128,2842.46,0.333987,347413,-0.092071,-0.027367,-0.013129,35719.9,0.05,0.226525,0.589674
