tmp.site,tmp.area,Lb,X1,Wb,POR,ALPHA,BETA,Ks,Kb,Kz,Qthresh,Rs,Rb1,Rb2,Prec,Frac4Rise,Error,BFF
01398500,6.78577e+07,20730.9,9.9594,255.106,0.15,0.023444,1.1,336.658,1236.78,1.19282,24465.7,-0.346574,-0.048525,-0.044765,1100.96,0.05,0.32644,0.487089
