tmp.site,tmp.area,Lb,X1,Wb,POR,ALPHA,BETA,Ks,Kb,Kz,Qthresh,Rs,Rb1,Rb2,Prec,Frac4Rise,Error,BFF
06332770,5.69797e+08,21725.2,100,103.066,0.15,0.080533,1,613.815,28533.1,1.00073,9761.82,-0.111572,-0.08418,-0.102379,24.4657,0.05,2.3623,0.175502
