tmp.site,tmp.area,Lb,X1,Wb,POR,ALPHA,BETA,Ks,Kb,Kz,Qthresh,Rs,Rb1,Rb2,Prec,Frac4Rise,Error,BFF
12413000,2.31804e+09,13374.9,71.2455,2657.49,0.15,0.007363,7.1,2294.26,54.8483,1.77945,565158,-0.077075,-0.041882,-0.018653,42081,0.05,0.252383,0.47694
