tmp.site,tmp.area,Lb,X1,Wb,POR,ALPHA,BETA,Ks,Kb,Kz,Qthresh,Rs,Rb1,Rb2,Prec,Frac4Rise,Error,BFF
01478120,2.92669e+07,17441.6,100,175.726,0.15,0.014125,1,226.775,5860.62,0.594412,10275.6,-0.358551,-0.050421,-0.029851,973.735,0.05,0.258014,0.517081
