tmp.site,tmp.area,Lb,X1,Wb,POR,ALPHA,BETA,Ks,Kb,Kz,Qthresh,Rs,Rb1,Rb2,Prec,Frac4Rise,Error,BFF
08061000,2.00206e+09,5240.72,7.1836,3769.17,0.15,0.012625,0.9,610.349,1104.51,0.980024,905231,-0.01742,-0.090751,-0.397424,24.4657,0.05,275.732,0.587012
