tmp.site,tmp.area,Lb,X1,Wb,POR,ALPHA,BETA,Ks,Kb,Kz,Qthresh,Rs,Rb1,Rb2,Prec,Frac4Rise,Error,BFF
08158927,1.74306e+07,1451.21,9.90969,39.8215,0.15,0.014435,1,12371.7,6.83375,0.003056,24.4657,-2.18218,-0.002,-0.001,24.4657,0.05,0.248897,0.00018
