tmp.site,tmp.area,Lb,X1,Wb,POR,ALPHA,BETA,Ks,Kb,Kz,Qthresh,Rs,Rb1,Rb2,Prec,Frac4Rise,Error,BFF
02137727,3.26339e+08,38530.1,200.293,730.752,0.15,0.010567,3.7,1169.8,2538.91,0.50703,194576,-0.302172,-0.042327,-0.030391,10121.2,0.05,0.256802,0.56464
