tmp.site,tmp.area,Lb,X1,Wb,POR,ALPHA,BETA,Ks,Kb,Kz,Qthresh,Rs,Rb1,Rb2,Prec,Frac4Rise,Error,BFF
08050350,1.57212e+08,7577.15,16.6373,571.521,0.15,0.053697,1,865.598,3083.75,1.09709,22063.9,-0.258733,-0.098634,-0.147018,24.4657,0.05,4.31869,0.304528
