tmp.site,tmp.area,Lb,X1,Wb,POR,ALPHA,BETA,Ks,Kb,Kz,Qthresh,Rs,Rb1,Rb2,Prec,Frac4Rise,Error,BFF
03031500,1.98678e+10,13410.5,100,8253.4,0.15,0.011641,1,11883.2,19991.4,2.73576,8.44067e+06,-0.099365,-0.053555,-0.050702,232424,0.05,0.328323,0.564323
