tmp.site,tmp.area,Lb,X1,Wb,POR,ALPHA,BETA,Ks,Kb,Kz,Qthresh,Rs,Rb1,Rb2,Prec,Frac4Rise,Error,BFF
07187000,1.10592e+09,27285.1,5268.94,1117.33,0.15,0.010936,10.1,701.597,8271.37,1.09601,278909,-0.091494,-0.038178,-0.020372,12477.5,0.05,0.297509,0.511853
