tmp.site,tmp.area,Lb,X1,Wb,POR,ALPHA,BETA,Ks,Kb,Kz,Qthresh,Rs,Rb1,Rb2,Prec,Frac4Rise,Error,BFF
08074150,1.94249e+07,5241.81,3.00646,80.4101,0.15,0.020784,1,643.68,643.45,1.24743,3669.86,-0.471418,-0.142153,-0.180034,24.4657,0.05,1.13297,0.115544
