tmp.site,tmp.area,Lb,X1,Wb,POR,ALPHA,BETA,Ks,Kb,Kz,Qthresh,Rs,Rb1,Rb2,Prec,Frac4Rise,Error,BFF
13235000,1.15513e+09,10360.3,3825.65,4526.07,0.15,0.004881,10.1,34.1415,378.147,0.878966,858747,-0.075774,-0.020939,-0.013433,51378,0.05,0.200102,0.684913
