tmp.site,tmp.area,Lb,X1,Wb,POR,ALPHA,BETA,Ks,Kb,Kz,Qthresh,Rs,Rb1,Rb2,Prec,Frac4Rise,Error,BFF
06177500,1.42708e+09,14229.6,36.7834,187.274,0.15,0.010399,1.1,1299.83,5202.79,0.994659,20144.1,-0.118014,-0.09573,-0.068405,24.4657,0.05,2.93606,0.084993
