tmp.site,tmp.area,Lb,X1,Wb,POR,ALPHA,BETA,Ks,Kb,Kz,Qthresh,Rs,Rb1,Rb2,Prec,Frac4Rise,Error,BFF
11208000,1.33125e+08,66132,100,174.192,0.15,0.007313,1,90.9643,49744.1,0.950161,23242.4,-0.097421,-0.044807,-0.060478,44.0383,0.05,2.55217,0.28458
