tmp.site,tmp.area,Lb,X1,Wb,POR,ALPHA,BETA,Ks,Kb,Kz,Qthresh,Rs,Rb1,Rb2,Prec,Frac4Rise,Error,BFF
06278300,5.90517e+07,15412.5,7167.25,250.7,0.15,0.040623,3.8,28.4904,12553.3,0.645103,9296.97,-0.10494,-0.043527,-0.011692,315.608,0.05,0.335823,0.271437
