tmp.site,tmp.area,Lb,X1,Wb,POR,ALPHA,BETA,Ks,Kb,Kz,Qthresh,Rs,Rb1,Rb2,Prec,Frac4Rise,Error,BFF
02329500,6.13827e+08,9146.17,100,879.252,0.15,0.013793,1,2523.76,9027.81,1.01967,148018,-0.171955,-0.073055,-0.060704,4893.14,0.05,0.392504,0.355076
