tmp.site,tmp.area,Lb,X1,Wb,POR,ALPHA,BETA,Ks,Kb,Kz,Qthresh,Rs,Rb1,Rb2,Prec,Frac4Rise,Error,BFF
13246000,2.38538e+09,41673.5,66.1372,2534.43,0.15,0.00927,0.9,257.948,12726.4,0.990119,880766,-0.027597,-0.030591,-0.05625,47218.8,0.05,0.475437,0.693875
