tmp.site,tmp.area,Lb,X1,Wb,POR,ALPHA,BETA,Ks,Kb,Kz,Qthresh,Rs,Rb1,Rb2,Prec,Frac4Rise,Error,BFF
04041500,8.96136e+08,26639.2,40.9032,731.319,0.15,0.009669,0.9,231.281,9991.85,0.94246,570051,-0.018173,-0.052634,-0.100749,2935.89,0.05,1.90822,0.564639
