tmp.site,tmp.area,Lb,X1,Wb,POR,ALPHA,BETA,Ks,Kb,Kz,Qthresh,Rs,Rb1,Rb2,Prec,Frac4Rise,Error,BFF
08492900,3.28928e+07,14946.8,100,243.092,0.15,0.007935,1,51.6173,1684.66,0.096215,2324.24,-0.182322,-0.008684,-0.012524,229.978,0.05,0.276889,0.603115
