tmp.site,tmp.area,Lb,X1,Wb,POR,ALPHA,BETA,Ks,Kb,Kz,Qthresh,Rs,Rb1,Rb2,Prec,Frac4Rise,Error,BFF
07189710,1.13934e+08,2866.52,100,273.36,0.15,0.00883,1,805.901,11141.1,0.889835,38411.2,-0.177774,-0.198996,-0.164551,24.4657,0.05,1.3653,0.058395
