tmp.site,tmp.area,Lb,X1,Wb,POR,ALPHA,BETA,Ks,Kb,Kz,Qthresh,Rs,Rb1,Rb2,Prec,Frac4Rise,Error,BFF
07382500,1.85184e+09,28131.3,100,1260.72,0.15,0.011919,1,3120.72,21273.6,0.932564,406131,-0.085358,-0.052921,-0.071314,9659.55,0.05,0.533763,0.353053
