tmp.site,tmp.area,Lb,X1,Wb,POR,ALPHA,BETA,Ks,Kb,Kz,Qthresh,Rs,Rb1,Rb2,Prec,Frac4Rise,Error,BFF
03250100,2.19372e+08,3733.23,100,1019.52,0.15,0.015368,1,3069.41,14543.5,0.91991,5969.63,-0.234888,-0.101925,-0.158669,24.4657,0.05,0.973781,0.353632
