tmp.site,tmp.area,Lb,X1,Wb,POR,ALPHA,BETA,Ks,Kb,Kz,Qthresh,Rs,Rb1,Rb2,Prec,Frac4Rise,Error,BFF
0110588364,7.71816e+06,7835.39,30.9095,358.951,0.15,0.012683,0.8,48.8,977.416,0.215165,12550.9,-0.147833,-0.014246,-0.024692,842.819,0.05,0.148216,0.829158
