tmp.site,tmp.area,Lb,X1,Wb,POR,ALPHA,BETA,Ks,Kb,Kz,Qthresh,Rs,Rb1,Rb2,Prec,Frac4Rise,Error,BFF
03491000,1.22506e+08,11704.2,100,395.175,0.15,0.014082,1,1177.09,11960.7,0.959007,11254.2,-0.293893,-0.082401,-0.047182,672.807,0.05,0.368076,0.346775
