tmp.site,tmp.area,Lb,X1,Wb,POR,ALPHA,BETA,Ks,Kb,Kz,Qthresh,Rs,Rb1,Rb2,Prec,Frac4Rise,Error,BFF
11284400,4.24758e+07,23119.8,100,89.2843,0.15,0.017196,1,610.942,16013.1,0.999642,9360.58,-0.219781,-0.085745,-0.079094,24.4657,0.05,0.971031,0.140113
