tmp.site,tmp.area,Lb,X1,Wb,POR,ALPHA,BETA,Ks,Kb,Kz,Qthresh,Rs,Rb1,Rb2,Prec,Frac4Rise,Error,BFF
01078000,2.22221e+08,24470.6,68.707,596.757,0.15,0.019453,1.3,1146.16,20735.9,0.922663,163676,-0.179687,-0.068582,-0.049563,1689.16,0.05,0.383317,0.482161
