tmp.site,tmp.area,Lb,X1,Wb,POR,ALPHA,BETA,Ks,Kb,Kz,Qthresh,Rs,Rb1,Rb2,Prec,Frac4Rise,Error,BFF
01520500,1.99688e+09,7375.75,0.283435,2038.35,0.15,0.010977,1.6,6271.17,13.9587,1.25301,171260,-0.185827,-0.086251,-0.048384,5137.8,0.05,0.395448,0.40259
