tmp.site,tmp.area,Lb,X1,Wb,POR,ALPHA,BETA,Ks,Kb,Kz,Qthresh,Rs,Rb1,Rb2,Prec,Frac4Rise,Error,BFF
12073500,1.67572e+07,16058.6,9454.48,326.745,0.15,0.005987,9.6,71.3157,214.446,0.471227,13700.8,-0.202733,-0.046425,-0.012174,817.155,0.05,0.212461,0.491582
