tmp.site,tmp.area,Lb,X1,Wb,POR,ALPHA,BETA,Ks,Kb,Kz,Qthresh,Rs,Rb1,Rb2,Prec,Frac4Rise,Error,BFF
04073458,1.37269e+07,27933.9,100,131.317,0.15,0.04234,1,46.2189,20693.8,0.210128,1296.68,-0.153788,-0.025187,-0.0421,24.4657,0.05,1.15876,0.641638
