tmp.site,tmp.area,Lb,X1,Wb,POR,ALPHA,BETA,Ks,Kb,Kz,Qthresh,Rs,Rb1,Rb2,Prec,Frac4Rise,Error,BFF
04145000,1.64982e+09,9842.89,0.947436,1517.74,0.15,0.011833,3.2,1291.89,9.77205,1.0351,129668,-0.085099,-0.050591,-0.030383,11009.6,0.05,0.332871,0.556607
