tmp.site,tmp.area,Lb,X1,Wb,POR,ALPHA,BETA,Ks,Kb,Kz,Qthresh,Rs,Rb1,Rb2,Prec,Frac4Rise,Error,BFF
021623950,1.49183e+07,7346.37,100,434.279,0.15,0.011841,1,343.799,2346.38,0.255555,16122.9,-0.343805,-0.028348,-0.021225,1039.79,0.05,0.223964,0.626613
