tmp.site,tmp.area,Lb,X1,Wb,POR,ALPHA,BETA,Ks,Kb,Kz,Qthresh,Rs,Rb1,Rb2,Prec,Frac4Rise,Error,BFF
01480000,1.21729e+08,15964.2,100,325.003,0.15,0.015386,1,429.69,6469.43,0.97671,49371.8,-0.399075,-0.051188,-0.036309,2935.89,0.05,0.265837,0.484565
