tmp.site,tmp.area,Lb,X1,Wb,POR,ALPHA,BETA,Ks,Kb,Kz,Qthresh,Rs,Rb1,Rb2,Prec,Frac4Rise,Error,BFF
09261700,1.99947e+08,106661,952.868,83.0706,0.15,0.029716,1.8,484.343,5.59418,0.045947,26912.3,-0.067995,-0.027137,-0.008451,2165.22,0.05,0.320521,0.313044
