tmp.site,tmp.area,Lb,X1,Wb,POR,ALPHA,BETA,Ks,Kb,Kz,Qthresh,Rs,Rb1,Rb2,Prec,Frac4Rise,Error,BFF
14357500,7.48507e+08,21700.5,58.9342,490.604,0.15,0.013403,1,801.518,13222.8,1.1416,76088.4,-0.143841,-0.047757,-0.054705,440.383,0.05,0.419491,0.465846
