tmp.site,tmp.area,Lb,X1,Wb,POR,ALPHA,BETA,Ks,Kb,Kz,Qthresh,Rs,Rb1,Rb2,Prec,Frac4Rise,Error,BFF
09171100,5.5607e+09,4792.43,42.2397,928.872,0.15,0.006187,0.9,954.895,626.944,0.99787,153400,-0.111572,-0.058844,-0.084622,342.52,0.05,1.40782,0.143778
