tmp.site,tmp.area,Lb,X1,Wb,POR,ALPHA,BETA,Ks,Kb,Kz,Qthresh,Rs,Rb1,Rb2,Prec,Frac4Rise,Error,BFF
07170000,1.48924e+09,4715.87,100,1037.38,0.15,0.008871,1,4877.66,13047.3,0.965623,207959,-0.255413,-0.120362,-0.119081,244.657,0.05,0.917302,0.132541
