tmp.site,tmp.area,Lb,X1,Wb,POR,ALPHA,BETA,Ks,Kb,Kz,Qthresh,Rs,Rb1,Rb2,Prec,Frac4Rise,Error,BFF
03202928,1.036e+08,13057.3,100,319.828,0.15,0.025519,1,1926.13,17312.8,0.953342,13373,-0.320874,-0.077495,-0.083161,128.176,0.05,0.449804,0.286399
