tmp.site,tmp.area,Lb,X1,Wb,POR,ALPHA,BETA,Ks,Kb,Kz,Qthresh,Rs,Rb1,Rb2,Prec,Frac4Rise,Error,BFF
03538830,2.37735e+08,7590.4,100,965.682,0.15,0.016626,1,2793.87,26580.7,1.01003,2691.23,-0.336579,-0.106592,-0.09978,269.123,0.05,0.435309,0.39603
