tmp.site,tmp.area,Lb,X1,Wb,POR,ALPHA,BETA,Ks,Kb,Kz,Qthresh,Rs,Rb1,Rb2,Prec,Frac4Rise,Error,BFF
06893578,6.63037e+08,12925.9,93.1589,670.5,0.15,0.007237,2.3,3670.22,7022.18,1.0133,121350,-0.355092,-0.138155,-0.075646,6312.15,0.05,0.408997,0.234785
