tmp.site,tmp.area,Lb,X1,Wb,POR,ALPHA,BETA,Ks,Kb,Kz,Qthresh,Rs,Rb1,Rb2,Prec,Frac4Rise,Error,BFF
11057500,3.23749e+08,38329.6,94.8957,31.5214,0.15,0.038257,0.9,2484.37,47407.2,0.984019,2642.3,-0.197196,-0.063073,-0.147712,24.4657,0.05,11.959,0.153686
