tmp.site,tmp.area,Lb,X1,Wb,POR,ALPHA,BETA,Ks,Kb,Kz,Qthresh,Rs,Rb1,Rb2,Prec,Frac4Rise,Error,BFF
11124500,1.91659e+08,29004.8,100,298.858,0.15,0.074433,1,3501.71,15682.1,0.929094,39145.1,-0.174308,-0.042103,-0.061522,24.4657,0.05,2.32704,0.240601
