tmp.site,tmp.area,Lb,X1,Wb,POR,ALPHA,BETA,Ks,Kb,Kz,Qthresh,Rs,Rb1,Rb2,Prec,Frac4Rise,Error,BFF
10128500,4.19578e+08,36990.4,9121.75,513.453,0.15,0.006343,4.3,271.584,2398.51,0.762037,146794,-0.090635,-0.030905,-0.008871,8563,0.05,0.339753,0.264155
