tmp.site,tmp.area,Lb,X1,Wb,POR,ALPHA,BETA,Ks,Kb,Kz,Qthresh,Rs,Rb1,Rb2,Prec,Frac4Rise,Error,BFF
383926107593001,1.72752e+08,29083.9,43.2423,155.634,0.15,0.009891,0.9,137.253,6338.38,0.818103,17223.9,-0.043843,-0.029472,-0.048489,1543.79,0.05,0.441141,0.357655
