tmp.site,tmp.area,Lb,X1,Wb,POR,ALPHA,BETA,Ks,Kb,Kz,Qthresh,Rs,Rb1,Rb2,Prec,Frac4Rise,Error,BFF
02479000,1.7068e+10,29184.5,6.35353,3015.54,0.15,0.008095,3.4,6183.02,46.6044,1.08417,2.71569e+06,-0.095022,-0.07103,-0.036857,227365,0.05,0.352154,0.36314
