tmp.site,tmp.area,Lb,X1,Wb,POR,ALPHA,BETA,Ks,Kb,Kz,Qthresh,Rs,Rb1,Rb2,Prec,Frac4Rise,Error,BFF
07312100,5.40272e+09,11934.5,20.9563,931.149,0.15,0.015313,0.9,216.137,3193.24,0.967745,318054,-0.006221,-0.074733,-0.274445,24.4657,0.05,47.5898,0.425951
