tmp.site,tmp.area,Lb,X1,Wb,POR,ALPHA,BETA,Ks,Kb,Kz,Qthresh,Rs,Rb1,Rb2,Prec,Frac4Rise,Error,BFF
06097000,3.41878e+08,8399.45,100,1120.14,0.15,0.019068,1,594.65,12890.9,0.952553,107649,-0.111572,-0.067283,-0.107445,110.096,0.05,2.64062,0.519483
