tmp.site,tmp.area,Lb,X1,Wb,POR,ALPHA,BETA,Ks,Kb,Kz,Qthresh,Rs,Rb1,Rb2,Prec,Frac4Rise,Error,BFF
08061750,2.89561e+09,2528.97,61.8907,3243.72,0.15,0.007955,0.9,3655.99,8555.1,1.11333,58717.7,-0.121207,-0.09243,-0.14403,4403.83,0.05,1.042,0.321548
