tmp.site,tmp.area,Lb,X1,Wb,POR,ALPHA,BETA,Ks,Kb,Kz,Qthresh,Rs,Rb1,Rb2,Prec,Frac4Rise,Error,BFF
02037500,1.74902e+10,12897.1,100,5284.47,0.15,0.010946,1,12403.5,10839.3,1.68571,4.3549e+06,-0.161387,-0.055516,-0.065523,27646.3,0.05,0.438278,0.434371
