tmp.site,tmp.area,Lb,X1,Wb,POR,ALPHA,BETA,Ks,Kb,Kz,Qthresh,Rs,Rb1,Rb2,Prec,Frac4Rise,Error,BFF
01581920,2.11084e+08,36464.7,15.4917,327.816,0.15,0.016631,0.9,108.536,1975.53,1.16402,75109.7,-0.016305,-0.038112,-0.049793,3865.58,0.05,0.399461,0.573291
