tmp.site,tmp.area,Lb,X1,Wb,POR,ALPHA,BETA,Ks,Kb,Kz,Qthresh,Rs,Rb1,Rb2,Prec,Frac4Rise,Error,BFF
02157510,1.78709e+08,12856.6,100,384.79,0.15,0.018496,1,488.858,12672.4,0.940277,204778,-0.194155,-0.049306,-0.066148,1078.94,0.05,0.371795,0.472243
