tmp.site,tmp.area,Lb,X1,Wb,POR,ALPHA,BETA,Ks,Kb,Kz,Qthresh,Rs,Rb1,Rb2,Prec,Frac4Rise,Error,BFF
01639500,2.64179e+08,15582.2,100,517.066,0.15,0.01119,1,1245.36,9536.54,0.978739,73886.5,-0.354852,-0.059813,-0.041213,2691.23,0.05,0.306751,0.430589
