tmp.site,tmp.area,Lb,X1,Wb,POR,ALPHA,BETA,Ks,Kb,Kz,Qthresh,Rs,Rb1,Rb2,Prec,Frac4Rise,Error,BFF
02161000,1.2406e+10,15339.6,54.0734,6682.65,0.15,0.008605,1.3,6674.99,29166.9,2.08185,3.81665e+06,-0.111572,-0.068132,-0.054132,144592,0.05,0.346805,0.814633
