tmp.site,tmp.area,Lb,X1,Wb,POR,ALPHA,BETA,Ks,Kb,Kz,Qthresh,Rs,Rb1,Rb2,Prec,Frac4Rise,Error,BFF
03128500,1.84148e+08,37806.5,58.9352,246.012,0.15,0.009089,0.9,92.8318,35686.2,0.97757,1908.33,-0.019109,-0.060397,-0.161667,195.726,0.05,2.91706,0.385467
