tmp.site,tmp.area,Lb,X1,Wb,POR,ALPHA,BETA,Ks,Kb,Kz,Qthresh,Rs,Rb1,Rb2,Prec,Frac4Rise,Error,BFF
10129500,8.67646e+08,37870.1,100,537.032,0.15,0.012327,1,131.447,6622.67,0.994107,70950.6,-0.021778,-0.036198,-0.043103,5382.46,0.05,0.709246,0.436675
