tmp.site,tmp.area,Lb,X1,Wb,POR,ALPHA,BETA,Ks,Kb,Kz,Qthresh,Rs,Rb1,Rb2,Prec,Frac4Rise,Error,BFF
05595200,3.34108e+08,10924.3,53.2763,466.626,0.15,0.00647,1.9,3481.71,2340.36,0.904823,23878.5,-0.405465,-0.147345,-0.07235,1541.34,0.05,0.413986,0.164392
