tmp.site,tmp.area,Lb,X1,Wb,POR,ALPHA,BETA,Ks,Kb,Kz,Qthresh,Rs,Rb1,Rb2,Prec,Frac4Rise,Error,BFF
05536000,2.58999e+08,30648.6,68.9693,450.701,0.15,0.011727,1,1999.65,35292.4,1.10973,19572.6,-0.224538,-0.087385,-0.090954,954.163,0.05,0.448181,0.359561
