tmp.site,tmp.area,Lb,X1,Wb,POR,ALPHA,BETA,Ks,Kb,Kz,Qthresh,Rs,Rb1,Rb2,Prec,Frac4Rise,Error,BFF
11113500,9.94555e+07,21492.9,825.057,409.075,0.15,0.072227,1,189.422,49960.8,0.042938,24465.7,-0.148951,-0.039062,-0.036046,24.4657,0.05,4.5758,0.244971
