tmp.site,tmp.area,Lb,X1,Wb,POR,ALPHA,BETA,Ks,Kb,Kz,Qthresh,Rs,Rb1,Rb2,Prec,Frac4Rise,Error,BFF
03041500,1.85184e+09,22180.4,2322.5,1778.14,0.15,0.00786,9.9,3768.45,8850.48,0.918882,499101,-0.202733,-0.065054,-0.034668,44038.3,0.05,0.288504,0.508612
