tmp.site,tmp.area,Lb,X1,Wb,POR,ALPHA,BETA,Ks,Kb,Kz,Qthresh,Rs,Rb1,Rb2,Prec,Frac4Rise,Error,BFF
01315000,3.41878e+08,56995.8,2.94405,719.693,0.15,0.009439,0.9,32.7544,79.7523,1.16998,587177,-0.005292,-0.035998,-0.170235,342.52,0.05,18.6869,0.430912
