tmp.site,tmp.area,Lb,X1,Wb,POR,ALPHA,BETA,Ks,Kb,Kz,Qthresh,Rs,Rb1,Rb2,Prec,Frac4Rise,Error,BFF
09169500,5.24473e+09,39991.7,13.0109,287.357,0.15,0.004884,0.9,609.763,625.075,0.980397,112542,-0.104402,-0.055439,-0.095326,156.581,0.05,4.4136,0.10211
