tmp.site,tmp.area,Lb,X1,Wb,POR,ALPHA,BETA,Ks,Kb,Kz,Qthresh,Rs,Rb1,Rb2,Prec,Frac4Rise,Error,BFF
13016305,3.96268e+07,14096.2,109.589,705.816,0.15,0.00905,1.9,105.335,5033.83,0.406358,11670.1,-0.049683,-0.026293,-0.015758,440.383,0.05,0.264736,0.739103
