tmp.site,tmp.area,Lb,X1,Wb,POR,ALPHA,BETA,Ks,Kb,Kz,Qthresh,Rs,Rb1,Rb2,Prec,Frac4Rise,Error,BFF
06926290,7.84766e+08,5684.42,5.98283,1324.84,0.15,0.010082,2.2,3329.9,255.477,1.27312,72937.2,-0.143841,-0.118924,-0.04464,1665.53,0.05,0.430134,0.336554
