tmp.site,tmp.area,Lb,X1,Wb,POR,ALPHA,BETA,Ks,Kb,Kz,Qthresh,Rs,Rb1,Rb2,Prec,Frac4Rise,Error,BFF
04177000,3.88498e+08,6775.14,100,570.83,0.15,0.014212,1,2299.45,11135.2,0.97732,24465.7,-0.274882,-0.101308,-0.09456,242.211,0.05,0.729426,0.248626
