tmp.site,tmp.area,Lb,X1,Wb,POR,ALPHA,BETA,Ks,Kb,Kz,Qthresh,Rs,Rb1,Rb2,Prec,Frac4Rise,Error,BFF
03159500,2.44236e+09,18385.5,4.15476,1438.84,0.15,0.007814,1.9,6530.19,253.875,1.09493,112542,-0.220021,-0.087248,-0.046,11990.6,0.05,0.370443,0.364687
