tmp.site,tmp.area,Lb,X1,Wb,POR,ALPHA,BETA,Ks,Kb,Kz,Qthresh,Rs,Rb1,Rb2,Prec,Frac4Rise,Error,BFF
12094000,2.0435e+08,8713.45,0.106292,1110.36,0.15,0.010054,1.5,818.178,3.80926,1.43732,190833,-0.13799,-0.052386,-0.042266,20985,0.05,0.295871,0.561601
