tmp.site,tmp.area,Lb,X1,Wb,POR,ALPHA,BETA,Ks,Kb,Kz,Qthresh,Rs,Rb1,Rb2,Prec,Frac4Rise,Error,BFF
06442500,1.15772e+09,28951.3,100,15.3828,0.15,0.000406,1,305.395,481.359,0.906673,43059.7,-0.203296,-0.148185,-0.225527,24.4657,0.05,0.299217,3.1e-05
