tmp.site,tmp.area,Lb,X1,Wb,POR,ALPHA,BETA,Ks,Kb,Kz,Qthresh,Rs,Rb1,Rb2,Prec,Frac4Rise,Error,BFF
06856600,6.35635e+10,19284.6,0.392568,1449.85,0.15,0.006065,1.1,4139.71,44.8494,0.966049,760884,-0.11862,-0.058465,-0.049502,6647.33,0.05,0.498398,0.341924
