tmp.site,tmp.area,Lb,X1,Wb,POR,ALPHA,BETA,Ks,Kb,Kz,Qthresh,Rs,Rb1,Rb2,Prec,Frac4Rise,Error,BFF
01583500,1.54881e+08,6491.06,16.0181,2981.12,0.15,0.037825,1,2682.43,249.44,1.56992,89299.9,-0.391936,-0.033735,-0.027318,3180.54,0.05,0.330647,0.519382
