tmp.site,tmp.area,Lb,X1,Wb,POR,ALPHA,BETA,Ks,Kb,Kz,Qthresh,Rs,Rb1,Rb2,Prec,Frac4Rise,Error,BFF
02462000,3.83318e+08,9384.32,100,1111.43,0.15,0.008599,1,2385.07,7503.26,0.869015,225085,-0.346574,-0.078121,-0.036906,15413.4,0.05,0.289824,0.454059
