tmp.site,tmp.area,Lb,X1,Wb,POR,ALPHA,BETA,Ks,Kb,Kz,Qthresh,Rs,Rb1,Rb2,Prec,Frac4Rise,Error,BFF
09419696,5.95697e+08,2.72957e+06,0.282587,18.8863,0.15,0.018516,0.9,240.616,10.2496,0.903196,20135.3,-0.082662,-0.020408,-0.030102,141.901,0.05,0.799499,0.495564
