tmp.site,tmp.area,Lb,X1,Wb,POR,ALPHA,BETA,Ks,Kb,Kz,Qthresh,Rs,Rb1,Rb2,Prec,Frac4Rise,Error,BFF
06600900,1.32607e+08,4030.53,296.994,2230.58,0.15,0.033226,1,1509.09,3747.27,0.041572,24465.7,-0.155859,-0.028117,-0.027702,545.561,0.05,0.365169,0.494241
