tmp.site,tmp.area,Lb,X1,Wb,POR,ALPHA,BETA,Ks,Kb,Kz,Qthresh,Rs,Rb1,Rb2,Prec,Frac4Rise,Error,BFF
12513000,6.06057e+08,3182.98,24.4169,11.5917,0.15,0.002669,0.9,2665.43,10.1649,0.817687,7021.66,-0.2091,-0.072225,-0.101086,24.4657,0.05,0.281952,0.000434
