tmp.site,tmp.area,Lb,X1,Wb,POR,ALPHA,BETA,Ks,Kb,Kz,Qthresh,Rs,Rb1,Rb2,Prec,Frac4Rise,Error,BFF
03011800,1.00492e+08,20677.8,100,327.201,0.15,0.018774,1,491.421,28459.4,1.02847,15658.1,-0.261201,-0.064057,-0.044013,1321.15,0.05,0.347603,0.482874
