tmp.site,tmp.area,Lb,X1,Wb,POR,ALPHA,BETA,Ks,Kb,Kz,Qthresh,Rs,Rb1,Rb2,Prec,Frac4Rise,Error,BFF
08330875,4.57547e+10,30486.2,39.3541,2026.25,0.15,0.008581,0.9,2070.75,8856.26,0.936127,1.98172e+06,-0.041669,-0.034797,-0.054737,13309.8,0.05,0.489379,0.580037
