tmp.site,tmp.area,Lb,X1,Wb,POR,ALPHA,BETA,Ks,Kb,Kz,Qthresh,Rs,Rb1,Rb2,Prec,Frac4Rise,Error,BFF
01125100,2.61589e+08,15721.3,100,627.585,0.15,0.019205,1,691.351,16119.3,0.989715,41285.9,-0.120962,-0.047396,-0.045924,1756.64,0.05,0.337803,0.522588
