tmp.site,tmp.area,Lb,X1,Wb,POR,ALPHA,BETA,Ks,Kb,Kz,Qthresh,Rs,Rb1,Rb2,Prec,Frac4Rise,Error,BFF
06821190,6.16417e+09,7754.01,100,2247.12,0.15,0.010426,1,6850.92,11455.3,1.03707,371879,-0.154252,-0.084474,-0.065334,6850.4,0.05,0.461955,0.294378
