tmp.site,tmp.area,Lb,X1,Wb,POR,ALPHA,BETA,Ks,Kb,Kz,Qthresh,Rs,Rb1,Rb2,Prec,Frac4Rise,Error,BFF
11439510,1.55399e+06,4394.45,132.868,156.48,0.15,0.015992,1,75.7542,2756.78,0.076688,538.246,-0.16274,-0.017993,-0.019208,24.4657,0.05,0.362957,0.6282
