tmp.site,tmp.area,Lb,X1,Wb,POR,ALPHA,BETA,Ks,Kb,Kz,Qthresh,Rs,Rb1,Rb2,Prec,Frac4Rise,Error,BFF
08062895,5.80157e+08,3325.13,100,476.329,0.15,0.008633,1,3155.87,7283.59,0.917917,7951.36,-0.348689,-0.204082,-0.139149,70.9506,0.05,0.781879,0.047472
