tmp.site,tmp.area,Lb,X1,Wb,POR,ALPHA,BETA,Ks,Kb,Kz,Qthresh,Rs,Rb1,Rb2,Prec,Frac4Rise,Error,BFF
06406500,7.35557e+08,416550,100,49.5983,0.15,0.062459,1,522.622,8387.56,0.963186,48931.4,-0.108126,-0.036194,-0.058943,24.4657,0.05,19.7967,0.161514
