tmp.site,tmp.area,Lb,X1,Wb,POR,ALPHA,BETA,Ks,Kb,Kz,Qthresh,Rs,Rb1,Rb2,Prec,Frac4Rise,Error,BFF
01403150,5.15408e+06,5460.16,100,61.1593,0.15,0.014698,1,181.182,7622.33,0.607864,415.917,-0.524735,-0.122949,-0.087626,24.4657,0.05,0.509199,0.171087
