tmp.site,tmp.area,Lb,X1,Wb,POR,ALPHA,BETA,Ks,Kb,Kz,Qthresh,Rs,Rb1,Rb2,Prec,Frac4Rise,Error,BFF
07055607,1.03082e+09,7506.23,65.1512,1582.23,0.15,0.009713,6.6,2391.48,91.7967,0.983864,151687,-0.079554,-0.066928,-0.025713,7410.18,0.05,0.357123,0.348358
