tmp.site,tmp.area,Lb,X1,Wb,POR,ALPHA,BETA,Ks,Kb,Kz,Qthresh,Rs,Rb1,Rb2,Prec,Frac4Rise,Error,BFF
01087000,3.34108e+08,39818.4,107.705,422.329,0.15,0.012801,1.6,745.826,19606.2,1.29127,154134,-0.115188,-0.05457,-0.036397,3669.86,0.05,0.368197,0.453993
