tmp.site,tmp.area,Lb,X1,Wb,POR,ALPHA,BETA,Ks,Kb,Kz,Qthresh,Rs,Rb1,Rb2,Prec,Frac4Rise,Error,BFF
11467553,1.21988e+08,22525,10280.5,531.534,0.15,0.03574,5.6,351.046,26410.8,0.152156,4966.54,-0.155384,-0.055326,-0.0201,349.86,0.05,0.401418,0.290846
