tmp.site,tmp.area,Lb,X1,Wb,POR,ALPHA,BETA,Ks,Kb,Kz,Qthresh,Rs,Rb1,Rb2,Prec,Frac4Rise,Error,BFF
07372050,1.91659e+09,3924.5,100,4444.02,0.15,0.01294,1,2838.75,14189.6,1.14623,118169,-0.09215,-0.107156,-0.102618,435.49,0.05,0.585611,0.583899
