tmp.site,tmp.area,Lb,X1,Wb,POR,ALPHA,BETA,Ks,Kb,Kz,Qthresh,Rs,Rb1,Rb2,Prec,Frac4Rise,Error,BFF
03084698,3.18569e+08,10826.6,100,668.624,0.15,0.009705,1,2156.15,12437.5,0.945361,128200,-0.411739,-0.067587,-0.057885,5083.73,0.05,0.362775,0.401787
