tmp.site,tmp.area,Lb,X1,Wb,POR,ALPHA,BETA,Ks,Kb,Kz,Qthresh,Rs,Rb1,Rb2,Prec,Frac4Rise,Error,BFF
07047942,1.38564e+09,8713.69,100,3022.6,0.15,0.019342,1,2695.08,15936.6,0.880418,1.6392e+06,-0.084088,-0.056334,-0.110721,685.04,0.05,0.884003,0.578958
