tmp.site,tmp.area,Lb,X1,Wb,POR,ALPHA,BETA,Ks,Kb,Kz,Qthresh,Rs,Rb1,Rb2,Prec,Frac4Rise,Error,BFF
03156400,1.24837e+08,13859.7,100,215.6,0.15,0.015178,1,382.712,12918,0.94566,19572.6,-0.332553,-0.085681,-0.04838,709.75,0.05,0.339757,0.352876
