tmp.site,tmp.area,Lb,X1,Wb,POR,ALPHA,BETA,Ks,Kb,Kz,Qthresh,Rs,Rb1,Rb2,Prec,Frac4Rise,Error,BFF
06764880,6.19007e+10,5353.53,100,6472.12,0.15,0.016231,1,6007.54,4858.84,1.0437,1.02621e+06,-0.10735,-0.04957,-0.087421,24.4657,0.05,8.90972,0.518029
