tmp.site,tmp.area,Lb,X1,Wb,POR,ALPHA,BETA,Ks,Kb,Kz,Qthresh,Rs,Rb1,Rb2,Prec,Frac4Rise,Error,BFF
12395000,2.33617e+09,18102.7,2.41891,3776.92,0.15,0.009468,0.9,449.582,317.903,1.12151,467295,-0.030053,-0.024551,-0.03566,45016.9,0.05,0.388786,0.627581
