tmp.site,tmp.area,Lb,X1,Wb,POR,ALPHA,BETA,Ks,Kb,Kz,Qthresh,Rs,Rb1,Rb2,Prec,Frac4Rise,Error,BFF
08178050,1.09815e+08,45064.5,29.4335,152.011,0.15,0.011297,0.9,446.234,3043.56,0.698706,36209.3,-0.098216,-0.032232,-0.079485,813.754,0.05,0.570971,0.224831
