tmp.site,tmp.area,Lb,X1,Wb,POR,ALPHA,BETA,Ks,Kb,Kz,Qthresh,Rs,Rb1,Rb2,Prec,Frac4Rise,Error,BFF
14183000,1.69476e+09,10212.4,100,3735.74,0.15,0.011154,1,2115,1831.37,2.50314,1.27222e+06,-0.073137,-0.052503,-0.017456,131626,0.05,0.329429,0.433552
