tmp.site,tmp.area,Lb,X1,Wb,POR,ALPHA,BETA,Ks,Kb,Kz,Qthresh,Rs,Rb1,Rb2,Prec,Frac4Rise,Error,BFF
05548280,4.97278e+08,19824.1,100,506.336,0.15,0.011673,1,474.851,12612.7,0.987951,64834.1,-0.124801,-0.048112,-0.032908,5602.65,0.05,0.327463,0.498182
