tmp.site,tmp.area,Lb,X1,Wb,POR,ALPHA,BETA,Ks,Kb,Kz,Qthresh,Rs,Rb1,Rb2,Prec,Frac4Rise,Error,BFF
13116500,6.75987e+08,2.99475e+06,100,145.087,0.15,0.035288,1,1771.32,2603.85,0.836808,116457,-0.063296,-0.014314,-0.017919,4159.17,0.05,0.308951,0.60596
