tmp.site,tmp.area,Lb,X1,Wb,POR,ALPHA,BETA,Ks,Kb,Kz,Qthresh,Rs,Rb1,Rb2,Prec,Frac4Rise,Error,BFF
01329490,1.02564e+09,14167,1.34664,1763,0.15,0.011253,2.1,2851.69,37.1602,1.02451,196692,-0.212214,-0.04819,-0.031723,20551.2,0.05,0.265896,0.580156
