tmp.site,tmp.area,Lb,X1,Wb,POR,ALPHA,BETA,Ks,Kb,Kz,Qthresh,Rs,Rb1,Rb2,Prec,Frac4Rise,Error,BFF
05394500,4.76558e+08,91251.7,34558.3,426.589,0.15,0.010106,10.1,437.769,662.574,0.738858,171260,-0.085177,-0.051447,-0.020027,15168.7,0.05,0.234717,0.442489
