tmp.site,tmp.area,Lb,X1,Wb,POR,ALPHA,BETA,Ks,Kb,Kz,Qthresh,Rs,Rb1,Rb2,Prec,Frac4Rise,Error,BFF
13154500,9.27216e+10,6.70748e+06,0.004881,4048.89,0.15,0.010784,0.8,3496.87,1.67298,1.40888,1.43614e+07,-0.047839,-0.018113,-0.016,1.41901e+06,0.05,0.250507,0.648107
