tmp.site,tmp.area,Lb,X1,Wb,POR,ALPHA,BETA,Ks,Kb,Kz,Qthresh,Rs,Rb1,Rb2,Prec,Frac4Rise,Error,BFF
10322000,1.02564e+09,1.07724e+06,0.986821,396.375,0.15,0.042376,0.9,62.7053,3117.9,0.990621,82694.1,-0.058892,-0.038563,-0.064887,24.4657,0.05,13.6277,0.754287
