tmp.site,tmp.area,Lb,X1,Wb,POR,ALPHA,BETA,Ks,Kb,Kz,Qthresh,Rs,Rb1,Rb2,Prec,Frac4Rise,Error,BFF
07285400,6.21597e+08,6025.22,169.305,888.419,0.15,0.009363,1.1,4074.02,5239.81,1.30811,97862.9,-0.325861,-0.12691,-0.093057,2789.09,0.05,0.555949,0.146206
