tmp.site,tmp.area,Lb,X1,Wb,POR,ALPHA,BETA,Ks,Kb,Kz,Qthresh,Rs,Rb1,Rb2,Prec,Frac4Rise,Error,BFF
09492400,1.00492e+08,148955,100,111.597,0.15,0.006565,1,86.2091,93107.9,0.879371,17583.5,-0.129756,-0.036692,-0.022514,1198.82,0.05,0.304237,0.512778
