tmp.site,tmp.area,Lb,X1,Wb,POR,ALPHA,BETA,Ks,Kb,Kz,Qthresh,Rs,Rb1,Rb2,Prec,Frac4Rise,Error,BFF
02479300,1.14218e+09,8708.91,100,1482.18,0.15,0.008425,1,3689.8,5236.01,1.22541,251997,-0.159227,-0.091179,-0.039048,26667.6,0.05,0.344333,0.335736
