tmp.site,tmp.area,Lb,X1,Wb,POR,ALPHA,BETA,Ks,Kb,Kz,Qthresh,Rs,Rb1,Rb2,Prec,Frac4Rise,Error,BFF
03350660,2.84899e+07,13248.8,100,155.679,0.15,0.01109,1,198.367,8793.67,0.702849,12966.8,-0.303125,-0.061254,-0.139229,24.4657,0.05,5.95498,0.347754
