tmp.site,tmp.area,Lb,X1,Wb,POR,ALPHA,BETA,Ks,Kb,Kz,Qthresh,Rs,Rb1,Rb2,Prec,Frac4Rise,Error,BFF
01419500,1.62133e+08,11224.1,37.3337,622.578,0.15,0.016069,4.4,841.516,389.851,0.842354,53824.6,-0.26872,-0.062562,-0.028861,2691.23,0.05,0.299057,0.496852
