tmp.site,tmp.area,Lb,X1,Wb,POR,ALPHA,BETA,Ks,Kb,Kz,Qthresh,Rs,Rb1,Rb2,Prec,Frac4Rise,Error,BFF
01552500,6.16417e+07,15829.8,100,256.42,0.15,0.01873,1,392.346,25538.7,0.948035,11743.5,-0.282785,-0.073074,-0.050001,366.986,0.05,0.371121,0.420867
