tmp.site,tmp.area,Lb,X1,Wb,POR,ALPHA,BETA,Ks,Kb,Kz,Qthresh,Rs,Rb1,Rb2,Prec,Frac4Rise,Error,BFF
06354980,4.55838e+08,13595.2,100,27.0737,0.15,0.019572,1,1432.37,4106.21,0.97964,276.463,-0.168903,-0.131958,-0.135132,24.4657,0.05,0.893894,0.097344
