tmp.site,tmp.area,Lb,X1,Wb,POR,ALPHA,BETA,Ks,Kb,Kz,Qthresh,Rs,Rb1,Rb2,Prec,Frac4Rise,Error,BFF
01573160,1.92177e+08,54948.4,100,387.341,0.15,0.013622,1,213.864,30303.8,0.863022,92969.7,-0.223313,-0.028267,-0.020137,7095.06,0.05,0.234226,0.68942
