tmp.site,tmp.area,Lb,X1,Wb,POR,ALPHA,BETA,Ks,Kb,Kz,Qthresh,Rs,Rb1,Rb2,Prec,Frac4Rise,Error,BFF
12399500,1.54622e+11,32857.6,75.1484,55165.2,0.15,0.007817,0.9,3894.22,3729.27,2.30176,8.24495e+07,-0.032943,-0.015201,-0.016451,7.04613e+06,0.05,0.226012,0.73974
