tmp.site,tmp.area,Lb,X1,Wb,POR,ALPHA,BETA,Ks,Kb,Kz,Qthresh,Rs,Rb1,Rb2,Prec,Frac4Rise,Error,BFF
01155500,4.63608e+08,15011.9,100,560.55,0.15,0.014611,1,1543.27,18788.8,0.915551,117435,-0.091161,-0.082841,-0.064943,2935.89,0.05,0.495976,0.293436
