tmp.site,tmp.area,Lb,X1,Wb,POR,ALPHA,BETA,Ks,Kb,Kz,Qthresh,Rs,Rb1,Rb2,Prec,Frac4Rise,Error,BFF
05354500,2.10307e+09,35607.7,40.5321,4012.72,0.15,0.02363,1.3,4609.61,11868.4,1.29556,183278,-0.105798,-0.044686,-0.033215,16414,0.05,0.45191,0.538228
