tmp.site,tmp.area,Lb,X1,Wb,POR,ALPHA,BETA,Ks,Kb,Kz,Qthresh,Rs,Rb1,Rb2,Prec,Frac4Rise,Error,BFF
03115917,1.70162e+08,14657.8,21.327,200.992,0.15,0.021094,0.9,613.518,5808.83,1.06682,153400,-0.087471,-0.066117,-0.136052,401.36,0.05,0.651092,0.283503
