tmp.site,tmp.area,Lb,X1,Wb,POR,ALPHA,BETA,Ks,Kb,Kz,Qthresh,Rs,Rb1,Rb2,Prec,Frac4Rise,Error,BFF
13269000,1.79227e+11,29803.7,74.3932,32124,0.15,0.003989,1.1,1330.88,7314.45,1.07378,2.61783e+07,-0.054823,-0.021496,-0.020286,1.58538e+06,0.05,0.286434,0.840068
