tmp.site,tmp.area,Lb,X1,Wb,POR,ALPHA,BETA,Ks,Kb,Kz,Qthresh,Rs,Rb1,Rb2,Prec,Frac4Rise,Error,BFF
02298830,5.93107e+08,11767.5,100,975.329,0.15,0.012363,1,624.861,11176.9,0.950685,614089,-0.076844,-0.047662,-0.071132,24.4657,0.05,14.9442,0.41276
