tmp.site,tmp.area,Lb,X1,Wb,POR,ALPHA,BETA,Ks,Kb,Kz,Qthresh,Rs,Rb1,Rb2,Prec,Frac4Rise,Error,BFF
07151500,2.05645e+09,9093.14,100,878.136,0.15,0.006974,1,1578.4,7853.13,0.984595,420810,-0.168236,-0.073036,-0.069259,244.657,0.05,1.60353,0.260114
