tmp.site,tmp.area,Lb,X1,Wb,POR,ALPHA,BETA,Ks,Kb,Kz,Qthresh,Rs,Rb1,Rb2,Prec,Frac4Rise,Error,BFF
04164300,3.36698e+07,8558.21,100,70.8854,0.15,0.028679,1,563.611,13184.4,1.00004,415.917,-0.263792,-0.136639,-0.076495,24.4657,0.05,0.553215,0.150981
