tmp.site,tmp.area,Lb,X1,Wb,POR,ALPHA,BETA,Ks,Kb,Kz,Qthresh,Rs,Rb1,Rb2,Prec,Frac4Rise,Error,BFF
02232000,2.50711e+09,29246.1,230.601,2899.49,0.15,0.02663,0.9,864.864,53792.2,1.05539,146794,-0.077075,-0.027871,-0.044896,636.109,0.05,0.842939,0.650612
