tmp.site,tmp.area,Lb,X1,Wb,POR,ALPHA,BETA,Ks,Kb,Kz,Qthresh,Rs,Rb1,Rb2,Prec,Frac4Rise,Error,BFF
03022540,8.05486e+07,19047.5,62.2981,284.437,0.15,0.014672,1.3,964.055,14770.3,1.10937,9786.29,-0.315692,-0.089599,-0.06153,709.506,0.05,0.378116,0.367245
