tmp.site,tmp.area,Lb,X1,Wb,POR,ALPHA,BETA,Ks,Kb,Kz,Qthresh,Rs,Rb1,Rb2,Prec,Frac4Rise,Error,BFF
05423500,1.64723e+08,39114.2,97.9547,140.798,0.15,0.034105,0.9,769.708,14621.5,0.958296,13358.3,-0.134874,-0.054338,-0.069093,244.657,0.05,0.638075,0.211415
