tmp.site,tmp.area,Lb,X1,Wb,POR,ALPHA,BETA,Ks,Kb,Kz,Qthresh,Rs,Rb1,Rb2,Prec,Frac4Rise,Error,BFF
03611260,3.78138e+07,4927.81,100,146.194,0.15,0.008405,1,785.296,5061.7,0.903168,1761.53,-0.346574,-0.16453,-0.095974,56.2711,0.05,0.531955,0.080669
