tmp.site,tmp.area,Lb,X1,Wb,POR,ALPHA,BETA,Ks,Kb,Kz,Qthresh,Rs,Rb1,Rb2,Prec,Frac4Rise,Error,BFF
14190500,6.21597e+08,9028.4,100,1705.88,0.15,0.012768,1,2770.78,5035.82,1.09111,41591.7,-0.163162,-0.057901,-0.026141,4575.09,0.05,0.319186,0.372191
