tmp.site,tmp.area,Lb,X1,Wb,POR,ALPHA,BETA,Ks,Kb,Kz,Qthresh,Rs,Rb1,Rb2,Prec,Frac4Rise,Error,BFF
01144000,1.78709e+09,28539.8,89.8206,1788.43,0.15,0.01155,1.4,4319.57,14059.8,1.02282,315608,-0.210235,-0.053372,-0.038353,25199.7,0.05,0.315635,0.525415
