tmp.site,tmp.area,Lb,X1,Wb,POR,ALPHA,BETA,Ks,Kb,Kz,Qthresh,Rs,Rb1,Rb2,Prec,Frac4Rise,Error,BFF
05570910,6.21597e+08,8938.02,100,949.476,0.15,0.012062,1,2612.87,12509.8,0.88567,20551.2,-0.212851,-0.075298,-0.068137,172.997,0.05,0.530338,0.362766
