tmp.site,tmp.area,Lb,X1,Wb,POR,ALPHA,BETA,Ks,Kb,Kz,Qthresh,Rs,Rb1,Rb2,Prec,Frac4Rise,Error,BFF
06912500,8.33976e+08,7412.89,100,712.951,0.15,0.008886,1,79.7859,5667.14,0.916494,445276,-0.006073,-0.099405,-0.126874,97.8629,0.05,10.2969,0.168385
