tmp.site,tmp.area,Lb,X1,Wb,POR,ALPHA,BETA,Ks,Kb,Kz,Qthresh,Rs,Rb1,Rb2,Prec,Frac4Rise,Error,BFF
05527000,1.24578e+10,15772.7,83.3179,6237.68,0.15,0.008382,3.7,5391.22,595.046,0.965805,1.7126e+06,-0.097628,-0.040738,-0.024265,116897,0.05,0.304367,0.682523
