tmp.site,tmp.area,Lb,X1,Wb,POR,ALPHA,BETA,Ks,Kb,Kz,Qthresh,Rs,Rb1,Rb2,Prec,Frac4Rise,Error,BFF
12113346,2.18595e+07,7035.87,300.776,123.89,0.15,0.018533,1,224.13,4154.28,0.478879,13211.5,-0.346574,-0.066625,-0.060658,276.463,0.05,0.3844,0.320775
