tmp.site,tmp.area,Lb,X1,Wb,POR,ALPHA,BETA,Ks,Kb,Kz,Qthresh,Rs,Rb1,Rb2,Prec,Frac4Rise,Error,BFF
08075763,1.86738e+07,17115.9,82.7463,50.7203,0.15,0.020935,1,464.474,14781.5,0.998631,3656.16,-0.597264,-0.111402,-0.114251,68.504,0.05,0.498557,0.156973
