tmp.site,tmp.area,Lb,X1,Wb,POR,ALPHA,BETA,Ks,Kb,Kz,Qthresh,Rs,Rb1,Rb2,Prec,Frac4Rise,Error,BFF
03578500,1.06967e+08,15583.6,100,334.587,0.15,0.012778,1,501.597,13679.9,0.953294,9541.63,-0.226146,-0.063151,-0.039093,207.959,0.05,0.378485,0.383792
