tmp.site,tmp.area,Lb,X1,Wb,POR,ALPHA,BETA,Ks,Kb,Kz,Qthresh,Rs,Rb1,Rb2,Prec,Frac4Rise,Error,BFF
01332000,1.05931e+08,7776.09,100,505.957,0.15,0.020291,1,960.227,13092.5,0.867007,14434.8,-0.318866,-0.071507,-0.058665,1345.61,0.05,0.392118,0.415115
