tmp.site,tmp.area,Lb,X1,Wb,POR,ALPHA,BETA,Ks,Kb,Kz,Qthresh,Rs,Rb1,Rb2,Prec,Frac4Rise,Error,BFF
03068800,3.88498e+08,9206.42,0.095718,1213.04,0.15,0.010774,1.1,4302.03,16.8378,0.978334,33165.7,-0.321537,-0.080465,-0.069644,3669.86,0.05,0.359117,0.439105
