tmp.site,tmp.area,Lb,X1,Wb,POR,ALPHA,BETA,Ks,Kb,Kz,Qthresh,Rs,Rb1,Rb2,Prec,Frac4Rise,Error,BFF
07099060,3.57418e+08,69.6762,0.810749,118.024,0.15,0.000627,1,671.552,0.001222,0.361887,660.574,-0.145113,-0.083141,-0.231962,24.4657,0.05,0.298081,9e-05
