tmp.site,tmp.area,Lb,X1,Wb,POR,ALPHA,BETA,Ks,Kb,Kz,Qthresh,Rs,Rb1,Rb2,Prec,Frac4Rise,Error,BFF
08130700,1.78191e+09,14990.1,100,12.2526,0.15,0.000449,1,281.045,709.613,0.929502,17297.3,-0.152448,-0.051778,-0.133775,24.4657,0.05,0.518708,0.000233
