tmp.site,tmp.area,Lb,X1,Wb,POR,ALPHA,BETA,Ks,Kb,Kz,Qthresh,Rs,Rb1,Rb2,Prec,Frac4Rise,Error,BFF
06860900,1.59543e+09,25188.6,100,9.57451,0.15,0.007549,1,5001.12,1295.81,0.746807,6091.96,-0.266253,-0.072586,-0.139851,24.4657,0.05,0.663697,0.003831
