tmp.site,tmp.area,Lb,X1,Wb,POR,ALPHA,BETA,Ks,Kb,Kz,Qthresh,Rs,Rb1,Rb2,Prec,Frac4Rise,Error,BFF
09058000,6.16158e+09,27386.5,100,1771.07,0.15,0.004437,1,149.311,2264.28,0.863789,1.07894e+06,-0.040021,-0.023866,-0.017191,69724.8,0.05,0.320441,0.416036
