tmp.site,tmp.area,Lb,X1,Wb,POR,ALPHA,BETA,Ks,Kb,Kz,Qthresh,Rs,Rb1,Rb2,Prec,Frac4Rise,Error,BFF
03349210,2.10566e+08,14411.7,70.7891,553.514,0.15,0.013587,1.2,1675.6,33722.6,1.04788,3474.13,-0.247328,-0.115175,-0.075582,102.756,0.05,0.456531,0.43404
