tmp.site,tmp.area,Lb,X1,Wb,POR,ALPHA,BETA,Ks,Kb,Kz,Qthresh,Rs,Rb1,Rb2,Prec,Frac4Rise,Error,BFF
14169000,6.52677e+08,22381.4,100,345.154,0.15,0.006092,1,183.538,2488.5,1.01823,146794,-0.01613,-0.072607,-0.103615,3180.54,0.05,0.48073,0.063041
