tmp.site,tmp.area,Lb,X1,Wb,POR,ALPHA,BETA,Ks,Kb,Kz,Qthresh,Rs,Rb1,Rb2,Prec,Frac4Rise,Error,BFF
08276300,9.84195e+08,395665,0.536601,215.186,0.15,0.032505,0.9,2207.69,4.16182,1.27696,102756,-0.131182,-0.039964,-0.04849,391.451,0.05,1.16556,0.254654
