tmp.site,tmp.area,Lb,X1,Wb,POR,ALPHA,BETA,Ks,Kb,Kz,Qthresh,Rs,Rb1,Rb2,Prec,Frac4Rise,Error,BFF
05535000,3.36698e+07,15318.9,100,127.695,0.15,0.051973,1,457.568,22254.2,0.872858,5333.53,-0.255413,-0.081338,-0.115941,66.0574,0.05,0.756123,0.290394
