tmp.site,tmp.area,Lb,X1,Wb,POR,ALPHA,BETA,Ks,Kb,Kz,Qthresh,Rs,Rb1,Rb2,Prec,Frac4Rise,Error,BFF
08150800,5.56847e+08,19121.8,100,108.199,0.15,0.044569,1,2269.34,29618.6,0.930309,39389.8,-0.23331,-0.060666,-0.11346,24.4657,0.05,1.17978,0.137067
