tmp.site,tmp.area,Lb,X1,Wb,POR,ALPHA,BETA,Ks,Kb,Kz,Qthresh,Rs,Rb1,Rb2,Prec,Frac4Rise,Error,BFF
07358253,5.69797e+06,4041.87,100,126.862,0.15,0.012085,1,231.248,2266.08,0.236875,2544.43,-0.195185,-0.049329,-0.094199,47.4635,0.05,0.863778,0.191899
