tmp.site,tmp.area,Lb,X1,Wb,POR,ALPHA,BETA,Ks,Kb,Kz,Qthresh,Rs,Rb1,Rb2,Prec,Frac4Rise,Error,BFF
11526400,2.94482e+09,10328,91.9204,2668.03,0.15,0.013941,1.1,732.09,410.817,0.919339,922357,-0.059837,-0.030557,-0.025384,79758.2,0.05,0.285538,0.406498
