tmp.site,tmp.area,Lb,X1,Wb,POR,ALPHA,BETA,Ks,Kb,Kz,Qthresh,Rs,Rb1,Rb2,Prec,Frac4Rise,Error,BFF
07149000,2.33876e+09,638523,0.10119,3209.21,0.15,0.015841,0.9,8907.64,459.492,0.965246,354753,-0.15184,-0.05059,-0.08225,24.4657,0.05,31.9174,0.434721
