tmp.site,tmp.area,Lb,X1,Wb,POR,ALPHA,BETA,Ks,Kb,Kz,Qthresh,Rs,Rb1,Rb2,Prec,Frac4Rise,Error,BFF
11476500,1.39082e+09,6524.31,258.37,4616.31,0.15,0.016189,1.1,8647.66,5881.35,9.63935,36453.9,-0.127446,-0.076553,-0.022963,3875.37,0.05,0.390281,0.249828
