tmp.site,tmp.area,Lb,X1,Wb,POR,ALPHA,BETA,Ks,Kb,Kz,Qthresh,Rs,Rb1,Rb2,Prec,Frac4Rise,Error,BFF
07288955,3.45893e+10,33305.3,20.2916,6610.9,0.15,0.006064,0.9,6317.56,3756.61,2.12977,2.175e+07,-0.058892,-0.036262,-0.066422,440383,0.05,0.618128,0.527863
