tmp.site,tmp.area,Lb,X1,Wb,POR,ALPHA,BETA,Ks,Kb,Kz,Qthresh,Rs,Rb1,Rb2,Prec,Frac4Rise,Error,BFF
01482500,3.78138e+07,23722.2,78.5531,137.053,0.15,0.028608,0.9,548.732,7402.32,0.925184,47708.1,-0.29826,-0.056658,-0.071891,220.191,0.05,0.610333,0.28137
