tmp.site,tmp.area,Lb,X1,Wb,POR,ALPHA,BETA,Ks,Kb,Kz,Qthresh,Rs,Rb1,Rb2,Prec,Frac4Rise,Error,BFF
11186750,2.28178e+07,47752.7,7.47886,119.691,0.15,0.012188,0.7,91.8362,52.4637,0.059638,1223.29,-0.05,-0.004051,-0.030103,1223.29,0.05,0.158878,0.822855
