tmp.site,tmp.area,Lb,X1,Wb,POR,ALPHA,BETA,Ks,Kb,Kz,Qthresh,Rs,Rb1,Rb2,Prec,Frac4Rise,Error,BFF
05411500,2.05127e+11,19716.4,100,26594.6,0.15,0.007738,1,12882.8,2032.01,0.861509,4.55062e+07,-0.055851,-0.020421,-0.014251,2.54443e+06,0.05,0.327261,0.558332
