tmp.site,tmp.area,Lb,X1,Wb,POR,ALPHA,BETA,Ks,Kb,Kz,Qthresh,Rs,Rb1,Rb2,Prec,Frac4Rise,Error,BFF
08062000,3.25303e+09,29101.2,8.87147,468.238,0.15,0.004201,1,2881.5,2735.55,0.75302,310715,-0.157938,-0.099175,-0.125752,244.657,0.05,2.24174,0.080466
