tmp.site,tmp.area,Lb,X1,Wb,POR,ALPHA,BETA,Ks,Kb,Kz,Qthresh,Rs,Rb1,Rb2,Prec,Frac4Rise,Error,BFF
02450000,9.27216e+08,13629,100,1674.45,0.15,0.011863,1,5789.42,28488.4,0.95423,63610.9,-0.303068,-0.082604,-0.072966,1712.6,0.05,0.457915,0.407237
