tmp.site,tmp.area,Lb,X1,Wb,POR,ALPHA,BETA,Ks,Kb,Kz,Qthresh,Rs,Rb1,Rb2,Prec,Frac4Rise,Error,BFF
05414213,2.06422e+08,77221,100,68.4274,0.15,0.013664,1,2162.85,1698.83,0.790444,44038.3,-0.346574,-0.025763,-0.03047,1964.6,0.05,0.249925,0.518613
