tmp.site,tmp.area,Lb,X1,Wb,POR,ALPHA,BETA,Ks,Kb,Kz,Qthresh,Rs,Rb1,Rb2,Prec,Frac4Rise,Error,BFF
12365700,1.54363e+09,21097.6,758.878,1605.63,0.15,0.008864,1.2,207.895,40837.2,0.496041,278909,-0.045925,-0.021885,-0.016475,9541.63,0.05,0.333882,0.587138
