tmp.site,tmp.area,Lb,X1,Wb,POR,ALPHA,BETA,Ks,Kb,Kz,Qthresh,Rs,Rb1,Rb2,Prec,Frac4Rise,Error,BFF
11460750,8.05486e+07,31004.3,11307,154.822,0.15,0.005578,9.5,176.469,1006.76,0.602451,14092.3,-0.098964,-0.084784,-0.028205,342.52,0.05,0.40414,0.112033
