tmp.site,tmp.area,Lb,X1,Wb,POR,ALPHA,BETA,Ks,Kb,Kz,Qthresh,Rs,Rb1,Rb2,Prec,Frac4Rise,Error,BFF
02198690,4.19578e+08,7768.7,100,1104.27,0.15,0.035332,1,1250.95,27750,0.961432,251997,-0.143841,-0.091834,-0.16112,24.4657,0.05,1.41458,0.4823
