tmp.site,tmp.area,Lb,X1,Wb,POR,ALPHA,BETA,Ks,Kb,Kz,Qthresh,Rs,Rb1,Rb2,Prec,Frac4Rise,Error,BFF
03230700,8.33199e+09,78275,117.273,1846.11,0.15,0.006082,1.3,13218.7,85110.7,2.19658,800029,-0.19392,-0.087726,-0.063179,83672.7,0.05,0.379694,0.396421
