tmp.site,tmp.area,Lb,X1,Wb,POR,ALPHA,BETA,Ks,Kb,Kz,Qthresh,Rs,Rb1,Rb2,Prec,Frac4Rise,Error,BFF
03140500,1.25848e+10,20806.2,0.466741,3622.46,0.15,0.00953,1.7,7070.57,20.6839,1.48252,1.40649e+06,-0.083904,-0.054132,-0.036351,135198,0.05,0.32711,0.5003
