tmp.site,tmp.area,Lb,X1,Wb,POR,ALPHA,BETA,Ks,Kb,Kz,Qthresh,Rs,Rb1,Rb2,Prec,Frac4Rise,Error,BFF
02300033,6.63296e+07,7632.67,100,207.04,0.15,0.011645,1,556.654,8921.26,0.992214,9025.4,-0.208327,-0.11955,-0.0745,95.4163,0.05,0.491445,0.154395
