tmp.site,tmp.area,Lb,X1,Wb,POR,ALPHA,BETA,Ks,Kb,Kz,Qthresh,Rs,Rb1,Rb2,Prec,Frac4Rise,Error,BFF
01595500,5.82747e+08,48047.9,114.662,1108.08,0.15,0.012767,1.1,3598.62,92501.3,0.904578,158782,-0.232433,-0.069941,-0.059664,5137.8,0.05,0.366642,0.496734
