tmp.site,tmp.area,Lb,X1,Wb,POR,ALPHA,BETA,Ks,Kb,Kz,Qthresh,Rs,Rb1,Rb2,Prec,Frac4Rise,Error,BFF
04231401,4.29938e+07,21746.8,100,95.4658,0.15,0.021641,1,537.554,52853,1.02896,34244.7,-0.304893,-0.088406,-0.126771,147.871,0.05,0.529701,0.268912
