tmp.site,tmp.area,Lb,X1,Wb,POR,ALPHA,BETA,Ks,Kb,Kz,Qthresh,Rs,Rb1,Rb2,Prec,Frac4Rise,Error,BFF
02211375,1.137e+07,11630.7,100,114.71,0.15,0.01488,1,205.481,4591.1,0.480138,4208.1,-0.31891,-0.067057,-0.050017,310.715,0.05,0.289881,0.411186
