tmp.site,tmp.area,Lb,X1,Wb,POR,ALPHA,BETA,Ks,Kb,Kz,Qthresh,Rs,Rb1,Rb2,Prec,Frac4Rise,Error,BFF
02294161,5.3043e+08,18656.1,0.706893,460.994,0.15,0.012672,1,488.119,109.545,1.07721,50154.7,-0.064413,-0.040544,-0.041713,978.775,0.05,0.462368,0.372945
