tmp.site,tmp.area,Lb,X1,Wb,POR,ALPHA,BETA,Ks,Kb,Kz,Qthresh,Rs,Rb1,Rb2,Prec,Frac4Rise,Error,BFF
02173212,1.14218e+08,138510,55.9621,93.5094,0.15,0.02149,1,411.055,7.29973,0.036452,27156.9,-0.153931,-0.023041,-0.015754,2234.16,0.05,0.347324,0.490128
