tmp.site,tmp.area,Lb,X1,Wb,POR,ALPHA,BETA,Ks,Kb,Kz,Qthresh,Rs,Rb1,Rb2,Prec,Frac4Rise,Error,BFF
07312610,3.72958e+08,12992.4,12.9187,201.333,0.15,0.007287,1,2728.26,4984.23,0.893593,3278.41,-0.253183,-0.148429,-0.187602,24.4657,0.05,8.54359,0.083077
