tmp.site,tmp.area,Lb,X1,Wb,POR,ALPHA,BETA,Ks,Kb,Kz,Qthresh,Rs,Rb1,Rb2,Prec,Frac4Rise,Error,BFF
12452500,2.39315e+09,160839,100,1524.57,0.15,0.011822,1,347.261,360.348,1.02246,5.01547e+06,-0.016756,-0.033889,-0.085241,4403.83,0.05,5.57454,0.584105
