tmp.site,tmp.area,Lb,X1,Wb,POR,ALPHA,BETA,Ks,Kb,Kz,Qthresh,Rs,Rb1,Rb2,Prec,Frac4Rise,Error,BFF
06442600,1.59025e+09,2742.21,100,964.889,0.15,0.023847,1,1941.62,9168.85,1.0076,2691.23,-0.1565,-0.116677,-0.182589,24.4657,0.05,5.05054,0.220745
