tmp.site,tmp.area,Lb,X1,Wb,POR,ALPHA,BETA,Ks,Kb,Kz,Qthresh,Rs,Rb1,Rb2,Prec,Frac4Rise,Error,BFF
07062500,2.55632e+09,7992.19,1024.25,4248.69,0.15,0.005972,2.1,762.161,832.691,0.605654,442829,-0.02326,-0.064319,-0.033134,45750.9,0.05,0.271401,0.477019
