tmp.site,tmp.area,Lb,X1,Wb,POR,ALPHA,BETA,Ks,Kb,Kz,Qthresh,Rs,Rb1,Rb2,Prec,Frac4Rise,Error,BFF
07194933,9.06496e+07,17788,4725.78,390.767,0.15,0.012684,10.1,158.014,1739.17,0.744171,93948.3,-0.061756,-0.059076,-0.041446,4036.84,0.05,0.230879,0.546002
