tmp.site,tmp.area,Lb,X1,Wb,POR,ALPHA,BETA,Ks,Kb,Kz,Qthresh,Rs,Rb1,Rb2,Prec,Frac4Rise,Error,BFF
09258050,3.26339e+08,76561.8,112.127,82.3561,0.15,0.097855,0.9,16.6465,97714,0.953213,26423,-0.122682,-0.039973,-0.078401,24.4657,0.05,1.99793,0.610579
