tmp.site,tmp.area,Lb,X1,Wb,POR,ALPHA,BETA,Ks,Kb,Kz,Qthresh,Rs,Rb1,Rb2,Prec,Frac4Rise,Error,BFF
09382000,3.65188e+09,18023,100,108.156,0.15,0.013763,1,2975.51,5035.71,0.921822,10691.5,-0.152929,-0.066694,-0.077978,489.314,0.05,0.513981,0.161821
