tmp.site,tmp.area,Lb,X1,Wb,POR,ALPHA,BETA,Ks,Kb,Kz,Qthresh,Rs,Rb1,Rb2,Prec,Frac4Rise,Error,BFF
02146750,2.39315e+08,4100.28,100,589.65,0.15,0.008552,1,4064.06,6113.95,0.897108,102756,-0.725449,-0.13702,-0.125912,538.246,0.05,0.468476,0.151964
