tmp.site,tmp.area,Lb,X1,Wb,POR,ALPHA,BETA,Ks,Kb,Kz,Qthresh,Rs,Rb1,Rb2,Prec,Frac4Rise,Error,BFF
06354000,1.0619e+10,16388.4,16.0993,620.503,0.15,0.014316,1,898.046,3787.46,1.14292,205757,-0.156355,-0.068861,-0.073559,24.4657,0.05,4.31923,0.222751
