tmp.site,tmp.area,Lb,X1,Wb,POR,ALPHA,BETA,Ks,Kb,Kz,Qthresh,Rs,Rb1,Rb2,Prec,Frac4Rise,Error,BFF
01473000,7.22607e+08,22968.6,58.9673,785.799,0.15,0.007353,1.5,3986.54,9698.98,1.17081,327841,-0.30053,-0.094783,-0.066024,5871.77,0.05,0.369847,0.335601
