tmp.site,tmp.area,Lb,X1,Wb,POR,ALPHA,BETA,Ks,Kb,Kz,Qthresh,Rs,Rb1,Rb2,Prec,Frac4Rise,Error,BFF
02376500,1.02046e+09,16097.7,7159.05,2050.07,0.15,0.003656,10.1,979.405,195.247,0.934019,550479,-0.104367,-0.078166,-0.032323,50154.7,0.05,0.259068,0.422618
