tmp.site,tmp.area,Lb,X1,Wb,POR,ALPHA,BETA,Ks,Kb,Kz,Qthresh,Rs,Rb1,Rb2,Prec,Frac4Rise,Error,BFF
11051500,5.43898e+08,81808.8,100,203.691,0.15,0.020351,1,163.541,84271,0.933719,90767.8,-0.091161,-0.05294,-0.075885,24.4657,0.05,29.1234,0.386557
