tmp.site,tmp.area,Lb,X1,Wb,POR,ALPHA,BETA,Ks,Kb,Kz,Qthresh,Rs,Rb1,Rb2,Prec,Frac4Rise,Error,BFF
04182808,3.49648e+07,3017.59,106.479,166.431,0.15,0.009309,1,988.141,6729.47,0.958723,4893.14,-0.381622,-0.155482,-0.152049,97.8629,0.05,0.545846,0.101463
