tmp.site,tmp.area,Lb,X1,Wb,POR,ALPHA,BETA,Ks,Kb,Kz,Qthresh,Rs,Rb1,Rb2,Prec,Frac4Rise,Error,BFF
05536215,6.39727e+07,7597.45,100,409.888,0.15,0.005512,1,193.532,4751.03,0.882685,51378,-0.255413,-0.091037,-0.046791,2691.23,0.05,0.285143,0.424538
