tmp.site,tmp.area,Lb,X1,Wb,POR,ALPHA,BETA,Ks,Kb,Kz,Qthresh,Rs,Rb1,Rb2,Prec,Frac4Rise,Error,BFF
03568933,3.78138e+08,9262,100,845.619,0.15,0.010694,1,1752.55,8405.77,0.963114,24465.7,-0.226635,-0.08567,-0.030758,2568.9,0.05,0.361121,0.331752
