tmp.site,tmp.area,Lb,X1,Wb,POR,ALPHA,BETA,Ks,Kb,Kz,Qthresh,Rs,Rb1,Rb2,Prec,Frac4Rise,Error,BFF
04065106,6.39727e+09,51684.7,20997.1,3179.29,0.15,0.005516,10.1,719.792,7887.5,0.726108,4.64849e+06,-0.04524,-0.030128,-0.022194,175419,0.05,0.216337,0.698721
