tmp.site,tmp.area,Lb,X1,Wb,POR,ALPHA,BETA,Ks,Kb,Kz,Qthresh,Rs,Rb1,Rb2,Prec,Frac4Rise,Error,BFF
14056500,1.25096e+09,33154.7,24.5978,5631.57,0.15,0.016487,0.9,148.858,2976.36,1.02608,1.75175e+06,-0.011345,-0.023244,-0.097546,4159.17,0.05,2.47367,0.746265
