tmp.site,tmp.area,Lb,X1,Wb,POR,ALPHA,BETA,Ks,Kb,Kz,Qthresh,Rs,Rb1,Rb2,Prec,Frac4Rise,Error,BFF
04253294,543898,1251.25,100,61.2315,0.15,0.027569,1,69.4419,1608.76,0.184418,856.3,-0.235002,-0.06716,-0.094059,24.4657,0.05,0.544752,0.379397
