tmp.site,tmp.area,Lb,X1,Wb,POR,ALPHA,BETA,Ks,Kb,Kz,Qthresh,Rs,Rb1,Rb2,Prec,Frac4Rise,Error,BFF
07273100,9.09086e+07,5530.72,100,344.544,0.15,0.006246,1,618.616,3659.72,0.90302,19817.2,-0.316152,-0.134214,-0.050117,782.903,0.05,0.387601,0.183793
