tmp.site,tmp.area,Lb,X1,Wb,POR,ALPHA,BETA,Ks,Kb,Kz,Qthresh,Rs,Rb1,Rb2,Prec,Frac4Rise,Error,BFF
01610000,8.10407e+09,10440.3,100,3878.43,0.15,0.008625,1,8246.07,9278.23,1.41632,685040,-0.145061,-0.069919,-0.036546,64344.8,0.05,0.331842,0.438323
