tmp.site,tmp.area,Lb,X1,Wb,POR,ALPHA,BETA,Ks,Kb,Kz,Qthresh,Rs,Rb1,Rb2,Prec,Frac4Rise,Error,BFF
07331295,8.54696e+07,22737.5,100,241.555,0.15,0.010487,1,66.4335,7658.79,0.32587,25444.3,-0.087574,-0.018005,-0.014045,104.664,0.05,0.352611,0.460778
