tmp.site,tmp.area,Lb,X1,Wb,POR,ALPHA,BETA,Ks,Kb,Kz,Qthresh,Rs,Rb1,Rb2,Prec,Frac4Rise,Error,BFF
03098700,3.62598e+07,10594.6,100,147.202,0.15,0.018652,1,924.838,7916.74,0.985289,26423,-0.418254,-0.106696,-0.083772,216.301,0.05,0.474238,0.1855
