tmp.site,tmp.area,Lb,X1,Wb,POR,ALPHA,BETA,Ks,Kb,Kz,Qthresh,Rs,Rb1,Rb2,Prec,Frac4Rise,Error,BFF
03306000,1.76637e+09,56072,1.59521,332.527,0.15,0.004603,0.9,341.004,27.5374,1.1649,406131,-0.006331,-0.07514,-0.13605,660.574,0.05,4.40875,0.056663
