tmp.site,tmp.area,Lb,X1,Wb,POR,ALPHA,BETA,Ks,Kb,Kz,Qthresh,Rs,Rb1,Rb2,Prec,Frac4Rise,Error,BFF
02479310,2.12483e+10,24230.3,0.374424,3824.1,0.15,0.006675,1.8,6129.4,10.729,3.03438,3.05821e+06,-0.075468,-0.062769,-0.041775,288695,0.05,0.355733,0.380767
