tmp.site,tmp.area,Lb,X1,Wb,POR,ALPHA,BETA,Ks,Kb,Kz,Qthresh,Rs,Rb1,Rb2,Prec,Frac4Rise,Error,BFF
03171000,7.1665e+09,14731.2,80.1775,3558.61,0.15,0.010192,0.9,5607.43,8578.94,1.3807,2.4955e+06,-0.105042,-0.054104,-0.062302,214075,0.05,0.32437,0.560516
