tmp.site,tmp.area,Lb,X1,Wb,POR,ALPHA,BETA,Ks,Kb,Kz,Qthresh,Rs,Rb1,Rb2,Prec,Frac4Rise,Error,BFF
01350355,1.14995e+09,7904.45,0.253404,2007.88,0.15,0.01529,1.1,4131.72,47.3278,0.840465,23976.4,-0.202733,-0.099456,-0.07446,2292.78,0.05,0.461857,0.45262
