tmp.site,tmp.area,Lb,X1,Wb,POR,ALPHA,BETA,Ks,Kb,Kz,Qthresh,Rs,Rb1,Rb2,Prec,Frac4Rise,Error,BFF
04157550,2.75575e+08,7899.67,100,445.391,0.15,0.010737,1,641.163,20364.9,0.977046,26618.7,-0.278326,-0.094853,-0.088004,1796.22,0.05,0.372007,0.408496
