tmp.site,tmp.area,Lb,X1,Wb,POR,ALPHA,BETA,Ks,Kb,Kz,Qthresh,Rs,Rb1,Rb2,Prec,Frac4Rise,Error,BFF
03070260,2.70913e+09,7610.08,100,3282.41,0.15,0.012161,1,11044.2,13385.5,1.9651,6.31215e+06,-0.265259,-0.080487,-0.072392,21494.4,0.05,0.372642,0.409415
