tmp.site,tmp.area,Lb,X1,Wb,POR,ALPHA,BETA,Ks,Kb,Kz,Qthresh,Rs,Rb1,Rb2,Prec,Frac4Rise,Error,BFF
023358685,3.25562e+07,17295.9,58.2898,123.012,0.15,0.03627,0.9,657.318,6019.43,0.863394,33518,-0.527662,-0.064083,-0.094498,149.241,0.05,0.578307,0.279964
