tmp.site,tmp.area,Lb,X1,Wb,POR,ALPHA,BETA,Ks,Kb,Kz,Qthresh,Rs,Rb1,Rb2,Prec,Frac4Rise,Error,BFF
07143330,1.00776e+11,35166.2,100,1238.81,0.15,0.010419,1,5036.61,2997.23,1.00428,114989,-0.10382,-0.046182,-0.023164,9541.63,0.05,0.409949,0.314353
