tmp.site,tmp.area,Lb,X1,Wb,POR,ALPHA,BETA,Ks,Kb,Kz,Qthresh,Rs,Rb1,Rb2,Prec,Frac4Rise,Error,BFF
01432055,1.40377e+09,28492.7,70.7107,1072.96,0.15,0.00997,0.9,1931.89,28471.3,0.903907,2.13158e+06,-0.083181,-0.05541,-0.082473,17689.4,0.05,0.496663,0.486348
