tmp.site,tmp.area,Lb,X1,Wb,POR,ALPHA,BETA,Ks,Kb,Kz,Qthresh,Rs,Rb1,Rb2,Prec,Frac4Rise,Error,BFF
09402500,3.66742e+11,7487.76,0.504006,56145.9,0.15,0.007943,0.9,10925.1,57.3993,0.935947,3.18054e+06,-0.028579,-0.028837,-0.034698,433630,0.05,0.364633,0.851626
