tmp.site,tmp.area,Lb,X1,Wb,POR,ALPHA,BETA,Ks,Kb,Kz,Qthresh,Rs,Rb1,Rb2,Prec,Frac4Rise,Error,BFF
08023080,1.87774e+08,11111.4,58.2513,266.245,0.15,0.00922,1,1645.4,19122.2,1.67678,96492.8,-0.202733,-0.156177,-0.17247,24.4657,0.05,4.17934,0.104223
