tmp.site,tmp.area,Lb,X1,Wb,POR,ALPHA,BETA,Ks,Kb,Kz,Qthresh,Rs,Rb1,Rb2,Prec,Frac4Rise,Error,BFF
01467087,7.87356e+07,9883.01,145.081,239.127,0.15,0.012851,0.9,1555.99,7165.9,0.167065,49665.4,-0.579763,-0.07841,-0.09852,903.323,0.05,0.416991,0.213249
