tmp.site,tmp.area,Lb,X1,Wb,POR,ALPHA,BETA,Ks,Kb,Kz,Qthresh,Rs,Rb1,Rb2,Prec,Frac4Rise,Error,BFF
05341550,1.82853e+10,14355.8,100,8779.36,0.15,0.009897,1,3424.17,1235.41,1.00295,7.21739e+06,-0.050655,-0.034914,-0.026697,406131,0.05,0.248274,0.576181
