tmp.site,tmp.area,Lb,X1,Wb,POR,ALPHA,BETA,Ks,Kb,Kz,Qthresh,Rs,Rb1,Rb2,Prec,Frac4Rise,Error,BFF
08099500,3.26598e+09,8858.65,100.535,576.778,0.15,0.010769,0.9,1228.82,11693.1,1.01271,137008,-0.051395,-0.082454,-0.185698,24.4657,0.05,68.6954,0.117793
