tmp.site,tmp.area,Lb,X1,Wb,POR,ALPHA,BETA,Ks,Kb,Kz,Qthresh,Rs,Rb1,Rb2,Prec,Frac4Rise,Error,BFF
06892000,1.05154e+09,4908.14,100,822.098,0.15,0.008612,1,3669.22,10584.4,0.891198,137008,-0.213773,-0.120621,-0.106212,24.4657,0.05,4.25342,0.147072
