tmp.site,tmp.area,Lb,X1,Wb,POR,ALPHA,BETA,Ks,Kb,Kz,Qthresh,Rs,Rb1,Rb2,Prec,Frac4Rise,Error,BFF
08073600,7.51097e+08,2871.57,100,1191.19,0.15,0.005327,1,915.903,1303.22,0.868759,88076.6,-0.082908,-0.085232,-0.126681,8388.56,0.05,0.388517,0.15064
