tmp.site,tmp.area,Lb,X1,Wb,POR,ALPHA,BETA,Ks,Kb,Kz,Qthresh,Rs,Rb1,Rb2,Prec,Frac4Rise,Error,BFF
09512800,2.87748e+09,24404.6,68.8827,228.45,0.15,0.013574,1,2373.45,14403.2,1.0307,9296.97,-0.159227,-0.088191,-0.102532,24.4657,0.05,17.7101,0.075063
