tmp.site,tmp.area,Lb,X1,Wb,POR,ALPHA,BETA,Ks,Kb,Kz,Qthresh,Rs,Rb1,Rb2,Prec,Frac4Rise,Error,BFF
01589035,8.08076e+08,47033.7,101.482,666.559,0.15,0.0095,1.4,2826.38,21220.5,0.752503,147323,-0.398775,-0.064311,-0.048835,9168.04,0.05,0.35263,0.417518
