tmp.site,tmp.area,Lb,X1,Wb,POR,ALPHA,BETA,Ks,Kb,Kz,Qthresh,Rs,Rb1,Rb2,Prec,Frac4Rise,Error,BFF
06467500,7.23902e+11,30335.4,100,54913,0.15,0.008502,1,3046.53,5286.19,1.01244,5.94517e+07,-0.032915,-0.024044,-0.031871,1.29521e+06,0.05,0.540908,0.744323
