tmp.site,tmp.area,Lb,X1,Wb,POR,ALPHA,BETA,Ks,Kb,Kz,Qthresh,Rs,Rb1,Rb2,Prec,Frac4Rise,Error,BFF
07010208,6.83757e+06,11266.9,100,39.7437,0.15,0.017882,1,200.922,7095.54,0.786674,831.834,-0.436093,-0.137759,-0.090076,58.7177,0.05,0.413234,0.148096
