tmp.site,tmp.area,Lb,X1,Wb,POR,ALPHA,BETA,Ks,Kb,Kz,Qthresh,Rs,Rb1,Rb2,Prec,Frac4Rise,Error,BFF
03401000,9.68656e+08,21691.5,101.457,1373.1,0.15,0.011085,1.1,5122.3,31655.2,1.19387,215298,-0.201734,-0.074634,-0.06094,4648.49,0.05,0.394922,0.418406
