tmp.site,tmp.area,Lb,X1,Wb,POR,ALPHA,BETA,Ks,Kb,Kz,Qthresh,Rs,Rb1,Rb2,Prec,Frac4Rise,Error,BFF
01649150,2.69359e+06,3722.24,68.4613,76.1739,0.15,0.009346,8.9,112.454,250.425,0.225943,1834.93,-0.297406,-0.066932,-0.038048,34.252,0.05,0.321672,0.398268
