tmp.site,tmp.area,Lb,X1,Wb,POR,ALPHA,BETA,Ks,Kb,Kz,Qthresh,Rs,Rb1,Rb2,Prec,Frac4Rise,Error,BFF
07021000,1.09556e+09,4452.79,429.065,2599.63,0.15,0.008348,1.4,2661.26,3601.37,2.88835,122666,-0.105174,-0.088661,-0.026591,8807.66,0.05,0.323473,0.318452
