tmp.site,tmp.area,Lb,X1,Wb,POR,ALPHA,BETA,Ks,Kb,Kz,Qthresh,Rs,Rb1,Rb2,Prec,Frac4Rise,Error,BFF
09333500,1.07718e+10,973434,0.519608,1072.03,0.15,0.077751,0.9,313.375,3092,1.0497,238541,-0.143841,-0.037345,-0.151772,24.4657,0.05,70.327,0.556989
