tmp.site,tmp.area,Lb,X1,Wb,POR,ALPHA,BETA,Ks,Kb,Kz,Qthresh,Rs,Rb1,Rb2,Prec,Frac4Rise,Error,BFF
01478950,1.5255e+07,13509.6,100,116.41,0.15,0.044966,1,685.627,4933.35,0.516066,4061.31,-0.812323,-0.066631,-0.064689,278.909,0.05,0.415444,0.297496
