tmp.site,tmp.area,Lb,X1,Wb,POR,ALPHA,BETA,Ks,Kb,Kz,Qthresh,Rs,Rb1,Rb2,Prec,Frac4Rise,Error,BFF
05420460,2.21703e+11,28926.1,0.966385,19946.3,0.15,0.008612,0.9,5826.88,197.915,1.11659,1.72728e+07,-0.030312,-0.02217,-0.027525,995583,0.05,0.286853,0.754417
