tmp.site,tmp.area,Lb,X1,Wb,POR,ALPHA,BETA,Ks,Kb,Kz,Qthresh,Rs,Rb1,Rb2,Prec,Frac4Rise,Error,BFF
01464645,4.19578e+07,12509.1,36.2214,388.313,0.15,0.006876,0.8,59.5452,1480.46,0.562458,9296.97,-0.08989,-0.034651,-0.102907,929.697,0.05,0.687942,0.527688
