tmp.site,tmp.area,Lb,X1,Wb,POR,ALPHA,BETA,Ks,Kb,Kz,Qthresh,Rs,Rb1,Rb2,Prec,Frac4Rise,Error,BFF
041275689,2.71431e+07,4586.39,195.317,58.0646,0.15,0.015847,2.3,520.015,0.767886,0.256292,8985.03,-0.154566,-0.041719,-0.035548,751.097,0.05,0.264235,0.522551
