tmp.site,tmp.area,Lb,X1,Wb,POR,ALPHA,BETA,Ks,Kb,Kz,Qthresh,Rs,Rb1,Rb2,Prec,Frac4Rise,Error,BFF
14205350,7.14837e+07,20982,100,318.984,0.15,0.00813,1,116.698,6210,0.738386,22581.4,-0.161668,-0.040808,-0.010009,1872.9,0.05,0.286018,0.384463
