tmp.site,tmp.area,Lb,X1,Wb,POR,ALPHA,BETA,Ks,Kb,Kz,Qthresh,Rs,Rb1,Rb2,Prec,Frac4Rise,Error,BFF
01049500,5.59437e+08,15544.2,60.185,1359.33,0.15,0.009732,0.9,170.831,7832.31,1.0361,702166,-0.02326,-0.049033,-0.136253,1247.75,0.05,21.3094,0.614168
