tmp.site,tmp.area,Lb,X1,Wb,POR,ALPHA,BETA,Ks,Kb,Kz,Qthresh,Rs,Rb1,Rb2,Prec,Frac4Rise,Error,BFF
03098600,2.53301e+09,11976,45.2751,1558.24,0.15,0.005286,1,699.139,3485.75,0.773301,822048,-0.11841,-0.064868,-0.064388,58717.7,0.05,0.334415,0.360158
