tmp.site,tmp.area,Lb,X1,Wb,POR,ALPHA,BETA,Ks,Kb,Kz,Qthresh,Rs,Rb1,Rb2,Prec,Frac4Rise,Error,BFF
02323500,2.49675e+10,97906.8,179.545,14009,0.15,0.00565,1.3,922.232,15772.9,1.07483,1.50219e+07,-0.058892,-0.011966,-0.010728,572498,0.05,0.280274,0.718249
