tmp.site,tmp.area,Lb,X1,Wb,POR,ALPHA,BETA,Ks,Kb,Kz,Qthresh,Rs,Rb1,Rb2,Prec,Frac4Rise,Error,BFF
041035285,2.84873e+07,41509.7,12084.9,45.5301,0.15,0.023144,10,414.797,64.3875,0.052472,5602.65,-0.200755,-0.055946,-0.027592,354.19,0.05,0.359319,0.479409
