tmp.site,tmp.area,Lb,X1,Wb,POR,ALPHA,BETA,Ks,Kb,Kz,Qthresh,Rs,Rb1,Rb2,Prec,Frac4Rise,Error,BFF
06904010,1.91659e+09,26749.2,11.4589,1180.15,0.15,0.003282,0.9,516.489,6001.93,0.812887,84651.4,-0.03242,-0.056587,-0.127609,4477.23,0.05,0.819193,0.31653
