tmp.site,tmp.area,Lb,X1,Wb,POR,ALPHA,BETA,Ks,Kb,Kz,Qthresh,Rs,Rb1,Rb2,Prec,Frac4Rise,Error,BFF
01374505,2.10307e+08,36394.3,3.81074,364.468,0.15,0.009538,1,206.634,99.6484,0.897381,218479,-0.025805,-0.03831,-0.039634,5979.42,0.05,0.367833,0.394023
