tmp.site,tmp.area,Lb,X1,Wb,POR,ALPHA,BETA,Ks,Kb,Kz,Qthresh,Rs,Rb1,Rb2,Prec,Frac4Rise,Error,BFF
02295637,2.13933e+09,29684.7,32.4598,1522.3,0.15,0.013931,1.1,2262.34,8608.33,1.08239,523566,-0.116982,-0.044308,-0.038549,5088.87,0.05,0.38699,0.541789
