tmp.site,tmp.area,Lb,X1,Wb,POR,ALPHA,BETA,Ks,Kb,Kz,Qthresh,Rs,Rb1,Rb2,Prec,Frac4Rise,Error,BFF
03471500,1.98393e+08,30286.9,100,486.105,0.15,0.004265,1,43.9043,19817.7,0.93288,63610.9,-0.139005,-0.059922,-0.019068,4893.14,0.05,0.24648,0.510411
