tmp.site,tmp.area,Lb,X1,Wb,POR,ALPHA,BETA,Ks,Kb,Kz,Qthresh,Rs,Rb1,Rb2,Prec,Frac4Rise,Error,BFF
02354500,8.28796e+08,8765.91,669.322,2839.98,0.15,0.029782,0.9,1286.28,84155.5,1.38475,14868.3,-0.077938,-0.052318,-0.071632,122.329,0.05,0.531125,0.571644
