tmp.site,tmp.area,Lb,X1,Wb,POR,ALPHA,BETA,Ks,Kb,Kz,Qthresh,Rs,Rb1,Rb2,Prec,Frac4Rise,Error,BFF
07239300,3.37294e+10,9517.8,88.5052,566.075,0.15,0.006248,1,866.426,5034.7,1.05811,1175.09,-0.043645,-0.079224,-0.078237,141.901,0.05,0.694789,0.175318
