tmp.site,tmp.area,Lb,X1,Wb,POR,ALPHA,BETA,Ks,Kb,Kz,Qthresh,Rs,Rb1,Rb2,Prec,Frac4Rise,Error,BFF
06853800,5.87927e+08,30408.2,32.3154,106.811,0.15,0.019563,0.9,1942.44,2587.67,1.23482,61164.3,-0.15904,-0.075468,-0.122917,24.4657,0.05,8.2257,0.119678
