tmp.site,tmp.area,Lb,X1,Wb,POR,ALPHA,BETA,Ks,Kb,Kz,Qthresh,Rs,Rb1,Rb2,Prec,Frac4Rise,Error,BFF
04165500,1.90105e+09,22473.7,103.88,1216.46,0.15,0.008338,1.9,3720.69,8304.3,1.07207,269123,-0.21833,-0.064625,-0.044711,15647,0.05,0.336612,0.484073
