tmp.site,tmp.area,Lb,X1,Wb,POR,ALPHA,BETA,Ks,Kb,Kz,Qthresh,Rs,Rb1,Rb2,Prec,Frac4Rise,Error,BFF
01601000,3.78138e+08,13248.2,18.3693,795.515,0.15,0.016714,1.1,2038.77,4439.75,1.19897,19518.7,-0.187182,-0.082432,-0.067294,445.276,0.05,0.415317,0.398145
