tmp.site,tmp.area,Lb,X1,Wb,POR,ALPHA,BETA,Ks,Kb,Kz,Qthresh,Rs,Rb1,Rb2,Prec,Frac4Rise,Error,BFF
03198350,1.63946e+08,35762.6,135.035,318.991,0.15,0.012034,1.4,971.782,46948.7,1.16283,22337.2,-0.200696,-0.072599,-0.049663,1054.72,0.05,0.357079,0.422521
