tmp.site,tmp.area,Lb,X1,Wb,POR,ALPHA,BETA,Ks,Kb,Kz,Qthresh,Rs,Rb1,Rb2,Prec,Frac4Rise,Error,BFF
02196835,2.71949e+07,11669.2,0.793391,113.087,0.15,0.023138,1,201.965,114.974,0.840747,29358.9,-0.373607,-0.070516,-0.074977,180.948,0.05,0.433703,0.352823
