tmp.site,tmp.area,Lb,X1,Wb,POR,ALPHA,BETA,Ks,Kb,Kz,Qthresh,Rs,Rb1,Rb2,Prec,Frac4Rise,Error,BFF
03423000,1.73529e+08,9272.38,100,574.364,0.15,0.013348,1,1788.29,9619.12,0.962495,16636.7,-0.257018,-0.090225,-0.044187,709.506,0.05,0.382341,0.311114
