tmp.site,tmp.area,Lb,X1,Wb,POR,ALPHA,BETA,Ks,Kb,Kz,Qthresh,Rs,Rb1,Rb2,Prec,Frac4Rise,Error,BFF
01644371,1.11369e+06,4618,24.0064,71.8408,0.15,0.007605,1.7,84.0657,519.344,0.14578,1345.61,-0.346574,-0.045988,-0.034139,24.4657,0.05,0.328442,0.435184
