tmp.site,tmp.area,Lb,X1,Wb,POR,ALPHA,BETA,Ks,Kb,Kz,Qthresh,Rs,Rb1,Rb2,Prec,Frac4Rise,Error,BFF
11367500,9.27216e+08,244083,105048,3678.13,0.15,0.006683,10.1,271.379,511.218,0.310241,1.57804e+06,-0.077075,-0.006341,-0.002133,133583,0.05,0.137728,0.784113
