tmp.site,tmp.area,Lb,X1,Wb,POR,ALPHA,BETA,Ks,Kb,Kz,Qthresh,Rs,Rb1,Rb2,Prec,Frac4Rise,Error,BFF
03288180,1.43485e+07,6337.61,100,83.7848,0.15,0.059401,1,879.233,29148.4,0.821451,1786,-0.35063,-0.108048,-0.195125,24.4657,0.05,0.751325,0.284623
