tmp.site,tmp.area,Lb,X1,Wb,POR,ALPHA,BETA,Ks,Kb,Kz,Qthresh,Rs,Rb1,Rb2,Prec,Frac4Rise,Error,BFF
12086500,7.56277e+08,71361.2,23.1501,1854.24,0.15,0.004835,0.9,134.994,1890.85,1.12433,3.10715e+06,-0.022123,-0.030576,-0.036013,83183.4,0.05,0.476332,0.610038
