tmp.site,tmp.area,Lb,X1,Wb,POR,ALPHA,BETA,Ks,Kb,Kz,Qthresh,Rs,Rb1,Rb2,Prec,Frac4Rise,Error,BFF
01095503,2.84899e+08,29488.7,76.3362,522.543,0.15,0.02122,0.9,91.8836,19766.4,0.931656,26178.3,-0.025911,-0.054496,-0.150029,394.73,0.05,2.74502,0.662545
