tmp.site,tmp.area,Lb,X1,Wb,POR,ALPHA,BETA,Ks,Kb,Kz,Qthresh,Rs,Rb1,Rb2,Prec,Frac4Rise,Error,BFF
03204346,9.91965e+07,4922.22,0.211567,358.219,0.15,0.016382,1.1,1826.42,26.0548,0.996652,21468.2,-0.353126,-0.140052,-0.102191,24.4657,0.05,0.593281,0.233357
