tmp.site,tmp.area,Lb,X1,Wb,POR,ALPHA,BETA,Ks,Kb,Kz,Qthresh,Rs,Rb1,Rb2,Prec,Frac4Rise,Error,BFF
08029500,3.31518e+08,8978.72,2444.65,862.851,0.15,0.006709,2.8,1547.39,3481.55,0.757337,75843.7,-0.285893,-0.089002,-0.042066,3217,0.05,0.341876,0.304026
