tmp.site,tmp.area,Lb,X1,Wb,POR,ALPHA,BETA,Ks,Kb,Kz,Qthresh,Rs,Rb1,Rb2,Prec,Frac4Rise,Error,BFF
07247015,6.94117e+08,15589.2,100,1168.4,0.15,0.0272,1,2519.42,42912.3,0.980765,9859.68,-0.243887,-0.105687,-0.117759,24.4657,0.05,1.90297,0.343456
