tmp.site,tmp.area,Lb,X1,Wb,POR,ALPHA,BETA,Ks,Kb,Kz,Qthresh,Rs,Rb1,Rb2,Prec,Frac4Rise,Error,BFF
06900800,1.61615e+10,9245.65,100,2407.37,0.15,0.00818,1,10000.3,9858.23,1.92244,308268,-0.138521,-0.115826,-0.054217,28869.5,0.05,0.471536,0.15954
