tmp.site,tmp.area,Lb,X1,Wb,POR,ALPHA,BETA,Ks,Kb,Kz,Qthresh,Rs,Rb1,Rb2,Prec,Frac4Rise,Error,BFF
01559000,2.11343e+09,17082.2,3536.43,2109.82,0.15,0.007577,10.1,2998.5,4943.38,1.158,699719,-0.21066,-0.055014,-0.032229,43304.3,0.05,0.253769,0.543374
