tmp.site,tmp.area,Lb,X1,Wb,POR,ALPHA,BETA,Ks,Kb,Kz,Qthresh,Rs,Rb1,Rb2,Prec,Frac4Rise,Error,BFF
03337100,1.23801e+07,2820.33,189.042,184.34,0.15,0.010577,1,294.904,3097.7,0.466561,3718.79,-0.370498,-0.090213,-0.083998,327.841,0.05,0.307195,0.341008
