tmp.site,tmp.area,Lb,X1,Wb,POR,ALPHA,BETA,Ks,Kb,Kz,Qthresh,Rs,Rb1,Rb2,Prec,Frac4Rise,Error,BFF
07239700,3.48509e+10,4682.25,164.272,1400.12,0.15,0.005224,1.1,5469.8,4989.14,0.693278,118169,-0.101138,-0.071537,-0.054864,929.697,0.05,0.503539,0.232947
