tmp.site,tmp.area,Lb,X1,Wb,POR,ALPHA,BETA,Ks,Kb,Kz,Qthresh,Rs,Rb1,Rb2,Prec,Frac4Rise,Error,BFF
05406500,1.18103e+08,45703.4,100,494.202,0.15,0.017942,1,353.766,1442.34,0.494597,102022,-0.202733,-0.023224,-0.012322,3669.86,0.05,0.230799,0.636797
