tmp.site,tmp.area,Lb,X1,Wb,POR,ALPHA,BETA,Ks,Kb,Kz,Qthresh,Rs,Rb1,Rb2,Prec,Frac4Rise,Error,BFF
07061500,1.25355e+09,2626.25,100,4666.05,0.15,0.003364,1,593.342,926.852,0.981197,203065,-0.100002,-0.083777,-0.021603,20795.9,0.05,0.299905,0.353547
