tmp.site,tmp.area,Lb,X1,Wb,POR,ALPHA,BETA,Ks,Kb,Kz,Qthresh,Rs,Rb1,Rb2,Prec,Frac4Rise,Error,BFF
05531300,2.36984e+08,7989.69,95.8816,1002.7,0.15,0.009176,1.2,947.983,43642.5,1.08161,74375.8,-0.17896,-0.080019,-0.068085,6972.73,0.05,0.400972,0.688073
