tmp.site,tmp.area,Lb,X1,Wb,POR,ALPHA,BETA,Ks,Kb,Kz,Qthresh,Rs,Rb1,Rb2,Prec,Frac4Rise,Error,BFF
13042500,1.29758e+09,45195.1,14.1684,1223.37,0.15,0.009076,0.9,272.148,1118.41,1.15523,1.45571e+06,-0.016748,-0.031221,-0.162071,1957.26,0.05,7.09327,0.472074
