tmp.site,tmp.area,Lb,X1,Wb,POR,ALPHA,BETA,Ks,Kb,Kz,Qthresh,Rs,Rb1,Rb2,Prec,Frac4Rise,Error,BFF
01548500,1.56435e+09,23590.7,43.4306,1592.79,0.15,0.012244,1.6,3670.18,7564.19,1.20704,97862.9,-0.148771,-0.0699,-0.040539,7584.37,0.05,0.345991,0.498791
