tmp.site,tmp.area,Lb,X1,Wb,POR,ALPHA,BETA,Ks,Kb,Kz,Qthresh,Rs,Rb1,Rb2,Prec,Frac4Rise,Error,BFF
12431500,1.80781e+09,307399,152407,2359.32,0.15,0.01599,9.7,375.909,1750.21,0.542577,892999,-0.042652,-0.009156,-0.003495,79758.2,0.05,0.2341,0.631462
