tmp.site,tmp.area,Lb,X1,Wb,POR,ALPHA,BETA,Ks,Kb,Kz,Qthresh,Rs,Rb1,Rb2,Prec,Frac4Rise,Error,BFF
10322800,2.08287e+09,490548,100,40.6113,0.15,0.021185,1,1250.39,796.335,0.928171,19009.9,-0.035838,-0.04205,-0.044512,300.928,0.05,0.458715,0.505746
