tmp.site,tmp.area,Lb,X1,Wb,POR,ALPHA,BETA,Ks,Kb,Kz,Qthresh,Rs,Rb1,Rb2,Prec,Frac4Rise,Error,BFF
05133500,5.02458e+10,95457.2,12.7195,7170.6,0.15,0.004714,0.9,929.659,5295.24,0.906852,7.68223e+06,-0.026555,-0.021584,-0.027348,831834,0.05,0.336621,0.687573
