tmp.site,tmp.area,Lb,X1,Wb,POR,ALPHA,BETA,Ks,Kb,Kz,Qthresh,Rs,Rb1,Rb2,Prec,Frac4Rise,Error,BFF
01530332,5.59955e+09,10823.5,100,2688.19,0.15,0.010553,1,6328.74,10054.2,1.28008,1.14989e+06,-0.165412,-0.075638,-0.034678,34986,0.05,0.355436,0.404328
