tmp.site,tmp.area,Lb,X1,Wb,POR,ALPHA,BETA,Ks,Kb,Kz,Qthresh,Rs,Rb1,Rb2,Prec,Frac4Rise,Error,BFF
08359500,7.38147e+10,6429.49,100,3020.24,0.15,0.007475,1,3054.39,8487.77,0.939211,41591.7,-0.098386,-0.050928,-0.096766,1541.34,0.05,0.82947,0.532185
