tmp.site,tmp.area,Lb,X1,Wb,POR,ALPHA,BETA,Ks,Kb,Kz,Qthresh,Rs,Rb1,Rb2,Prec,Frac4Rise,Error,BFF
07360200,1.77155e+08,36361.4,115.724,376.899,0.15,0.005968,3.3,1571.52,18749,0.548966,29358.9,-0.202646,-0.130411,-0.052153,2128.52,0.05,0.373678,0.27196
