tmp.site,tmp.area,Lb,X1,Wb,POR,ALPHA,BETA,Ks,Kb,Kz,Qthresh,Rs,Rb1,Rb2,Prec,Frac4Rise,Error,BFF
04087000,1.78191e+09,9178.4,0.346876,1503.21,0.15,0.00981,1.1,2551.99,25.0492,0.886318,244657,-0.10999,-0.05582,-0.049915,8318.34,0.05,0.396537,0.464346
