tmp.site,tmp.area,Lb,X1,Wb,POR,ALPHA,BETA,Ks,Kb,Kz,Qthresh,Rs,Rb1,Rb2,Prec,Frac4Rise,Error,BFF
01191000,6.94117e+07,11002.1,7.22128,249.975,0.15,0.015838,1.1,896.359,955.603,1.01442,22997.8,-0.341794,-0.098134,-0.086222,244.657,0.05,0.410465,0.275757
