tmp.site,tmp.area,Lb,X1,Wb,POR,ALPHA,BETA,Ks,Kb,Kz,Qthresh,Rs,Rb1,Rb2,Prec,Frac4Rise,Error,BFF
10257500,1.07226e+07,10923.9,77.5534,68.5771,0.15,0.018767,0.9,35.1044,2546.35,0.267747,1663.67,-0.124526,-0.033365,-0.061418,24.4657,0.05,0.864736,0.427495
