tmp.site,tmp.area,Lb,X1,Wb,POR,ALPHA,BETA,Ks,Kb,Kz,Qthresh,Rs,Rb1,Rb2,Prec,Frac4Rise,Error,BFF
14209250,3.65188e+08,25447.1,257.84,1837.2,0.15,0.021981,1,443.512,410.817,0.677813,242455,-0.079551,-0.030806,-0.027138,3596.46,0.05,0.526891,0.465937
