tmp.site,tmp.area,Lb,X1,Wb,POR,ALPHA,BETA,Ks,Kb,Kz,Qthresh,Rs,Rb1,Rb2,Prec,Frac4Rise,Error,BFF
05059000,2.27919e+10,51364.8,8.39827,919.453,0.15,0.007949,1.2,1602.45,1268.66,0.973389,836140,-0.058892,-0.036931,-0.029344,4893.14,0.05,0.483827,0.403417
