tmp.site,tmp.area,Lb,X1,Wb,POR,ALPHA,BETA,Ks,Kb,Kz,Qthresh,Rs,Rb1,Rb2,Prec,Frac4Rise,Error,BFF
09359010,1.35456e+08,31723.2,7905.57,337.451,0.15,0.007251,3.5,195.641,3754.75,0.563367,48931.4,-0.079756,-0.031959,-0.012409,3425.2,0.05,0.285203,0.269235
