tmp.site,tmp.area,Lb,X1,Wb,POR,ALPHA,BETA,Ks,Kb,Kz,Qthresh,Rs,Rb1,Rb2,Prec,Frac4Rise,Error,BFF
03406500,1.56435e+09,9918,0.074929,1930.78,0.15,0.011573,1.1,7076.85,16.1677,1.51505,56271.1,-0.200253,-0.099491,-0.076108,1467.94,0.05,0.429165,0.376056
