tmp.site,tmp.area,Lb,X1,Wb,POR,ALPHA,BETA,Ks,Kb,Kz,Qthresh,Rs,Rb1,Rb2,Prec,Frac4Rise,Error,BFF
09513860,1.6809e+08,18174.6,100,20.7477,0.15,0.001481,1,1806.1,124.55,0.050881,24.4657,-1.15129,-0.002,-0.001,24.4657,0.05,0.169204,2.8e-05
