tmp.site,tmp.area,Lb,X1,Wb,POR,ALPHA,BETA,Ks,Kb,Kz,Qthresh,Rs,Rb1,Rb2,Prec,Frac4Rise,Error,BFF
03297900,2.0694e+08,5120.33,100,755.867,0.15,0.011764,1,3471.23,14335.1,0.93219,2691.23,-0.357489,-0.129862,-0.125047,112.542,0.05,0.666593,0.243651
