tmp.site,tmp.area,Lb,X1,Wb,POR,ALPHA,BETA,Ks,Kb,Kz,Qthresh,Rs,Rb1,Rb2,Prec,Frac4Rise,Error,BFF
01104480,6.13827e+07,4022.13,0.063474,138.218,0.15,0.008403,0.9,51.1117,6.75414,0.905294,45750.9,-0.01689,-0.067409,-0.323302,24.4657,0.05,6.94039,0.058937
