tmp.site,tmp.area,Lb,X1,Wb,POR,ALPHA,BETA,Ks,Kb,Kz,Qthresh,Rs,Rb1,Rb2,Prec,Frac4Rise,Error,BFF
05540095,2.34912e+08,17064.9,129.924,445.824,0.15,0.012211,6.5,1045.14,1615.54,0.357698,87342.6,-0.213891,-0.083985,-0.05102,3669.86,0.05,0.339148,0.426596
