tmp.site,tmp.area,Lb,X1,Wb,POR,ALPHA,BETA,Ks,Kb,Kz,Qthresh,Rs,Rb1,Rb2,Prec,Frac4Rise,Error,BFF
06336000,1.6032e+10,6469.1,100,1497.43,0.15,0.009033,1,6183.43,9684.27,0.951306,65323.5,-0.143841,-0.082212,-0.079702,24.4657,0.05,2.20969,0.207791
