tmp.site,tmp.area,Lb,X1,Wb,POR,ALPHA,BETA,Ks,Kb,Kz,Qthresh,Rs,Rb1,Rb2,Prec,Frac4Rise,Error,BFF
04127885,2.0953e+11,86685.2,32.9962,186872,0.15,0.006741,0.8,2075.52,5060.03,1.0959,1.78844e+08,-0.023575,-0.009816,-0.019344,9.22357e+06,0.05,0.125006,0.967441
