tmp.site,tmp.area,Lb,X1,Wb,POR,ALPHA,BETA,Ks,Kb,Kz,Qthresh,Rs,Rb1,Rb2,Prec,Frac4Rise,Error,BFF
01318500,4.30974e+09,18488.1,0.217396,3298.81,0.15,0.008528,1.4,2982.95,15.1638,1.42194,1.06426e+06,-0.073302,-0.043199,-0.034008,100065,0.05,0.266223,0.613913
