tmp.site,tmp.area,Lb,X1,Wb,POR,ALPHA,BETA,Ks,Kb,Kz,Qthresh,Rs,Rb1,Rb2,Prec,Frac4Rise,Error,BFF
11149400,8.52106e+08,78950.3,38.7982,1284.26,0.15,0.034887,0.9,68.4684,8915.17,1.18199,631215,-0.008736,-0.028349,-0.132155,24.4657,0.05,228.313,0.652144
