tmp.site,tmp.area,Lb,X1,Wb,POR,ALPHA,BETA,Ks,Kb,Kz,Qthresh,Rs,Rb1,Rb2,Prec,Frac4Rise,Error,BFF
13333000,8.48221e+09,23206.2,0.348503,4600.03,0.15,0.003834,1.7,2265.65,17.4159,1.04645,1.05692e+06,-0.069047,-0.03517,-0.025091,109161,0.05,0.296165,0.665674
