tmp.site,tmp.area,Lb,X1,Wb,POR,ALPHA,BETA,Ks,Kb,Kz,Qthresh,Rs,Rb1,Rb2,Prec,Frac4Rise,Error,BFF
12080010,4.19578e+08,20537.5,1505.13,1254.96,0.15,0.01007,1.5,1155.18,11411.2,5.48554,146305,-0.132281,-0.044658,-0.01327,15168.7,0.05,0.264598,0.48248
