tmp.site,tmp.area,Lb,X1,Wb,POR,ALPHA,BETA,Ks,Kb,Kz,Qthresh,Rs,Rb1,Rb2,Prec,Frac4Rise,Error,BFF
04176000,1.19916e+09,34852.1,845.611,767.713,0.15,0.010077,8,915.487,8804.02,0.350488,162501,-0.10284,-0.04786,-0.02821,12232.9,0.05,0.29396,0.567481
