tmp.site,tmp.area,Lb,X1,Wb,POR,ALPHA,BETA,Ks,Kb,Kz,Qthresh,Rs,Rb1,Rb2,Prec,Frac4Rise,Error,BFF
01048220,5.07638e+07,27014.5,87.2624,244.757,0.15,0.016986,1.1,496.334,50663.8,1.11513,44527.6,-0.254852,-0.076783,-0.065477,198.172,0.05,0.417467,0.461101
