tmp.site,tmp.area,Lb,X1,Wb,POR,ALPHA,BETA,Ks,Kb,Kz,Qthresh,Rs,Rb1,Rb2,Prec,Frac4Rise,Error,BFF
07344100,2.3284e+08,4779.65,100,408.802,0.15,0.013142,1,1984.13,16964.3,0.924021,98352.2,-0.268255,-0.145157,-0.237903,24.4657,0.05,4.36128,0.112381
