tmp.site,tmp.area,Lb,X1,Wb,POR,ALPHA,BETA,Ks,Kb,Kz,Qthresh,Rs,Rb1,Rb2,Prec,Frac4Rise,Error,BFF
11186550,6.57857e+07,17350.7,3.00923,98.0035,0.15,0.00776,0.8,138.419,21.8971,0.169988,2446.57,-0.05,-0.008021,-0.060206,7339.71,0.05,0.234378,0.626537
