tmp.site,tmp.area,Lb,X1,Wb,POR,ALPHA,BETA,Ks,Kb,Kz,Qthresh,Rs,Rb1,Rb2,Prec,Frac4Rise,Error,BFF
011230695,1.32607e+09,9622.2,100,2365.99,0.15,0.014295,1,3827.63,11662.2,0.89614,211364,-0.1765,-0.051738,-0.070493,9786.29,0.05,0.40355,0.542045
