tmp.site,tmp.area,Lb,X1,Wb,POR,ALPHA,BETA,Ks,Kb,Kz,Qthresh,Rs,Rb1,Rb2,Prec,Frac4Rise,Error,BFF
06037100,3.23749e+08,162496,61253.2,600.051,0.15,0.011947,10.1,203.241,1914.95,0.417871,247104,-0.074766,-0.014551,-0.006773,17541.9,0.05,0.121785,0.692108
