tmp.site,tmp.area,Lb,X1,Wb,POR,ALPHA,BETA,Ks,Kb,Kz,Qthresh,Rs,Rb1,Rb2,Prec,Frac4Rise,Error,BFF
06126500,1.03548e+10,69644.2,17.2633,735.123,0.15,0.011092,0.9,8451.56,779.615,0.967343,506440,-0.09868,-0.043856,-0.057048,545.488,0.05,0.851883,0.193939
