tmp.site,tmp.area,Lb,X1,Wb,POR,ALPHA,BETA,Ks,Kb,Kz,Qthresh,Rs,Rb1,Rb2,Prec,Frac4Rise,Error,BFF
14158790,4.04038e+07,11855.8,100,337.306,0.15,0.013554,1,353.367,9680.34,0.897894,9737.35,-0.170121,-0.068552,-0.014484,733.971,0.05,0.391237,0.360937
