tmp.site,tmp.area,Lb,X1,Wb,POR,ALPHA,BETA,Ks,Kb,Kz,Qthresh,Rs,Rb1,Rb2,Prec,Frac4Rise,Error,BFF
06882510,1.23724e+10,12205,15.7789,1716.8,0.15,0.003567,1.4,3325.47,288.187,1.2957,733971,-0.086125,-0.085425,-0.062475,14917,0.05,0.475159,0.234905
