tmp.site,tmp.area,Lb,X1,Wb,POR,ALPHA,BETA,Ks,Kb,Kz,Qthresh,Rs,Rb1,Rb2,Prec,Frac4Rise,Error,BFF
01560000,4.45478e+08,13203.7,72.4227,825.837,0.15,0.011637,2.1,2208.83,5128.4,1.02597,47218.8,-0.198607,-0.085325,-0.041179,2691.23,0.05,0.364261,0.423624
