tmp.site,tmp.area,Lb,X1,Wb,POR,ALPHA,BETA,Ks,Kb,Kz,Qthresh,Rs,Rb1,Rb2,Prec,Frac4Rise,Error,BFF
03036000,8.90956e+08,6502.22,100,1552.02,0.15,0.008597,1,192.449,11253.1,0.990672,106181,-0.014854,-0.074303,-0.069646,4893.14,0.05,0.558426,0.465818
