tmp.site,tmp.area,Lb,X1,Wb,POR,ALPHA,BETA,Ks,Kb,Kz,Qthresh,Rs,Rb1,Rb2,Prec,Frac4Rise,Error,BFF
12039510,5.28358e+07,14342.9,100,439.176,0.15,0.006975,1,117.603,2963.27,0.886132,52356.6,-0.176119,-0.059486,-0.012825,5113.33,0.05,0.259519,0.369583
