tmp.site,tmp.area,Lb,X1,Wb,POR,ALPHA,BETA,Ks,Kb,Kz,Qthresh,Rs,Rb1,Rb2,Prec,Frac4Rise,Error,BFF
01455500,6.55267e+07,101961,3.1983,193.608,0.15,0.002944,0.9,80.1564,1257.01,0.848169,30826.8,-0.034989,-0.043708,-0.076784,489.314,0.05,0.955096,0.347463
