tmp.site,tmp.area,Lb,X1,Wb,POR,ALPHA,BETA,Ks,Kb,Kz,Qthresh,Rs,Rb1,Rb2,Prec,Frac4Rise,Error,BFF
06935550,1.35534e+12,130209,1.29662,34239.4,0.15,0.008582,1.2,51101.9,181.018,1.14452,1.14255e+08,-0.080433,-0.023171,-0.020944,7.35244e+06,0.05,0.276731,0.64635
