tmp.site,tmp.area,Lb,X1,Wb,POR,ALPHA,BETA,Ks,Kb,Kz,Qthresh,Rs,Rb1,Rb2,Prec,Frac4Rise,Error,BFF
08070200,1.00492e+09,7132.25,2738.63,1316.67,0.15,0.007337,3.4,3381.57,4136.1,0.733796,54558.5,-0.18914,-0.12851,-0.055339,1876.52,0.05,0.415159,0.15708
