tmp.site,tmp.area,Lb,X1,Wb,POR,ALPHA,BETA,Ks,Kb,Kz,Qthresh,Rs,Rb1,Rb2,Prec,Frac4Rise,Error,BFF
01399500,8.49516e+07,27683.1,100,263.588,0.15,0.021586,1,227.534,20460.7,0.802921,41591.7,-0.134409,-0.04226,-0.04088,1321.15,0.05,0.295848,0.551513
