tmp.site,tmp.area,Lb,X1,Wb,POR,ALPHA,BETA,Ks,Kb,Kz,Qthresh,Rs,Rb1,Rb2,Prec,Frac4Rise,Error,BFF
03348000,1.05154e+09,12403.5,1314.88,1134.14,0.15,0.007463,10.1,2836.69,2718.74,1.1317,124775,-0.194628,-0.084044,-0.037713,7829.03,0.05,0.339712,0.366607
