tmp.site,tmp.area,Lb,X1,Wb,POR,ALPHA,BETA,Ks,Kb,Kz,Qthresh,Rs,Rb1,Rb2,Prec,Frac4Rise,Error,BFF
02379500,3.47058e+08,23766.4,100,840.923,0.15,0.013567,1,669.579,7792.68,1.00509,178600,-0.367688,-0.034639,-0.021297,18593.9,0.05,0.202739,0.640326
