tmp.site,tmp.area,Lb,X1,Wb,POR,ALPHA,BETA,Ks,Kb,Kz,Qthresh,Rs,Rb1,Rb2,Prec,Frac4Rise,Error,BFF
13074400,2.75834e+09,327397,100,259.702,0.15,0.012364,1,3394.61,2155.51,0.913413,557451,-0.122317,-0.021033,-0.019464,12540.6,0.05,0.726838,0.702287
