tmp.site,tmp.area,Lb,X1,Wb,POR,ALPHA,BETA,Ks,Kb,Kz,Qthresh,Rs,Rb1,Rb2,Prec,Frac4Rise,Error,BFF
03131965,9.27216e+07,7476.82,100,319.832,0.15,0.010806,1,706.184,7392.14,1.02309,6821.04,-0.2517,-0.140322,-0.045035,469.595,0.05,0.349552,0.245826
