tmp.site,tmp.area,Lb,X1,Wb,POR,ALPHA,BETA,Ks,Kb,Kz,Qthresh,Rs,Rb1,Rb2,Prec,Frac4Rise,Error,BFF
03459500,9.06496e+08,22127.6,1694.96,1667.62,0.15,0.00993,9.1,2781.14,3010.23,1.2372,313161,-0.282139,-0.042977,-0.027279,30308.1,0.05,0.23495,0.592482
