tmp.site,tmp.area,Lb,X1,Wb,POR,ALPHA,BETA,Ks,Kb,Kz,Qthresh,Rs,Rb1,Rb2,Prec,Frac4Rise,Error,BFF
02274490,8.13256e+07,30876.4,100,118.352,0.15,0.016335,1,134.585,45222.7,0.994997,12281.8,-0.149565,-0.087229,-0.145541,24.4657,0.05,11.7013,0.294211
