tmp.site,tmp.area,Lb,X1,Wb,POR,ALPHA,BETA,Ks,Kb,Kz,Qthresh,Rs,Rb1,Rb2,Prec,Frac4Rise,Error,BFF
13245000,1.59543e+09,26093,27.4797,3608.2,0.15,0.010336,0.9,185.165,2526.12,0.925253,574944,-0.012583,-0.034607,-0.072999,13700.8,0.05,1.47543,0.683421
