tmp.site,tmp.area,Lb,X1,Wb,POR,ALPHA,BETA,Ks,Kb,Kz,Qthresh,Rs,Rb1,Rb2,Prec,Frac4Rise,Error,BFF
07364150,1.49183e+09,11022.6,439.798,16732,0.15,0.052125,0.9,4764.59,55216.4,0.200364,46484.9,-0.081259,-0.045523,-0.076899,685.04,0.05,0.657439,0.53755
