tmp.site,tmp.area,Lb,X1,Wb,POR,ALPHA,BETA,Ks,Kb,Kz,Qthresh,Rs,Rb1,Rb2,Prec,Frac4Rise,Error,BFF
03292475,2.61589e+07,3296.07,244.958,268.775,0.15,0.027767,1,421.693,12393.4,1.12461,4648.49,-0.302439,-0.088328,-0.085037,88.0766,0.05,0.460586,0.337117
