tmp.site,tmp.area,Lb,X1,Wb,POR,ALPHA,BETA,Ks,Kb,Kz,Qthresh,Rs,Rb1,Rb2,Prec,Frac4Rise,Error,BFF
01467019,1.06708e+07,3558.99,904.297,184.885,0.15,0.018306,1.4,441.458,9637.08,0.119983,3669.86,-0.340362,-0.107342,-0.063091,55.317,0.05,0.433048,0.261831
