tmp.site,tmp.area,Lb,X1,Wb,POR,ALPHA,BETA,Ks,Kb,Kz,Qthresh,Rs,Rb1,Rb2,Prec,Frac4Rise,Error,BFF
07165562,4.63608e+07,4317.71,100,134.646,0.15,0.011337,1,1044.86,15644,1.02221,10520.3,-0.515327,-0.141245,-0.233089,24.4657,0.05,3.56998,0.064714
