tmp.site,tmp.area,Lb,X1,Wb,POR,ALPHA,BETA,Ks,Kb,Kz,Qthresh,Rs,Rb1,Rb2,Prec,Frac4Rise,Error,BFF
07141200,5.56329e+09,7770.67,59.7333,331.676,0.15,0.008602,0.9,8151.14,1584.62,1.05021,129424,-0.202733,-0.112306,-0.195513,24.4657,0.05,77.3017,0.052901
