tmp.site,tmp.area,Lb,X1,Wb,POR,ALPHA,BETA,Ks,Kb,Kz,Qthresh,Rs,Rb1,Rb2,Prec,Frac4Rise,Error,BFF
03308500,4.33305e+09,11828.1,125.356,2077.96,0.15,0.013086,1.1,4767.64,15832.1,2.22533,420810,-0.119508,-0.085903,-0.066332,23242.4,0.05,0.4301,0.338847
