tmp.site,tmp.area,Lb,X1,Wb,POR,ALPHA,BETA,Ks,Kb,Kz,Qthresh,Rs,Rb1,Rb2,Prec,Frac4Rise,Error,BFF
11048175,5.43898e+06,9749.86,100,10.4645,0.15,0.00906,1,370.418,489.053,0.033307,73.3971,-0.346574,-0.143258,-0.1,24.4657,0.05,0.319117,0.019397
