tmp.site,tmp.area,Lb,X1,Wb,POR,ALPHA,BETA,Ks,Kb,Kz,Qthresh,Rs,Rb1,Rb2,Prec,Frac4Rise,Error,BFF
06091700,6.47497e+08,48813.6,52.41,620.458,0.15,0.013397,1,680.945,18325.5,1.03347,119882,-0.111572,-0.036289,-0.039648,3669.86,0.05,0.390561,0.535781
