tmp.site,tmp.area,Lb,X1,Wb,POR,ALPHA,BETA,Ks,Kb,Kz,Qthresh,Rs,Rb1,Rb2,Prec,Frac4Rise,Error,BFF
01388000,4.14398e+08,11393.8,100,955.448,0.15,0.01673,1,1723.26,14216.4,0.925166,200619,-0.202733,-0.058583,-0.063577,1761.53,0.05,0.876374,0.457755
