tmp.site,tmp.area,Lb,X1,Wb,POR,ALPHA,BETA,Ks,Kb,Kz,Qthresh,Rs,Rb1,Rb2,Prec,Frac4Rise,Error,BFF
01377500,7.66636e+07,11142.8,100,394.343,0.15,0.006194,1,798.872,6077.26,0.937455,106671,-0.182897,-0.053885,-0.051882,2373.17,0.05,0.311142,0.455834
