tmp.site,tmp.area,Lb,X1,Wb,POR,ALPHA,BETA,Ks,Kb,Kz,Qthresh,Rs,Rb1,Rb2,Prec,Frac4Rise,Error,BFF
09521100,6.38432e+11,443265,56.7144,1844.54,0.15,0.004668,0.9,5062.42,18826,0.857103,4.3549e+06,-0.041291,-0.028697,-0.039544,115182,0.05,0.344755,0.455217
