tmp.site,tmp.area,Lb,X1,Wb,POR,ALPHA,BETA,Ks,Kb,Kz,Qthresh,Rs,Rb1,Rb2,Prec,Frac4Rise,Error,BFF
01434025,9.63476e+06,8593.62,1.51746,195.015,0.15,0.015206,2.1,334.99,94.9464,0.45154,5382.46,-0.397855,-0.068226,-0.04001,129.668,0.05,0.333645,0.46528
