tmp.site,tmp.area,Lb,X1,Wb,POR,ALPHA,BETA,Ks,Kb,Kz,Qthresh,Rs,Rb1,Rb2,Prec,Frac4Rise,Error,BFF
03021350,2.38279e+08,14705.3,0.628622,670.208,0.15,0.010997,1.2,3077.25,162.016,1.07526,24465.7,-0.326884,-0.101435,-0.074354,1516.87,0.05,0.407246,0.347825
