tmp.site,tmp.area,Lb,X1,Wb,POR,ALPHA,BETA,Ks,Kb,Kz,Qthresh,Rs,Rb1,Rb2,Prec,Frac4Rise,Error,BFF
02308889,3.62598e+07,12969.3,100,138.394,0.15,0.054722,1,393.926,20005.7,0.988001,36698.6,-0.105215,-0.078236,-0.1244,24.4657,0.05,6.92372,0.231195
