tmp.site,tmp.area,Lb,X1,Wb,POR,ALPHA,BETA,Ks,Kb,Kz,Qthresh,Rs,Rb1,Rb2,Prec,Frac4Rise,Error,BFF
06711040,1.31053e+08,29311.4,21.2481,46.1303,0.15,0.015003,0.9,346.787,4041.6,0.935582,6214.29,-0.111572,-0.058939,-0.102229,41.5917,0.05,0.715589,0.133745
