tmp.site,tmp.area,Lb,X1,Wb,POR,ALPHA,BETA,Ks,Kb,Kz,Qthresh,Rs,Rb1,Rb2,Prec,Frac4Rise,Error,BFF
06438000,1.81403e+10,24912.8,36.554,959.131,0.15,0.00594,1,3508.74,9659.91,1.11474,758437,-0.133735,-0.066054,-0.067459,415.917,0.05,1.38393,0.294117
