tmp.site,tmp.area,Lb,X1,Wb,POR,ALPHA,BETA,Ks,Kb,Kz,Qthresh,Rs,Rb1,Rb2,Prec,Frac4Rise,Error,BFF
02153200,3.41878e+09,16028.7,100,2760.45,0.15,0.010343,1,6365.54,11700.5,0.981621,1.91567e+06,-0.176816,-0.046929,-0.048133,52425.1,0.05,0.280756,0.5483
