tmp.site,tmp.area,Lb,X1,Wb,POR,ALPHA,BETA,Ks,Kb,Kz,Qthresh,Rs,Rb1,Rb2,Prec,Frac4Rise,Error,BFF
021622847,7.84766e+06,5676.44,100,252.745,0.15,0.011002,1,358.268,3451.28,0.424964,6659.57,-0.455192,-0.070481,-0.028563,540.692,0.05,0.306692,0.451253
