tmp.site,tmp.area,Lb,X1,Wb,POR,ALPHA,BETA,Ks,Kb,Kz,Qthresh,Rs,Rb1,Rb2,Prec,Frac4Rise,Error,BFF
12076800,1.4219e+08,27444.5,100,422.133,0.15,0.010954,1,401.087,6736.22,0.974551,84896,-0.162492,-0.04258,-0.010996,7902.43,0.05,0.30055,0.469614
