tmp.site,tmp.area,Lb,X1,Wb,POR,ALPHA,BETA,Ks,Kb,Kz,Qthresh,Rs,Rb1,Rb2,Prec,Frac4Rise,Error,BFF
11160500,2.74539e+08,18514.9,100,489.89,0.15,0.00962,1,926.139,3546.92,0.953093,20971.5,-0.239787,-0.049206,-0.013331,1944.54,0.05,0.342608,0.244296
