tmp.site,tmp.area,Lb,X1,Wb,POR,ALPHA,BETA,Ks,Kb,Kz,Qthresh,Rs,Rb1,Rb2,Prec,Frac4Rise,Error,BFF
06166000,3.1054e+09,13956.6,100,911.516,0.15,0.030817,1,3301.48,24250.1,0.970895,124100,-0.108268,-0.103564,-0.18829,24.4657,0.05,26.5029,0.242549
