tmp.site,tmp.area,Lb,X1,Wb,POR,ALPHA,BETA,Ks,Kb,Kz,Qthresh,Rs,Rb1,Rb2,Prec,Frac4Rise,Error,BFF
06893750,3.52238e+07,10504.7,100,88.0146,0.15,0.013419,1,636.844,15649.7,0.928472,4795.28,-0.336255,-0.098496,-0.141748,25.322,0.05,0.82486,0.119947
