tmp.site,tmp.area,Lb,X1,Wb,POR,ALPHA,BETA,Ks,Kb,Kz,Qthresh,Rs,Rb1,Rb2,Prec,Frac4Rise,Error,BFF
02234500,6.68735e+09,58860.6,38.947,11533.6,0.15,0.023548,0.9,2289.05,6850.19,1.02505,6.09196e+06,-0.096688,-0.032202,-0.0832,15804.9,0.05,1.2068,0.727352
