tmp.site,tmp.area,Lb,X1,Wb,POR,ALPHA,BETA,Ks,Kb,Kz,Qthresh,Rs,Rb1,Rb2,Prec,Frac4Rise,Error,BFF
09502000,1.61408e+10,13837.4,133.736,4445.55,0.15,0.021509,0.9,2193.07,25506,0.892956,83183.4,-0.058892,-0.037763,-0.21018,24.4657,0.05,235.479,0.650703
