tmp.site,tmp.area,Lb,X1,Wb,POR,ALPHA,BETA,Ks,Kb,Kz,Qthresh,Rs,Rb1,Rb2,Prec,Frac4Rise,Error,BFF
02294290,1.57989e+08,24122.3,368.092,387.064,0.15,0.093892,0.9,85.3609,97276.7,1.10778,18160.7,-0.101144,-0.043425,-0.064847,47.5613,0.05,0.508963,0.514455
