tmp.site,tmp.area,Lb,X1,Wb,POR,ALPHA,BETA,Ks,Kb,Kz,Qthresh,Rs,Rb1,Rb2,Prec,Frac4Rise,Error,BFF
04249200,2.13674e+08,23991.2,59.5336,600.659,0.15,0.012401,1,2746.71,24071.9,0.970908,315608,-0.233057,-0.080497,-0.083731,1832.24,0.05,0.489676,0.312915
