tmp.site,tmp.area,Lb,X1,Wb,POR,ALPHA,BETA,Ks,Kb,Kz,Qthresh,Rs,Rb1,Rb2,Prec,Frac4Rise,Error,BFF
10336645,1.92695e+07,11231.9,100,177.664,0.15,0.007007,1,59.0775,10470,0.547164,2446.57,-0.111572,-0.058753,-0.02776,119.882,0.05,0.434084,0.262113
