tmp.site,tmp.area,Lb,X1,Wb,POR,ALPHA,BETA,Ks,Kb,Kz,Qthresh,Rs,Rb1,Rb2,Prec,Frac4Rise,Error,BFF
09288000,3.62598e+08,3.27275e+06,100,58.7619,0.15,0.013731,1,24927.5,7.79609,0.802483,109606,-0.100335,-0.020563,-0.016309,2446.57,0.05,0.551897,0.285292
