tmp.site,tmp.area,Lb,X1,Wb,POR,ALPHA,BETA,Ks,Kb,Kz,Qthresh,Rs,Rb1,Rb2,Prec,Frac4Rise,Error,BFF
07195500,1.63169e+09,13874.1,25.0819,1561.16,0.15,0.007689,5.6,2635.31,111.551,0.83944,310715,-0.149497,-0.067638,-0.035465,11988.2,0.05,0.3384,0.422681
