tmp.site,tmp.area,Lb,X1,Wb,POR,ALPHA,BETA,Ks,Kb,Kz,Qthresh,Rs,Rb1,Rb2,Prec,Frac4Rise,Error,BFF
041590774,1.90491e+08,6301.24,100,462.194,0.15,0.018447,1,728.203,13468.3,0.893613,60430.3,-0.192633,-0.080492,-0.074938,86.364,0.05,0.492661,0.407993
