tmp.site,tmp.area,Lb,X1,Wb,POR,ALPHA,BETA,Ks,Kb,Kz,Qthresh,Rs,Rb1,Rb2,Prec,Frac4Rise,Error,BFF
03372500,1.11887e+09,32413.8,100,586.022,0.15,0.002605,1,86.5601,183.692,0.87107,919911,-0.004952,-0.085605,-0.085443,244.657,0.05,15.5016,0.088761
