tmp.site,tmp.area,Lb,X1,Wb,POR,ALPHA,BETA,Ks,Kb,Kz,Qthresh,Rs,Rb1,Rb2,Prec,Frac4Rise,Error,BFF
03034000,4.09218e+08,16059.7,75.5317,968.114,0.15,0.01102,2.6,2366.05,3861.1,0.929867,48931.4,-0.227573,-0.070431,-0.036431,4648.49,0.05,0.313271,0.498556
