tmp.site,tmp.area,Lb,X1,Wb,POR,ALPHA,BETA,Ks,Kb,Kz,Qthresh,Rs,Rb1,Rb2,Prec,Frac4Rise,Error,BFF
08063100,8.62466e+08,5038.6,131.415,570.472,0.15,0.013549,0.9,288.182,16899.2,0.904344,196900,-0.016461,-0.109351,-0.281108,24.4657,0.05,31.0486,0.103023
