tmp.site,tmp.area,Lb,X1,Wb,POR,ALPHA,BETA,Ks,Kb,Kz,Qthresh,Rs,Rb1,Rb2,Prec,Frac4Rise,Error,BFF
03146500,1.39082e+09,6496.39,100,1457.09,0.15,0.007148,1,4413.73,5120.08,0.931876,147284,-0.22668,-0.096486,-0.035168,10764.9,0.05,0.402186,0.269604
