tmp.site,tmp.area,Lb,X1,Wb,POR,ALPHA,BETA,Ks,Kb,Kz,Qthresh,Rs,Rb1,Rb2,Prec,Frac4Rise,Error,BFF
14211550,1.3771e+08,7985.79,100,457.816,0.15,0.005433,1,197.861,4235.25,0.987433,31560.8,-0.248983,-0.083933,-0.026457,2666.76,0.05,0.368273,0.330535
