tmp.site,tmp.area,Lb,X1,Wb,POR,ALPHA,BETA,Ks,Kb,Kz,Qthresh,Rs,Rb1,Rb2,Prec,Frac4Rise,Error,BFF
07176950,2.97849e+08,4761.34,0.297383,485.067,0.15,0.007565,1.2,2831.36,44.8151,1.18675,11523.4,-0.238173,-0.165837,-0.105775,61.3845,0.05,0.690369,0.113579
