tmp.site,tmp.area,Lb,X1,Wb,POR,ALPHA,BETA,Ks,Kb,Kz,Qthresh,Rs,Rb1,Rb2,Prec,Frac4Rise,Error,BFF
0347927162,8.18436e+06,7215.84,108.788,158.886,0.15,0.037028,1.2,149.396,19028.3,0.589815,2244.97,-0.122378,-0.092678,-0.069788,56.2711,0.05,0.369373,0.457765
