tmp.site,tmp.area,Lb,X1,Wb,POR,ALPHA,BETA,Ks,Kb,Kz,Qthresh,Rs,Rb1,Rb2,Prec,Frac4Rise,Error,BFF
01505000,6.81167e+08,30420.9,72.2457,1192.69,0.15,0.013438,1.8,1989.02,12927,0.60575,58717.7,-0.184874,-0.052297,-0.032064,6361.09,0.05,0.307742,0.589509
