tmp.site,tmp.area,Lb,X1,Wb,POR,ALPHA,BETA,Ks,Kb,Kz,Qthresh,Rs,Rb1,Rb2,Prec,Frac4Rise,Error,BFF
02186000,2.74539e+08,41760.6,491.721,581.055,0.15,0.008857,5.5,1354.33,4122.86,1.55734,337627,-0.332535,-0.04858,-0.03302,6997.19,0.05,0.278465,0.530574
