tmp.site,tmp.area,Lb,X1,Wb,POR,ALPHA,BETA,Ks,Kb,Kz,Qthresh,Rs,Rb1,Rb2,Prec,Frac4Rise,Error,BFF
11456000,2.04091e+08,18704.7,68.4681,318.194,0.15,0.016873,1.1,871.575,8464.42,1.07428,29358.9,-0.202733,-0.076213,-0.053006,24.4657,0.05,3.43227,0.188763
