tmp.site,tmp.area,Lb,X1,Wb,POR,ALPHA,BETA,Ks,Kb,Kz,Qthresh,Rs,Rb1,Rb2,Prec,Frac4Rise,Error,BFF
07027720,1.85961e+09,6985.55,1488.51,2841.54,0.15,0.002598,10.1,4588.57,333.005,1.67909,449313,-0.111572,-0.109858,-0.055911,46484.9,0.05,0.322837,0.288398
