tmp.site,tmp.area,Lb,X1,Wb,POR,ALPHA,BETA,Ks,Kb,Kz,Qthresh,Rs,Rb1,Rb2,Prec,Frac4Rise,Error,BFF
08093100,7.05616e+10,8850.4,120.105,4164.18,0.15,0.014442,0.9,11124,20323.9,1.02773,66791.4,-0.066833,-0.085599,-0.160331,3180.54,0.05,2.69859,0.346226
