tmp.site,tmp.area,Lb,X1,Wb,POR,ALPHA,BETA,Ks,Kb,Kz,Qthresh,Rs,Rb1,Rb2,Prec,Frac4Rise,Error,BFF
13032500,1.35327e+10,80854.7,40.2255,7057.73,0.15,0.007562,0.9,508.911,10541.6,0.973673,1.77866e+06,-0.009681,-0.018924,-0.030235,184354,0.05,0.459043,0.704104
