tmp.site,tmp.area,Lb,X1,Wb,POR,ALPHA,BETA,Ks,Kb,Kz,Qthresh,Rs,Rb1,Rb2,Prec,Frac4Rise,Error,BFF
06775500,4.73968e+09,1.35811e+07,100,111.337,0.15,0.048722,1,2948.79,11.2338,0.952915,1.1401e+06,-0.055062,-0.008389,-0.011994,80736.9,0.05,0.136198,0.830369
