tmp.site,tmp.area,Lb,X1,Wb,POR,ALPHA,BETA,Ks,Kb,Kz,Qthresh,Rs,Rb1,Rb2,Prec,Frac4Rise,Error,BFF
07340300,2.32063e+08,5977.73,100,682.747,0.15,0.009127,1,2032.22,7040.08,0.98434,24465.7,-0.244633,-0.141571,-0.04762,2201.91,0.05,0.416226,0.203009
