tmp.site,tmp.area,Lb,X1,Wb,POR,ALPHA,BETA,Ks,Kb,Kz,Qthresh,Rs,Rb1,Rb2,Prec,Frac4Rise,Error,BFF
11244050,1.4737e+08,212177,100,24.4722,0.15,0.010414,1,185.959,626.715,0.221797,9150.18,-0.058892,-0.008479,-0.011487,660.574,0.05,0.139435,0.802557
