tmp.site,tmp.area,Lb,X1,Wb,POR,ALPHA,BETA,Ks,Kb,Kz,Qthresh,Rs,Rb1,Rb2,Prec,Frac4Rise,Error,BFF
01661050,4.79148e+07,15398,163.566,113.968,0.15,0.047052,0.9,702.213,31892.3,0.980983,46729.5,-0.390349,-0.063858,-0.104317,24.4657,0.05,0.853608,0.269983
