tmp.site,tmp.area,Lb,X1,Wb,POR,ALPHA,BETA,Ks,Kb,Kz,Qthresh,Rs,Rb1,Rb2,Prec,Frac4Rise,Error,BFF
07287400,2.28178e+08,2166.95,567.831,1699.13,0.15,0.00459,3,3350.76,111.01,0.887756,68504,-0.423649,-0.173486,-0.036467,4403.83,0.05,0.349373,0.207965
