tmp.site,tmp.area,Lb,X1,Wb,POR,ALPHA,BETA,Ks,Kb,Kz,Qthresh,Rs,Rb1,Rb2,Prec,Frac4Rise,Error,BFF
13062500,2.57704e+10,69402.1,93.7568,17983.6,0.15,0.008771,0.9,2453.59,56040.6,0.934467,1.05447e+07,-0.041081,-0.034231,-0.047984,198417,0.05,0.392604,0.882485
