tmp.site,tmp.area,Lb,X1,Wb,POR,ALPHA,BETA,Ks,Kb,Kz,Qthresh,Rs,Rb1,Rb2,Prec,Frac4Rise,Error,BFF
01208925,7.40737e+07,10419.2,100,432.906,0.15,0.021377,1,735.137,13897.1,0.95038,4403.83,-0.217196,-0.0587,-0.061682,366.986,0.05,0.400023,0.47121
