tmp.site,tmp.area,Lb,X1,Wb,POR,ALPHA,BETA,Ks,Kb,Kz,Qthresh,Rs,Rb1,Rb2,Prec,Frac4Rise,Error,BFF
01651003,1.32866e+08,12195.6,100,209.939,0.15,0.012565,1,2998.39,8101.65,0.941946,11841.4,-0.815853,-0.089763,-0.083022,1138.15,0.05,0.419684,0.231352
