tmp.site,tmp.area,Lb,X1,Wb,POR,ALPHA,BETA,Ks,Kb,Kz,Qthresh,Rs,Rb1,Rb2,Prec,Frac4Rise,Error,BFF
08150000,4.80184e+09,36440.9,100,779.095,0.15,0.009668,1,650.073,1579.47,0.985264,445276,-0.120834,-0.023834,-0.015767,4176.3,0.05,0.355505,0.340315
