tmp.site,tmp.area,Lb,X1,Wb,POR,ALPHA,BETA,Ks,Kb,Kz,Qthresh,Rs,Rb1,Rb2,Prec,Frac4Rise,Error,BFF
04159046,3.28928e+08,17767.5,100,431.455,0.15,0.016574,1,1538.1,17903.6,1.00028,63498.3,-0.127584,-0.082221,-0.075093,359.279,0.05,0.415636,0.295895
