tmp.site,tmp.area,Lb,X1,Wb,POR,ALPHA,BETA,Ks,Kb,Kz,Qthresh,Rs,Rb1,Rb2,Prec,Frac4Rise,Error,BFF
01480500,1.18621e+08,19723.9,100,292.863,0.15,0.014531,1,597.378,11447,0.976832,23731.7,-0.346574,-0.061746,-0.040466,2194.57,0.05,0.288152,0.44528
