tmp.site,tmp.area,Lb,X1,Wb,POR,ALPHA,BETA,Ks,Kb,Kz,Qthresh,Rs,Rb1,Rb2,Prec,Frac4Rise,Error,BFF
07126300,4.95724e+09,67358,3.53059,201.217,0.15,0.012097,0.9,5545.79,63.2318,1.26181,107649,-0.143841,-0.064103,-0.121737,24.4657,0.05,36.3523,0.21441
