tmp.site,tmp.area,Lb,X1,Wb,POR,ALPHA,BETA,Ks,Kb,Kz,Qthresh,Rs,Rb1,Rb2,Prec,Frac4Rise,Error,BFF
02216180,1.27427e+08,10688.7,210.092,463.556,0.15,0.038578,0.9,701.739,44404.3,1.0342,103001,-0.179224,-0.084891,-0.226232,24.4657,0.05,14.0521,0.344434
