tmp.site,tmp.area,Lb,X1,Wb,POR,ALPHA,BETA,Ks,Kb,Kz,Qthresh,Rs,Rb1,Rb2,Prec,Frac4Rise,Error,BFF
12465000,2.69877e+09,141236,100,162.653,0.15,0.034419,1,2261.6,14928.6,0.981527,7657.77,-0.114156,-0.022612,-0.021854,73.3971,0.05,0.839845,0.147495
