tmp.site,tmp.area,Lb,X1,Wb,POR,ALPHA,BETA,Ks,Kb,Kz,Qthresh,Rs,Rb1,Rb2,Prec,Frac4Rise,Error,BFF
05592800,3.93678e+08,9764.63,6.92989,486.944,0.15,0.007775,1.1,3606.94,1270.45,1.13551,24465.7,-0.346574,-0.138848,-0.109381,68.504,0.05,0.636729,0.141581
