tmp.site,tmp.area,Lb,X1,Wb,POR,ALPHA,BETA,Ks,Kb,Kz,Qthresh,Rs,Rb1,Rb2,Prec,Frac4Rise,Error,BFF
11451300,3.13389e+08,23688.5,8.23438,265.129,0.15,0.003074,0.9,97.0607,127.43,1.10071,51378,-0.011765,-0.044897,-0.09926,1213.87,0.05,0.79671,0.068578
