tmp.site,tmp.area,Lb,X1,Wb,POR,ALPHA,BETA,Ks,Kb,Kz,Qthresh,Rs,Rb1,Rb2,Prec,Frac4Rise,Error,BFF
10287262,3.96268e+07,56439.1,8.65975,189.083,0.15,0.015231,0.8,114.344,282.336,0.335557,34252,-0.041682,-0.023827,-0.092723,172.483,0.05,1.80189,0.629037
