tmp.site,tmp.area,Lb,X1,Wb,POR,ALPHA,BETA,Ks,Kb,Kz,Qthresh,Rs,Rb1,Rb2,Prec,Frac4Rise,Error,BFF
08092000,7.30377e+08,8735.67,16.5269,535.534,0.15,0.010848,1,2912.2,2746.81,1.43722,34741.3,-0.290178,-0.105554,-0.110002,24.4657,0.05,4.04143,0.13346
