tmp.site,tmp.area,Lb,X1,Wb,POR,ALPHA,BETA,Ks,Kb,Kz,Qthresh,Rs,Rb1,Rb2,Prec,Frac4Rise,Error,BFF
05107500,2.82309e+09,35337.4,100,1968.57,0.15,0.041021,1,1318.11,15869.6,0.965086,24074.3,-0.066766,-0.045154,-0.056479,149.706,0.05,1.64179,0.354837
