tmp.site,tmp.area,Lb,X1,Wb,POR,ALPHA,BETA,Ks,Kb,Kz,Qthresh,Rs,Rb1,Rb2,Prec,Frac4Rise,Error,BFF
13014300,1.05516e+09,109284,100,268.781,0.15,0.009907,1,346.07,1996.43,0.889299,222149,-0.057109,-0.028487,-0.018627,17835.5,0.05,0.173858,0.35567
