tmp.site,tmp.area,Lb,X1,Wb,POR,ALPHA,BETA,Ks,Kb,Kz,Qthresh,Rs,Rb1,Rb2,Prec,Frac4Rise,Error,BFF
06906150,5.95697e+07,3134.57,127.241,173.668,0.15,0.013073,1,596.676,16271.1,1.0251,1052.03,-0.256156,-0.177482,-0.17332,24.4657,0.05,0.957221,0.077996
