tmp.site,tmp.area,Lb,X1,Wb,POR,ALPHA,BETA,Ks,Kb,Kz,Qthresh,Rs,Rb1,Rb2,Prec,Frac4Rise,Error,BFF
02334653,2.82309e+09,12050.6,100,3600.91,0.15,0.010249,1,958.091,13188.5,1.10096,1.65878e+06,-0.049063,-0.049391,-0.074975,150435,0.05,0.542539,0.794634
