tmp.site,tmp.area,Lb,X1,Wb,POR,ALPHA,BETA,Ks,Kb,Kz,Qthresh,Rs,Rb1,Rb2,Prec,Frac4Rise,Error,BFF
06221400,2.2766e+08,41336.5,100,292.745,0.15,0.009667,1,158.42,27464.8,1.00391,22753.1,-0.128461,-0.034262,-0.024291,733.971,0.05,0.360619,0.385771
