tmp.site,tmp.area,Lb,X1,Wb,POR,ALPHA,BETA,Ks,Kb,Kz,Qthresh,Rs,Rb1,Rb2,Prec,Frac4Rise,Error,BFF
04178000,1.57989e+09,26210.9,68.1313,919.399,0.15,0.012397,1.7,2095.5,10154.9,0.989356,56271.1,-0.090106,-0.075486,-0.044876,5871.77,0.05,0.397427,0.418081
