tmp.site,tmp.area,Lb,X1,Wb,POR,ALPHA,BETA,Ks,Kb,Kz,Qthresh,Rs,Rb1,Rb2,Prec,Frac4Rise,Error,BFF
01391000,4.24758e+07,16655.4,100,247.078,0.15,0.01698,1,395.851,10191.1,0.798599,49910.1,-0.414936,-0.055316,-0.04742,1198.82,0.05,0.298953,0.482426
