tmp.site,tmp.area,Lb,X1,Wb,POR,ALPHA,BETA,Ks,Kb,Kz,Qthresh,Rs,Rb1,Rb2,Prec,Frac4Rise,Error,BFF
10102250,1.34498e+10,25797.5,81.5931,5076.65,0.15,0.010232,0.8,1560.12,12560.1,0.969822,2.40557e+06,-0.065372,-0.02752,-0.05262,57244.9,0.05,0.381097,0.814242
