tmp.site,tmp.area,Lb,X1,Wb,POR,ALPHA,BETA,Ks,Kb,Kz,Qthresh,Rs,Rb1,Rb2,Prec,Frac4Rise,Error,BFF
04065650,1.00751e+09,19393.1,1917.43,1048.74,0.15,0.009007,2.2,912.614,1869.31,0.457199,251997,-0.053329,-0.044853,-0.02875,10868.6,0.05,0.356914,0.397158
