tmp.site,tmp.area,Lb,X1,Wb,POR,ALPHA,BETA,Ks,Kb,Kz,Qthresh,Rs,Rb1,Rb2,Prec,Frac4Rise,Error,BFF
08075000,2.4579e+08,7438.91,100,694.919,0.15,0.01059,1,2153.4,8330.22,1.01026,296035,-0.38107,-0.093167,-0.155944,244.657,0.05,0.934297,0.261968
