tmp.site,tmp.area,Lb,X1,Wb,POR,ALPHA,BETA,Ks,Kb,Kz,Qthresh,Rs,Rb1,Rb2,Prec,Frac4Rise,Error,BFF
05327000,6.16417e+08,16344.1,100,628.698,0.15,0.020601,1,555.094,23045.9,0.897179,11816.9,-0.100613,-0.051774,-0.051038,269.123,0.05,0.547799,0.46075
