tmp.site,tmp.area,Lb,X1,Wb,POR,ALPHA,BETA,Ks,Kb,Kz,Qthresh,Rs,Rb1,Rb2,Prec,Frac4Rise,Error,BFF
04168580,2.58999e+07,7042.32,100,65.7351,0.15,0.027219,1,436.575,14621.6,0.980649,3816.65,-0.430642,-0.109902,-0.141274,53.8246,0.05,0.519893,0.180668
