tmp.site,tmp.area,Lb,X1,Wb,POR,ALPHA,BETA,Ks,Kb,Kz,Qthresh,Rs,Rb1,Rb2,Prec,Frac4Rise,Error,BFF
12330000,1.82594e+08,107448,100,116.911,0.15,0.016556,1,259.544,2137.53,0.834983,78290.3,-0.104273,-0.030416,-0.026292,1590.27,0.05,0.437598,0.31771
