tmp.site,tmp.area,Lb,X1,Wb,POR,ALPHA,BETA,Ks,Kb,Kz,Qthresh,Rs,Rb1,Rb2,Prec,Frac4Rise,Error,BFF
02110550,3.23749e+09,13192.1,98.7402,3650.53,0.15,0.010738,0.9,1674.33,12382.7,1.0289,4.01238e+06,-0.065655,-0.044254,-0.068302,10434.1,0.05,0.748287,0.506752
