tmp.site,tmp.area,Lb,X1,Wb,POR,ALPHA,BETA,Ks,Kb,Kz,Qthresh,Rs,Rb1,Rb2,Prec,Frac4Rise,Error,BFF
02097314,1.9658e+08,5216.58,98.3766,483.178,0.15,0.007205,1,1622.32,3501.85,0.977605,43059.7,-0.205084,-0.09746,-0.094564,2006.19,0.05,0.410524,0.20269
