tmp.site,tmp.area,Lb,X1,Wb,POR,ALPHA,BETA,Ks,Kb,Kz,Qthresh,Rs,Rb1,Rb2,Prec,Frac4Rise,Error,BFF
05275000,1.4478e+09,29936.6,1770.69,991.56,0.15,0.007329,9.8,675.315,2697.26,0.926488,570051,-0.066766,-0.033425,-0.020558,6605.74,0.05,0.372819,0.523738
