tmp.site,tmp.area,Lb,X1,Wb,POR,ALPHA,BETA,Ks,Kb,Kz,Qthresh,Rs,Rb1,Rb2,Prec,Frac4Rise,Error,BFF
01381900,9.03906e+08,20929.5,0.044995,1032.23,0.15,0.011681,1,1942.4,9.67014,0.993409,327841,-0.103936,-0.056839,-0.061654,20551.2,0.05,0.344131,0.450184
