tmp.site,tmp.area,Lb,X1,Wb,POR,ALPHA,BETA,Ks,Kb,Kz,Qthresh,Rs,Rb1,Rb2,Prec,Frac4Rise,Error,BFF
0112779610,7.14837e+06,4593.68,100,145.105,0.15,0.02894,1,134.742,4814.11,0.240969,6640,-0.172587,-0.047616,-0.087838,24.4657,0.05,1.92546,0.531603
