tmp.site,tmp.area,Lb,X1,Wb,POR,ALPHA,BETA,Ks,Kb,Kz,Qthresh,Rs,Rb1,Rb2,Prec,Frac4Rise,Error,BFF
01510000,3.80728e+08,12317.3,611.216,857.869,0.15,0.013212,1.1,1371.06,83977,1.14063,23299.9,-0.2328,-0.068864,-0.037037,2691.23,0.05,0.339247,0.453619
