tmp.site,tmp.area,Lb,X1,Wb,POR,ALPHA,BETA,Ks,Kb,Kz,Qthresh,Rs,Rb1,Rb2,Prec,Frac4Rise,Error,BFF
02450825,2.61589e+08,13894.6,9.94533,794.305,0.15,0.009637,2.3,3141.64,341.644,1.06677,30337.5,-0.314649,-0.084207,-0.046085,3180.54,0.05,0.334966,0.394265
