tmp.site,tmp.area,Lb,X1,Wb,POR,ALPHA,BETA,Ks,Kb,Kz,Qthresh,Rs,Rb1,Rb2,Prec,Frac4Rise,Error,BFF
02208130,1.41413e+07,14861.8,56.7399,132.728,0.15,0.049168,0.9,787.075,3034.71,0.589952,12991.3,-0.583966,-0.065916,-0.152398,24.4657,0.05,1.98561,0.285255
