tmp.site,tmp.area,Lb,X1,Wb,POR,ALPHA,BETA,Ks,Kb,Kz,Qthresh,Rs,Rb1,Rb2,Prec,Frac4Rise,Error,BFF
01400500,1.26909e+09,15787.7,100,1337.85,0.15,0.009322,1,5217.56,10959.7,0.92293,137008,-0.254655,-0.072887,-0.051347,15168.7,0.05,0.34261,0.386962
