tmp.site,tmp.area,Lb,X1,Wb,POR,ALPHA,BETA,Ks,Kb,Kz,Qthresh,Rs,Rb1,Rb2,Prec,Frac4Rise,Error,BFF
072632971,6.47497e+06,6137.1,100,43.054,0.15,0.040028,1,295.786,13328.3,0.736144,5994.1,-0.228177,-0.13361,-0.174125,24.4657,0.05,0.733978,0.117157
