tmp.site,tmp.area,Lb,X1,Wb,POR,ALPHA,BETA,Ks,Kb,Kz,Qthresh,Rs,Rb1,Rb2,Prec,Frac4Rise,Error,BFF
06422500,2.43977e+08,6099.38,662.746,842.602,0.15,0.01074,1,1053.2,22406.8,0.744627,24465.7,-0.129756,-0.02952,-0.025595,318.054,0.05,0.342907,0.529544
