tmp.site,tmp.area,Lb,X1,Wb,POR,ALPHA,BETA,Ks,Kb,Kz,Qthresh,Rs,Rb1,Rb2,Prec,Frac4Rise,Error,BFF
11202710,2.20926e+08,13167.7,194.551,622.537,0.15,0.023171,0.9,394.331,11977.3,0.249182,19083.3,-0.155077,-0.028481,-0.030489,1345.61,0.05,0.459114,0.468787
