tmp.site,tmp.area,Lb,X1,Wb,POR,ALPHA,BETA,Ks,Kb,Kz,Qthresh,Rs,Rb1,Rb2,Prec,Frac4Rise,Error,BFF
02208450,4.81738e+08,16441.4,100,663.852,0.15,0.01435,1,1516.15,12781.7,0.884866,234871,-0.199582,-0.056382,-0.062585,1370.08,0.05,0.397495,0.421517
