tmp.site,tmp.area,Lb,X1,Wb,POR,ALPHA,BETA,Ks,Kb,Kz,Qthresh,Rs,Rb1,Rb2,Prec,Frac4Rise,Error,BFF
12134500,1.38564e+09,10395.1,100,3119.74,0.15,0.012378,1,3956.78,3736.68,4.21565,995755,-0.183862,-0.062687,-0.026248,106181,0.05,0.316966,0.410905
