tmp.site,tmp.area,Lb,X1,Wb,POR,ALPHA,BETA,Ks,Kb,Kz,Qthresh,Rs,Rb1,Rb2,Prec,Frac4Rise,Error,BFF
08156910,2.82309e+06,6332.31,19.9184,14.0284,0.15,0.011648,1,293.981,2231.23,0.746688,342.52,-0.549306,-0.155189,-0.179246,24.4657,0.05,0.598059,0.028911
