tmp.site,tmp.area,Lb,X1,Wb,POR,ALPHA,BETA,Ks,Kb,Kz,Qthresh,Rs,Rb1,Rb2,Prec,Frac4Rise,Error,BFF
01371500,1.80004e+09,12060,100,2154.21,0.15,0.013677,1,5060.87,17112.6,1.00973,709506,-0.168236,-0.068376,-0.056417,9541.63,0.05,0.360551,0.456513
