tmp.site,tmp.area,Lb,X1,Wb,POR,ALPHA,BETA,Ks,Kb,Kz,Qthresh,Rs,Rb1,Rb2,Prec,Frac4Rise,Error,BFF
03415000,2.97849e+08,10065.1,125.215,884.263,0.15,0.013819,1.4,3523.39,14174.2,0.962497,10030.9,-0.234703,-0.102051,-0.055174,880.766,0.05,0.426421,0.319027
