tmp.site,tmp.area,Lb,X1,Wb,POR,ALPHA,BETA,Ks,Kb,Kz,Qthresh,Rs,Rb1,Rb2,Prec,Frac4Rise,Error,BFF
05338500,2.52265e+09,4033.43,0.908644,3286.09,0.15,0.004018,2.8,2387.77,1.32097,1.7978,171260,-0.066766,-0.056258,-0.029342,10275.6,0.05,0.392051,0.349083
