tmp.site,tmp.area,Lb,X1,Wb,POR,ALPHA,BETA,Ks,Kb,Kz,Qthresh,Rs,Rb1,Rb2,Prec,Frac4Rise,Error,BFF
10336698,1.56694e+07,9987.44,54.9354,205.905,0.15,0.008358,2.2,60.855,1893.96,0.287779,2397.64,-0.098643,-0.03145,-0.020226,161.474,0.05,0.339367,0.55935
