tmp.site,tmp.area,Lb,X1,Wb,POR,ALPHA,BETA,Ks,Kb,Kz,Qthresh,Rs,Rb1,Rb2,Prec,Frac4Rise,Error,BFF
07061290,2.26106e+08,15958.6,81.4626,410.296,0.15,0.00869,1.3,887.125,18170.8,1.28556,6649.78,-0.149379,-0.105704,-0.068813,595.593,0.05,0.438761,0.268442
