tmp.site,tmp.area,Lb,X1,Wb,POR,ALPHA,BETA,Ks,Kb,Kz,Qthresh,Rs,Rb1,Rb2,Prec,Frac4Rise,Error,BFF
09064600,4.81738e+08,27841.9,4001.99,363.935,0.15,0.007683,2.2,160.927,11532.6,0.177284,60919.6,-0.089364,-0.029121,-0.018155,3529.91,0.05,0.337877,0.279999
