tmp.site,tmp.area,Lb,X1,Wb,POR,ALPHA,BETA,Ks,Kb,Kz,Qthresh,Rs,Rb1,Rb2,Prec,Frac4Rise,Error,BFF
02169500,2.03314e+10,16955.2,71.1623,3697.75,0.15,0.009386,1,6059.5,10352.6,2.29499,3.79219e+06,-0.093278,-0.058567,-0.05728,305821,0.05,0.287194,0.516804
