tmp.site,tmp.area,Lb,X1,Wb,POR,ALPHA,BETA,Ks,Kb,Kz,Qthresh,Rs,Rb1,Rb2,Prec,Frac4Rise,Error,BFF
01017060,1.48147e+07,3283.53,0.32948,242.773,0.15,0.023868,1.2,322.95,7.8216,0.521014,6067.5,-0.239257,-0.056856,-0.045565,100.407,0.05,0.372271,0.426643
