tmp.site,tmp.area,Lb,X1,Wb,POR,ALPHA,BETA,Ks,Kb,Kz,Qthresh,Rs,Rb1,Rb2,Prec,Frac4Rise,Error,BFF
05437050,6.62001e+09,143087,127.647,1365.16,0.15,0.008885,2.3,1795.83,2602.45,0.118389,3.30287e+06,-0.069514,-0.031416,-0.023542,112542,0.05,0.315685,0.497098
