tmp.site,tmp.area,Lb,X1,Wb,POR,ALPHA,BETA,Ks,Kb,Kz,Qthresh,Rs,Rb1,Rb2,Prec,Frac4Rise,Error,BFF
02404400,1.24578e+09,13262.4,100,1687.55,0.15,0.00819,1,1971.99,6186.81,0.949031,264230,-0.156829,-0.059539,-0.021557,27646.3,0.05,0.27633,0.486431
