tmp.site,tmp.area,Lb,X1,Wb,POR,ALPHA,BETA,Ks,Kb,Kz,Qthresh,Rs,Rb1,Rb2,Prec,Frac4Rise,Error,BFF
06876440,1.56953e+10,15526.8,100,1096.14,0.15,0.008646,1,1016.53,6955.38,0.878343,39355.5,-0.041691,-0.05372,-0.066154,4183.64,0.05,0.722861,0.383073
