tmp.site,tmp.area,Lb,X1,Wb,POR,ALPHA,BETA,Ks,Kb,Kz,Qthresh,Rs,Rb1,Rb2,Prec,Frac4Rise,Error,BFF
01478000,5.30948e+07,5994.62,213.985,255.044,0.15,0.016375,1,703.96,9618.18,1.25089,56271.1,-0.477756,-0.086617,-0.084124,415.917,0.05,0.377439,0.276314
