tmp.site,tmp.area,Lb,X1,Wb,POR,ALPHA,BETA,Ks,Kb,Kz,Qthresh,Rs,Rb1,Rb2,Prec,Frac4Rise,Error,BFF
07235000,1.80522e+09,33670.3,40.5898,86.3096,0.15,0.023602,1,3228.03,602.415,0.969644,24343.4,-0.111572,-0.048799,-0.060781,24.4657,0.05,4.97912,0.093423
