tmp.site,tmp.area,Lb,X1,Wb,POR,ALPHA,BETA,Ks,Kb,Kz,Qthresh,Rs,Rb1,Rb2,Prec,Frac4Rise,Error,BFF
0209399200,4.11808e+07,10559.2,25.1172,160.099,0.15,0.012206,1.1,554.534,3844.99,1.10909,21089.4,-0.540184,-0.110912,-0.095378,253.245,0.05,0.389782,0.264352
