tmp.site,tmp.area,Lb,X1,Wb,POR,ALPHA,BETA,Ks,Kb,Kz,Qthresh,Rs,Rb1,Rb2,Prec,Frac4Rise,Error,BFF
06928300,4.27348e+08,15329.1,68.1717,538.851,0.15,0.010095,1.7,1088,11437.2,1.27857,37921.9,-0.134132,-0.110684,-0.048207,636.109,0.05,0.421826,0.277831
