tmp.site,tmp.area,Lb,X1,Wb,POR,ALPHA,BETA,Ks,Kb,Kz,Qthresh,Rs,Rb1,Rb2,Prec,Frac4Rise,Error,BFF
09430010,2.82309e+08,44483.1,100,68.9787,0.15,0.014834,1,578.633,1681.05,0.884225,20760.6,-0.065909,-0.038515,-0.037076,225.182,0.05,0.72789,0.180957
