tmp.site,tmp.area,Lb,X1,Wb,POR,ALPHA,BETA,Ks,Kb,Kz,Qthresh,Rs,Rb1,Rb2,Prec,Frac4Rise,Error,BFF
01512500,3.84095e+09,17555.3,14.6066,2867.65,0.15,0.009347,2.2,7071.28,535.184,2.39379,660574,-0.159125,-0.062702,-0.033948,37921.9,0.05,0.325287,0.508512
