tmp.site,tmp.area,Lb,X1,Wb,POR,ALPHA,BETA,Ks,Kb,Kz,Qthresh,Rs,Rb1,Rb2,Prec,Frac4Rise,Error,BFF
02175500,8.83186e+08,22407.3,100,724.522,0.15,0.018313,1,885.063,18969.2,0.980663,765777,-0.079236,-0.044536,-0.057361,7804.56,0.05,0.413581,0.495495
