tmp.site,tmp.area,Lb,X1,Wb,POR,ALPHA,BETA,Ks,Kb,Kz,Qthresh,Rs,Rb1,Rb2,Prec,Frac4Rise,Error,BFF
11421000,3.46799e+09,82867.1,20.1553,1696.45,0.15,0.004825,1,1265.92,5541.36,0.974165,3.86558e+06,-0.054787,-0.041721,-0.046646,10764.9,0.05,0.916152,0.446861
