tmp.site,tmp.area,Lb,X1,Wb,POR,ALPHA,BETA,Ks,Kb,Kz,Qthresh,Rs,Rb1,Rb2,Prec,Frac4Rise,Error,BFF
13159800,1.82594e+08,96057.6,100,224.727,0.15,0.026165,1,77.9799,95693,0.971599,16670.9,-0.053943,-0.041107,-0.111794,24.4657,0.05,2.45335,0.630554
