tmp.site,tmp.area,Lb,X1,Wb,POR,ALPHA,BETA,Ks,Kb,Kz,Qthresh,Rs,Rb1,Rb2,Prec,Frac4Rise,Error,BFF
05551700,1.81817e+08,35383.9,100,216.293,0.15,0.013342,1,338.796,27566.8,0.951946,35475.3,-0.168003,-0.056245,-0.041567,947.361,0.05,0.352337,0.428183
