tmp.site,tmp.area,Lb,X1,Wb,POR,ALPHA,BETA,Ks,Kb,Kz,Qthresh,Rs,Rb1,Rb2,Prec,Frac4Rise,Error,BFF
11179000,1.63946e+09,7307.99,149.82,561.9,0.15,0.008434,1,1686.29,8534.84,0.95983,173707,-0.111572,-0.084558,-0.08053,244.657,0.05,1.83452,0.138614
