tmp.site,tmp.area,Lb,X1,Wb,POR,ALPHA,BETA,Ks,Kb,Kz,Qthresh,Rs,Rb1,Rb2,Prec,Frac4Rise,Error,BFF
02011500,3.47058e+08,20447.4,28.3518,512.909,0.15,0.012578,1.8,1300.23,4616.58,1.02434,53824.6,-0.139102,-0.095136,-0.050261,1565.81,0.05,0.399615,0.388336
