tmp.site,tmp.area,Lb,X1,Wb,POR,ALPHA,BETA,Ks,Kb,Kz,Qthresh,Rs,Rb1,Rb2,Prec,Frac4Rise,Error,BFF
04137716,7.30377e+08,19595.8,37.3548,539.86,0.15,0.012005,0.8,160.223,7296.42,0.936238,187652,-0.01622,-0.043208,-0.092728,7644.07,0.05,0.500029,0.60251
