tmp.site,tmp.area,Lb,X1,Wb,POR,ALPHA,BETA,Ks,Kb,Kz,Qthresh,Rs,Rb1,Rb2,Prec,Frac4Rise,Error,BFF
01608000,7.14837e+08,14994,19.8466,726.127,0.15,0.010123,3,1736.71,710.515,0.584318,45506.2,-0.13074,-0.089527,-0.036416,2691.23,0.05,0.379473,0.357355
