tmp.site,tmp.area,Lb,X1,Wb,POR,ALPHA,BETA,Ks,Kb,Kz,Qthresh,Rs,Rb1,Rb2,Prec,Frac4Rise,Error,BFF
13073000,1.49183e+09,28537.6,218.316,1065.12,0.15,0.023094,1,249.843,1050.54,0.392697,386558,-0.05268,-0.015742,-0.015036,17028.1,0.05,0.30394,0.566777
