tmp.site,tmp.area,Lb,X1,Wb,POR,ALPHA,BETA,Ks,Kb,Kz,Qthresh,Rs,Rb1,Rb2,Prec,Frac4Rise,Error,BFF
11465390,2.64697e+09,33653.9,8260.53,1693.5,0.15,0.010078,3.2,120.843,5982.51,0.68816,247104,-0.038481,-0.021692,-0.012642,23536,0.05,0.311015,0.509344
