tmp.site,tmp.area,Lb,X1,Wb,POR,ALPHA,BETA,Ks,Kb,Kz,Qthresh,Rs,Rb1,Rb2,Prec,Frac4Rise,Error,BFF
09299500,2.82309e+08,8629.25,100,1000.67,0.15,0.005513,1,181.67,2220.98,0.878254,85630,-0.111126,-0.025722,-0.010522,4403.83,0.05,0.308969,0.486146
