tmp.site,tmp.area,Lb,X1,Wb,POR,ALPHA,BETA,Ks,Kb,Kz,Qthresh,Rs,Rb1,Rb2,Prec,Frac4Rise,Error,BFF
05529500,2.05386e+07,15545.2,100,60.0613,0.15,0.02926,1,614.625,29026.6,0.851145,16392,-0.300983,-0.090967,-0.124358,24.4657,0.05,1.09711,0.227957
