tmp.site,tmp.area,Lb,X1,Wb,POR,ALPHA,BETA,Ks,Kb,Kz,Qthresh,Rs,Rb1,Rb2,Prec,Frac4Rise,Error,BFF
02273630,5.98287e+07,24327.5,100,128.393,0.15,0.098545,1,252.776,21830.2,1.00953,43304.3,-0.079696,-0.060272,-0.101721,24.4657,0.05,2.51048,0.174916
