tmp.site,tmp.area,Lb,X1,Wb,POR,ALPHA,BETA,Ks,Kb,Kz,Qthresh,Rs,Rb1,Rb2,Prec,Frac4Rise,Error,BFF
12161000,3.08209e+08,26100.2,10.3249,794.536,0.15,0.009051,2.8,1876,217.598,0.53016,227531,-0.274554,-0.083653,-0.044171,21529.8,0.05,0.329391,0.375183
