tmp.site,tmp.area,Lb,X1,Wb,POR,ALPHA,BETA,Ks,Kb,Kz,Qthresh,Rs,Rb1,Rb2,Prec,Frac4Rise,Error,BFF
02108566,2.38279e+09,3802.56,0.081169,4059.59,0.15,0.010015,0.9,2417.76,11.6537,1.20901,2.22941e+06,-0.097793,-0.056279,-0.101424,6859.21,0.05,0.409623,0.689938
