tmp.site,tmp.area,Lb,X1,Wb,POR,ALPHA,BETA,Ks,Kb,Kz,Qthresh,Rs,Rb1,Rb2,Prec,Frac4Rise,Error,BFF
01072800,2.0694e+08,9879.48,100,677.179,0.15,0.018236,1,1084.99,13687.1,0.850188,10373.5,-0.18559,-0.062072,-0.048035,945.698,0.05,0.359586,0.470904
