tmp.site,tmp.area,Lb,X1,Wb,POR,ALPHA,BETA,Ks,Kb,Kz,Qthresh,Rs,Rb1,Rb2,Prec,Frac4Rise,Error,BFF
11465750,2.06163e+08,14666,21.4976,280.692,0.15,0.011905,1.1,1062.72,3303.23,1.08838,7829.03,-0.141677,-0.094555,-0.059177,24.4657,0.05,0.890087,0.146823
