tmp.site,tmp.area,Lb,X1,Wb,POR,ALPHA,BETA,Ks,Kb,Kz,Qthresh,Rs,Rb1,Rb2,Prec,Frac4Rise,Error,BFF
05576195,2.34213e+08,10740,100,390.626,0.15,0.008646,1,919.774,23125.7,1.02413,31560.8,-0.249496,-0.069777,-0.093755,52.6992,0.05,0.771244,0.364563
