tmp.site,tmp.area,Lb,X1,Wb,POR,ALPHA,BETA,Ks,Kb,Kz,Qthresh,Rs,Rb1,Rb2,Prec,Frac4Rise,Error,BFF
0214685800,5.25768e+07,5792.09,100,153.765,0.15,0.02365,1,2089,17470.7,1.01776,45016.9,-0.57194,-0.109049,-0.168786,24.4657,0.05,1.0113,0.187564
