tmp.site,tmp.area,Lb,X1,Wb,POR,ALPHA,BETA,Ks,Kb,Kz,Qthresh,Rs,Rb1,Rb2,Prec,Frac4Rise,Error,BFF
06441000,3.79692e+09,4060.53,100,998.202,0.15,0.010494,1,6135.72,10422.3,0.96004,256890,-0.221087,-0.1328,-0.2209,24.4657,0.05,16.8643,0.153384
