tmp.site,tmp.area,Lb,X1,Wb,POR,ALPHA,BETA,Ks,Kb,Kz,Qthresh,Rs,Rb1,Rb2,Prec,Frac4Rise,Error,BFF
08186500,6.19007e+08,6996.22,29.2809,177.07,0.15,0.00486,1,1354.29,4358.58,1.13149,10055.4,-0.203123,-0.172575,-0.184196,24.4657,0.05,5.81606,0.0248
