tmp.site,tmp.area,Lb,X1,Wb,POR,ALPHA,BETA,Ks,Kb,Kz,Qthresh,Rs,Rb1,Rb2,Prec,Frac4Rise,Error,BFF
04192500,1.43615e+10,7089.17,162.9,6212.8,0.15,0.011261,1.1,20934.1,22174.5,2.35929,839174,-0.156038,-0.101225,-0.078328,22019.1,0.05,0.419697,0.403975
