tmp.site,tmp.area,Lb,X1,Wb,POR,ALPHA,BETA,Ks,Kb,Kz,Qthresh,Rs,Rb1,Rb2,Prec,Frac4Rise,Error,BFF
03322420,2.79719e+11,6.11964e+06,3.79814,9.98612,0.15,0.01,0.6,19276.1,4.54884e+06,53.4689,1.93309e+08,-0.096107,-0.044868,-0.069604,2.21366e+06,0.05,0.983338,0.00514
