tmp.site,tmp.area,Lb,X1,Wb,POR,ALPHA,BETA,Ks,Kb,Kz,Qthresh,Rs,Rb1,Rb2,Prec,Frac4Rise,Error,BFF
04123500,3.18569e+08,55363.6,100,4194.63,0.15,0.009252,1,190.757,123.364,0.207557,399403,-0.075927,-0.006995,-0.005248,36488.2,0.05,0.056927,0.924371
