tmp.site,tmp.area,Lb,X1,Wb,POR,ALPHA,BETA,Ks,Kb,Kz,Qthresh,Rs,Rb1,Rb2,Prec,Frac4Rise,Error,BFF
05427850,2.95259e+08,24868.7,79.0658,386.755,0.15,0.009504,0.9,409.501,6575.44,0.95073,208937,-0.18567,-0.047488,-0.054759,5334.02,0.05,0.241204,0.644619
