tmp.site,tmp.area,Lb,X1,Wb,POR,ALPHA,BETA,Ks,Kb,Kz,Qthresh,Rs,Rb1,Rb2,Prec,Frac4Rise,Error,BFF
12090400,1.61874e+07,16465.1,100,66.8466,0.15,0.056223,1,278.47,45745.1,0.749765,17297.3,-0.30031,-0.089217,-0.163919,24.4657,0.05,2.79288,0.292696
