tmp.site,tmp.area,Lb,X1,Wb,POR,ALPHA,BETA,Ks,Kb,Kz,Qthresh,Rs,Rb1,Rb2,Prec,Frac4Rise,Error,BFF
08136500,1.70266e+10,7730.13,100,449.812,0.15,0.012175,1,4951.87,15029,0.980397,298482,-0.136896,-0.072515,-0.167337,24.4657,0.05,5.27081,0.087672
