tmp.site,tmp.area,Lb,X1,Wb,POR,ALPHA,BETA,Ks,Kb,Kz,Qthresh,Rs,Rb1,Rb2,Prec,Frac4Rise,Error,BFF
03460000,1.27427e+08,16939.1,100,477.5,0.15,0.014803,1,331.437,8501.3,0.941601,46729.5,-0.253179,-0.043844,-0.020774,4893.14,0.05,0.234564,0.574192
