tmp.site,tmp.area,Lb,X1,Wb,POR,ALPHA,BETA,Ks,Kb,Kz,Qthresh,Rs,Rb1,Rb2,Prec,Frac4Rise,Error,BFF
01343403,1.5773e+08,12932.2,0.770709,663.688,0.15,0.015397,1.1,2037.51,154.098,1.13019,171505,-0.248537,-0.083455,-0.073362,2642.3,0.05,0.40887,0.399633
