tmp.site,tmp.area,Lb,X1,Wb,POR,ALPHA,BETA,Ks,Kb,Kz,Qthresh,Rs,Rb1,Rb2,Prec,Frac4Rise,Error,BFF
05362000,1.49183e+09,6226.53,38.8594,3008.86,0.15,0.005344,2,1541.58,3653.65,1.07636,242211,-0.123979,-0.084446,-0.043981,6116.43,0.05,0.448358,0.570856
