tmp.site,tmp.area,Lb,X1,Wb,POR,ALPHA,BETA,Ks,Kb,Kz,Qthresh,Rs,Rb1,Rb2,Prec,Frac4Rise,Error,BFF
13200000,1.02823e+09,35958,100,691.215,0.15,0.024504,1,333.045,28198.5,0.98525,198172,-0.091161,-0.029443,-0.024898,2691.23,0.05,0.322689,0.616933
