tmp.site,tmp.area,Lb,X1,Wb,POR,ALPHA,BETA,Ks,Kb,Kz,Qthresh,Rs,Rb1,Rb2,Prec,Frac4Rise,Error,BFF
03538970,2.09012e+07,6358.15,100,169.064,0.15,0.019304,1,360.575,23576,0.942198,611.643,-0.243648,-0.128227,-0.109461,63.6109,0.05,0.590395,0.310897
