tmp.site,tmp.area,Lb,X1,Wb,POR,ALPHA,BETA,Ks,Kb,Kz,Qthresh,Rs,Rb1,Rb2,Prec,Frac4Rise,Error,BFF
01029200,4.50658e+08,45943.8,100,812.709,0.15,0.018118,1,873.505,59342.4,0.946302,286249,-0.115728,-0.042662,-0.040966,1958.26,0.05,0.394574,0.564283
