tmp.site,tmp.area,Lb,X1,Wb,POR,ALPHA,BETA,Ks,Kb,Kz,Qthresh,Rs,Rb1,Rb2,Prec,Frac4Rise,Error,BFF
08211520,2.33876e+08,2359.94,654.432,373.916,0.15,0.003703,2.2,494.641,1679.91,0.018375,6410.02,-0.16026,-0.271589,-0.093402,124.775,0.05,0.41557,0.0499
