tmp.site,tmp.area,Lb,X1,Wb,POR,ALPHA,BETA,Ks,Kb,Kz,Qthresh,Rs,Rb1,Rb2,Prec,Frac4Rise,Error,BFF
06927000,6.65627e+08,7298.05,5.44221,832.511,0.15,0.011387,1.3,3121.75,889.073,1.02275,34252,-0.199211,-0.130052,-0.075019,122.329,0.05,0.518121,0.237757
