tmp.site,tmp.area,Lb,X1,Wb,POR,ALPHA,BETA,Ks,Kb,Kz,Qthresh,Rs,Rb1,Rb2,Prec,Frac4Rise,Error,BFF
01048000,1.33643e+09,46435.4,75.4949,1206.67,0.15,0.010322,1.6,3729.72,23071,0.176898,146794,-0.157924,-0.066874,-0.041769,13211.5,0.05,0.379538,0.43456
