tmp.site,tmp.area,Lb,X1,Wb,POR,ALPHA,BETA,Ks,Kb,Kz,Qthresh,Rs,Rb1,Rb2,Prec,Frac4Rise,Error,BFF
03125338,9.81605e+07,13365.3,100,182.293,0.15,0.023188,1,817.541,9990.12,0.949133,33518,-0.337086,-0.044828,-0.080669,1314.49,0.05,0.438644,0.289633
