tmp.site,tmp.area,Lb,X1,Wb,POR,ALPHA,BETA,Ks,Kb,Kz,Qthresh,Rs,Rb1,Rb2,Prec,Frac4Rise,Error,BFF
07169500,2.14192e+09,26319,5.67268,447.803,0.15,0.010585,1,982.733,2507.31,0.840551,58717.7,-0.037054,-0.104543,-0.121267,244.657,0.05,1.27458,0.154877
