tmp.site,tmp.area,Lb,X1,Wb,POR,ALPHA,BETA,Ks,Kb,Kz,Qthresh,Rs,Rb1,Rb2,Prec,Frac4Rise,Error,BFF
02235200,3.26339e+08,11066.1,625.787,787.141,0.15,0.01627,1.2,164.918,27102.2,0.172252,23266.9,-0.053198,-0.024844,-0.017771,685.04,0.05,0.330486,0.599779
