tmp.site,tmp.area,Lb,X1,Wb,POR,ALPHA,BETA,Ks,Kb,Kz,Qthresh,Rs,Rb1,Rb2,Prec,Frac4Rise,Error,BFF
02134170,1.84925e+09,32992.2,28.2742,2250.16,0.15,0.014269,1,2315.82,8595.29,1.13031,1.25509e+06,-0.068084,-0.041408,-0.043127,21910.5,0.05,0.368336,0.621121
