tmp.site,tmp.area,Lb,X1,Wb,POR,ALPHA,BETA,Ks,Kb,Kz,Qthresh,Rs,Rb1,Rb2,Prec,Frac4Rise,Error,BFF
04182769,2.13156e+09,3188.48,100,3134.48,0.15,0.008373,1,2352.29,12916.3,1.07653,88076.6,-0.09746,-0.107975,-0.099778,4745.13,0.05,0.48049,0.45002
