tmp.site,tmp.area,Lb,X1,Wb,POR,ALPHA,BETA,Ks,Kb,Kz,Qthresh,Rs,Rb1,Rb2,Prec,Frac4Rise,Error,BFF
04098980,1.12664e+08,1.0596e+06,100,104.698,0.15,0.034333,1,2023.79,52.6938,0.659222,38386.7,-0.150573,-0.03035,-0.030276,4081.86,0.05,0.267649,0.559972
