tmp.site,tmp.area,Lb,X1,Wb,POR,ALPHA,BETA,Ks,Kb,Kz,Qthresh,Rs,Rb1,Rb2,Prec,Frac4Rise,Error,BFF
04124000,2.21962e+09,353955,74006.1,3030.17,0.15,0.022359,9.9,477.122,553.969,0.403939,1.786e+06,-0.040238,-0.01458,-0.008368,176153,0.05,0.111834,0.785462
