tmp.site,tmp.area,Lb,X1,Wb,POR,ALPHA,BETA,Ks,Kb,Kz,Qthresh,Rs,Rb1,Rb2,Prec,Frac4Rise,Error,BFF
01669520,2.82309e+08,13231,100,576.132,0.15,0.019942,1,478.512,25932.6,0.932746,278909,-0.078835,-0.050342,-0.094565,83.1834,0.05,0.692773,0.544166
