tmp.site,tmp.area,Lb,X1,Wb,POR,ALPHA,BETA,Ks,Kb,Kz,Qthresh,Rs,Rb1,Rb2,Prec,Frac4Rise,Error,BFF
13090000,5.78603e+10,9067.21,0.271979,13772.7,0.15,0.002378,0.9,369.443,13.9041,1.24534,5.11333e+06,-0.029595,-0.046222,-0.079902,58473.1,0.05,1.29935,0.637627
