tmp.site,tmp.area,Lb,X1,Wb,POR,ALPHA,BETA,Ks,Kb,Kz,Qthresh,Rs,Rb1,Rb2,Prec,Frac4Rise,Error,BFF
02197500,2.24034e+10,14499.8,127.926,25731.4,0.15,0.002632,1.2,3373.07,222.644,0.123966,1.48996e+07,-0.062582,-0.032971,-0.02835,900338,0.05,0.243105,0.575746
