tmp.site,tmp.area,Lb,X1,Wb,POR,ALPHA,BETA,Ks,Kb,Kz,Qthresh,Rs,Rb1,Rb2,Prec,Frac4Rise,Error,BFF
13132500,3.65188e+09,47611.8,100,405.952,0.15,0.013413,1,3609.21,3840.97,0.962526,161082,-0.111572,-0.05404,-0.089376,24.4657,0.05,82.8367,0.158034
