tmp.site,tmp.area,Lb,X1,Wb,POR,ALPHA,BETA,Ks,Kb,Kz,Qthresh,Rs,Rb1,Rb2,Prec,Frac4Rise,Error,BFF
02465292,2.77129e+07,22849.9,11211.9,208.606,0.15,0.008884,8.7,428.043,3424.2,0.722473,15284.2,-0.693147,-0.104059,-0.052742,1110.74,0.05,0.291314,0.334748
