tmp.site,tmp.area,Lb,X1,Wb,POR,ALPHA,BETA,Ks,Kb,Kz,Qthresh,Rs,Rb1,Rb2,Prec,Frac4Rise,Error,BFF
03237280,3.15979e+07,7244.93,100,116.211,0.15,0.044855,1,548.126,14636.7,1.01811,2324.24,-0.183818,-0.092403,-0.134797,24.4657,0.05,1.39994,0.226938
