tmp.site,tmp.area,Lb,X1,Wb,POR,ALPHA,BETA,Ks,Kb,Kz,Qthresh,Rs,Rb1,Rb2,Prec,Frac4Rise,Error,BFF
04121650,4.53507e+09,85733.8,341.301,1879.44,0.15,0.008804,2,754.632,17714.3,0.826164,2.65404e+06,-0.039811,-0.021162,-0.017731,138202,0.05,0.215962,0.710861
