tmp.site,tmp.area,Lb,X1,Wb,POR,ALPHA,BETA,Ks,Kb,Kz,Qthresh,Rs,Rb1,Rb2,Prec,Frac4Rise,Error,BFF
04145785,2.66266e+08,9937.33,100,413.76,0.15,0.014184,1,1179.42,19592.6,0.989738,125465,-0.280483,-0.100093,-0.0948,96.4438,0.05,0.513272,0.284089
