tmp.site,tmp.area,Lb,X1,Wb,POR,ALPHA,BETA,Ks,Kb,Kz,Qthresh,Rs,Rb1,Rb2,Prec,Frac4Rise,Error,BFF
03601990,5.3043e+09,31636.8,110.334,2529.97,0.15,0.010548,2.3,9374.03,7217.65,2.37885,981149,-0.130252,-0.08402,-0.04737,67770,0.05,0.349663,0.429686
