tmp.site,tmp.area,Lb,X1,Wb,POR,ALPHA,BETA,Ks,Kb,Kz,Qthresh,Rs,Rb1,Rb2,Prec,Frac4Rise,Error,BFF
05464315,1.56435e+10,26699.2,4.49024,3719.96,0.15,0.005722,3.2,3885.78,24.0532,1.06339,2.76463e+06,-0.055841,-0.041136,-0.023683,123774,0.05,0.306591,0.502655
