tmp.site,tmp.area,Lb,X1,Wb,POR,ALPHA,BETA,Ks,Kb,Kz,Qthresh,Rs,Rb1,Rb2,Prec,Frac4Rise,Error,BFF
07375960,5.69797e+08,30723.1,8760.91,896.644,0.15,0.003709,9.9,3332.19,163.46,1.0831,209427,-0.216139,-0.141775,-0.023706,17028.1,0.05,0.252098,0.283763
