tmp.site,tmp.area,Lb,X1,Wb,POR,ALPHA,BETA,Ks,Kb,Kz,Qthresh,Rs,Rb1,Rb2,Prec,Frac4Rise,Error,BFF
08331160,4.58894e+10,31310.6,72.3627,2360.95,0.15,0.01394,0.9,2207.44,19879.5,0.944757,1.62697e+06,-0.077075,-0.043011,-0.090283,2333.66,0.05,1.52432,0.568337
