tmp.site,tmp.area,Lb,X1,Wb,POR,ALPHA,BETA,Ks,Kb,Kz,Qthresh,Rs,Rb1,Rb2,Prec,Frac4Rise,Error,BFF
01196620,6.34547e+07,8960.56,384.576,419.608,0.15,0.031417,1,487.4,28372.2,0.557795,21774.5,-0.391533,-0.054928,-0.052214,595.496,0.05,0.334196,0.453139
