tmp.site,tmp.area,Lb,X1,Wb,POR,ALPHA,BETA,Ks,Kb,Kz,Qthresh,Rs,Rb1,Rb2,Prec,Frac4Rise,Error,BFF
11404330,4.95724e+09,29086.5,9224.41,1661.5,0.15,0.005802,5.4,2307.27,1165.64,0.770803,154134,-0.073403,-0.066565,-0.02574,13456.1,0.05,0.619979,0.226138
