tmp.site,tmp.area,Lb,X1,Wb,POR,ALPHA,BETA,Ks,Kb,Kz,Qthresh,Rs,Rb1,Rb2,Prec,Frac4Rise,Error,BFF
06295220,1.67054e+09,431863,100,32.3435,0.15,0.022958,1,773.498,3391.29,1.00031,29603.5,-0.052626,-0.023357,-0.024026,352.551,0.05,0.782894,0.398979
