tmp.site,tmp.area,Lb,X1,Wb,POR,ALPHA,BETA,Ks,Kb,Kz,Qthresh,Rs,Rb1,Rb2,Prec,Frac4Rise,Error,BFF
11085000,6.11237e+08,321.405,0.015518,341.249,0.15,8.7e-05,1.3,0.007609,0.000324,1.86255,122329,-0.044605,-0.115397,-0.357084,24.4657,0.05,0.263826,1e-05
