tmp.site,tmp.area,Lb,X1,Wb,POR,ALPHA,BETA,Ks,Kb,Kz,Qthresh,Rs,Rb1,Rb2,Prec,Frac4Rise,Error,BFF
11396200,2.26624e+08,8440.52,3854.32,835.984,0.15,0.004618,10.1,29.3651,0.006328,0.402711,24465.7,-0.073148,-0.070778,-0.020685,831.834,0.05,0.354896,0.066308
