tmp.site,tmp.area,Lb,X1,Wb,POR,ALPHA,BETA,Ks,Kb,Kz,Qthresh,Rs,Rb1,Rb2,Prec,Frac4Rise,Error,BFF
02143500,1.79227e+08,17530.2,100,378.386,0.15,0.012814,1,652.33,12000.6,0.975585,88810.5,-0.346574,-0.05797,-0.048876,1264.88,0.05,0.320774,0.432905
