tmp.site,tmp.area,Lb,X1,Wb,POR,ALPHA,BETA,Ks,Kb,Kz,Qthresh,Rs,Rb1,Rb2,Prec,Frac4Rise,Error,BFF
07375300,6.13827e+08,2721.33,100,3934.09,0.15,0.006049,1,3776.91,599.69,1.24094,291142,-0.17475,-0.126578,-0.035749,23403.9,0.05,0.254106,0.364149
