tmp.site,tmp.area,Lb,X1,Wb,POR,ALPHA,BETA,Ks,Kb,Kz,Qthresh,Rs,Rb1,Rb2,Prec,Frac4Rise,Error,BFF
01103455,9.63476e+06,4283.49,182.787,227.034,0.15,0.019561,0.9,292.071,6858.96,0.234728,4352.45,-0.249065,-0.038295,-0.050502,85.63,0.05,0.34786,0.535483
