tmp.site,tmp.area,Lb,X1,Wb,POR,ALPHA,BETA,Ks,Kb,Kz,Qthresh,Rs,Rb1,Rb2,Prec,Frac4Rise,Error,BFF
14185000,4.50658e+08,11353,100,1227.25,0.15,0.010141,1,2205.31,6763.35,1.40755,77656.6,-0.19179,-0.065298,-0.01889,8220.48,0.05,0.357501,0.355695
