tmp.site,tmp.area,Lb,X1,Wb,POR,ALPHA,BETA,Ks,Kb,Kz,Qthresh,Rs,Rb1,Rb2,Prec,Frac4Rise,Error,BFF
02376293,6.86347e+07,25445.7,100,207.618,0.15,0.008996,1,218.008,5511.29,0.976485,29358.9,-0.346574,-0.095398,-0.03182,2978.95,0.05,0.275939,0.418066
