tmp.site,tmp.area,Lb,X1,Wb,POR,ALPHA,BETA,Ks,Kb,Kz,Qthresh,Rs,Rb1,Rb2,Prec,Frac4Rise,Error,BFF
103366092,1.01787e+08,28500.3,100,278.027,0.15,0.021446,1,145.444,25868.6,0.810828,24465.7,-0.092932,-0.039358,-0.02924,562.711,0.05,0.378213,0.524931
