tmp.site,tmp.area,Lb,X1,Wb,POR,ALPHA,BETA,Ks,Kb,Kz,Qthresh,Rs,Rb1,Rb2,Prec,Frac4Rise,Error,BFF
04247000,3.72699e+09,15176.2,40.4283,7743.77,0.15,0.011007,0.9,723.621,8528.34,1.07064,5.94517e+06,-0.023774,-0.036178,-0.110479,54436.2,0.05,1.43214,0.814818
