tmp.site,tmp.area,Lb,X1,Wb,POR,ALPHA,BETA,Ks,Kb,Kz,Qthresh,Rs,Rb1,Rb2,Prec,Frac4Rise,Error,BFF
14140000,2.77129e+08,9465.44,100,1176.52,0.15,0.010775,1,1012.74,10982.3,1.35131,362093,-0.135721,-0.065285,-0.142691,660.574,0.05,1.50268,0.401811
