tmp.site,tmp.area,Lb,X1,Wb,POR,ALPHA,BETA,Ks,Kb,Kz,Qthresh,Rs,Rb1,Rb2,Prec,Frac4Rise,Error,BFF
05427948,4.73968e+07,24762.5,100,54.1543,0.15,0.025426,1,492.689,1686.89,0.906405,1345.61,-0.26486,-0.109387,-0.060151,117.435,0.05,0.415686,0.208306
