tmp.site,tmp.area,Lb,X1,Wb,POR,ALPHA,BETA,Ks,Kb,Kz,Qthresh,Rs,Rb1,Rb2,Prec,Frac4Rise,Error,BFF
03357500,8.44336e+08,8346.14,0.799662,1224.19,0.15,0.012534,1.5,3685.11,41.6937,1.51442,48931.4,-0.235002,-0.081489,-0.045708,1370.08,0.05,0.386079,0.366562
