tmp.site,tmp.area,Lb,X1,Wb,POR,ALPHA,BETA,Ks,Kb,Kz,Qthresh,Rs,Rb1,Rb2,Prec,Frac4Rise,Error,BFF
03023100,2.04091e+09,16006.6,0.519706,3486.9,0.15,0.016822,1,7440.12,140.779,1.44751,206701,-0.161871,-0.060231,-0.06794,17860,0.05,0.366693,0.518411
