tmp.site,tmp.area,Lb,X1,Wb,POR,ALPHA,BETA,Ks,Kb,Kz,Qthresh,Rs,Rb1,Rb2,Prec,Frac4Rise,Error,BFF
05563500,7.69226e+08,55478.5,38.9493,474.869,0.15,0.01046,1.1,2708.31,33736.6,0.959241,17126,-0.281168,-0.0836,-0.072155,513.78,0.05,0.545945,0.280832
