tmp.site,tmp.area,Lb,X1,Wb,POR,ALPHA,BETA,Ks,Kb,Kz,Qthresh,Rs,Rb1,Rb2,Prec,Frac4Rise,Error,BFF
01375000,9.79016e+08,8173.75,100,1894.59,0.15,0.020938,1,1875.73,17000.3,0.961152,3131.61,-0.171149,-0.062419,-0.129197,122.329,0.05,1.81828,0.554305
