tmp.site,tmp.area,Lb,X1,Wb,POR,ALPHA,BETA,Ks,Kb,Kz,Qthresh,Rs,Rb1,Rb2,Prec,Frac4Rise,Error,BFF
08159250,4.16988e+07,3172.34,3.23186,17.3766,0.15,0.00259,0.9,649.99,3.44152,0.987135,4942.07,-0.414062,-0.178731,-0.250135,24.4657,0.05,0.297511,0.000231
