tmp.site,tmp.area,Lb,X1,Wb,POR,ALPHA,BETA,Ks,Kb,Kz,Qthresh,Rs,Rb1,Rb2,Prec,Frac4Rise,Error,BFF
07356000,1.07226e+09,8598.45,7.87499,1721.45,0.15,0.01142,1.6,5766.17,587.975,1.49701,61164.3,-0.196411,-0.106354,-0.051099,2691.23,0.05,0.413675,0.342945
