tmp.site,tmp.area,Lb,X1,Wb,POR,ALPHA,BETA,Ks,Kb,Kz,Qthresh,Rs,Rb1,Rb2,Prec,Frac4Rise,Error,BFF
05383950,1.46334e+09,26241.6,100,906.95,0.15,0.007786,1,991.361,2018.13,0.885901,344967,-0.081043,-0.04472,-0.017433,24955,0.05,0.299555,0.370075
