tmp.site,tmp.area,Lb,X1,Wb,POR,ALPHA,BETA,Ks,Kb,Kz,Qthresh,Rs,Rb1,Rb2,Prec,Frac4Rise,Error,BFF
14337600,2.42941e+09,16334.4,219.38,4880.62,0.15,0.008062,4.6,539.764,41.3174,0.938958,2.11873e+06,-0.028579,-0.023121,-0.018779,203555,0.05,0.285479,0.679173
