tmp.site,tmp.area,Lb,X1,Wb,POR,ALPHA,BETA,Ks,Kb,Kz,Qthresh,Rs,Rb1,Rb2,Prec,Frac4Rise,Error,BFF
04153500,3.57418e+08,10669.8,100,383.708,0.15,0.011482,1,1049.47,8368.4,0.892448,34252,-0.189745,-0.082729,-0.036859,1549.63,0.05,0.452696,0.285671
