tmp.site,tmp.area,Lb,X1,Wb,POR,ALPHA,BETA,Ks,Kb,Kz,Qthresh,Rs,Rb1,Rb2,Prec,Frac4Rise,Error,BFF
11463200,2.21444e+08,33236.2,100,326.003,0.15,0.015035,1,599.05,16443.2,1.02037,14679.4,-0.143841,-0.048275,-0.032356,24.4657,0.05,4.1421,0.259005
