tmp.site,tmp.area,Lb,X1,Wb,POR,ALPHA,BETA,Ks,Kb,Kz,Qthresh,Rs,Rb1,Rb2,Prec,Frac4Rise,Error,BFF
07079300,1.2924e+08,32254.2,100,204.133,0.15,0.009373,1,256.3,2989.94,0.524851,41591.7,-0.087177,-0.022721,-0.007918,1957.26,0.05,0.316033,0.305266
