tmp.site,tmp.area,Lb,X1,Wb,POR,ALPHA,BETA,Ks,Kb,Kz,Qthresh,Rs,Rb1,Rb2,Prec,Frac4Rise,Error,BFF
07083000,6.08647e+07,19395.4,193.291,299.581,0.15,0.01373,2.2,270.886,4301.63,0.271343,15658.1,-0.111955,-0.024185,-0.012959,489.314,0.05,0.361731,0.523174
