tmp.site,tmp.area,Lb,X1,Wb,POR,ALPHA,BETA,Ks,Kb,Kz,Qthresh,Rs,Rb1,Rb2,Prec,Frac4Rise,Error,BFF
01431500,7.51097e+08,23108.1,67.8975,1041.26,0.15,0.010573,1.9,2889.84,8091.33,1.10304,80736.9,-0.178337,-0.072687,-0.039954,5871.77,0.05,0.351745,0.463396
