tmp.site,tmp.area,Lb,X1,Wb,POR,ALPHA,BETA,Ks,Kb,Kz,Qthresh,Rs,Rb1,Rb2,Prec,Frac4Rise,Error,BFF
06899700,1.01269e+09,12312.5,24.9737,761.277,0.15,0.00771,1.1,5808.08,9667.88,2.18624,11523.4,-0.249405,-0.144758,-0.109139,97.8629,0.05,0.674206,0.189063
