tmp.site,tmp.area,Lb,X1,Wb,POR,ALPHA,BETA,Ks,Kb,Kz,Qthresh,Rs,Rb1,Rb2,Prec,Frac4Rise,Error,BFF
14171600,1.14477e+10,24203.6,100,9034.01,0.15,0.008643,1,3759.23,994.878,2.90171,1.20616e+07,-0.0602,-0.041004,-0.017278,924804,0.05,0.256689,0.468249
