tmp.site,tmp.area,Lb,X1,Wb,POR,ALPHA,BETA,Ks,Kb,Kz,Qthresh,Rs,Rb1,Rb2,Prec,Frac4Rise,Error,BFF
13240000,1.2665e+08,26827.9,100,382.797,0.15,0.011457,1,140.447,28764.9,0.990799,24465.7,-0.120377,-0.041666,-0.021742,2079.59,0.05,0.401383,0.438995
