tmp.site,tmp.area,Lb,X1,Wb,POR,ALPHA,BETA,Ks,Kb,Kz,Qthresh,Rs,Rb1,Rb2,Prec,Frac4Rise,Error,BFF
04240010,2.84899e+08,17755.8,757.844,709.444,0.15,0.011369,10.1,1042.79,1839.78,1.00899,84162.1,-0.195693,-0.047557,-0.028945,8147.08,0.05,0.250882,0.569109
