tmp.site,tmp.area,Lb,X1,Wb,POR,ALPHA,BETA,Ks,Kb,Kz,Qthresh,Rs,Rb1,Rb2,Prec,Frac4Rise,Error,BFF
05200510,1.57989e+09,38739.8,10.2918,1246.2,0.15,0.018748,0.9,193.59,1926.24,1.19272,489314,-0.013126,-0.027541,-0.044066,10406,0.05,0.449438,0.714659
