tmp.site,tmp.area,Lb,X1,Wb,POR,ALPHA,BETA,Ks,Kb,Kz,Qthresh,Rs,Rb1,Rb2,Prec,Frac4Rise,Error,BFF
08036500,3.30482e+09,8018.79,100,3087.25,0.15,0.024204,1,3488.4,13622.5,0.909038,212852,-0.111606,-0.070373,-0.067583,1837.38,0.05,0.478314,0.492029
