tmp.site,tmp.area,Lb,X1,Wb,POR,ALPHA,BETA,Ks,Kb,Kz,Qthresh,Rs,Rb1,Rb2,Prec,Frac4Rise,Error,BFF
07307028,1.29758e+10,12165.2,100,1149.62,0.15,0.00915,1,5167.04,7456.11,0.975601,13079.4,-0.151338,-0.075881,-0.060806,856.373,0.05,0.653471,0.218197
