tmp.site,tmp.area,Lb,X1,Wb,POR,ALPHA,BETA,Ks,Kb,Kz,Qthresh,Rs,Rb1,Rb2,Prec,Frac4Rise,Error,BFF
04191500,6.00359e+09,38966.1,94.9518,2972.29,0.15,0.011449,1,16234.5,97812.6,1.76932,107649,-0.151485,-0.110717,-0.132094,3914.51,0.05,0.789581,0.327365
