tmp.site,tmp.area,Lb,X1,Wb,POR,ALPHA,BETA,Ks,Kb,Kz,Qthresh,Rs,Rb1,Rb2,Prec,Frac4Rise,Error,BFF
07170700,9.58296e+07,4875.67,42.4141,599.154,0.15,0.037818,1,711.619,8306.38,1.03033,11988.2,-0.14875,-0.124874,-0.169316,24.4657,0.05,4.93864,0.399636
