tmp.site,tmp.area,Lb,X1,Wb,POR,ALPHA,BETA,Ks,Kb,Kz,Qthresh,Rs,Rb1,Rb2,Prec,Frac4Rise,Error,BFF
04154612,5.31466e+07,14510.4,7.03135,325.019,0.15,0.007618,2,311.952,101.468,0.669367,50644,-0.174841,-0.034828,-0.028598,1575.57,0.05,0.212773,0.649147
