tmp.site,tmp.area,Lb,X1,Wb,POR,ALPHA,BETA,Ks,Kb,Kz,Qthresh,Rs,Rb1,Rb2,Prec,Frac4Rise,Error,BFF
02315550,6.81167e+09,16794.1,100,5917.99,0.15,0.021026,1,1410.85,12043.8,1.02049,322947,-0.037098,-0.029978,-0.028758,14190.1,0.05,0.376563,0.639094
