tmp.site,tmp.area,Lb,X1,Wb,POR,ALPHA,BETA,Ks,Kb,Kz,Qthresh,Rs,Rb1,Rb2,Prec,Frac4Rise,Error,BFF
03437495,9.29288e+07,8686.08,100,395.575,0.15,0.021115,1,966.555,16458,0.966403,685.04,-0.305243,-0.088691,-0.138232,24.4657,0.05,2.20564,0.289308
