tmp.site,tmp.area,Lb,X1,Wb,POR,ALPHA,BETA,Ks,Kb,Kz,Qthresh,Rs,Rb1,Rb2,Prec,Frac4Rise,Error,BFF
01573208,1.13182e+09,9326.94,100,1556.37,0.15,0.01161,1,3436.89,8617.52,0.942318,177643,-0.205792,-0.069115,-0.029621,17969.6,0.05,0.344537,0.449826
