tmp.site,tmp.area,Lb,X1,Wb,POR,ALPHA,BETA,Ks,Kb,Kz,Qthresh,Rs,Rb1,Rb2,Prec,Frac4Rise,Error,BFF
07056515,2.15228e+08,21349,34.3687,363.387,0.15,0.010127,1.4,704.556,6391.49,1.02604,20061.9,-0.119956,-0.087674,-0.054341,625.295,0.05,0.519507,0.287475
