tmp.site,tmp.area,Lb,X1,Wb,POR,ALPHA,BETA,Ks,Kb,Kz,Qthresh,Rs,Rb1,Rb2,Prec,Frac4Rise,Error,BFF
05059600,5.23178e+07,878.111,0.484207,35.6519,0.15,0.001766,0.9,1328.65,0.017249,0.959575,14410.3,-0.143841,-0.123389,-0.192943,24.4657,0.05,0.351704,0.000156
