tmp.site,tmp.area,Lb,X1,Wb,POR,ALPHA,BETA,Ks,Kb,Kz,Qthresh,Rs,Rb1,Rb2,Prec,Frac4Rise,Error,BFF
01170000,1.44262e+09,14593.4,100,1991.15,0.15,0.012504,1,4027.32,26093.8,1.00841,782903,-0.143841,-0.051997,-0.077137,23487.1,0.05,0.435514,0.546442
