tmp.site,tmp.area,Lb,X1,Wb,POR,ALPHA,BETA,Ks,Kb,Kz,Qthresh,Rs,Rb1,Rb2,Prec,Frac4Rise,Error,BFF
02313200,5.07638e+09,672031,100,861.668,0.15,0.013052,1,214.422,9075.18,0.97062,1.67717e+06,-0.03112,-0.008132,-0.005586,145326,0.05,0.287665,0.599919
