tmp.site,tmp.area,Lb,X1,Wb,POR,ALPHA,BETA,Ks,Kb,Kz,Qthresh,Rs,Rb1,Rb2,Prec,Frac4Rise,Error,BFF
08159500,1.0456e+11,11646.7,119.6,2423.61,0.15,0.005821,1,4943.94,8233.65,0.962362,344967,-0.082984,-0.058103,-0.053752,36698.6,0.05,0.430678,0.31452
