tmp.site,tmp.area,Lb,X1,Wb,POR,ALPHA,BETA,Ks,Kb,Kz,Qthresh,Rs,Rb1,Rb2,Prec,Frac4Rise,Error,BFF
02217475,8.59876e+08,14712.3,100,1198.81,0.15,0.010693,1,3405.93,8666.47,0.903647,778010,-0.330699,-0.059428,-0.045367,6405.37,0.05,0.339789,0.444398
