tmp.site,tmp.area,Lb,X1,Wb,POR,ALPHA,BETA,Ks,Kb,Kz,Qthresh,Rs,Rb1,Rb2,Prec,Frac4Rise,Error,BFF
09522000,6.3895e+11,42171.7,100,6586.08,0.15,0.007397,1,4421.04,7628.73,0.987105,1.68813e+06,-0.035862,-0.022556,-0.032557,171260,0.05,0.376591,0.628454
