tmp.site,tmp.area,Lb,X1,Wb,POR,ALPHA,BETA,Ks,Kb,Kz,Qthresh,Rs,Rb1,Rb2,Prec,Frac4Rise,Error,BFF
01589317,1.32089e+06,3047.68,54.741,65.7074,0.15,0.007909,1,224.743,19103.9,0.341123,415.917,-0.813801,-0.11905,-0.129688,24.4657,0.05,0.529949,0.248949
