tmp.site,tmp.area,Lb,X1,Wb,POR,ALPHA,BETA,Ks,Kb,Kz,Qthresh,Rs,Rb1,Rb2,Prec,Frac4Rise,Error,BFF
06089000,4.59464e+09,16407.4,179.415,1794.22,0.15,0.003803,3.7,1218.84,150.159,0.930009,1.05937e+06,-0.07421,-0.040881,-0.026774,24465.7,0.05,0.289083,0.424739
