tmp.site,tmp.area,Lb,X1,Wb,POR,ALPHA,BETA,Ks,Kb,Kz,Qthresh,Rs,Rb1,Rb2,Prec,Frac4Rise,Error,BFF
01421900,3.47058e+08,26025.3,52.9992,765.534,0.15,0.011334,1.7,1723.44,11293.6,1.21218,19819.4,-0.251287,-0.063311,-0.035042,2250.85,0.05,0.31484,0.520211
