tmp.site,tmp.area,Lb,X1,Wb,POR,ALPHA,BETA,Ks,Kb,Kz,Qthresh,Rs,Rb1,Rb2,Prec,Frac4Rise,Error,BFF
05289800,4.55838e+08,22337.9,100,188.267,0.15,0.027535,1,1614.96,17494.9,0.881887,87097.9,-0.173963,-0.038212,-0.129402,24.4657,0.05,4.7788,0.172443
