tmp.site,tmp.area,Lb,X1,Wb,POR,ALPHA,BETA,Ks,Kb,Kz,Qthresh,Rs,Rb1,Rb2,Prec,Frac4Rise,Error,BFF
04015330,2.16523e+08,2945.96,299.411,719.914,0.15,0.036278,1.2,661.645,1197.51,0.503482,24465.7,-0.186527,-0.086056,-0.061998,24.4657,0.05,3.49161,0.133378
