tmp.site,tmp.area,Lb,X1,Wb,POR,ALPHA,BETA,Ks,Kb,Kz,Qthresh,Rs,Rb1,Rb2,Prec,Frac4Rise,Error,BFF
06352000,1.43226e+09,30169.5,100,133.306,0.15,0.013968,1,1486.44,2670.7,0.905383,17860,-0.132036,-0.085473,-0.057388,24.4657,0.05,5.45095,0.076072
