tmp.site,tmp.area,Lb,X1,Wb,POR,ALPHA,BETA,Ks,Kb,Kz,Qthresh,Rs,Rb1,Rb2,Prec,Frac4Rise,Error,BFF
01645000,2.61589e+08,12080.4,100,513.162,0.15,0.011854,1,908.929,7611.04,0.914649,132360,-0.346574,-0.056158,-0.045523,2935.89,0.05,0.323943,0.437542
