tmp.site,tmp.area,Lb,X1,Wb,POR,ALPHA,BETA,Ks,Kb,Kz,Qthresh,Rs,Rb1,Rb2,Prec,Frac4Rise,Error,BFF
01400000,4.92098e+08,11804.8,100,941.876,0.15,0.012114,1,2590.71,9042.43,0.947873,187652,-0.318398,-0.068905,-0.048054,6361.09,0.05,0.326538,0.417813
