tmp.site,tmp.area,Lb,X1,Wb,POR,ALPHA,BETA,Ks,Kb,Kz,Qthresh,Rs,Rb1,Rb2,Prec,Frac4Rise,Error,BFF
02207185,2.61589e+07,18781.1,63.5109,143.981,0.15,0.015617,1,357.97,12821.8,0.918571,1541.34,-0.246099,-0.072983,-0.073958,139.455,0.05,0.416252,0.388692
