tmp.site,tmp.area,Lb,X1,Wb,POR,ALPHA,BETA,Ks,Kb,Kz,Qthresh,Rs,Rb1,Rb2,Prec,Frac4Rise,Error,BFF
03075590,4.19578e+08,7745.02,100,1137.8,0.15,0.012869,1,2959.59,16071.1,1.01033,46181.5,-0.316649,-0.078901,-0.053676,1942.04,0.05,0.372126,0.426953
