tmp.site,tmp.area,Lb,X1,Wb,POR,ALPHA,BETA,Ks,Kb,Kz,Qthresh,Rs,Rb1,Rb2,Prec,Frac4Rise,Error,BFF
05489000,9.68656e+08,6222.36,100,816.576,0.15,0.01032,1,4757.14,10824,0.950262,12966.8,-0.279808,-0.117861,-0.099294,70.9506,0.05,0.721116,0.153564
