tmp.site,tmp.area,Lb,X1,Wb,POR,ALPHA,BETA,Ks,Kb,Kz,Qthresh,Rs,Rb1,Rb2,Prec,Frac4Rise,Error,BFF
02228000,7.22607e+09,10321,0.043061,6177.22,0.15,0.012873,1.2,9577.32,4.30832,0.934432,75843.7,-0.09036,-0.065319,-0.043483,8318.34,0.05,0.46206,0.527545
