tmp.site,tmp.area,Lb,X1,Wb,POR,ALPHA,BETA,Ks,Kb,Kz,Qthresh,Rs,Rb1,Rb2,Prec,Frac4Rise,Error,BFF
04200500,1.02564e+09,7064.79,0.361961,1198.86,0.15,0.010007,1.2,7004.32,61.6511,1.14312,13456.1,-0.242785,-0.139329,-0.09191,1150.33,0.05,0.451305,0.269083
