tmp.site,tmp.area,Lb,X1,Wb,POR,ALPHA,BETA,Ks,Kb,Kz,Qthresh,Rs,Rb1,Rb2,Prec,Frac4Rise,Error,BFF
06335500,1.20175e+10,17697.7,50.5618,884.25,0.15,0.00729,1,4671.88,14281.7,1.01613,83183.4,-0.143516,-0.086095,-0.095496,24.4657,0.05,5.56676,0.210332
