tmp.site,tmp.area,Lb,X1,Wb,POR,ALPHA,BETA,Ks,Kb,Kz,Qthresh,Rs,Rb1,Rb2,Prec,Frac4Rise,Error,BFF
10348850,1.9917e+07,8954.23,1.32719,662.262,0.15,0.008114,1.5,36.1252,33.6854,0.26779,16905.8,-0.066766,-0.019451,-0.016219,584.951,0.05,0.258583,0.790323
