tmp.site,tmp.area,Lb,X1,Wb,POR,ALPHA,BETA,Ks,Kb,Kz,Qthresh,Rs,Rb1,Rb2,Prec,Frac4Rise,Error,BFF
03510577,9.32396e+08,17299.5,100,1635.17,0.15,0.011866,1,1672.77,11618,0.869088,327841,-0.132338,-0.039981,-0.041857,35230.6,0.05,0.231095,0.63823
