tmp.site,tmp.area,Lb,X1,Wb,POR,ALPHA,BETA,Ks,Kb,Kz,Qthresh,Rs,Rb1,Rb2,Prec,Frac4Rise,Error,BFF
09406000,2.47603e+09,7765.23,73.3837,833.901,0.15,0.012568,1,105.691,2215.86,0.178146,132115,-0.112713,-0.031695,-0.030526,11988.2,0.05,0.325832,0.513501
