tmp.site,tmp.area,Lb,X1,Wb,POR,ALPHA,BETA,Ks,Kb,Kz,Qthresh,Rs,Rb1,Rb2,Prec,Frac4Rise,Error,BFF
01532000,5.56847e+08,9971.04,0.179765,1099.6,0.15,0.013864,1.2,2891.78,27.5561,1.15923,36698.6,-0.255413,-0.081635,-0.057515,954.163,0.05,0.383101,0.427906
