tmp.site,tmp.area,Lb,X1,Wb,POR,ALPHA,BETA,Ks,Kb,Kz,Qthresh,Rs,Rb1,Rb2,Prec,Frac4Rise,Error,BFF
01339060,1.54881e+08,22903.7,922.147,407.708,0.15,0.008842,6,883.692,14991.4,0.964415,54803.2,-0.340257,-0.058752,-0.037007,4893.14,0.05,0.266936,0.508928
