tmp.site,tmp.area,Lb,X1,Wb,POR,ALPHA,BETA,Ks,Kb,Kz,Qthresh,Rs,Rb1,Rb2,Prec,Frac4Rise,Error,BFF
07077380,1.81558e+09,7604.22,29.809,3200.62,0.15,0.008015,0.9,32046.6,3823.72,1.07556,95660.9,-0.08375,-0.070743,-0.18952,24.4657,0.05,97.9107,0.201489
