tmp.site,tmp.area,Lb,X1,Wb,POR,ALPHA,BETA,Ks,Kb,Kz,Qthresh,Rs,Rb1,Rb2,Prec,Frac4Rise,Error,BFF
08083240,3.66742e+09,45836.8,17.0039,157.058,0.15,0.014187,0.9,5367.45,762.425,1.40053,61164.3,-0.167517,-0.078328,-0.106099,24.4657,0.05,10.3401,0.131876
