tmp.site,tmp.area,Lb,X1,Wb,POR,ALPHA,BETA,Ks,Kb,Kz,Qthresh,Rs,Rb1,Rb2,Prec,Frac4Rise,Error,BFF
01434000,7.9668e+09,24225.9,2.6673,3755.46,0.15,0.010299,1.9,7017.81,163.462,2.47233,4.13471e+06,-0.131182,-0.058237,-0.041297,132115,0.05,0.269715,0.572472
