tmp.site,tmp.area,Lb,X1,Wb,POR,ALPHA,BETA,Ks,Kb,Kz,Qthresh,Rs,Rb1,Rb2,Prec,Frac4Rise,Error,BFF
08396500,3.96268e+10,34744.4,8.56252,1377.93,0.15,0.007648,0.9,10986.3,212.179,1.08553,247104,-0.125657,-0.071044,-0.102786,464.849,0.05,2.48236,0.244341
