tmp.site,tmp.area,Lb,X1,Wb,POR,ALPHA,BETA,Ks,Kb,Kz,Qthresh,Rs,Rb1,Rb2,Prec,Frac4Rise,Error,BFF
01054200,1.81558e+08,11991.8,8.03893,808.882,0.15,0.012292,2,2961.81,457.986,1.04794,137742,-0.282039,-0.082873,-0.046557,2691.23,0.05,0.389382,0.379282
