tmp.site,tmp.area,Lb,X1,Wb,POR,ALPHA,BETA,Ks,Kb,Kz,Qthresh,Rs,Rb1,Rb2,Prec,Frac4Rise,Error,BFF
01670400,8.85776e+08,35564.9,100,279.603,0.15,0.007897,1,248.97,734.68,0.999727,104958,-0.034335,-0.093277,-0.073419,5039.94,0.05,0.302012,0.168615
