tmp.site,tmp.area,Lb,X1,Wb,POR,ALPHA,BETA,Ks,Kb,Kz,Qthresh,Rs,Rb1,Rb2,Prec,Frac4Rise,Error,BFF
14197900,2.16264e+10,28233.5,748.576,14850.1,0.15,0.009144,1.5,6404.67,1277.29,2.9815,1.48507e+07,-0.066766,-0.041259,-0.014051,1.4239e+06,0.05,0.31269,0.404902
