tmp.site,tmp.area,Lb,X1,Wb,POR,ALPHA,BETA,Ks,Kb,Kz,Qthresh,Rs,Rb1,Rb2,Prec,Frac4Rise,Error,BFF
08158810,3.15979e+07,9843.45,100,134.113,0.15,0.086499,1,333.784,9237.9,0.528478,4403.83,-0.202733,-0.045493,-0.0752,24.4657,0.05,0.84263,0.205864
