tmp.site,tmp.area,Lb,X1,Wb,POR,ALPHA,BETA,Ks,Kb,Kz,Qthresh,Rs,Rb1,Rb2,Prec,Frac4Rise,Error,BFF
08039100,2.30509e+08,11914.3,21.6707,454.058,0.15,0.017498,1,1467.11,5067.93,1.21323,21285.2,-0.297617,-0.087264,-0.104384,24.4657,0.05,0.76477,0.280024
