tmp.site,tmp.area,Lb,X1,Wb,POR,ALPHA,BETA,Ks,Kb,Kz,Qthresh,Rs,Rb1,Rb2,Prec,Frac4Rise,Error,BFF
02146000,7.89946e+09,141716,32.6455,1486.42,0.15,0.00877,0.9,4782.33,27310.5,1.44607,3.76772e+06,-0.080274,-0.049132,-0.094905,146305,0.05,0.701991,0.530498
