tmp.site,tmp.area,Lb,X1,Wb,POR,ALPHA,BETA,Ks,Kb,Kz,Qthresh,Rs,Rb1,Rb2,Prec,Frac4Rise,Error,BFF
05429500,8.46926e+08,23397.4,60.8175,1098.86,0.15,0.025485,0.9,114.67,6022.7,1.04521,379219,-0.043506,-0.022511,-0.049779,2740.16,0.05,0.632686,0.684405
