tmp.site,tmp.area,Lb,X1,Wb,POR,ALPHA,BETA,Ks,Kb,Kz,Qthresh,Rs,Rb1,Rb2,Prec,Frac4Rise,Error,BFF
09078475,3.10799e+07,15761,100,169.615,0.15,0.022308,1,131.848,19268.7,0.617146,2471.04,-0.142382,-0.050261,-0.032957,244.657,0.05,0.334465,0.518467
