tmp.site,tmp.area,Lb,X1,Wb,POR,ALPHA,BETA,Ks,Kb,Kz,Qthresh,Rs,Rb1,Rb2,Prec,Frac4Rise,Error,BFF
07351750,2.22739e+09,14071.1,100,2030.98,0.15,0.010545,1,6380.51,22703.8,0.877987,276463,-0.106508,-0.076753,-0.072956,3360.61,0.05,0.464548,0.381918
