tmp.site,tmp.area,Lb,X1,Wb,POR,ALPHA,BETA,Ks,Kb,Kz,Qthresh,Rs,Rb1,Rb2,Prec,Frac4Rise,Error,BFF
04218000,9.03906e+08,19760.3,66.5089,1015.29,0.15,0.007789,1.3,5022.76,10993.2,0.974345,37794.6,-0.16037,-0.076501,-0.050252,3425.2,0.05,0.357731,0.410634
