tmp.site,tmp.area,Lb,X1,Wb,POR,ALPHA,BETA,Ks,Kb,Kz,Qthresh,Rs,Rb1,Rb2,Prec,Frac4Rise,Error,BFF
13192200,3.03547e+09,69797.1,26.921,3782.35,0.15,0.01077,0.9,216.645,6677.02,0.948603,841621,-0.011877,-0.029396,-0.037439,78534.9,0.05,0.454022,0.738427
