tmp.site,tmp.area,Lb,X1,Wb,POR,ALPHA,BETA,Ks,Kb,Kz,Qthresh,Rs,Rb1,Rb2,Prec,Frac4Rise,Error,BFF
05331000,9.53116e+10,22954.4,170.472,13612,0.15,0.006385,1,5326.89,12253.8,1.05183,7.92689e+06,-0.065806,-0.023411,-0.022222,325394,0.05,0.295058,0.626968
