tmp.site,tmp.area,Lb,X1,Wb,POR,ALPHA,BETA,Ks,Kb,Kz,Qthresh,Rs,Rb1,Rb2,Prec,Frac4Rise,Error,BFF
08164000,2.11602e+09,6379.96,100,1034.11,0.15,0.00755,1,7612.32,3146.12,0.966621,88076.6,-0.259256,-0.11227,-0.102379,24.4657,0.05,5.48931,0.102545
