tmp.site,tmp.area,Lb,X1,Wb,POR,ALPHA,BETA,Ks,Kb,Kz,Qthresh,Rs,Rb1,Rb2,Prec,Frac4Rise,Error,BFF
14315950,1.59543e+08,23752.1,100,520.758,0.15,0.010058,1,438.053,6070.52,0.925679,79024.3,-0.121438,-0.039258,-0.02592,3890.05,0.05,0.308998,0.524505
