tmp.site,tmp.area,Lb,X1,Wb,POR,ALPHA,BETA,Ks,Kb,Kz,Qthresh,Rs,Rb1,Rb2,Prec,Frac4Rise,Error,BFF
09520500,1.49831e+11,17322.5,20.899,1306.38,0.15,0.022281,1,29232.4,3379.62,0.953056,385580,-0.185079,-0.055301,-0.074436,24.4657,0.05,161.069,0.083547
