tmp.site,tmp.area,Lb,X1,Wb,POR,ALPHA,BETA,Ks,Kb,Kz,Qthresh,Rs,Rb1,Rb2,Prec,Frac4Rise,Error,BFF
11422500,2.71949e+08,23205.2,100,1005.25,0.15,0.014589,1,232.482,7707.86,0.897811,944377,-0.035518,-0.039967,-0.073983,269.123,0.05,9.96678,0.564109
