tmp.site,tmp.area,Lb,X1,Wb,POR,ALPHA,BETA,Ks,Kb,Kz,Qthresh,Rs,Rb1,Rb2,Prec,Frac4Rise,Error,BFF
02124080,5.67207e+07,14377.4,39.2468,158.342,0.15,0.014184,1,633.955,9452.11,1.07298,9248.04,-0.42911,-0.106607,-0.109671,24.4657,0.05,1.0446,0.206278
