tmp.site,tmp.area,Lb,X1,Wb,POR,ALPHA,BETA,Ks,Kb,Kz,Qthresh,Rs,Rb1,Rb2,Prec,Frac4Rise,Error,BFF
06235500,4.93393e+09,41047.9,28.4297,1024.24,0.15,0.006887,1.3,332.713,6899.4,0.870168,709506,-0.081832,-0.040142,-0.032734,13366.8,0.05,0.333007,0.581248
