tmp.site,tmp.area,Lb,X1,Wb,POR,ALPHA,BETA,Ks,Kb,Kz,Qthresh,Rs,Rb1,Rb2,Prec,Frac4Rise,Error,BFF
04040500,4.42888e+08,32521.7,100,363.712,0.15,0.009916,1,474.903,4661.89,0.939634,192301,-0.092913,-0.05516,-0.046983,2397.64,0.05,0.680531,0.263614
