tmp.site,tmp.area,Lb,X1,Wb,POR,ALPHA,BETA,Ks,Kb,Kz,Qthresh,Rs,Rb1,Rb2,Prec,Frac4Rise,Error,BFF
11234760,2.59776e+09,15948.1,93.2499,1607.83,0.15,0.003355,2.3,288.297,3195.3,1.0094,158293,-0.062952,-0.065206,-0.013162,2373.17,0.05,0.937719,0.163051
