tmp.site,tmp.area,Lb,X1,Wb,POR,ALPHA,BETA,Ks,Kb,Kz,Qthresh,Rs,Rb1,Rb2,Prec,Frac4Rise,Error,BFF
06442718,1.41931e+08,5299.91,100,125.396,0.15,0.008646,1,865.147,8476.94,0.913465,831.834,-0.202733,-0.114516,-0.188741,24.4657,0.05,1.78801,0.013603
