tmp.site,tmp.area,Lb,X1,Wb,POR,ALPHA,BETA,Ks,Kb,Kz,Qthresh,Rs,Rb1,Rb2,Prec,Frac4Rise,Error,BFF
06471000,1.47396e+10,379554,49.204,2446.42,0.15,0.019337,0.9,974.02,57499.1,1.097,694826,-0.074321,-0.036961,-0.106961,24.4657,0.05,374.912,0.576263
