tmp.site,tmp.area,Lb,X1,Wb,POR,ALPHA,BETA,Ks,Kb,Kz,Qthresh,Rs,Rb1,Rb2,Prec,Frac4Rise,Error,BFF
06917060,1.28981e+09,3999.86,100,1203.13,0.15,0.008336,1,3667.05,9852.76,0.97111,2715.69,-0.181659,-0.124128,-0.109502,24.4657,0.05,2.48496,0.149164
