tmp.site,tmp.area,Lb,X1,Wb,POR,ALPHA,BETA,Ks,Kb,Kz,Qthresh,Rs,Rb1,Rb2,Prec,Frac4Rise,Error,BFF
02102000,3.71404e+09,8374.95,121.621,2152.93,0.15,0.01048,1.1,11137.1,11018.4,1.31644,105203,-0.217382,-0.109338,-0.083303,9052.31,0.05,0.436208,0.266181
