tmp.site,tmp.area,Lb,X1,Wb,POR,ALPHA,BETA,Ks,Kb,Kz,Qthresh,Rs,Rb1,Rb2,Prec,Frac4Rise,Error,BFF
01407705,2.57963e+07,12702.2,100,145.601,0.15,0.015273,1,411.137,9880.1,0.753074,36698.6,-0.214926,-0.066395,-0.087427,293.589,0.05,0.452783,0.343466
