tmp.site,tmp.area,Lb,X1,Wb,POR,ALPHA,BETA,Ks,Kb,Kz,Qthresh,Rs,Rb1,Rb2,Prec,Frac4Rise,Error,BFF
05116500,2.432e+09,36728.1,100,521.755,0.15,0.038555,1,876.416,11944.8,0.948015,7119.52,-0.116304,-0.047337,-0.060207,24.4657,0.05,3.15573,0.211323
