tmp.site,tmp.area,Lb,X1,Wb,POR,ALPHA,BETA,Ks,Kb,Kz,Qthresh,Rs,Rb1,Rb2,Prec,Frac4Rise,Error,BFF
03374100,2.92798e+10,134909,91.3829,3037,0.15,0.013138,1.7,7739.59,20933,1.85413,3.47413e+06,-0.096768,-0.051631,-0.031894,226308,0.05,0.384517,0.44109
