tmp.site,tmp.area,Lb,X1,Wb,POR,ALPHA,BETA,Ks,Kb,Kz,Qthresh,Rs,Rb1,Rb2,Prec,Frac4Rise,Error,BFF
13148500,8.02896e+08,33402.3,152.949,606.039,0.15,0.022192,0.9,128.796,38469.8,1.00849,3963.45,-0.039822,-0.032945,-0.090492,244.657,0.05,1.59043,0.658361
