tmp.site,tmp.area,Lb,X1,Wb,POR,ALPHA,BETA,Ks,Kb,Kz,Qthresh,Rs,Rb1,Rb2,Prec,Frac4Rise,Error,BFF
08175000,1.4219e+09,7640.6,22.4829,366.801,0.15,0.004107,1.1,1608.4,2440.97,1.19559,45750.9,-0.146627,-0.177273,-0.117689,24.4657,0.05,1.71737,0.046109
