tmp.site,tmp.area,Lb,X1,Wb,POR,ALPHA,BETA,Ks,Kb,Kz,Qthresh,Rs,Rb1,Rb2,Prec,Frac4Rise,Error,BFF
05113600,4.63608e+09,7232.84,21.2987,884.766,0.15,0.017124,1,2190.54,2026.66,0.971705,2348.71,-0.111572,-0.07499,-0.089112,24.4657,0.05,2.76635,0.272813
