tmp.site,tmp.area,Lb,X1,Wb,POR,ALPHA,BETA,Ks,Kb,Kz,Qthresh,Rs,Rb1,Rb2,Prec,Frac4Rise,Error,BFF
06645000,3.25665e+10,9261.78,0.368309,10472.1,0.15,0.00756,1,2812.35,39.5572,0.925314,183493,-0.046601,-0.056534,-0.064094,10410.2,0.05,0.850623,0.66172
