tmp.site,tmp.area,Lb,X1,Wb,POR,ALPHA,BETA,Ks,Kb,Kz,Qthresh,Rs,Rb1,Rb2,Prec,Frac4Rise,Error,BFF
12510500,1.45428e+10,13504.8,100,5887.89,0.15,0.007398,1,1712.54,9950.21,1.02131,5.1378e+06,-0.074437,-0.031177,-0.033195,109606,0.05,0.305416,0.70548
