tmp.site,tmp.area,Lb,X1,Wb,POR,ALPHA,BETA,Ks,Kb,Kz,Qthresh,Rs,Rb1,Rb2,Prec,Frac4Rise,Error,BFF
04152500,1.26132e+09,7005.86,118.474,2051.12,0.15,0.004971,1,1011.74,1698.31,0.470894,628769,-0.084694,-0.049505,-0.047733,27010.1,0.05,0.258072,0.573965
