tmp.site,tmp.area,Lb,X1,Wb,POR,ALPHA,BETA,Ks,Kb,Kz,Qthresh,Rs,Rb1,Rb2,Prec,Frac4Rise,Error,BFF
02264060,8.41746e+07,20944.3,100,102.186,0.15,0.055756,1,709.733,30013.6,0.887973,39389.8,-0.249878,-0.057303,-0.131763,24.4657,0.05,16.2322,0.22748
