tmp.site,tmp.area,Lb,X1,Wb,POR,ALPHA,BETA,Ks,Kb,Kz,Qthresh,Rs,Rb1,Rb2,Prec,Frac4Rise,Error,BFF
06452320,1.93472e+09,17253.1,100,535.175,0.15,0.073223,1,1657.07,23058.2,0.942946,23048.2,-0.143841,-0.071378,-0.120203,24.4657,0.05,1.46301,0.202684
