tmp.site,tmp.area,Lb,X1,Wb,POR,ALPHA,BETA,Ks,Kb,Kz,Qthresh,Rs,Rb1,Rb2,Prec,Frac4Rise,Error,BFF
05429120,1.55399e+07,13933,100,106.607,0.15,0.036643,1,56.6171,28988,0.534274,7251.64,-0.108888,-0.055774,-0.13763,24.4657,0.05,3.09965,0.608344
