tmp.site,tmp.area,Lb,X1,Wb,POR,ALPHA,BETA,Ks,Kb,Kz,Qthresh,Rs,Rb1,Rb2,Prec,Frac4Rise,Error,BFF
12359800,3.0018e+09,38974.7,502.546,2479.67,0.15,0.005954,5.2,726.322,4390.35,0.419694,770670,-0.0651,-0.032888,-0.01431,53824.6,0.05,0.211651,0.603734
