tmp.site,tmp.area,Lb,X1,Wb,POR,ALPHA,BETA,Ks,Kb,Kz,Qthresh,Rs,Rb1,Rb2,Prec,Frac4Rise,Error,BFF
03357330,3.39288e+08,7308.29,100,761.595,0.15,0.013541,1,2396.57,10821,0.855272,6220.65,-0.275904,-0.091431,-0.061548,418.364,0.05,0.446375,0.318423
