tmp.site,tmp.area,Lb,X1,Wb,POR,ALPHA,BETA,Ks,Kb,Kz,Qthresh,Rs,Rb1,Rb2,Prec,Frac4Rise,Error,BFF
09063900,1.65241e+07,4136.11,100,281.712,0.15,0.002239,1,263.716,1231.77,0.567896,1321.15,-0.111572,-0.050348,-0.018722,80.7369,0.05,0.42322,0.216914
