tmp.site,tmp.area,Lb,X1,Wb,POR,ALPHA,BETA,Ks,Kb,Kz,Qthresh,Rs,Rb1,Rb2,Prec,Frac4Rise,Error,BFF
08069800,2.3802e+08,3397.93,99.5413,420.29,0.15,0.009974,1,2797.35,9628.67,0.962058,88945.1,-0.319691,-0.155585,-0.149697,24.4657,0.05,0.77015,0.073074
