tmp.site,tmp.area,Lb,X1,Wb,POR,ALPHA,BETA,Ks,Kb,Kz,Qthresh,Rs,Rb1,Rb2,Prec,Frac4Rise,Error,BFF
0423527080,2.15746e+09,7872.86,2.47366,2628.81,0.15,0.012752,0.9,5502.67,490.24,0.996623,1.20861e+06,-0.16921,-0.049492,-0.083995,21355.1,0.05,0.418341,0.57316
