tmp.site,tmp.area,Lb,X1,Wb,POR,ALPHA,BETA,Ks,Kb,Kz,Qthresh,Rs,Rb1,Rb2,Prec,Frac4Rise,Error,BFF
08168932,2.90079e+08,124926,100,734.769,0.15,0.012786,1,152.51,1685.92,0.34505,293589,-0.045364,-0.009821,-0.017251,10552.8,0.05,0.300228,0.703677
