tmp.site,tmp.area,Lb,X1,Wb,POR,ALPHA,BETA,Ks,Kb,Kz,Qthresh,Rs,Rb1,Rb2,Prec,Frac4Rise,Error,BFF
03231000,8.62466e+08,17899.7,0.333022,825.767,0.15,0.010755,1.3,3058.4,76.8366,1.19664,48931.4,-0.087602,-0.08999,-0.058394,1076.49,0.05,0.475998,0.369147
