tmp.site,tmp.area,Lb,X1,Wb,POR,ALPHA,BETA,Ks,Kb,Kz,Qthresh,Rs,Rb1,Rb2,Prec,Frac4Rise,Error,BFF
06803530,3.10799e+08,16755.3,1597.32,350.733,0.15,0.016378,2.2,961.003,303.758,0.293433,23976.4,-0.152234,-0.081994,-0.045196,807.369,0.05,0.423571,0.215196
