tmp.site,tmp.area,Lb,X1,Wb,POR,ALPHA,BETA,Ks,Kb,Kz,Qthresh,Rs,Rb1,Rb2,Prec,Frac4Rise,Error,BFF
02157530,1.92954e+08,10265.8,100,462.81,0.15,0.011303,1,501.527,6699.45,0.978926,187593,-0.114862,-0.093819,-0.027672,3670.59,0.05,0.251856,0.426676
