tmp.site,tmp.area,Lb,X1,Wb,POR,ALPHA,BETA,Ks,Kb,Kz,Qthresh,Rs,Rb1,Rb2,Prec,Frac4Rise,Error,BFF
05129515,3.83318e+10,10873.5,58.1946,40649.7,0.15,0.011017,0.8,737.579,3751.3,0.990876,7.92689e+06,-0.008972,-0.022135,-0.032735,868166,0.05,0.312964,0.764853
