tmp.site,tmp.area,Lb,X1,Wb,POR,ALPHA,BETA,Ks,Kb,Kz,Qthresh,Rs,Rb1,Rb2,Prec,Frac4Rise,Error,BFF
07023700,5.25768e+08,11895.9,4485.73,622.634,0.15,0.004279,5,970.73,6002.78,0.878804,49665.4,-0.28081,-0.204482,-0.102649,4819.75,0.05,0.379791,0.119298
