tmp.site,tmp.area,Lb,X1,Wb,POR,ALPHA,BETA,Ks,Kb,Kz,Qthresh,Rs,Rb1,Rb2,Prec,Frac4Rise,Error,BFF
07013000,2.02278e+09,3454.84,100,3836.82,0.15,0.003513,1,331.879,723.162,0.914386,288695,-0.132192,-0.081892,-0.020219,24575.8,0.05,0.326469,0.317908
