tmp.site,tmp.area,Lb,X1,Wb,POR,ALPHA,BETA,Ks,Kb,Kz,Qthresh,Rs,Rb1,Rb2,Prec,Frac4Rise,Error,BFF
11159000,3.07173e+09,11521.2,111.754,746.927,0.15,0.007887,1.1,1495.81,6618.61,1.11302,58717.7,-0.162711,-0.065046,-0.044226,64.7118,0.05,0.651812,0.167385
