tmp.site,tmp.area,Lb,X1,Wb,POR,ALPHA,BETA,Ks,Kb,Kz,Qthresh,Rs,Rb1,Rb2,Prec,Frac4Rise,Error,BFF
022929176,1.74565e+08,54190.4,100,392.481,0.15,0.036763,1,246.695,74628.2,1.01787,118933,-0.166328,-0.054452,-0.114422,87.2692,0.05,0.927326,0.593146
