tmp.site,tmp.area,Lb,X1,Wb,POR,ALPHA,BETA,Ks,Kb,Kz,Qthresh,Rs,Rb1,Rb2,Prec,Frac4Rise,Error,BFF
021473426,2.48639e+07,18995.9,315.001,313.959,0.15,0.026988,1,1235.69,98549.4,0.935718,12587.1,-0.346574,-0.097824,-0.110203,24.4657,0.05,0.999443,0.296489
