tmp.site,tmp.area,Lb,X1,Wb,POR,ALPHA,BETA,Ks,Kb,Kz,Qthresh,Rs,Rb1,Rb2,Prec,Frac4Rise,Error,BFF
13019500,1.45816e+09,10974.2,4748.6,2712.69,0.15,0.018888,10.1,5.84833,704.025,1.04593,548032,-0.091018,-0.022407,-0.012313,36453.9,0.05,0.188739,0.754573
