tmp.site,tmp.area,Lb,X1,Wb,POR,ALPHA,BETA,Ks,Kb,Kz,Qthresh,Rs,Rb1,Rb2,Prec,Frac4Rise,Error,BFF
04235250,2.64179e+08,13465.7,247.664,447.47,0.15,0.021475,1,815.384,55854.6,1.54653,59627.8,-0.183862,-0.069528,-0.076582,61.1643,0.05,0.490722,0.417346
