tmp.site,tmp.area,Lb,X1,Wb,POR,ALPHA,BETA,Ks,Kb,Kz,Qthresh,Rs,Rb1,Rb2,Prec,Frac4Rise,Error,BFF
12323670,1.02305e+08,13020.3,831.537,311.862,0.15,0.011031,1.3,163.482,4928,0.297841,24226,-0.064812,-0.025062,-0.018872,1424.98,0.05,0.285473,0.373743
