tmp.site,tmp.area,Lb,X1,Wb,POR,ALPHA,BETA,Ks,Kb,Kz,Qthresh,Rs,Rb1,Rb2,Prec,Frac4Rise,Error,BFF
01091000,2.69359e+08,11563.2,100,686.62,0.15,0.019617,1,1107.48,14798.5,0.945438,11014.5,-0.177199,-0.060528,-0.052169,1223.29,0.05,0.382112,0.459526
