tmp.site,tmp.area,Lb,X1,Wb,POR,ALPHA,BETA,Ks,Kb,Kz,Qthresh,Rs,Rb1,Rb2,Prec,Frac4Rise,Error,BFF
04106320,3.36698e+07,4442.67,242.609,323.952,0.15,0.018913,0.8,128.174,4591.89,0.177358,15707,-0.075691,-0.021651,-0.03751,244.657,0.05,0.342297,0.611362
