tmp.site,tmp.area,Lb,X1,Wb,POR,ALPHA,BETA,Ks,Kb,Kz,Qthresh,Rs,Rb1,Rb2,Prec,Frac4Rise,Error,BFF
01583600,5.41308e+07,49492.2,202.274,157.401,0.15,0.028901,3.8,265.821,4126.72,1.57077,26912.3,-0.424647,-0.063264,-0.047772,1590.27,0.05,0.313269,0.427749
