tmp.site,tmp.area,Lb,X1,Wb,POR,ALPHA,BETA,Ks,Kb,Kz,Qthresh,Rs,Rb1,Rb2,Prec,Frac4Rise,Error,BFF
12335100,1.28981e+09,145188,50974.1,536.575,0.15,0.007024,10.1,403.78,1252.89,0.805526,406131,-0.05268,-0.017803,-0.010172,22997.8,0.05,0.275988,0.380605
