tmp.site,tmp.area,Lb,X1,Wb,POR,ALPHA,BETA,Ks,Kb,Kz,Qthresh,Rs,Rb1,Rb2,Prec,Frac4Rise,Error,BFF
01414500,6.52677e+07,21913.2,100,239.774,0.15,0.017932,1,215.529,30339.7,0.936907,5871.77,-0.174153,-0.064393,-0.031749,636.109,0.05,0.350505,0.474612
