tmp.site,tmp.area,Lb,X1,Wb,POR,ALPHA,BETA,Ks,Kb,Kz,Qthresh,Rs,Rb1,Rb2,Prec,Frac4Rise,Error,BFF
09409100,3.00439e+08,92297.9,100,48.2813,0.15,0.09979,1,539.645,23435.6,0.90642,24294.5,-0.077075,-0.053984,-0.115453,31.8054,0.05,1.15752,0.190172
