tmp.site,tmp.area,Lb,X1,Wb,POR,ALPHA,BETA,Ks,Kb,Kz,Qthresh,Rs,Rb1,Rb2,Prec,Frac4Rise,Error,BFF
02295420,3.13389e+08,18736.2,0.769068,546.474,0.15,0.025332,1,537.509,176.767,1.09423,84896,-0.132229,-0.051417,-0.057175,315.192,0.05,0.452443,0.497794
