tmp.site,tmp.area,Lb,X1,Wb,POR,ALPHA,BETA,Ks,Kb,Kz,Qthresh,Rs,Rb1,Rb2,Prec,Frac4Rise,Error,BFF
12147500,1.03341e+08,12428.3,100,814.995,0.15,0.01098,1,1354.07,5457.66,1.16246,112542,-0.283934,-0.058907,-0.025214,10764.9,0.05,0.280774,0.468998
