tmp.site,tmp.area,Lb,X1,Wb,POR,ALPHA,BETA,Ks,Kb,Kz,Qthresh,Rs,Rb1,Rb2,Prec,Frac4Rise,Error,BFF
07194500,2.49861e+11,21041.3,32.3668,26624.6,0.15,0.015298,0.9,51885.4,15423.7,1.29638,850575,-0.121882,-0.04403,-0.097608,108863,0.05,0.566156,0.522087
