tmp.site,tmp.area,Lb,X1,Wb,POR,ALPHA,BETA,Ks,Kb,Kz,Qthresh,Rs,Rb1,Rb2,Prec,Frac4Rise,Error,BFF
09408000,4.01448e+07,13954,21.7207,367.111,0.15,0.006309,1.2,74.8583,312.177,0.148291,13700.8,-0.111572,-0.011762,-0.010455,291.142,0.05,0.299519,0.581416
