tmp.site,tmp.area,Lb,X1,Wb,POR,ALPHA,BETA,Ks,Kb,Kz,Qthresh,Rs,Rb1,Rb2,Prec,Frac4Rise,Error,BFF
09132095,6.03467e+08,17503.7,100,770.778,0.15,0.007315,1,74.6385,13710.8,0.942817,114744,-0.140511,-0.034577,-0.017805,6758.41,0.05,0.29424,0.418312
