tmp.site,tmp.area,Lb,X1,Wb,POR,ALPHA,BETA,Ks,Kb,Kz,Qthresh,Rs,Rb1,Rb2,Prec,Frac4Rise,Error,BFF
02038850,2.21185e+07,3335.07,355.15,281.828,0.15,0.010171,1.1,618.684,8204.86,0.4577,16636.7,-0.346574,-0.057687,-0.04825,96.1747,0.05,0.346974,0.388915
