tmp.site,tmp.area,Lb,X1,Wb,POR,ALPHA,BETA,Ks,Kb,Kz,Qthresh,Rs,Rb1,Rb2,Prec,Frac4Rise,Error,BFF
06025500,6.40245e+09,31481.2,101.381,3356.64,0.15,0.004463,1.6,340.716,14048,1.05192,966396,-0.058892,-0.032258,-0.02408,34741.3,0.05,0.282035,0.77218
