tmp.site,tmp.area,Lb,X1,Wb,POR,ALPHA,BETA,Ks,Kb,Kz,Qthresh,Rs,Rb1,Rb2,Prec,Frac4Rise,Error,BFF
07096250,7.01887e+08,199631,100,44.7983,0.15,0.043898,1,2056.65,20225,0.986962,10030.9,-0.111572,-0.035262,-0.056243,41.9098,0.05,0.926597,0.192807
