tmp.site,tmp.area,Lb,X1,Wb,POR,ALPHA,BETA,Ks,Kb,Kz,Qthresh,Rs,Rb1,Rb2,Prec,Frac4Rise,Error,BFF
03341300,1.16031e+09,17308.8,88.5052,2493.95,0.15,0.008475,1.3,1207.36,39366.6,0.991641,119882,-0.068488,-0.068592,-0.050289,8807.66,0.05,0.485851,0.800304
