tmp.site,tmp.area,Lb,X1,Wb,POR,ALPHA,BETA,Ks,Kb,Kz,Qthresh,Rs,Rb1,Rb2,Prec,Frac4Rise,Error,BFF
06326500,3.38252e+10,9356.09,100,2173.73,0.15,0.008693,1,3671.61,12123.9,0.971406,910125,-0.111572,-0.05221,-0.07903,657.614,0.05,0.841008,0.48094
