tmp.site,tmp.area,Lb,X1,Wb,POR,ALPHA,BETA,Ks,Kb,Kz,Qthresh,Rs,Rb1,Rb2,Prec,Frac4Rise,Error,BFF
12100496,1.23024e+09,59959.9,8.69995,667.837,0.15,0.003037,0.9,294.411,1092.6,0.997249,403684,-0.08939,-0.057722,-0.081267,35719.9,0.05,0.415356,0.229556
