tmp.site,tmp.area,Lb,X1,Wb,POR,ALPHA,BETA,Ks,Kb,Kz,Qthresh,Rs,Rb1,Rb2,Prec,Frac4Rise,Error,BFF
02448900,4.09218e+08,8139.8,46.4169,807.509,0.15,0.008643,1,4692.22,23417.3,1.02556,7731.17,-0.258048,-0.159041,-0.194521,24.4657,0.05,1.59365,0.218506
