tmp.site,tmp.area,Lb,X1,Wb,POR,ALPHA,BETA,Ks,Kb,Kz,Qthresh,Rs,Rb1,Rb2,Prec,Frac4Rise,Error,BFF
02440400,4.89508e+08,4843.65,0.12637,1023.44,0.15,0.013064,1,4590.77,33.1186,0.456078,63610.9,-0.393126,-0.139694,-0.175643,73.3971,0.05,1.0354,0.222998
