tmp.site,tmp.area,Lb,X1,Wb,POR,ALPHA,BETA,Ks,Kb,Kz,Qthresh,Rs,Rb1,Rb2,Prec,Frac4Rise,Error,BFF
05590050,2.06681e+07,15765.3,23.1968,91.0037,0.15,0.017332,1,190.894,5797.98,0.859525,12550.9,-0.296489,-0.085647,-0.088781,200.619,0.05,0.40665,0.338089
