tmp.site,tmp.area,Lb,X1,Wb,POR,ALPHA,BETA,Ks,Kb,Kz,Qthresh,Rs,Rb1,Rb2,Prec,Frac4Rise,Error,BFF
02342500,8.33976e+08,21277.6,42.2595,1073.84,0.15,0.014082,1.1,3720.74,12194.6,1.06167,66057.4,-0.218467,-0.076676,-0.062328,1360.29,0.05,0.404561,0.390719
