tmp.site,tmp.area,Lb,X1,Wb,POR,ALPHA,BETA,Ks,Kb,Kz,Qthresh,Rs,Rb1,Rb2,Prec,Frac4Rise,Error,BFF
02344396,4.14398e+08,19951.9,106.022,573.668,0.15,0.00822,1.6,3819.94,16249.2,0.99121,121350,-0.389091,-0.119288,-0.075125,2562.78,0.05,0.354189,0.296709
