tmp.site,tmp.area,Lb,X1,Wb,POR,ALPHA,BETA,Ks,Kb,Kz,Qthresh,Rs,Rb1,Rb2,Prec,Frac4Rise,Error,BFF
01589316,1.91659e+06,4346.15,19.3428,39.649,0.15,0.006247,0.9,253.362,860.886,0.311542,929.697,-1.15129,-0.091355,-0.160857,24.4657,0.05,0.523997,0.099067
