tmp.site,tmp.area,Lb,X1,Wb,POR,ALPHA,BETA,Ks,Kb,Kz,Qthresh,Rs,Rb1,Rb2,Prec,Frac4Rise,Error,BFF
13066000,2.32322e+09,37672.1,74.8726,2020.6,0.15,0.025509,0.9,47.7444,18868.7,1.01568,841621,-0.020509,-0.023955,-0.039742,10520.3,0.05,0.412967,0.798338
