tmp.site,tmp.area,Lb,X1,Wb,POR,ALPHA,BETA,Ks,Kb,Kz,Qthresh,Rs,Rb1,Rb2,Prec,Frac4Rise,Error,BFF
06915000,3.70368e+08,9480.29,100,331.504,0.15,0.009846,1,59.4776,6853,0.914861,50888.7,-0.006854,-0.091077,-0.15785,24.4657,0.05,22.9764,0.123253
