tmp.site,tmp.area,Lb,X1,Wb,POR,ALPHA,BETA,Ks,Kb,Kz,Qthresh,Rs,Rb1,Rb2,Prec,Frac4Rise,Error,BFF
072632982,1.28463e+07,8310.39,100,98.6561,0.15,0.044581,1,403.61,22356.1,0.819555,538.246,-0.225733,-0.107782,-0.145713,24.4657,0.05,0.656313,0.222944
