tmp.site,tmp.area,Lb,X1,Wb,POR,ALPHA,BETA,Ks,Kb,Kz,Qthresh,Rs,Rb1,Rb2,Prec,Frac4Rise,Error,BFF
09371520,6.06057e+08,4411.76,130.383,729.453,0.15,0.019633,0.9,631.442,1260.77,0.225012,24661.4,-0.099335,-0.0347,-0.037351,1841.12,0.05,0.339293,0.467181
