tmp.site,tmp.area,Lb,X1,Wb,POR,ALPHA,BETA,Ks,Kb,Kz,Qthresh,Rs,Rb1,Rb2,Prec,Frac4Rise,Error,BFF
06908000,2.90079e+09,10591.5,12.1281,866.701,0.15,0.008188,1,6240.01,3279.08,1.38287,34252,-0.202733,-0.145789,-0.150835,195.726,0.05,0.939725,0.11171
