tmp.site,tmp.area,Lb,X1,Wb,POR,ALPHA,BETA,Ks,Kb,Kz,Qthresh,Rs,Rb1,Rb2,Prec,Frac4Rise,Error,BFF
07194906,1.39859e+07,7322.92,100,126.109,0.15,0.097483,1,923.558,84713.1,1.01589,18627.2,-0.933174,-0.122612,-0.265513,24.4657,0.05,2.24031,0.368187
