tmp.site,tmp.area,Lb,X1,Wb,POR,ALPHA,BETA,Ks,Kb,Kz,Qthresh,Rs,Rb1,Rb2,Prec,Frac4Rise,Error,BFF
01105606,3.21159e+07,15076.1,100,127.822,0.15,0.017381,1,144.713,16965.3,0.698097,3603.07,-0.139756,-0.057698,-0.076429,24.4657,0.05,0.693702,0.400292
