tmp.site,tmp.area,Lb,X1,Wb,POR,ALPHA,BETA,Ks,Kb,Kz,Qthresh,Rs,Rb1,Rb2,Prec,Frac4Rise,Error,BFF
03238785,2.54078e+07,6626.48,100,120.554,0.15,0.025059,1,787.948,17779.6,0.954387,13627.4,-0.452106,-0.136173,-0.123279,24.4657,0.05,0.456648,0.183222
