tmp.site,tmp.area,Lb,X1,Wb,POR,ALPHA,BETA,Ks,Kb,Kz,Qthresh,Rs,Rb1,Rb2,Prec,Frac4Rise,Error,BFF
08200720,4.06628e+08,3814.02,0.28786,49.5315,0.15,0.00126,0.9,10168.8,0.044027,1.22933,3640.5,-0.459311,-0.19983,-0.37119,24.4657,0.05,0.176765,1.6e-05
