tmp.site,tmp.area,Lb,X1,Wb,POR,ALPHA,BETA,Ks,Kb,Kz,Qthresh,Rs,Rb1,Rb2,Prec,Frac4Rise,Error,BFF
02344700,2.61589e+08,26478.8,188.988,1090.26,0.15,0.013897,1.1,4728.45,68864.1,1.31042,34252,-0.255413,-0.08122,-0.06759,922.773,0.05,0.42402,0.381903
