tmp.site,tmp.area,Lb,X1,Wb,POR,ALPHA,BETA,Ks,Kb,Kz,Qthresh,Rs,Rb1,Rb2,Prec,Frac4Rise,Error,BFF
08198500,6.24187e+08,39214.8,100,88.3433,0.15,0.022197,1,1283.92,4525.33,0.926859,15680.6,-0.118047,-0.046618,-0.04742,24.4657,0.05,1.07214,0.036981
