tmp.site,tmp.area,Lb,X1,Wb,POR,ALPHA,BETA,Ks,Kb,Kz,Qthresh,Rs,Rb1,Rb2,Prec,Frac4Rise,Error,BFF
05451900,1.45298e+08,21552.3,23.9497,235.962,0.15,0.017322,1,372.421,4427.84,1.05203,26912.3,-0.222181,-0.056304,-0.061353,48.9314,0.05,0.913074,0.358407
