tmp.site,tmp.area,Lb,X1,Wb,POR,ALPHA,BETA,Ks,Kb,Kz,Qthresh,Rs,Rb1,Rb2,Prec,Frac4Rise,Error,BFF
02369000,1.22765e+09,15076.2,7540.29,3950.67,0.15,0.006903,9,3820.14,260.008,0.906957,863640,-0.21854,-0.048536,-0.026258,64589.5,0.05,0.23194,0.540313
