tmp.site,tmp.area,Lb,X1,Wb,POR,ALPHA,BETA,Ks,Kb,Kz,Qthresh,Rs,Rb1,Rb2,Prec,Frac4Rise,Error,BFF
03324095,2.84381e+09,5579.33,0.171521,3547.22,0.15,0.007298,1.3,2139.27,26.8987,1.19538,221207,-0.090687,-0.100847,-0.072365,12494.2,0.05,0.555477,0.653927
