tmp.site,tmp.area,Lb,X1,Wb,POR,ALPHA,BETA,Ks,Kb,Kz,Qthresh,Rs,Rb1,Rb2,Prec,Frac4Rise,Error,BFF
11141280,5.41308e+07,30603.2,100,135.796,0.15,0.006846,1,77.7992,6605.52,0.693793,4403.83,-0.107293,-0.037548,-0.017564,144.348,0.05,0.330206,0.330631
