tmp.site,tmp.area,Lb,X1,Wb,POR,ALPHA,BETA,Ks,Kb,Kz,Qthresh,Rs,Rb1,Rb2,Prec,Frac4Rise,Error,BFF
01411500,2.90079e+08,23331,100,629.234,0.15,0.01415,1,242.9,9934.7,0.919363,195481,-0.050891,-0.025763,-0.025832,9786.29,0.05,0.237659,0.662492
