tmp.site,tmp.area,Lb,X1,Wb,POR,ALPHA,BETA,Ks,Kb,Kz,Qthresh,Rs,Rb1,Rb2,Prec,Frac4Rise,Error,BFF
11440550,1.81299e+06,1476.89,222.728,104.092,0.15,0.018139,1,72.356,1561.34,0.075337,415.917,-0.134132,-0.035462,-0.03157,24.4657,0.05,0.377076,0.342759
