tmp.site,tmp.area,Lb,X1,Wb,POR,ALPHA,BETA,Ks,Kb,Kz,Qthresh,Rs,Rb1,Rb2,Prec,Frac4Rise,Error,BFF
01586000,1.46593e+08,25117.3,100,312.487,0.15,0.015755,1,503.556,11601.8,0.903363,63610.9,-0.396654,-0.045178,-0.034933,2691.23,0.05,0.29242,0.491742
