tmp.site,tmp.area,Lb,X1,Wb,POR,ALPHA,BETA,Ks,Kb,Kz,Qthresh,Rs,Rb1,Rb2,Prec,Frac4Rise,Error,BFF
06600500,2.29473e+09,15113.2,132.748,879.902,0.15,0.009396,1.1,1752.28,9584.61,0.69853,24465.7,-0.143258,-0.04838,-0.037905,930.431,0.05,0.523507,0.314146
