tmp.site,tmp.area,Lb,X1,Wb,POR,ALPHA,BETA,Ks,Kb,Kz,Qthresh,Rs,Rb1,Rb2,Prec,Frac4Rise,Error,BFF
08266820,4.79148e+08,22552.8,134.043,2106.19,0.15,0.025882,1,449.719,1035.08,0.010397,65078.8,-0.055567,-0.016535,-0.012362,6643.18,0.05,0.203789,0.565283
