tmp.site,tmp.area,Lb,X1,Wb,POR,ALPHA,BETA,Ks,Kb,Kz,Qthresh,Rs,Rb1,Rb2,Prec,Frac4Rise,Error,BFF
01374930,3.49648e+07,15512.1,100,287.364,0.15,0.040015,1,292.476,35759,0.754499,58717.7,-0.2369,-0.058373,-0.084353,73.3971,0.05,0.453919,0.484735
