tmp.site,tmp.area,Lb,X1,Wb,POR,ALPHA,BETA,Ks,Kb,Kz,Qthresh,Rs,Rb1,Rb2,Prec,Frac4Rise,Error,BFF
08012470,7.74406e+08,9120.69,100,1268.63,0.15,0.008645,1,1797.23,8038.08,1.32851,271738,-0.131949,-0.077973,-0.180416,1210.27,0.05,3.36887,0.34534
