tmp.site,tmp.area,Lb,X1,Wb,POR,ALPHA,BETA,Ks,Kb,Kz,Qthresh,Rs,Rb1,Rb2,Prec,Frac4Rise,Error,BFF
03145000,3.44468e+08,12694.4,100,395.42,0.15,0.00989,1,2165.02,16062.1,0.966626,42815,-0.225831,-0.104271,-0.098463,733.971,0.05,0.504452,0.190198
