tmp.site,tmp.area,Lb,X1,Wb,POR,ALPHA,BETA,Ks,Kb,Kz,Qthresh,Rs,Rb1,Rb2,Prec,Frac4Rise,Error,BFF
02169625,2.1471e+10,16918.3,100,5351.73,0.15,0.00741,1,7655.04,8146.12,1.60949,8.53707e+06,-0.129028,-0.058441,-0.03709,590407,0.05,0.194093,0.655669
