tmp.site,tmp.area,Lb,X1,Wb,POR,ALPHA,BETA,Ks,Kb,Kz,Qthresh,Rs,Rb1,Rb2,Prec,Frac4Rise,Error,BFF
10261500,1.32866e+09,6609.38,821.328,829.585,0.15,0.014323,1.3,416.217,15844.3,0.02373,7437.58,-0.143841,-0.039756,-0.02299,239.764,0.05,0.463478,0.21522
