tmp.site,tmp.area,Lb,X1,Wb,POR,ALPHA,BETA,Ks,Kb,Kz,Qthresh,Rs,Rb1,Rb2,Prec,Frac4Rise,Error,BFF
03487550,9.40166e+07,33513.4,100,180.38,0.15,0.015179,1,370.706,22709.3,0.931854,19083.3,-0.327333,-0.062289,-0.041259,1111.97,0.05,0.362091,0.394275
