tmp.site,tmp.area,Lb,X1,Wb,POR,ALPHA,BETA,Ks,Kb,Kz,Qthresh,Rs,Rb1,Rb2,Prec,Frac4Rise,Error,BFF
02423630,1.87256e+08,6197,100,632.353,0.15,0.012279,1,2972.79,11197.6,0.978518,66057.4,-0.488356,-0.114219,-0.095221,946.823,0.05,0.459658,0.243165
