tmp.site,tmp.area,Lb,X1,Wb,POR,ALPHA,BETA,Ks,Kb,Kz,Qthresh,Rs,Rb1,Rb2,Prec,Frac4Rise,Error,BFF
06893000,1.25381e+12,14000.3,100,72922.3,0.15,0.005983,1,62081.5,1557.52,0.971889,1.12787e+08,-0.070795,-0.023688,-0.029672,2.21963e+06,0.05,0.337553,0.597651
