tmp.site,tmp.area,Lb,X1,Wb,POR,ALPHA,BETA,Ks,Kb,Kz,Qthresh,Rs,Rb1,Rb2,Prec,Frac4Rise,Error,BFF
11517500,2.05386e+09,488689,100,670.067,0.15,0.015273,1,625.019,1219.74,0.918475,430597,-0.103766,-0.03455,-0.049413,2446.57,0.05,1.68194,0.574865
