tmp.site,tmp.area,Lb,X1,Wb,POR,ALPHA,BETA,Ks,Kb,Kz,Qthresh,Rs,Rb1,Rb2,Prec,Frac4Rise,Error,BFF
05504800,6.03467e+08,6539.64,4.20532,656.763,0.15,0.009219,1.1,4167.77,956.128,1.19646,16636.7,-0.225993,-0.16993,-0.131404,24.4657,0.05,0.782143,0.138034
