tmp.site,tmp.area,Lb,X1,Wb,POR,ALPHA,BETA,Ks,Kb,Kz,Qthresh,Rs,Rb1,Rb2,Prec,Frac4Rise,Error,BFF
01104370,2.64179e+07,16808.7,100,424.32,0.15,0.024747,1,555.436,25827.7,0.65238,1737.07,-0.187255,-0.047348,-0.057321,119.882,0.05,0.379109,0.534182
