tmp.site,tmp.area,Lb,X1,Wb,POR,ALPHA,BETA,Ks,Kb,Kz,Qthresh,Rs,Rb1,Rb2,Prec,Frac4Rise,Error,BFF
08057410,1.62599e+10,39368.3,22.7624,1225.64,0.15,0.003463,0.9,2265.95,3377.77,1.08956,523566,-0.164506,-0.056913,-0.07746,55816.1,0.05,0.392956,0.206805
