tmp.site,tmp.area,Lb,X1,Wb,POR,ALPHA,BETA,Ks,Kb,Kz,Qthresh,Rs,Rb1,Rb2,Prec,Frac4Rise,Error,BFF
07346080,5.37164e+09,14165.7,100,4702.57,0.15,0.023353,1,2835.96,16160.8,0.981326,107649,-0.064721,-0.049688,-0.065983,5704.43,0.05,0.501329,0.586527
