tmp.site,tmp.area,Lb,X1,Wb,POR,ALPHA,BETA,Ks,Kb,Kz,Qthresh,Rs,Rb1,Rb2,Prec,Frac4Rise,Error,BFF
03252300,3.98858e+08,6627.53,100,922.17,0.15,0.01396,1,3823.54,18799.9,0.906735,7095.06,-0.315961,-0.104907,-0.130677,96.1258,0.05,0.920431,0.285551
