tmp.site,tmp.area,Lb,X1,Wb,POR,ALPHA,BETA,Ks,Kb,Kz,Qthresh,Rs,Rb1,Rb2,Prec,Frac4Rise,Error,BFF
01374581,5.80157e+07,21282.9,10.2665,169.54,0.15,0.010489,1,93.4084,441.87,1.00062,44527.6,-0.028603,-0.056103,-0.061079,990.861,0.05,0.514,0.274924
