tmp.site,tmp.area,Lb,X1,Wb,POR,ALPHA,BETA,Ks,Kb,Kz,Qthresh,Rs,Rb1,Rb2,Prec,Frac4Rise,Error,BFF
03418224,1.74565e+08,3443.63,6.70092,972.446,0.15,0.008308,1.3,827.208,477.628,1.09166,19132.2,-0.153798,-0.108933,-0.070727,1408.44,0.05,0.392876,0.358459
