tmp.site,tmp.area,Lb,X1,Wb,POR,ALPHA,BETA,Ks,Kb,Kz,Qthresh,Rs,Rb1,Rb2,Prec,Frac4Rise,Error,BFF
13047600,8.72826e+08,54524.5,100,1044.7,0.15,0.00966,1,687.856,1388.71,0.894999,1.11319e+06,-0.050764,-0.024692,-0.019214,76822.3,0.05,0.202839,0.521811
