tmp.site,tmp.area,Lb,X1,Wb,POR,ALPHA,BETA,Ks,Kb,Kz,Qthresh,Rs,Rb1,Rb2,Prec,Frac4Rise,Error,BFF
03115712,2.18854e+08,7532.35,100,531.75,0.15,0.018661,1,1289.39,20945.1,1.03969,12475.1,-0.371377,-0.091022,-0.112263,188.386,0.05,0.509829,0.36024
