tmp.site,tmp.area,Lb,X1,Wb,POR,ALPHA,BETA,Ks,Kb,Kz,Qthresh,Rs,Rb1,Rb2,Prec,Frac4Rise,Error,BFF
02358700,4.55838e+10,39659.7,15026.2,9792.33,0.15,0.005575,10.1,5093.87,463.768,1.8999,1.34806e+07,-0.044313,-0.03459,-0.020578,1.34317e+06,0.05,0.295878,0.552286
