tmp.site,tmp.area,Lb,X1,Wb,POR,ALPHA,BETA,Ks,Kb,Kz,Qthresh,Rs,Rb1,Rb2,Prec,Frac4Rise,Error,BFF
02323000,2.432e+10,178087,48814.1,9125.6,0.15,0.014959,5.3,857.271,4923.08,0.394562,7.07059e+06,-0.017546,-0.011309,-0.007795,545585,0.05,0.357907,0.494109
