tmp.site,tmp.area,Lb,X1,Wb,POR,ALPHA,BETA,Ks,Kb,Kz,Qthresh,Rs,Rb1,Rb2,Prec,Frac4Rise,Error,BFF
04197137,2.50193e+09,15159.7,7.27141,1108.06,0.15,0.011825,1.5,4453.92,1462.31,1.25506,76822.3,-0.138094,-0.14154,-0.076325,5945.17,0.05,0.432594,0.261511
