tmp.site,tmp.area,Lb,X1,Wb,POR,ALPHA,BETA,Ks,Kb,Kz,Qthresh,Rs,Rb1,Rb2,Prec,Frac4Rise,Error,BFF
07104000,5.25768e+08,297235,100,115.222,0.15,0.024743,1,3218.19,4840.38,1.01685,52112,-0.178205,-0.042633,-0.052688,440.383,0.05,0.757431,0.235952
