tmp.site,tmp.area,Lb,X1,Wb,POR,ALPHA,BETA,Ks,Kb,Kz,Qthresh,Rs,Rb1,Rb2,Prec,Frac4Rise,Error,BFF
08075400,5.23178e+07,3828.06,138.02,348.508,0.15,0.005639,1,367.458,1257.7,0.294973,18104.6,-0.279808,-0.118679,-0.111007,899.458,0.05,0.324249,0.192669
