tmp.site,tmp.area,Lb,X1,Wb,POR,ALPHA,BETA,Ks,Kb,Kz,Qthresh,Rs,Rb1,Rb2,Prec,Frac4Rise,Error,BFF
04253295,492098,2058.51,23.2529,99.32,0.15,0.082144,0.9,572.707,644.607,0.05738,391.451,-0.224705,-0.087576,-0.136173,24.4657,0.05,0.57374,0.293409
