tmp.site,tmp.area,Lb,X1,Wb,POR,ALPHA,BETA,Ks,Kb,Kz,Qthresh,Rs,Rb1,Rb2,Prec,Frac4Rise,Error,BFF
06331680,3.49648e+08,1084.26,243.531,358.678,0.15,0.005618,1.2,612.095,488.566,0.020813,2348.71,-0.111572,-0.137459,-0.08695,24.4657,0.05,1.33406,0.059063
