tmp.site,tmp.area,Lb,X1,Wb,POR,ALPHA,BETA,Ks,Kb,Kz,Qthresh,Rs,Rb1,Rb2,Prec,Frac4Rise,Error,BFF
0307020015,2.51488e+09,5188.63,100,3908.98,0.15,0.013638,1,11025.5,10981.9,1.87774,504483,-0.242507,-0.082112,-0.076531,15096.3,0.05,0.362526,0.434393
