tmp.site,tmp.area,Lb,X1,Wb,POR,ALPHA,BETA,Ks,Kb,Kz,Qthresh,Rs,Rb1,Rb2,Prec,Frac4Rise,Error,BFF
08329720,9.84195e+06,11705,100,16.7988,0.15,0.00955,1,1925.19,307.919,0.126612,24.4657,-1.15129,-0.002,-0.001,24.4657,0.05,0.103295,0.016539
