tmp.site,tmp.area,Lb,X1,Wb,POR,ALPHA,BETA,Ks,Kb,Kz,Qthresh,Rs,Rb1,Rb2,Prec,Frac4Rise,Error,BFF
04217000,4.42888e+08,13107.7,1.12331,682.838,0.15,0.011896,1.3,2279.97,184.913,1.07168,34252,-0.255413,-0.082459,-0.057555,1565.81,0.05,0.369305,0.397125
