tmp.site,tmp.area,Lb,X1,Wb,POR,ALPHA,BETA,Ks,Kb,Kz,Qthresh,Rs,Rb1,Rb2,Prec,Frac4Rise,Error,BFF
03311000,1.82076e+09,8296.92,126.444,1920.85,0.15,0.007299,0.9,105.468,12338.6,0.93227,1.34561e+06,-0.005735,-0.068293,-0.098917,3669.86,0.05,5.26739,0.365227
