tmp.site,tmp.area,Lb,X1,Wb,POR,ALPHA,BETA,Ks,Kb,Kz,Qthresh,Rs,Rb1,Rb2,Prec,Frac4Rise,Error,BFF
03576250,3.08209e+08,12779.3,10.0046,677.51,0.15,0.013692,2.7,1853.88,319.599,0.704366,58717.7,-0.284827,-0.090184,-0.040301,2691.23,0.05,0.375273,0.373763
