tmp.site,tmp.area,Lb,X1,Wb,POR,ALPHA,BETA,Ks,Kb,Kz,Qthresh,Rs,Rb1,Rb2,Prec,Frac4Rise,Error,BFF
08072600,3.75548e+08,13365.1,100,369.873,0.15,0.007209,1,1130.87,10831.8,0.856503,83917.4,-0.111992,-0.086973,-0.129093,2544.43,0.05,0.457002,0.166695
