tmp.site,tmp.area,Lb,X1,Wb,POR,ALPHA,BETA,Ks,Kb,Kz,Qthresh,Rs,Rb1,Rb2,Prec,Frac4Rise,Error,BFF
05064500,5.64617e+10,118785,24.2238,1703.81,0.15,0.005349,1.5,2852.49,3180.25,0.972169,2.78909e+06,-0.05907,-0.033602,-0.024225,22508.5,0.05,0.472574,0.374612
