tmp.site,tmp.area,Lb,X1,Wb,POR,ALPHA,BETA,Ks,Kb,Kz,Qthresh,Rs,Rb1,Rb2,Prec,Frac4Rise,Error,BFF
09228000,5.95697e+08,74303.5,100,163.904,0.15,0.009507,1,1514.46,3430.72,0.980223,75843.7,-0.143841,-0.044544,-0.038617,978.629,0.05,0.573032,0.242995
