tmp.site,tmp.area,Lb,X1,Wb,POR,ALPHA,BETA,Ks,Kb,Kz,Qthresh,Rs,Rb1,Rb2,Prec,Frac4Rise,Error,BFF
04196000,2.29991e+08,25501.6,109.903,322.157,0.15,0.007497,1.2,2491.54,63802.1,1.58972,4159.17,-0.289044,-0.135983,-0.094523,293.589,0.05,0.465111,0.228597
