tmp.site,tmp.area,Lb,X1,Wb,POR,ALPHA,BETA,Ks,Kb,Kz,Qthresh,Rs,Rb1,Rb2,Prec,Frac4Rise,Error,BFF
02466031,1.50478e+10,8363.45,0.022139,6685.78,0.15,0.0099,1,11086.4,2.93494,2.8302,1.56483e+06,-0.136139,-0.071186,-0.074464,153356,0.05,0.358363,0.554537
