tmp.site,tmp.area,Lb,X1,Wb,POR,ALPHA,BETA,Ks,Kb,Kz,Qthresh,Rs,Rb1,Rb2,Prec,Frac4Rise,Error,BFF
09512500,1.51514e+09,3767.12,78.291,147.185,0.15,0.009645,1,7339.22,327.218,0.94985,14190.1,-0.202733,-0.081812,-0.071423,24.4657,0.05,1.53971,0.029967
