tmp.site,tmp.area,Lb,X1,Wb,POR,ALPHA,BETA,Ks,Kb,Kz,Qthresh,Rs,Rb1,Rb2,Prec,Frac4Rise,Error,BFF
05434500,2.67805e+09,35534.9,100,1276.92,0.15,0.006382,1,1243.95,3479.48,0.931768,1.2135e+06,-0.11775,-0.033975,-0.024142,45016.9,0.05,0.297283,0.48474
