tmp.site,tmp.area,Lb,X1,Wb,POR,ALPHA,BETA,Ks,Kb,Kz,Qthresh,Rs,Rb1,Rb2,Prec,Frac4Rise,Error,BFF
10287655,1.14736e+07,11506,20.1276,431.035,0.15,0.013704,0.9,24.0148,234.656,0.238075,24465.7,-0.019833,-0.010751,-0.016669,366.986,0.05,0.555212,0.450938
