tmp.site,tmp.area,Lb,X1,Wb,POR,ALPHA,BETA,Ks,Kb,Kz,Qthresh,Rs,Rb1,Rb2,Prec,Frac4Rise,Error,BFF
01547200,6.86347e+08,15882.4,100,1125.61,0.15,0.006111,1,298.29,7523.92,0.87966,222638,-0.214219,-0.052624,-0.017088,23487.1,0.05,0.263857,0.52571
