tmp.site,tmp.area,Lb,X1,Wb,POR,ALPHA,BETA,Ks,Kb,Kz,Qthresh,Rs,Rb1,Rb2,Prec,Frac4Rise,Error,BFF
12091200,1.22506e+07,575.329,43.1998,791.166,0.15,0.002585,1,632.199,24.9176,0.846575,6703.61,-0.302857,-0.080244,-0.068304,239.764,0.05,0.320519,0.320999
