tmp.site,tmp.area,Lb,X1,Wb,POR,ALPHA,BETA,Ks,Kb,Kz,Qthresh,Rs,Rb1,Rb2,Prec,Frac4Rise,Error,BFF
04149000,2.98626e+09,53214,124.57,1362.48,0.15,0.011133,1.8,2658.11,35956.2,0.825391,303375,-0.115125,-0.057067,-0.039005,17681.4,0.05,0.345545,0.566296
