tmp.site,tmp.area,Lb,X1,Wb,POR,ALPHA,BETA,Ks,Kb,Kz,Qthresh,Rs,Rb1,Rb2,Prec,Frac4Rise,Error,BFF
06799350,1.21108e+10,22956.4,26.1817,1834.65,0.15,0.005001,1.2,1679.71,2269.4,1.24638,1.85939e+06,-0.071449,-0.04397,-0.036854,30337.5,0.05,0.390545,0.484959
