tmp.site,tmp.area,Lb,X1,Wb,POR,ALPHA,BETA,Ks,Kb,Kz,Qthresh,Rs,Rb1,Rb2,Prec,Frac4Rise,Error,BFF
0409754132,6.56976e+07,8652.12,135.415,320.824,0.15,0.013432,0.9,211.023,2267.42,0.06475,23242.4,-0.111572,-0.02411,-0.025205,1502.19,0.05,0.306258,0.557545
