tmp.site,tmp.area,Lb,X1,Wb,POR,ALPHA,BETA,Ks,Kb,Kz,Qthresh,Rs,Rb1,Rb2,Prec,Frac4Rise,Error,BFF
11158600,1.54363e+09,8353.42,100,359.037,0.15,0.015971,1,1469.23,4466.57,0.91577,68504,-0.143444,-0.094487,-0.203342,24.4657,0.05,41.3514,0.113604
