tmp.site,tmp.area,Lb,X1,Wb,POR,ALPHA,BETA,Ks,Kb,Kz,Qthresh,Rs,Rb1,Rb2,Prec,Frac4Rise,Error,BFF
07055660,3.00439e+08,4685.6,100,1012.03,0.15,0.013268,1,2336.5,9094.19,0.871743,67525.4,-0.176028,-0.09925,-0.071038,105.203,0.05,0.491116,0.305294
