tmp.site,tmp.area,Lb,X1,Wb,POR,ALPHA,BETA,Ks,Kb,Kz,Qthresh,Rs,Rb1,Rb2,Prec,Frac4Rise,Error,BFF
11315000,5.43898e+07,5493.25,360.785,488.162,0.15,0.035146,1,342.484,35093.3,0.681387,318.054,-0.168236,-0.06733,-0.055283,24.4657,0.05,0.622561,0.426499
