tmp.site,tmp.area,Lb,X1,Wb,POR,ALPHA,BETA,Ks,Kb,Kz,Qthresh,Rs,Rb1,Rb2,Prec,Frac4Rise,Error,BFF
08407500,5.06084e+10,9839.68,100,803.668,0.15,0.011649,1,1588.09,1319.93,0.893415,239764,-0.125657,-0.052779,-0.05126,1149.89,0.05,0.502006,0.290113
