tmp.site,tmp.area,Lb,X1,Wb,POR,ALPHA,BETA,Ks,Kb,Kz,Qthresh,Rs,Rb1,Rb2,Prec,Frac4Rise,Error,BFF
01400300,1.08521e+07,8924.33,3.74409,49.5637,0.15,0.022418,1,716.34,657.602,1.00964,6189.83,-0.610724,-0.129261,-0.134282,24.4657,0.05,0.78776,0.128235
