tmp.site,tmp.area,Lb,X1,Wb,POR,ALPHA,BETA,Ks,Kb,Kz,Qthresh,Rs,Rb1,Rb2,Prec,Frac4Rise,Error,BFF
06404000,1.51514e+08,117644,120.672,32.9904,0.15,0.080033,0.9,565.471,93483.5,0.910339,13211.5,-0.143841,-0.049678,-0.067417,24.4657,0.05,3.55013,0.207409
