tmp.site,tmp.area,Lb,X1,Wb,POR,ALPHA,BETA,Ks,Kb,Kz,Qthresh,Rs,Rb1,Rb2,Prec,Frac4Rise,Error,BFF
04195820,1.27945e+09,21811.4,38.8837,1044.85,0.15,0.011265,1.2,5330.03,23441.7,1.21735,115967,-0.234484,-0.139893,-0.092733,2446.57,0.05,0.453359,0.336569
