tmp.site,tmp.area,Lb,X1,Wb,POR,ALPHA,BETA,Ks,Kb,Kz,Qthresh,Rs,Rb1,Rb2,Prec,Frac4Rise,Error,BFF
11141050,4.79148e+07,17936.2,100,15.655,0.15,0.050735,1,578.226,13225.3,0.923646,1321.15,-0.202733,-0.123537,-0.093954,24.4657,0.05,1.21154,0.074514
