tmp.site,tmp.area,Lb,X1,Wb,POR,ALPHA,BETA,Ks,Kb,Kz,Qthresh,Rs,Rb1,Rb2,Prec,Frac4Rise,Error,BFF
09408135,3.40324e+09,11411.4,101.063,596.679,0.15,0.005886,0.9,466.993,4197.78,0.314493,146550,-0.093137,-0.045832,-0.051944,7294.94,0.05,0.307488,0.322698
