tmp.site,tmp.area,Lb,X1,Wb,POR,ALPHA,BETA,Ks,Kb,Kz,Qthresh,Rs,Rb1,Rb2,Prec,Frac4Rise,Error,BFF
03336890,1.05413e+08,12016.9,100,249.826,0.15,0.012744,1,259.665,18693.8,0.947853,5096.21,-0.222897,-0.091567,-0.052274,234.871,0.05,0.428639,0.357646
