tmp.site,tmp.area,Lb,X1,Wb,POR,ALPHA,BETA,Ks,Kb,Kz,Qthresh,Rs,Rb1,Rb2,Prec,Frac4Rise,Error,BFF
01591610,2.03573e+08,35921,22.1842,321.255,0.15,0.0166,0.9,50.8421,1827.64,1.31004,210894,-0.008566,-0.041005,-0.094406,1908.33,0.05,1.29784,0.544334
