tmp.site,tmp.area,Lb,X1,Wb,POR,ALPHA,BETA,Ks,Kb,Kz,Qthresh,Rs,Rb1,Rb2,Prec,Frac4Rise,Error,BFF
03352875,8.21026e+08,27370.3,131.338,4868.41,0.15,0.013986,1.1,15611.2,97540.2,0.969059,90523.1,-0.203387,-0.080025,-0.070988,3240.73,0.05,0.432279,0.510052
