tmp.site,tmp.area,Lb,X1,Wb,POR,ALPHA,BETA,Ks,Kb,Kz,Qthresh,Rs,Rb1,Rb2,Prec,Frac4Rise,Error,BFF
07031692,7.89946e+07,1587.56,100,361.81,0.15,0.008881,1,2158.01,13888,0.966121,30092.8,-0.642586,-0.144957,-0.267913,24.4657,0.05,0.967075,0.071728
