tmp.site,tmp.area,Lb,X1,Wb,POR,ALPHA,BETA,Ks,Kb,Kz,Qthresh,Rs,Rb1,Rb2,Prec,Frac4Rise,Error,BFF
13027500,2.21703e+09,163763,72777.5,1300.9,0.15,0.008315,10.1,119.372,3133.27,0.420653,1.10096e+06,-0.048641,-0.014684,-0.009457,73152.5,0.05,0.219535,0.586329
