tmp.site,tmp.area,Lb,X1,Wb,POR,ALPHA,BETA,Ks,Kb,Kz,Qthresh,Rs,Rb1,Rb2,Prec,Frac4Rise,Error,BFF
03568400,1.26132e+08,11439.7,118.656,653.553,0.15,0.010672,1.1,2956.28,17593.9,0.997065,3156.08,-0.210449,-0.091755,-0.069248,330.091,0.05,0.449196,0.348796
