tmp.site,tmp.area,Lb,X1,Wb,POR,ALPHA,BETA,Ks,Kb,Kz,Qthresh,Rs,Rb1,Rb2,Prec,Frac4Rise,Error,BFF
08041780,2.53534e+10,18524.5,69.9546,9892.43,0.15,0.013508,0.9,14909.9,15719.6,1.31238,1.1768e+07,-0.116244,-0.046613,-0.089711,47921,0.05,0.735484,0.520994
