tmp.site,tmp.area,Lb,X1,Wb,POR,ALPHA,BETA,Ks,Kb,Kz,Qthresh,Rs,Rb1,Rb2,Prec,Frac4Rise,Error,BFF
01391500,1.41413e+08,12643.1,100,441.615,0.15,0.014965,1,895.372,7769.32,0.970066,58473.1,-0.346574,-0.057201,-0.048703,3425.2,0.05,0.314634,0.446435
