tmp.site,tmp.area,Lb,X1,Wb,POR,ALPHA,BETA,Ks,Kb,Kz,Qthresh,Rs,Rb1,Rb2,Prec,Frac4Rise,Error,BFF
01408029,1.63946e+08,7436.27,162.276,364.149,0.15,0.016048,0.9,1139.55,9639.69,0.700004,30122.2,-0.159628,-0.074736,-0.085478,2287.54,0.05,0.437543,0.260726
