tmp.site,tmp.area,Lb,X1,Wb,POR,ALPHA,BETA,Ks,Kb,Kz,Qthresh,Rs,Rb1,Rb2,Prec,Frac4Rise,Error,BFF
02236500,1.76119e+08,100338,100,73.5679,0.15,0.040168,1,210.182,43637.7,0.869284,58228.4,-0.056368,-0.036285,-0.087755,24.4657,0.05,2.80009,0.12519
