tmp.site,tmp.area,Lb,X1,Wb,POR,ALPHA,BETA,Ks,Kb,Kz,Qthresh,Rs,Rb1,Rb2,Prec,Frac4Rise,Error,BFF
05067500,6.11237e+08,9406.75,17.2821,500.225,0.15,0.01441,1,1734.75,3195.69,1.10357,171505,-0.12864,-0.095738,-0.12683,24.4657,0.05,2.50979,0.162012
