tmp.site,tmp.area,Lb,X1,Wb,POR,ALPHA,BETA,Ks,Kb,Kz,Qthresh,Rs,Rb1,Rb2,Prec,Frac4Rise,Error,BFF
11525655,2.09789e+09,5704.64,119.877,7197.52,0.15,0.006485,1.2,233.744,162.623,0.875591,848960,-0.023703,-0.028022,-0.022699,70461.3,0.05,0.261796,0.474971
