tmp.site,tmp.area,Lb,X1,Wb,POR,ALPHA,BETA,Ks,Kb,Kz,Qthresh,Rs,Rb1,Rb2,Prec,Frac4Rise,Error,BFF
14337500,6.34547e+08,23295.5,100,540.181,0.15,0.010138,1,460.714,7412.77,0.987966,83672.7,-0.08503,-0.042443,-0.025099,7682.23,0.05,0.355918,0.410929
