tmp.site,tmp.area,Lb,X1,Wb,POR,ALPHA,BETA,Ks,Kb,Kz,Qthresh,Rs,Rb1,Rb2,Prec,Frac4Rise,Error,BFF
02223382,1.0619e+10,19969.6,0.291019,2123.42,0.15,0.00804,0.9,8092.29,116.109,1.01174,1.43124e+06,-0.123223,-0.046776,-0.072254,140494,0.05,0.387216,0.490469
