tmp.site,tmp.area,Lb,X1,Wb,POR,ALPHA,BETA,Ks,Kb,Kz,Qthresh,Rs,Rb1,Rb2,Prec,Frac4Rise,Error,BFF
03208950,1.72234e+08,11422.6,100,382.363,0.15,0.018133,1,811.269,12689.2,1.05789,44038.3,-0.246698,-0.074952,-0.064917,856.3,0.05,0.395817,0.364369
