tmp.site,tmp.area,Lb,X1,Wb,POR,ALPHA,BETA,Ks,Kb,Kz,Qthresh,Rs,Rb1,Rb2,Prec,Frac4Rise,Error,BFF
02087337,8.70236e+06,2824.46,145.305,66.5858,0.15,0.012018,0.9,553.544,2482.18,0.818001,513.78,-0.651485,-0.131147,-0.167215,26.9123,0.05,0.587261,0.068986
