tmp.site,tmp.area,Lb,X1,Wb,POR,ALPHA,BETA,Ks,Kb,Kz,Qthresh,Rs,Rb1,Rb2,Prec,Frac4Rise,Error,BFF
03115400,5.43898e+08,9554.36,245.882,1925.81,0.15,0.011301,1,10223.1,68876.2,1.06832,75843.7,-0.291451,-0.105137,-0.105049,112.542,0.05,0.495257,0.355658
