tmp.site,tmp.area,Lb,X1,Wb,POR,ALPHA,BETA,Ks,Kb,Kz,Qthresh,Rs,Rb1,Rb2,Prec,Frac4Rise,Error,BFF
06079000,6.50087e+08,41761.3,100,396.08,0.15,0.006903,1,453.694,4281.01,0.925975,138476,-0.056626,-0.031347,-0.012515,9688.42,0.05,0.377677,0.19695
