tmp.site,tmp.area,Lb,X1,Wb,POR,ALPHA,BETA,Ks,Kb,Kz,Qthresh,Rs,Rb1,Rb2,Prec,Frac4Rise,Error,BFF
06759500,3.79381e+10,14427.9,100,1680.47,0.15,0.008063,1,2636.1,6040.05,0.975627,856300,-0.060799,-0.054392,-0.06757,12237.3,0.05,0.66327,0.411532
