tmp.site,tmp.area,Lb,X1,Wb,POR,ALPHA,BETA,Ks,Kb,Kz,Qthresh,Rs,Rb1,Rb2,Prec,Frac4Rise,Error,BFF
10321590,5.02458e+08,11659.4,10.7483,11.5863,0.15,0.000693,0.9,1644.61,57.5005,1.20864,15413.4,-0.106162,-0.054628,-0.089367,24.4657,0.05,3.14323,0.00255
