tmp.site,tmp.area,Lb,X1,Wb,POR,ALPHA,BETA,Ks,Kb,Kz,Qthresh,Rs,Rb1,Rb2,Prec,Frac4Rise,Error,BFF
01531000,6.49051e+09,15057.3,7.92409,2796.03,0.15,0.009556,2.5,8605.1,241.764,1.12836,391451,-0.191496,-0.081013,-0.037313,28135.6,0.05,0.36351,0.425863
