tmp.site,tmp.area,Lb,X1,Wb,POR,ALPHA,BETA,Ks,Kb,Kz,Qthresh,Rs,Rb1,Rb2,Prec,Frac4Rise,Error,BFF
07142680,9.32784e+10,144625,100,631.001,0.15,0.011874,1,15674.3,2689.15,0.924152,56515.8,-0.058892,-0.033889,-0.014149,5871.77,0.05,0.540343,0.219223
