tmp.site,tmp.area,Lb,X1,Wb,POR,ALPHA,BETA,Ks,Kb,Kz,Qthresh,Rs,Rb1,Rb2,Prec,Frac4Rise,Error,BFF
02317797,3.34108e+08,5135.88,100,687.897,0.15,0.024204,1,1218.86,10089.5,0.852261,856.3,-0.107378,-0.092387,-0.168154,24.4657,0.05,4.62193,0.312835
