tmp.site,tmp.area,Lb,X1,Wb,POR,ALPHA,BETA,Ks,Kb,Kz,Qthresh,Rs,Rb1,Rb2,Prec,Frac4Rise,Error,BFF
01475850,4.09218e+07,11413.6,622.698,850.499,0.15,0.063962,1,701.645,26880.2,0.040005,23951.9,-0.495827,-0.05606,-0.048782,758.437,0.05,0.336288,0.408021
