tmp.site,tmp.area,Lb,X1,Wb,POR,ALPHA,BETA,Ks,Kb,Kz,Qthresh,Rs,Rb1,Rb2,Prec,Frac4Rise,Error,BFF
04249000,1.32089e+10,40576.8,51.2726,16239.4,0.15,0.011482,0.9,3159.88,30492.2,1.07194,1.7126e+07,-0.052161,-0.031669,-0.06205,197194,0.05,0.37074,0.866094
