tmp.site,tmp.area,Lb,X1,Wb,POR,ALPHA,BETA,Ks,Kb,Kz,Qthresh,Rs,Rb1,Rb2,Prec,Frac4Rise,Error,BFF
02164000,1.25873e+08,47867.3,65.7909,260.475,0.15,0.010484,4.2,983.195,2037.95,0.949425,122329,-0.423649,-0.069885,-0.051324,2862.49,0.05,0.306628,0.413199
