tmp.site,tmp.area,Lb,X1,Wb,POR,ALPHA,BETA,Ks,Kb,Kz,Qthresh,Rs,Rb1,Rb2,Prec,Frac4Rise,Error,BFF
01411000,1.47888e+08,19935.3,8958.56,595.33,0.15,0.012491,10.1,276.962,5112.47,0.694963,86853.3,-0.093551,-0.034508,-0.022927,5455.85,0.05,0.252133,0.607251
