tmp.site,tmp.area,Lb,X1,Wb,POR,ALPHA,BETA,Ks,Kb,Kz,Qthresh,Rs,Rb1,Rb2,Prec,Frac4Rise,Error,BFF
01094400,1.66277e+08,20797.8,111.576,591.594,0.15,0.016207,1,1155.47,38557.4,1.23509,85630,-0.252009,-0.058981,-0.060181,1614.74,0.05,0.356241,0.516419
