tmp.site,tmp.area,Lb,X1,Wb,POR,ALPHA,BETA,Ks,Kb,Kz,Qthresh,Rs,Rb1,Rb2,Prec,Frac4Rise,Error,BFF
12422000,1.09297e+10,38149.3,24.1108,15031.8,0.15,0.010572,1,655.087,5287.44,1.02125,2.06951e+06,-0.014067,-0.025488,-0.025864,204044,0.05,0.401148,0.804036
