tmp.site,tmp.area,Lb,X1,Wb,POR,ALPHA,BETA,Ks,Kb,Kz,Qthresh,Rs,Rb1,Rb2,Prec,Frac4Rise,Error,BFF
12506000,3.15979e+08,37509.2,100,288.912,0.15,0.012433,1,118.847,19144.5,1.00701,34252,-0.093908,-0.035846,-0.022117,1345.61,0.05,0.394977,0.445503
