tmp.site,tmp.area,Lb,X1,Wb,POR,ALPHA,BETA,Ks,Kb,Kz,Qthresh,Rs,Rb1,Rb2,Prec,Frac4Rise,Error,BFF
05532500,1.63169e+09,26152.2,74.1347,1576.96,0.15,0.016997,1,3202.51,29028.9,1.07388,41591.7,-0.143841,-0.057919,-0.063637,2446.57,0.05,0.426457,0.474978
