tmp.site,tmp.area,Lb,X1,Wb,POR,ALPHA,BETA,Ks,Kb,Kz,Qthresh,Rs,Rb1,Rb2,Prec,Frac4Rise,Error,BFF
01115630,2.13156e+07,3709.93,100,632.916,0.15,0.026886,1,581.345,4000.4,0.399671,28135.6,-0.279808,-0.041321,-0.048628,342.52,0.05,0.324247,0.572359
