tmp.site,tmp.area,Lb,X1,Wb,POR,ALPHA,BETA,Ks,Kb,Kz,Qthresh,Rs,Rb1,Rb2,Prec,Frac4Rise,Error,BFF
08198000,5.33538e+08,153856,41.3594,218.263,0.15,0.07824,0.9,870.89,6313.59,0.988307,140678,-0.175416,-0.025853,-0.042329,24.4657,0.05,23.4742,0.175283
