tmp.site,tmp.area,Lb,X1,Wb,POR,ALPHA,BETA,Ks,Kb,Kz,Qthresh,Rs,Rb1,Rb2,Prec,Frac4Rise,Error,BFF
07020550,1.43226e+08,7365.57,100,419.963,0.15,0.008679,1,565.828,7149.24,0.939636,26423,-0.201144,-0.124767,-0.040619,1125.42,0.05,0.351921,0.250746
