tmp.site,tmp.area,Lb,X1,Wb,POR,ALPHA,BETA,Ks,Kb,Kz,Qthresh,Rs,Rb1,Rb2,Prec,Frac4Rise,Error,BFF
14200000,8.36566e+08,9579.25,100,1942.18,0.15,0.009569,1,3764.09,6761.15,1.29351,139455,-0.162131,-0.063032,-0.024552,10520.3,0.05,0.342772,0.40402
