tmp.site,tmp.area,Lb,X1,Wb,POR,ALPHA,BETA,Ks,Kb,Kz,Qthresh,Rs,Rb1,Rb2,Prec,Frac4Rise,Error,BFF
10156000,8.23616e+07,66789.3,18.964,714.291,0.15,0.008031,0.8,135.973,393.983,0.208169,107160,-0.060898,-0.009569,-0.011168,5602.65,0.05,0.20201,0.767506
