tmp.site,tmp.area,Lb,X1,Wb,POR,ALPHA,BETA,Ks,Kb,Kz,Qthresh,Rs,Rb1,Rb2,Prec,Frac4Rise,Error,BFF
01651800,8.70236e+06,16080.5,22.9797,45.1706,0.15,0.019822,1,479.041,2832.93,0.443648,1467.94,-0.66671,-0.090256,-0.099133,85.63,0.05,0.4298,0.218332
