tmp.site,tmp.area,Lb,X1,Wb,POR,ALPHA,BETA,Ks,Kb,Kz,Qthresh,Rs,Rb1,Rb2,Prec,Frac4Rise,Error,BFF
09424380,1.48614e+09,54335.4,3.76412,109.589,0.15,0.011514,0.9,151.72,1505.54,1.09003,26667.6,-0.161542,-0.070922,-0.098742,24.4657,0.05,2.14242,0.219577
