tmp.site,tmp.area,Lb,X1,Wb,POR,ALPHA,BETA,Ks,Kb,Kz,Qthresh,Rs,Rb1,Rb2,Prec,Frac4Rise,Error,BFF
11414360,1.24319e+06,2835.21,10.4256,178.548,0.15,0.012209,0.9,25.3652,250.443,0.26664,587.177,-0.055413,-0.042077,-0.059272,61.1643,0.05,0.430887,0.651819
