tmp.site,tmp.area,Lb,X1,Wb,POR,ALPHA,BETA,Ks,Kb,Kz,Qthresh,Rs,Rb1,Rb2,Prec,Frac4Rise,Error,BFF
01671200,1.29758e+07,36282.5,100,37.1958,0.15,0.035099,1,841.778,43106.2,0.586316,2209.25,-0.308903,-0.076551,-0.104526,24.4657,0.05,0.52104,0.260235
