tmp.site,tmp.area,Lb,X1,Wb,POR,ALPHA,BETA,Ks,Kb,Kz,Qthresh,Rs,Rb1,Rb2,Prec,Frac4Rise,Error,BFF
08010000,3.39288e+08,3189.56,0.13848,1063.52,0.15,0.011652,1,4845.27,27.6646,1.4098,672807,-0.248666,-0.151773,-0.198667,53.8246,0.05,0.798042,0.215867
