tmp.site,tmp.area,Lb,X1,Wb,POR,ALPHA,BETA,Ks,Kb,Kz,Qthresh,Rs,Rb1,Rb2,Prec,Frac4Rise,Error,BFF
03184500,1.6247e+10,17895.2,1.36773,4145.65,0.15,0.007363,1.7,8301.58,85.5711,2.67262,3.71879e+06,-0.105869,-0.063935,-0.044953,305821,0.05,0.293319,0.52497
