tmp.site,tmp.area,Lb,X1,Wb,POR,ALPHA,BETA,Ks,Kb,Kz,Qthresh,Rs,Rb1,Rb2,Prec,Frac4Rise,Error,BFF
06696980,6.19007e+07,13395.5,100,357.267,0.15,0.014588,1,64.2938,6430.94,0.358705,7339.71,-0.088369,-0.022573,-0.014123,685.04,0.05,0.262377,0.650106
