tmp.site,tmp.area,Lb,X1,Wb,POR,ALPHA,BETA,Ks,Kb,Kz,Qthresh,Rs,Rb1,Rb2,Prec,Frac4Rise,Error,BFF
08178800,4.89508e+08,46920.1,17.8651,99.548,0.15,0.014019,0.9,2863.45,992.81,1.26339,56271.1,-0.325294,-0.074669,-0.100651,58.7177,0.05,1.63377,0.132958
