tmp.site,tmp.area,Lb,X1,Wb,POR,ALPHA,BETA,Ks,Kb,Kz,Qthresh,Rs,Rb1,Rb2,Prec,Frac4Rise,Error,BFF
07207000,7.61457e+08,42600.6,250.671,146.728,0.15,0.02246,0.9,70.8012,99788.4,1.0372,13868.1,-0.066678,-0.043145,-0.06704,244.657,0.05,0.589121,0.568328
