tmp.site,tmp.area,Lb,X1,Wb,POR,ALPHA,BETA,Ks,Kb,Kz,Qthresh,Rs,Rb1,Rb2,Prec,Frac4Rise,Error,BFF
03450000,1.41413e+07,15909.3,23.1177,204.8,0.15,0.014211,1.3,352.11,3746.89,0.437448,3669.86,-0.220916,-0.052425,-0.039951,171.26,0.05,0.333639,0.512526
