tmp.site,tmp.area,Lb,X1,Wb,POR,ALPHA,BETA,Ks,Kb,Kz,Qthresh,Rs,Rb1,Rb2,Prec,Frac4Rise,Error,BFF
05082625,8.05486e+08,61448.2,100,157.493,0.15,0.008808,1,446.096,4734.19,0.97864,23976.4,-0.077075,-0.052132,-0.023346,746.204,0.05,0.427619,0.175433
