tmp.site,tmp.area,Lb,X1,Wb,POR,ALPHA,BETA,Ks,Kb,Kz,Qthresh,Rs,Rb1,Rb2,Prec,Frac4Rise,Error,BFF
11416610,932396,2855.17,36.0738,100.942,0.15,0.011791,0.8,19.569,221.477,0.113465,880.766,-0.047655,-0.032418,-0.066446,24.4657,0.05,0.588643,0.580503
