tmp.site,tmp.area,Lb,X1,Wb,POR,ALPHA,BETA,Ks,Kb,Kz,Qthresh,Rs,Rb1,Rb2,Prec,Frac4Rise,Error,BFF
03362500,1.22765e+09,7403.85,100,1324.54,0.15,0.010458,1,3641.35,6888.87,0.883638,61164.3,-0.188717,-0.092379,-0.036301,5627.11,0.05,0.392485,0.311855
