tmp.site,tmp.area,Lb,X1,Wb,POR,ALPHA,BETA,Ks,Kb,Kz,Qthresh,Rs,Rb1,Rb2,Prec,Frac4Rise,Error,BFF
03550500,1.93731e+08,23537.2,100,656.381,0.15,0.012963,1,900.716,9052.2,0.929404,122329,-0.31263,-0.046771,-0.027083,8073.69,0.05,0.25335,0.549307
