tmp.site,tmp.area,Lb,X1,Wb,POR,ALPHA,BETA,Ks,Kb,Kz,Qthresh,Rs,Rb1,Rb2,Prec,Frac4Rise,Error,BFF
07039500,3.39547e+09,18454.8,35.3003,2554.62,0.15,0.009436,0.9,325.356,9753.28,0.892744,555372,-0.012761,-0.049289,-0.119744,7584.37,0.05,2.01866,0.539565
