tmp.site,tmp.area,Lb,X1,Wb,POR,ALPHA,BETA,Ks,Kb,Kz,Qthresh,Rs,Rb1,Rb2,Prec,Frac4Rise,Error,BFF
04155500,1.0101e+09,9536.26,225.068,1119.22,0.15,0.012809,1,1238.63,7470.92,0.783759,384112,-0.091384,-0.050891,-0.047361,9786.29,0.05,0.381334,0.456399
