tmp.site,tmp.area,Lb,X1,Wb,POR,ALPHA,BETA,Ks,Kb,Kz,Qthresh,Rs,Rb1,Rb2,Prec,Frac4Rise,Error,BFF
11377100,2.30509e+10,34919,14315,8789.57,0.15,0.003326,10.1,1255.74,146.104,1.88916,2.88695e+07,-0.050042,-0.03289,-0.012157,699719,0.05,0.391706,0.439492
