tmp.site,tmp.area,Lb,X1,Wb,POR,ALPHA,BETA,Ks,Kb,Kz,Qthresh,Rs,Rb1,Rb2,Prec,Frac4Rise,Error,BFF
06177700,4.55838e+06,3050.85,100,177.957,0.15,0.010582,1,158.001,79.155,0.016641,611.643,-0.239321,-0.002,-0.001,611.643,0.05,0.167201,0.001269
