tmp.site,tmp.area,Lb,X1,Wb,POR,ALPHA,BETA,Ks,Kb,Kz,Qthresh,Rs,Rb1,Rb2,Prec,Frac4Rise,Error,BFF
05536190,1.83112e+08,14017.1,107.262,381.576,0.15,0.012292,2.1,1207.12,13558.4,0.958404,15168.7,-0.264835,-0.110262,-0.053541,905.231,0.05,0.390524,0.345308
