tmp.site,tmp.area,Lb,X1,Wb,POR,ALPHA,BETA,Ks,Kb,Kz,Qthresh,Rs,Rb1,Rb2,Prec,Frac4Rise,Error,BFF
01651770,2.61589e+06,3573.79,100,47.5893,0.15,0.013242,1,375.704,4284.08,0.494919,513.78,-0.818866,-0.149682,-0.132889,24.4657,0.05,0.406852,0.127663
