tmp.site,tmp.area,Lb,X1,Wb,POR,ALPHA,BETA,Ks,Kb,Kz,Qthresh,Rs,Rb1,Rb2,Prec,Frac4Rise,Error,BFF
01069500,2.55891e+08,12358.8,6.76898,622.461,0.15,0.019928,0.9,401.078,882.562,1.47554,53824.6,-0.040754,-0.047853,-0.117534,871.836,0.05,2.5753,0.553046
