tmp.site,tmp.area,Lb,X1,Wb,POR,ALPHA,BETA,Ks,Kb,Kz,Qthresh,Rs,Rb1,Rb2,Prec,Frac4Rise,Error,BFF
09147000,2.51747e+08,675926,100,267.868,0.15,0.050067,1,8525.26,454.117,0.944354,62142.9,-0.143841,-0.03928,-0.07051,159.027,0.05,1.75653,0.382507
