tmp.site,tmp.area,Lb,X1,Wb,POR,ALPHA,BETA,Ks,Kb,Kz,Qthresh,Rs,Rb1,Rb2,Prec,Frac4Rise,Error,BFF
06477000,4.56175e+10,24926.2,100,20217,0.15,0.015423,1,15426.4,10464.1,0.900902,1.30892e+06,-0.100335,-0.028725,-0.05891,24.4657,0.05,22.2339,0.546203
