tmp.site,tmp.area,Lb,X1,Wb,POR,ALPHA,BETA,Ks,Kb,Kz,Qthresh,Rs,Rb1,Rb2,Prec,Frac4Rise,Error,BFF
02085000,1.70939e+08,9982.66,100,366.849,0.15,0.016544,1,1262.17,10514.7,0.869201,54558.5,-0.30983,-0.08382,-0.08516,134.561,0.05,0.525596,0.261182
