tmp.site,tmp.area,Lb,X1,Wb,POR,ALPHA,BETA,Ks,Kb,Kz,Qthresh,Rs,Rb1,Rb2,Prec,Frac4Rise,Error,BFF
06878000,7.76996e+08,7122.12,100,485.644,0.15,0.006745,1,741.609,3937.6,0.863615,61164.3,-0.171606,-0.093101,-0.069509,453.594,0.05,0.548456,0.193731
