tmp.site,tmp.area,Lb,X1,Wb,POR,ALPHA,BETA,Ks,Kb,Kz,Qthresh,Rs,Rb1,Rb2,Prec,Frac4Rise,Error,BFF
14096850,3.75548e+08,20937.2,107.443,992.42,0.15,0.021267,0.8,265.128,535.185,0.042435,78534.9,-0.098877,-0.024703,-0.002816,7510.97,0.05,0.224762,0.456801
