tmp.site,tmp.area,Lb,X1,Wb,POR,ALPHA,BETA,Ks,Kb,Kz,Qthresh,Rs,Rb1,Rb2,Prec,Frac4Rise,Error,BFF
07077700,1.09038e+09,10771.6,99.4644,3187.54,0.15,0.026435,0.9,5009.9,28253.9,1.26321,398791,-0.091161,-0.074198,-0.18026,24.4657,0.05,151.577,0.394987
