tmp.site,tmp.area,Lb,X1,Wb,POR,ALPHA,BETA,Ks,Kb,Kz,Qthresh,Rs,Rb1,Rb2,Prec,Frac4Rise,Error,BFF
01161280,1.74306e+10,49351.5,26.8995,5988.85,0.15,0.008953,0.9,19831.5,26041.1,2.09388,8.73426e+06,-0.131327,-0.044774,-0.062272,375891,0.05,0.32667,0.568207
