tmp.site,tmp.area,Lb,X1,Wb,POR,ALPHA,BETA,Ks,Kb,Kz,Qthresh,Rs,Rb1,Rb2,Prec,Frac4Rise,Error,BFF
03604400,1.81817e+09,5052.3,100,3866.78,0.15,0.00581,1,2755.51,1777.32,0.991643,633662,-0.100967,-0.065892,-0.023315,48931.4,0.05,0.290942,0.417281
