tmp.site,tmp.area,Lb,X1,Wb,POR,ALPHA,BETA,Ks,Kb,Kz,Qthresh,Rs,Rb1,Rb2,Prec,Frac4Rise,Error,BFF
02111000,7.45917e+07,17857.4,2119.28,358.423,0.15,0.017863,10,365.633,4014.79,1.04551,56760.5,-0.31851,-0.047307,-0.030049,2126.07,0.05,0.278754,0.539137
