tmp.site,tmp.area,Lb,X1,Wb,POR,ALPHA,BETA,Ks,Kb,Kz,Qthresh,Rs,Rb1,Rb2,Prec,Frac4Rise,Error,BFF
01433500,5.17998e+08,29672.2,35.6087,713.62,0.15,0.013438,0.9,1063.46,16983.7,1.22935,437936,-0.051388,-0.049355,-0.126554,4893.14,0.05,1.36222,0.580495
