tmp.site,tmp.area,Lb,X1,Wb,POR,ALPHA,BETA,Ks,Kb,Kz,Qthresh,Rs,Rb1,Rb2,Prec,Frac4Rise,Error,BFF
11428995,4.06628e+07,33391.8,10.4647,323.106,0.15,0.012019,0.8,29.6049,304.518,0.232861,17590.8,-0.011953,-0.016011,-0.037291,288.695,0.05,0.461843,0.677961
