tmp.site,tmp.area,Lb,X1,Wb,POR,ALPHA,BETA,Ks,Kb,Kz,Qthresh,Rs,Rb1,Rb2,Prec,Frac4Rise,Error,BFF
02458190,8.67646e+06,10299,100,102.631,0.15,0.01211,1,126.288,4535.96,0.652999,5088.87,-0.229148,-0.112911,-0.05915,427.294,0.05,0.271779,0.37617
