tmp.site,tmp.area,Lb,X1,Wb,POR,ALPHA,BETA,Ks,Kb,Kz,Qthresh,Rs,Rb1,Rb2,Prec,Frac4Rise,Error,BFF
01100627,1.88551e+08,8826.83,100,898.287,0.15,0.023738,1,1505.13,8634.89,0.928417,155113,-0.157444,-0.049341,-0.059841,1702.57,0.05,0.372298,0.463074
