tmp.site,tmp.area,Lb,X1,Wb,POR,ALPHA,BETA,Ks,Kb,Kz,Qthresh,Rs,Rb1,Rb2,Prec,Frac4Rise,Error,BFF
10343000,2.09789e+07,12872,28.0822,258.23,0.15,0.012581,0.9,28.116,686.02,0.408571,26912.3,-0.014196,-0.039292,-0.074886,166.367,0.05,1.40087,0.295659
