tmp.site,tmp.area,Lb,X1,Wb,POR,ALPHA,BETA,Ks,Kb,Kz,Qthresh,Rs,Rb1,Rb2,Prec,Frac4Rise,Error,BFF
01608070,3.14943e+09,9193.5,451.647,2544.2,0.15,0.008309,8.8,4449.23,1267.35,0.685384,322947,-0.160937,-0.083489,-0.031133,18593.9,0.05,0.34245,0.438824
