tmp.site,tmp.area,Lb,X1,Wb,POR,ALPHA,BETA,Ks,Kb,Kz,Qthresh,Rs,Rb1,Rb2,Prec,Frac4Rise,Error,BFF
09508000,1.45195e+10,6215.2,1899.23,3939.24,0.15,0.001954,3.3,1527.7,765.85,0.845058,366986,-0.118237,-0.091248,-0.00483,8318.34,0.05,0.644667,0.195292
