tmp.site,tmp.area,Lb,X1,Wb,POR,ALPHA,BETA,Ks,Kb,Kz,Qthresh,Rs,Rb1,Rb2,Prec,Frac4Rise,Error,BFF
11120600,5.30948e+07,181195,100,27.1826,0.15,0.01935,1,157.32,81053.1,0.950404,3914.51,-0.194774,-0.0638,-0.061296,24.4657,0.05,1.00181,0.152751
