tmp.site,tmp.area,Lb,X1,Wb,POR,ALPHA,BETA,Ks,Kb,Kz,Qthresh,Rs,Rb1,Rb2,Prec,Frac4Rise,Error,BFF
12331800,6.51641e+09,59182.5,83.9119,3924.19,0.15,0.007057,1,212.967,40999.8,1.15601,1.7811e+06,-0.036896,-0.027475,-0.02794,40613.1,0.05,0.310167,0.884908
