tmp.site,tmp.area,Lb,X1,Wb,POR,ALPHA,BETA,Ks,Kb,Kz,Qthresh,Rs,Rb1,Rb2,Prec,Frac4Rise,Error,BFF
03364650,5.23178e+08,55017.8,110.553,493.3,0.15,0.009199,1.4,3049.3,82570,4.37776,7143.99,-0.280268,-0.110525,-0.057146,670.238,0.05,0.447299,0.292179
