tmp.site,tmp.area,Lb,X1,Wb,POR,ALPHA,BETA,Ks,Kb,Kz,Qthresh,Rs,Rb1,Rb2,Prec,Frac4Rise,Error,BFF
09095500,2.06836e+10,5766.99,100,19379.3,0.15,0.004511,1,1561.61,1015,0.93317,6.23876e+06,-0.051619,-0.022037,-0.014198,247104,0.05,0.233792,0.578354
