tmp.site,tmp.area,Lb,X1,Wb,POR,ALPHA,BETA,Ks,Kb,Kz,Qthresh,Rs,Rb1,Rb2,Prec,Frac4Rise,Error,BFF
04033000,4.24758e+08,65585.5,20898,646.846,0.15,0.007003,6.7,415.022,844.941,0.717903,210405,-0.080048,-0.031748,-0.014148,15523.7,0.05,0.240252,0.533414
