tmp.site,tmp.area,Lb,X1,Wb,POR,ALPHA,BETA,Ks,Kb,Kz,Qthresh,Rs,Rb1,Rb2,Prec,Frac4Rise,Error,BFF
03115786,6.73397e+08,10636.9,80.9348,1162.68,0.15,0.012635,1,5498.45,19715.4,1.01452,63610.9,-0.315361,-0.09,-0.094627,793.423,0.05,0.448455,0.31975
