tmp.site,tmp.area,Lb,X1,Wb,POR,ALPHA,BETA,Ks,Kb,Kz,Qthresh,Rs,Rb1,Rb2,Prec,Frac4Rise,Error,BFF
01031510,6.91527e+07,13596.2,100,243.566,0.15,0.024661,1,321.691,19582.6,0.994471,7926.89,-0.126805,-0.067807,-0.057353,298.482,0.05,0.431632,0.400762
