tmp.site,tmp.area,Lb,X1,Wb,POR,ALPHA,BETA,Ks,Kb,Kz,Qthresh,Rs,Rb1,Rb2,Prec,Frac4Rise,Error,BFF
04250750,3.54828e+08,50168.8,126.503,715.192,0.15,0.015393,1.1,2646.49,94332.5,1.40001,305821,-0.249253,-0.075911,-0.061609,1125.42,0.05,0.431177,0.382139
