tmp.site,tmp.area,Lb,X1,Wb,POR,ALPHA,BETA,Ks,Kb,Kz,Qthresh,Rs,Rb1,Rb2,Prec,Frac4Rise,Error,BFF
01410784,3.91088e+07,24850.5,100,104.139,0.15,0.015669,1,195.062,32253.8,0.978295,4697.42,-0.264836,-0.071019,-0.065521,346.165,0.05,0.394565,0.389888
