tmp.site,tmp.area,Lb,X1,Wb,POR,ALPHA,BETA,Ks,Kb,Kz,Qthresh,Rs,Rb1,Rb2,Prec,Frac4Rise,Error,BFF
07105000,1.7845e+07,9341.18,100,149.399,0.15,0.014933,1,79.4979,2130.19,0.306458,3131.61,-0.100335,-0.024705,-0.027442,44.0383,0.05,0.430952,0.565285
