tmp.site,tmp.area,Lb,X1,Wb,POR,ALPHA,BETA,Ks,Kb,Kz,Qthresh,Rs,Rb1,Rb2,Prec,Frac4Rise,Error,BFF
07332622,9.58296e+08,9872.49,38.4548,876.938,0.15,0.010688,1,4954.63,15315.6,1.25881,15633.6,-0.192581,-0.136198,-0.18632,24.4657,0.05,2.50399,0.168172
