tmp.site,tmp.area,Lb,X1,Wb,POR,ALPHA,BETA,Ks,Kb,Kz,Qthresh,Rs,Rb1,Rb2,Prec,Frac4Rise,Error,BFF
12010000,1.41931e+08,10189.8,100,921.014,0.15,0.00944,1,956.977,5940.26,1.38987,68504,-0.190267,-0.073443,-0.018582,5871.77,0.05,0.300472,0.348396
