tmp.site,tmp.area,Lb,X1,Wb,POR,ALPHA,BETA,Ks,Kb,Kz,Qthresh,Rs,Rb1,Rb2,Prec,Frac4Rise,Error,BFF
10287289,6.03467e+07,69965.2,8.00029,56.6478,0.15,0.00511,0.9,91.588,2186.96,0.678905,12966.8,-0.094666,-0.042267,-0.060617,24.4657,0.05,1.48514,0.105059
