tmp.site,tmp.area,Lb,X1,Wb,POR,ALPHA,BETA,Ks,Kb,Kz,Qthresh,Rs,Rb1,Rb2,Prec,Frac4Rise,Error,BFF
06466500,1.13959e+09,32233.3,8.91707,366.446,0.15,0.006865,0.9,325.745,1495.26,0.959609,244168,-0.107935,-0.042938,-0.049743,2446.57,0.05,0.421218,0.459486
