tmp.site,tmp.area,Lb,X1,Wb,POR,ALPHA,BETA,Ks,Kb,Kz,Qthresh,Rs,Rb1,Rb2,Prec,Frac4Rise,Error,BFF
11042400,3.39288e+08,196256,100,23.9503,0.15,0.07794,1,282.327,92572.9,0.959458,12232.9,-0.143841,-0.046586,-0.051751,24.4657,0.05,1.74127,0.165562
