tmp.site,tmp.area,Lb,X1,Wb,POR,ALPHA,BETA,Ks,Kb,Kz,Qthresh,Rs,Rb1,Rb2,Prec,Frac4Rise,Error,BFF
07191160,2.31804e+08,17242,5246.49,653.747,0.15,0.01279,3.2,304.328,6293.13,0.530022,50154.7,-0.078359,-0.058196,-0.02202,2495.5,0.05,0.305048,0.398149
