tmp.site,tmp.area,Lb,X1,Wb,POR,ALPHA,BETA,Ks,Kb,Kz,Qthresh,Rs,Rb1,Rb2,Prec,Frac4Rise,Error,BFF
08158600,1.32866e+08,4626.8,263.514,357.628,0.15,0.010477,0.9,1618.77,18905.9,0.072488,63610.9,-0.507438,-0.088103,-0.127051,24.4657,0.05,2.59611,0.148412
