tmp.site,tmp.area,Lb,X1,Wb,POR,ALPHA,BETA,Ks,Kb,Kz,Qthresh,Rs,Rb1,Rb2,Prec,Frac4Rise,Error,BFF
03569190,1.31312e+07,5103.89,259.641,186.176,0.15,0.025726,1,454.289,16575,0.74991,538.246,-0.485001,-0.10128,-0.098627,36.6986,0.05,0.437901,0.267643
