tmp.site,tmp.area,Lb,X1,Wb,POR,ALPHA,BETA,Ks,Kb,Kz,Qthresh,Rs,Rb1,Rb2,Prec,Frac4Rise,Error,BFF
06857100,6.44907e+10,8613.96,100,2745.36,0.15,0.009087,1,533.427,6154.87,0.888906,616536,-0.006452,-0.067079,-0.125922,3914.51,0.05,2.11474,0.426495
