tmp.site,tmp.area,Lb,X1,Wb,POR,ALPHA,BETA,Ks,Kb,Kz,Qthresh,Rs,Rb1,Rb2,Prec,Frac4Rise,Error,BFF
11140585,4.23722e+09,7859.72,36.3353,447.855,0.15,0.008671,0.9,4331.89,967.613,1.02699,95034.6,-0.145328,-0.126364,-0.238481,24.4657,0.05,148.997,0.054497
