tmp.site,tmp.area,Lb,X1,Wb,POR,ALPHA,BETA,Ks,Kb,Kz,Qthresh,Rs,Rb1,Rb2,Prec,Frac4Rise,Error,BFF
06935770,2.92669e+07,11652.4,100,71.7009,0.15,0.035751,1,480.293,7840.75,0.987989,1272.22,-0.302077,-0.11945,-0.070341,83.1834,0.05,0.472717,0.16785
