tmp.site,tmp.area,Lb,X1,Wb,POR,ALPHA,BETA,Ks,Kb,Kz,Qthresh,Rs,Rb1,Rb2,Prec,Frac4Rise,Error,BFF
08052745,9.97145e+07,30208.8,7.03258,393.04,0.15,0.010155,0.9,201.994,1119.83,1.30003,212607,-0.07398,-0.057011,-0.167681,242.284,0.05,4.39418,0.473214
