tmp.site,tmp.area,Lb,X1,Wb,POR,ALPHA,BETA,Ks,Kb,Kz,Qthresh,Rs,Rb1,Rb2,Prec,Frac4Rise,Error,BFF
03301500,3.36439e+09,32534.9,35.0118,2614.27,0.15,0.009521,1.1,16664.3,30971.4,1.39428,51378,-0.240126,-0.114699,-0.090361,1097.87,0.05,0.480233,0.34958
