tmp.site,tmp.area,Lb,X1,Wb,POR,ALPHA,BETA,Ks,Kb,Kz,Qthresh,Rs,Rb1,Rb2,Prec,Frac4Rise,Error,BFF
13037500,1.48976e+10,97959.5,26.3717,4825.52,0.15,0.008255,1,507.204,5745.01,1.32507,4.2081e+06,-0.025005,-0.017758,-0.018181,276463,0.05,0.384793,0.6661
