tmp.site,tmp.area,Lb,X1,Wb,POR,ALPHA,BETA,Ks,Kb,Kz,Qthresh,Rs,Rb1,Rb2,Prec,Frac4Rise,Error,BFF
03052500,3.70368e+07,6605.49,100,195.807,0.15,0.03407,1,603.226,12857.8,0.880039,66057.4,-0.235002,-0.086186,-0.117328,24.4657,0.05,0.643228,0.271867
