tmp.site,tmp.area,Lb,X1,Wb,POR,ALPHA,BETA,Ks,Kb,Kz,Qthresh,Rs,Rb1,Rb2,Prec,Frac4Rise,Error,BFF
03201405,7.17427e+07,6676.57,100,208.661,0.15,0.014481,1,1779.95,15037.1,1.02077,1786,-0.456421,-0.127325,-0.120028,48.9314,0.05,0.515487,0.168541
