tmp.site,tmp.area,Lb,X1,Wb,POR,ALPHA,BETA,Ks,Kb,Kz,Qthresh,Rs,Rb1,Rb2,Prec,Frac4Rise,Error,BFF
11063510,1.46334e+08,62419.8,935.05,219.487,0.15,0.023067,0.9,449.358,12976.5,0.042748,4330.43,-0.111572,-0.031949,-0.013097,325.394,0.05,0.360697,0.295347
