tmp.site,tmp.area,Lb,X1,Wb,POR,ALPHA,BETA,Ks,Kb,Kz,Qthresh,Rs,Rb1,Rb2,Prec,Frac4Rise,Error,BFF
01198125,1.20434e+09,20389,132.358,1427,0.15,0.011625,1.1,2376.07,19565.7,0.835293,198348,-0.140308,-0.046116,-0.039481,20749.6,0.05,0.331394,0.523967
