tmp.site,tmp.area,Lb,X1,Wb,POR,ALPHA,BETA,Ks,Kb,Kz,Qthresh,Rs,Rb1,Rb2,Prec,Frac4Rise,Error,BFF
09112200,6.19007e+08,47273,14972.4,529.546,0.15,0.005364,5.1,305.468,4199.04,0.613788,143579,-0.072338,-0.027027,-0.015323,10153.3,0.05,0.327397,0.231964
