tmp.site,tmp.area,Lb,X1,Wb,POR,ALPHA,BETA,Ks,Kb,Kz,Qthresh,Rs,Rb1,Rb2,Prec,Frac4Rise,Error,BFF
02354800,2.58999e+09,12640.8,0.107808,2139.41,0.15,0.015288,1,3093.1,15.3528,0.958236,1.4973e+06,-0.102189,-0.047963,-0.049104,10417.5,0.05,0.38211,0.507609
