tmp.site,tmp.area,Lb,X1,Wb,POR,ALPHA,BETA,Ks,Kb,Kz,Qthresh,Rs,Rb1,Rb2,Prec,Frac4Rise,Error,BFF
11044000,1.52291e+09,70801.2,100,89.4414,0.15,0.0145,1,3859.35,233.962,0.979439,28135.6,-0.143841,-0.055491,-0.042609,137.008,0.05,0.76682,0.140462
