tmp.site,tmp.area,Lb,X1,Wb,POR,ALPHA,BETA,Ks,Kb,Kz,Qthresh,Rs,Rb1,Rb2,Prec,Frac4Rise,Error,BFF
06405800,1.07226e+07,7259.03,71.1983,65.6021,0.15,0.0192,0.9,105.57,2742.63,0.367744,3425.2,-0.094432,-0.051067,-0.086397,24.4657,0.05,1.68202,0.225272
