tmp.site,tmp.area,Lb,X1,Wb,POR,ALPHA,BETA,Ks,Kb,Kz,Qthresh,Rs,Rb1,Rb2,Prec,Frac4Rise,Error,BFF
01403400,1.61356e+07,39217.6,130.389,120.171,0.15,0.016123,1.1,440.464,79112.4,0.372569,7780.1,-0.514894,-0.084309,-0.07518,95.4163,0.05,0.481502,0.335757
