tmp.site,tmp.area,Lb,X1,Wb,POR,ALPHA,BETA,Ks,Kb,Kz,Qthresh,Rs,Rb1,Rb2,Prec,Frac4Rise,Error,BFF
14305500,5.23178e+08,10108.9,363.984,2265.09,0.15,0.011703,1.2,2601.9,9477.97,4.24183,171260,-0.166567,-0.068752,-0.017094,14679.4,0.05,0.299143,0.373462
