tmp.site,tmp.area,Lb,X1,Wb,POR,ALPHA,BETA,Ks,Kb,Kz,Qthresh,Rs,Rb1,Rb2,Prec,Frac4Rise,Error,BFF
10351600,4.34082e+09,26437.2,100,1696.75,0.15,0.011964,1,2061.72,16719.1,0.886429,398791,-0.101761,-0.048407,-0.060207,244.657,0.05,3.28705,0.510255
