tmp.site,tmp.area,Lb,X1,Wb,POR,ALPHA,BETA,Ks,Kb,Kz,Qthresh,Rs,Rb1,Rb2,Prec,Frac4Rise,Error,BFF
11504115,2.04091e+08,63879.4,13.0218,3122.61,0.15,0.024765,0.8,214.828,655.645,0.481693,873426,-0.035998,-0.007332,-0.009199,59637.6,0.05,0.242475,0.75268
