tmp.site,tmp.area,Lb,X1,Wb,POR,ALPHA,BETA,Ks,Kb,Kz,Qthresh,Rs,Rb1,Rb2,Prec,Frac4Rise,Error,BFF
07375480,2.35689e+08,11862.2,100,725.038,0.15,0.009536,1,2642.52,525.544,1.03072,91746.4,-0.293449,-0.134218,-0.019809,9083.63,0.05,0.229171,0.363216
