tmp.site,tmp.area,Lb,X1,Wb,POR,ALPHA,BETA,Ks,Kb,Kz,Qthresh,Rs,Rb1,Rb2,Prec,Frac4Rise,Error,BFF
01467150,4.40298e+07,31420.6,54.2132,149.724,0.15,0.025637,0.9,873.872,4385.05,0.95206,18104.6,-0.346574,-0.068879,-0.075906,1365.19,0.05,0.413809,0.298469
