tmp.site,tmp.area,Lb,X1,Wb,POR,ALPHA,BETA,Ks,Kb,Kz,Qthresh,Rs,Rb1,Rb2,Prec,Frac4Rise,Error,BFF
01473900,1.05672e+08,10723.5,100,400.353,0.15,0.01023,1,1496.38,5976.17,0.880556,31560.8,-0.520663,-0.088633,-0.046416,1834.93,0.05,0.341896,0.333891
