tmp.site,tmp.area,Lb,X1,Wb,POR,ALPHA,BETA,Ks,Kb,Kz,Qthresh,Rs,Rb1,Rb2,Prec,Frac4Rise,Error,BFF
04282000,7.95126e+08,8716.73,100,1704.59,0.15,0.011017,1,3636.64,9976.91,0.954942,154623,-0.140008,-0.055116,-0.047055,16636.7,0.05,0.291055,0.521391
