tmp.site,tmp.area,Lb,X1,Wb,POR,ALPHA,BETA,Ks,Kb,Kz,Qthresh,Rs,Rb1,Rb2,Prec,Frac4Rise,Error,BFF
14187000,1.34161e+08,12969.3,791.962,684.432,0.15,0.012991,1,1342.34,65884.1,1.12702,13279.3,-0.22503,-0.068505,-0.024506,1137.66,0.05,0.350851,0.362322
