tmp.site,tmp.area,Lb,X1,Wb,POR,ALPHA,BETA,Ks,Kb,Kz,Qthresh,Rs,Rb1,Rb2,Prec,Frac4Rise,Error,BFF
09508500,1.51722e+10,40059.3,18506.6,1017.16,0.15,0.0038,9.9,321.197,14339.4,0.696831,738865,-0.077075,-0.070952,-0.027389,15925.5,0.05,0.405352,0.271567
