tmp.site,tmp.area,Lb,X1,Wb,POR,ALPHA,BETA,Ks,Kb,Kz,Qthresh,Rs,Rb1,Rb2,Prec,Frac4Rise,Error,BFF
07237500,3.07768e+10,15816.6,158.83,524.946,0.15,0.011457,0.9,7645.54,9440.7,0.715351,330287,-0.103325,-0.056419,-0.095692,24.4657,0.05,145.836,0.14037
