tmp.site,tmp.area,Lb,X1,Wb,POR,ALPHA,BETA,Ks,Kb,Kz,Qthresh,Rs,Rb1,Rb2,Prec,Frac4Rise,Error,BFF
01646305,5.30948e+06,7662.71,100,55.4595,0.15,0.009105,1,165.091,6395.17,0.510274,3718.79,-0.578459,-0.094861,-0.082896,39.1451,0.05,0.403807,0.225028
