tmp.site,tmp.area,Lb,X1,Wb,POR,ALPHA,BETA,Ks,Kb,Kz,Qthresh,Rs,Rb1,Rb2,Prec,Frac4Rise,Error,BFF
02472850,6.65627e+08,5282.27,2855.07,2271.5,0.15,0.004392,10,1468.04,57.9588,0.893433,218479,-0.15635,-0.110035,-0.038578,16881.3,0.05,0.312314,0.316083
