tmp.site,tmp.area,Lb,X1,Wb,POR,ALPHA,BETA,Ks,Kb,Kz,Qthresh,Rs,Rb1,Rb2,Prec,Frac4Rise,Error,BFF
01212500,6.63037e+07,38066.9,201.469,1046.56,0.15,0.046152,1,1406.17,96570.9,0.944514,3841.12,-0.342762,-0.07307,-0.082497,149.241,0.05,0.446133,0.369951
