tmp.site,tmp.area,Lb,X1,Wb,POR,ALPHA,BETA,Ks,Kb,Kz,Qthresh,Rs,Rb1,Rb2,Prec,Frac4Rise,Error,BFF
14171000,4.11808e+08,23013.2,2633.55,993.942,0.15,0.012946,2.4,1504.28,98182.9,0.804745,36209.3,-0.145456,-0.059197,-0.026172,1761.53,0.05,0.325246,0.453847
