tmp.site,tmp.area,Lb,X1,Wb,POR,ALPHA,BETA,Ks,Kb,Kz,Qthresh,Rs,Rb1,Rb2,Prec,Frac4Rise,Error,BFF
09115500,3.83318e+08,101653,100,155.181,0.15,0.021988,1,303.822,3957.79,0.925564,77311.7,-0.111572,-0.025966,-0.018804,2691.23,0.05,0.379196,0.304256
