tmp.site,tmp.area,Lb,X1,Wb,POR,ALPHA,BETA,Ks,Kb,Kz,Qthresh,Rs,Rb1,Rb2,Prec,Frac4Rise,Error,BFF
08084000,5.69538e+09,15561.4,100,255.619,0.15,0.006761,1,6686.46,1597.68,1.00534,129668,-0.202733,-0.095767,-0.15707,24.4657,0.05,25.2752,0.059281
