tmp.site,tmp.area,Lb,X1,Wb,POR,ALPHA,BETA,Ks,Kb,Kz,Qthresh,Rs,Rb1,Rb2,Prec,Frac4Rise,Error,BFF
12413125,5.69797e+07,17224.2,5763.34,570.365,0.15,0.011308,3,25.7737,5575.15,0.219964,31316.1,-0.085535,-0.030298,-0.013972,2203.77,0.05,0.193589,0.508564
