tmp.site,tmp.area,Lb,X1,Wb,POR,ALPHA,BETA,Ks,Kb,Kz,Qthresh,Rs,Rb1,Rb2,Prec,Frac4Rise,Error,BFF
03363500,7.84766e+08,18990.6,6.69081,898.902,0.15,0.009768,1.3,3176.88,1597.25,1.08057,41591.7,-0.203762,-0.082267,-0.053736,807.369,0.05,0.412384,0.396285
