tmp.site,tmp.area,Lb,X1,Wb,POR,ALPHA,BETA,Ks,Kb,Kz,Qthresh,Rs,Rb1,Rb2,Prec,Frac4Rise,Error,BFF
02076000,7.15355e+09,26663.9,12980,3695.99,0.15,0.004611,10.1,2822.03,1993.59,1.28063,2.77833e+06,-0.128511,-0.073666,-0.034991,182820,0.05,0.230001,0.474177
