tmp.site,tmp.area,Lb,X1,Wb,POR,ALPHA,BETA,Ks,Kb,Kz,Qthresh,Rs,Rb1,Rb2,Prec,Frac4Rise,Error,BFF
08068720,2.84899e+08,4093.98,17.1215,2560.39,0.15,0.071444,1,6412.7,3770.06,0.964702,15168.7,-0.25398,-0.15612,-0.216815,24.4657,0.05,4.52666,0.319209
