tmp.site,tmp.area,Lb,X1,Wb,POR,ALPHA,BETA,Ks,Kb,Kz,Qthresh,Rs,Rb1,Rb2,Prec,Frac4Rise,Error,BFF
06332000,2.02019e+09,7135.32,246.221,309.784,0.15,0.032717,1,2713.6,2568.13,0.270841,15460.4,-0.143841,-0.051616,-0.053558,24.4657,0.05,1.5498,0.102844
