tmp.site,tmp.area,Lb,X1,Wb,POR,ALPHA,BETA,Ks,Kb,Kz,Qthresh,Rs,Rb1,Rb2,Prec,Frac4Rise,Error,BFF
02215000,9.84195e+09,42679.2,139.044,2450.47,0.15,0.007778,1.6,4260.55,14802.2,1.29901,1.18145e+06,-0.091161,-0.048973,-0.035705,122818,0.05,0.326027,0.536549
