tmp.site,tmp.area,Lb,X1,Wb,POR,ALPHA,BETA,Ks,Kb,Kz,Qthresh,Rs,Rb1,Rb2,Prec,Frac4Rise,Error,BFF
04043244,2.64179e+07,25056.4,100,273.809,0.15,0.016181,1,220.154,709.834,0.406475,29114.2,-0.157395,-0.039186,-0.013957,2764.63,0.05,0.187623,0.620907
