tmp.site,tmp.area,Lb,X1,Wb,POR,ALPHA,BETA,Ks,Kb,Kz,Qthresh,Rs,Rb1,Rb2,Prec,Frac4Rise,Error,BFF
12445000,1.88033e+10,19409.6,100,5490.85,0.15,0.005971,1,544.844,12014.2,1.00269,4.52616e+06,-0.046585,-0.025136,-0.021772,92720.2,0.05,0.306717,0.660704
