tmp.site,tmp.area,Lb,X1,Wb,POR,ALPHA,BETA,Ks,Kb,Kz,Qthresh,Rs,Rb1,Rb2,Prec,Frac4Rise,Error,BFF
06307500,4.62054e+09,13578.8,230.971,2296.5,0.15,0.00746,1,124.248,1658.19,0.33101,364539,-0.008111,-0.028056,-0.029222,13945.5,0.05,0.498305,0.405679
