tmp.site,tmp.area,Lb,X1,Wb,POR,ALPHA,BETA,Ks,Kb,Kz,Qthresh,Rs,Rb1,Rb2,Prec,Frac4Rise,Error,BFF
03575100,9.71246e+08,3082.94,1021.4,3841.52,0.15,0.008119,4.5,4551.49,73.1444,0.95082,276463,-0.275192,-0.090588,-0.027034,17590.8,0.05,0.332227,0.327874
