tmp.site,tmp.area,Lb,X1,Wb,POR,ALPHA,BETA,Ks,Kb,Kz,Qthresh,Rs,Rb1,Rb2,Prec,Frac4Rise,Error,BFF
041275685,5.1489e+08,39562.8,38.4179,9065.37,0.15,0.01832,0.9,125.769,2425.05,0.491273,819601,-0.038981,-0.009714,-0.010502,48031.1,0.05,0.115482,0.952229
