tmp.site,tmp.area,Lb,X1,Wb,POR,ALPHA,BETA,Ks,Kb,Kz,Qthresh,Rs,Rb1,Rb2,Prec,Frac4Rise,Error,BFF
09482500,5.75495e+09,29.016,0.049202,440.527,0.15,0.000272,1.4,23491.2,0.000146,0.97358,53824.6,-0.729315,-0.155667,-0.236703,24.4657,0.05,0.205711,1e-05
