tmp.site,tmp.area,Lb,X1,Wb,POR,ALPHA,BETA,Ks,Kb,Kz,Qthresh,Rs,Rb1,Rb2,Prec,Frac4Rise,Error,BFF
02413300,1.05154e+09,14597.9,100,1363.7,0.15,0.011594,1,3424.4,11999.8,0.882348,787796,-0.161038,-0.064082,-0.053612,5110.4,0.05,0.348127,0.441932
