tmp.site,tmp.area,Lb,X1,Wb,POR,ALPHA,BETA,Ks,Kb,Kz,Qthresh,Rs,Rb1,Rb2,Prec,Frac4Rise,Error,BFF
07249800,6.11237e+08,4700.01,100,1463.83,0.15,0.013819,1,3461.04,9700.71,0.912617,2605.11,-0.193999,-0.087743,-0.118799,24.4657,0.05,3.01747,0.299288
