tmp.site,tmp.area,Lb,X1,Wb,POR,ALPHA,BETA,Ks,Kb,Kz,Qthresh,Rs,Rb1,Rb2,Prec,Frac4Rise,Error,BFF
02455185,9.34986e+07,7528.18,100,464.482,0.15,0.024243,1,577.061,21168.7,0.994338,4159.17,-0.139713,-0.088486,-0.085323,117.435,0.05,0.514546,0.457328
