tmp.site,tmp.area,Lb,X1,Wb,POR,ALPHA,BETA,Ks,Kb,Kz,Qthresh,Rs,Rb1,Rb2,Prec,Frac4Rise,Error,BFF
03149500,1.96062e+08,9652.43,100,531.368,0.15,0.018543,1,1495.82,22859.8,0.902109,26912.3,-0.341252,-0.089664,-0.091758,97.8629,0.05,0.538811,0.348603
