tmp.site,tmp.area,Lb,X1,Wb,POR,ALPHA,BETA,Ks,Kb,Kz,Qthresh,Rs,Rb1,Rb2,Prec,Frac4Rise,Error,BFF
10308792,2.79719e+07,42124.1,16.396,40.3886,0.15,0.021313,0.9,375.645,2305.12,0.524453,3645.39,-0.125425,-0.037847,-0.05748,24.4657,0.05,0.615856,0.191577
