tmp.site,tmp.area,Lb,X1,Wb,POR,ALPHA,BETA,Ks,Kb,Kz,Qthresh,Rs,Rb1,Rb2,Prec,Frac4Rise,Error,BFF
10157500,1.29758e+08,30692.3,59.6074,34.7643,0.15,0.025086,0.9,484.283,3759.21,0.909008,12355.2,-0.107507,-0.05865,-0.098651,24.4657,0.05,10.1757,0.11299
