tmp.site,tmp.area,Lb,X1,Wb,POR,ALPHA,BETA,Ks,Kb,Kz,Qthresh,Rs,Rb1,Rb2,Prec,Frac4Rise,Error,BFF
09424900,2.9241e+09,9678.02,110.49,248.59,0.15,0.010806,0.9,3364.64,7077.8,0.97118,102756,-0.20741,-0.113519,-0.168028,24.4657,0.05,41.6239,0.045773
