tmp.site,tmp.area,Lb,X1,Wb,POR,ALPHA,BETA,Ks,Kb,Kz,Qthresh,Rs,Rb1,Rb2,Prec,Frac4Rise,Error,BFF
03105500,5.78862e+09,10658.1,100,2803,0.15,0.009395,1,5206.15,10912.8,1.15513,2.20191e+06,-0.136356,-0.057564,-0.05487,51133.3,0.05,0.385616,0.432316
