tmp.site,tmp.area,Lb,X1,Wb,POR,ALPHA,BETA,Ks,Kb,Kz,Qthresh,Rs,Rb1,Rb2,Prec,Frac4Rise,Error,BFF
07047980,4.76558e+08,30137.5,70.8603,964.584,0.15,0.016484,1.1,2412.98,62604.8,0.806178,116100,-0.220893,-0.09147,-0.07666,220.191,0.05,1.20724,0.465221
