tmp.site,tmp.area,Lb,X1,Wb,POR,ALPHA,BETA,Ks,Kb,Kz,Qthresh,Rs,Rb1,Rb2,Prec,Frac4Rise,Error,BFF
02232400,3.44727e+09,41670.7,205.969,3488.04,0.15,0.031302,0.9,392.966,42526.3,0.956826,2.32914e+06,-0.058892,-0.016903,-0.024937,4159.17,0.05,0.432094,0.691891
