tmp.site,tmp.area,Lb,X1,Wb,POR,ALPHA,BETA,Ks,Kb,Kz,Qthresh,Rs,Rb1,Rb2,Prec,Frac4Rise,Error,BFF
05592500,5.02458e+09,16132,155.376,2309.22,0.15,0.014569,1,5474.11,29736.7,1.04729,48931.4,-0.110431,-0.063504,-0.062512,4403.83,0.05,0.50716,0.388916
