tmp.site,tmp.area,Lb,X1,Wb,POR,ALPHA,BETA,Ks,Kb,Kz,Qthresh,Rs,Rb1,Rb2,Prec,Frac4Rise,Error,BFF
02327033,1.82335e+08,9693.23,100,525.648,0.15,0.03077,1,661.896,21448.8,0.961352,2446.57,-0.112347,-0.082799,-0.112268,214.662,0.05,0.627151,0.379073
