tmp.site,tmp.area,Lb,X1,Wb,POR,ALPHA,BETA,Ks,Kb,Kz,Qthresh,Rs,Rb1,Rb2,Prec,Frac4Rise,Error,BFF
04243500,2.92669e+08,26923.6,309.87,558.305,0.15,0.012498,3.4,1370.53,12290.9,0.130435,61164.3,-0.290035,-0.062952,-0.03518,4648.49,0.05,0.30773,0.462057
