tmp.site,tmp.area,Lb,X1,Wb,POR,ALPHA,BETA,Ks,Kb,Kz,Qthresh,Rs,Rb1,Rb2,Prec,Frac4Rise,Error,BFF
05531045,1.34679e+08,7777.72,0.093635,451.094,0.15,0.008533,1,634.762,10.1038,1.07126,53090.6,-0.219495,-0.08138,-0.083842,3718.79,0.05,0.372566,0.35801
