tmp.site,tmp.area,Lb,X1,Wb,POR,ALPHA,BETA,Ks,Kb,Kz,Qthresh,Rs,Rb1,Rb2,Prec,Frac4Rise,Error,BFF
06410500,7.58867e+08,2.98494e+06,100,222.461,0.15,0.034716,1,4168.61,1067.56,0.9497,126243,-0.111572,-0.023764,-0.023518,1957.26,0.05,0.520798,0.362347
