tmp.site,tmp.area,Lb,X1,Wb,POR,ALPHA,BETA,Ks,Kb,Kz,Qthresh,Rs,Rb1,Rb2,Prec,Frac4Rise,Error,BFF
02115360,4.38744e+09,25377.1,6485.76,3650.5,0.15,0.006442,10.1,7636.64,1433.76,1.0901,1.94258e+06,-0.218304,-0.046657,-0.032326,131391,0.05,0.27366,0.546568
