tmp.site,tmp.area,Lb,X1,Wb,POR,ALPHA,BETA,Ks,Kb,Kz,Qthresh,Rs,Rb1,Rb2,Prec,Frac4Rise,Error,BFF
07227890,1.05464e+09,3152.75,0.576922,9.94391,0.15,0.004772,0.9,30338,3.0367,1.03673,6923.8,-0.131007,-0.085746,-0.191473,24.4657,0.05,5.27232,0.015272
