tmp.site,tmp.area,Lb,X1,Wb,POR,ALPHA,BETA,Ks,Kb,Kz,Qthresh,Rs,Rb1,Rb2,Prec,Frac4Rise,Error,BFF
05420680,8.96136e+08,7202.99,100,1251.31,0.15,0.009438,1,1703.76,7593.26,0.913959,41347.1,-0.111572,-0.079506,-0.036604,3287.21,0.05,0.394351,0.356917
