tmp.site,tmp.area,Lb,X1,Wb,POR,ALPHA,BETA,Ks,Kb,Kz,Qthresh,Rs,Rb1,Rb2,Prec,Frac4Rise,Error,BFF
02300075,3.23749e+07,12126.2,0.295362,102.104,0.15,0.015918,1.1,177.3,62.4723,0.99387,6923.8,-0.240143,-0.097938,-0.082602,46.4849,0.05,0.473608,0.226991
