tmp.site,tmp.area,Lb,X1,Wb,POR,ALPHA,BETA,Ks,Kb,Kz,Qthresh,Rs,Rb1,Rb2,Prec,Frac4Rise,Error,BFF
03038000,4.94688e+08,17424.7,0.12747,942.347,0.15,0.010549,1.2,3592.58,47.4512,0.502971,105203,-0.245135,-0.093079,-0.072563,2068.58,0.05,0.380175,0.446248
