tmp.site,tmp.area,Lb,X1,Wb,POR,ALPHA,BETA,Ks,Kb,Kz,Qthresh,Rs,Rb1,Rb2,Prec,Frac4Rise,Error,BFF
14138870,1.41413e+07,7225.96,1199.1,332.102,0.15,0.013783,1.2,383.677,27139.9,0.121804,5137.8,-0.220391,-0.080782,-0.019951,457.509,0.05,0.322997,0.345419
