tmp.site,tmp.area,Lb,X1,Wb,POR,ALPHA,BETA,Ks,Kb,Kz,Qthresh,Rs,Rb1,Rb2,Prec,Frac4Rise,Error,BFF
03200500,2.22221e+09,12717.3,100,1765.03,0.15,0.012515,1,5173.21,15468.2,0.984894,303375,-0.174457,-0.068371,-0.064353,5382.46,0.05,0.413135,0.393869
