tmp.site,tmp.area,Lb,X1,Wb,POR,ALPHA,BETA,Ks,Kb,Kz,Qthresh,Rs,Rb1,Rb2,Prec,Frac4Rise,Error,BFF
02235000,4.89508e+08,131012,46174.5,1122.16,0.15,0.009986,10.1,432.161,115.079,0.733461,376772,-0.04006,-0.022895,-0.010358,38655.8,0.05,0.204783,0.635417
