tmp.site,tmp.area,Lb,X1,Wb,POR,ALPHA,BETA,Ks,Kb,Kz,Qthresh,Rs,Rb1,Rb2,Prec,Frac4Rise,Error,BFF
13309220,2.69877e+09,32014.1,11.2917,3987.52,0.15,0.005134,2.6,95.5444,270.261,1.03163,1.62942e+06,-0.065887,-0.022173,-0.015905,77801,0.05,0.1957,0.806365
