tmp.site,tmp.area,Lb,X1,Wb,POR,ALPHA,BETA,Ks,Kb,Kz,Qthresh,Rs,Rb1,Rb2,Prec,Frac4Rise,Error,BFF
02069700,2.21444e+08,44850.8,100,400.165,0.15,0.010968,1,557.661,16405.1,0.929838,136274,-0.346574,-0.042401,-0.028869,6850.4,0.05,0.266057,0.554404
