tmp.site,tmp.area,Lb,X1,Wb,POR,ALPHA,BETA,Ks,Kb,Kz,Qthresh,Rs,Rb1,Rb2,Prec,Frac4Rise,Error,BFF
01055500,4.40298e+08,48871.9,161.559,623.542,0.15,0.012679,1.6,1497.47,56125.8,1.37257,66057.4,-0.132117,-0.064236,-0.039551,4403.83,0.05,0.379988,0.478884
