tmp.site,tmp.area,Lb,X1,Wb,POR,ALPHA,BETA,Ks,Kb,Kz,Qthresh,Rs,Rb1,Rb2,Prec,Frac4Rise,Error,BFF
05458300,4.00671e+09,29171.2,111.916,1667.28,0.15,0.008326,2.6,2635.16,2754.65,0.923078,1.02511e+06,-0.100482,-0.053404,-0.033662,34496.7,0.05,0.318081,0.497364
