tmp.site,tmp.area,Lb,X1,Wb,POR,ALPHA,BETA,Ks,Kb,Kz,Qthresh,Rs,Rb1,Rb2,Prec,Frac4Rise,Error,BFF
11299600,3.72958e+07,57321.6,84.6188,58.8753,0.15,0.013026,1,268.088,32073.7,1.04581,3712.43,-0.305823,-0.0819,-0.082837,24.4657,0.05,1.49243,0.128334
