tmp.site,tmp.area,Lb,X1,Wb,POR,ALPHA,BETA,Ks,Kb,Kz,Qthresh,Rs,Rb1,Rb2,Prec,Frac4Rise,Error,BFF
05056100,1.00233e+09,32410.6,100,358.43,0.15,0.077082,1,1740,23246.7,0.891761,68132.1,-0.111572,-0.066066,-0.092995,24.4657,0.05,7.085,0.189986
