tmp.site,tmp.area,Lb,X1,Wb,POR,ALPHA,BETA,Ks,Kb,Kz,Qthresh,Rs,Rb1,Rb2,Prec,Frac4Rise,Error,BFF
11376000,2.40092e+09,19344.1,100,1496.41,0.15,0.011398,1,2979.85,9015.84,0.985854,149241,-0.140164,-0.051401,-0.025853,6307.02,0.05,0.341761,0.35711
