tmp.site,tmp.area,Lb,X1,Wb,POR,ALPHA,BETA,Ks,Kb,Kz,Qthresh,Rs,Rb1,Rb2,Prec,Frac4Rise,Error,BFF
07353000,3.58972e+09,15195.1,234.632,4244.61,0.15,0.017955,0.9,2749.46,43952.1,1.01428,5137.8,-0.059964,-0.045802,-0.099303,244.657,0.05,44.2366,0.574144
