tmp.site,tmp.area,Lb,X1,Wb,POR,ALPHA,BETA,Ks,Kb,Kz,Qthresh,Rs,Rb1,Rb2,Prec,Frac4Rise,Error,BFF
05424057,1.18103e+09,27862,159.384,3587.64,0.15,0.019759,0.9,2074.48,43805.2,0.945751,398791,-0.072361,-0.039851,-0.081707,1462.85,0.05,0.673347,0.673215
