tmp.site,tmp.area,Lb,X1,Wb,POR,ALPHA,BETA,Ks,Kb,Kz,Qthresh,Rs,Rb1,Rb2,Prec,Frac4Rise,Error,BFF
12117600,3.47058e+08,17687.8,3314.57,1928.08,0.15,0.009917,2.3,235.856,6603.65,0.673987,217500,-0.030679,-0.04031,-0.027688,22019.1,0.05,0.256729,0.559111
