tmp.site,tmp.area,Lb,X1,Wb,POR,ALPHA,BETA,Ks,Kb,Kz,Qthresh,Rs,Rb1,Rb2,Prec,Frac4Rise,Error,BFF
11395200,9.76426e+07,192466,100,276.739,0.15,0.001702,1,79.6006,21.061,0.291145,16881.3,-0.111572,-0.015454,-0.011042,489.314,0.05,0.37543,0.168426
