tmp.site,tmp.area,Lb,X1,Wb,POR,ALPHA,BETA,Ks,Kb,Kz,Qthresh,Rs,Rb1,Rb2,Prec,Frac4Rise,Error,BFF
02397530,1.12975e+10,13783,99.7864,4318.22,0.15,0.008143,1.1,4723.45,13453.1,2.32689,6.23876e+06,-0.084843,-0.056221,-0.050078,248890,0.05,0.26969,0.547747
