tmp.site,tmp.area,Lb,X1,Wb,POR,ALPHA,BETA,Ks,Kb,Kz,Qthresh,Rs,Rb1,Rb2,Prec,Frac4Rise,Error,BFF
11046000,1.87256e+09,12654.3,0.209542,342.333,0.15,0.041325,1,5206.42,19.3816,0.958053,68504,-0.17967,-0.066573,-0.079922,24.4657,0.05,9.62138,0.170876
