tmp.site,tmp.area,Lb,X1,Wb,POR,ALPHA,BETA,Ks,Kb,Kz,Qthresh,Rs,Rb1,Rb2,Prec,Frac4Rise,Error,BFF
06867500,5.49077e+08,8476.28,100,74.9829,0.15,0.008572,1,1685.95,10385.4,0.945491,50154.7,-0.202733,-0.079531,-0.151745,24.4657,0.05,2.51349,0.019099
