tmp.site,tmp.area,Lb,X1,Wb,POR,ALPHA,BETA,Ks,Kb,Kz,Qthresh,Rs,Rb1,Rb2,Prec,Frac4Rise,Error,BFF
12054000,1.72234e+08,15406.9,1054.91,1045.91,0.15,0.009467,1.4,1173.33,14318.4,7.55267,114744,-0.188717,-0.060811,-0.022301,12208.1,0.05,0.276082,0.446391
