tmp.site,tmp.area,Lb,X1,Wb,POR,ALPHA,BETA,Ks,Kb,Kz,Qthresh,Rs,Rb1,Rb2,Prec,Frac4Rise,Error,BFF
023432415,1.93213e+10,143300,74.2364,1812.82,0.15,0.009703,0.9,6585.2,89958.6,2.72495,2.08626e+07,-0.078549,-0.057109,-0.07582,319547,0.05,0.40456,0.468022
