tmp.site,tmp.area,Lb,X1,Wb,POR,ALPHA,BETA,Ks,Kb,Kz,Qthresh,Rs,Rb1,Rb2,Prec,Frac4Rise,Error,BFF
07050690,5.43898e+07,20150.2,79.9004,209.066,0.15,0.026841,1.7,225.9,10056.8,0.819905,10055.4,-0.137347,-0.06499,-0.040629,459.955,0.05,0.373443,0.415996
