tmp.site,tmp.area,Lb,X1,Wb,POR,ALPHA,BETA,Ks,Kb,Kz,Qthresh,Rs,Rb1,Rb2,Prec,Frac4Rise,Error,BFF
05465500,3.23749e+10,50865.2,33.5141,4530.21,0.15,0.009163,1.2,9510.67,4702.7,0.913957,1.46794e+06,-0.091161,-0.036044,-0.0289,159027,0.05,0.358381,0.517709
