tmp.site,tmp.area,Lb,X1,Wb,POR,ALPHA,BETA,Ks,Kb,Kz,Qthresh,Rs,Rb1,Rb2,Prec,Frac4Rise,Error,BFF
01199000,1.64205e+09,16330.3,100,1763.7,0.15,0.01168,1,2585.89,15061.7,0.908441,440383,-0.105655,-0.046562,-0.050868,28135.6,0.05,0.297967,0.541726
