tmp.site,tmp.area,Lb,X1,Wb,POR,ALPHA,BETA,Ks,Kb,Kz,Qthresh,Rs,Rb1,Rb2,Prec,Frac4Rise,Error,BFF
11126000,1.09297e+09,39292.7,141.821,314.015,0.15,0.050512,0.9,879.374,31272.2,1.05085,22263.8,-0.091161,-0.055029,-0.108223,24.4657,0.05,12.8872,0.173387
