tmp.site,tmp.area,Lb,X1,Wb,POR,ALPHA,BETA,Ks,Kb,Kz,Qthresh,Rs,Rb1,Rb2,Prec,Frac4Rise,Error,BFF
04044003,4.22168e+08,91021.6,17.7334,649.922,0.15,0.010046,0.9,277.717,3982.18,0.754485,305821,-0.043935,-0.031874,-0.03609,23253.2,0.05,0.291536,0.682874
