tmp.site,tmp.area,Lb,X1,Wb,POR,ALPHA,BETA,Ks,Kb,Kz,Qthresh,Rs,Rb1,Rb2,Prec,Frac4Rise,Error,BFF
12334550,9.47159e+09,19783.8,5.12997,5358.92,0.15,0.007868,1.3,398.687,402.11,0.889585,2.54443e+06,-0.038197,-0.02359,-0.020612,76589.9,0.05,0.263571,0.836076
