tmp.site,tmp.area,Lb,X1,Wb,POR,ALPHA,BETA,Ks,Kb,Kz,Qthresh,Rs,Rb1,Rb2,Prec,Frac4Rise,Error,BFF
01142500,7.89946e+07,19104.9,100,338.905,0.15,0.019158,1,444.846,21046.4,0.894818,5627.11,-0.260949,-0.045836,-0.039906,636.109,0.05,0.327661,0.524271
