tmp.site,tmp.area,Lb,X1,Wb,POR,ALPHA,BETA,Ks,Kb,Kz,Qthresh,Rs,Rb1,Rb2,Prec,Frac4Rise,Error,BFF
04121507,4.50658e+07,81269.7,100,95.0111,0.15,0.023723,1,774.719,288.927,0.304117,10153.3,-0.166914,-0.022068,-0.018087,903.176,0.05,0.16868,0.7255
