tmp.site,tmp.area,Lb,X1,Wb,POR,ALPHA,BETA,Ks,Kb,Kz,Qthresh,Rs,Rb1,Rb2,Prec,Frac4Rise,Error,BFF
03436100,2.39833e+09,30364,118.145,1979.14,0.15,0.01172,1.9,6283.04,9804.21,1.37964,229978,-0.202733,-0.066113,-0.036602,18623.3,0.05,0.336445,0.453284
