tmp.site,tmp.area,Lb,X1,Wb,POR,ALPHA,BETA,Ks,Kb,Kz,Qthresh,Rs,Rb1,Rb2,Prec,Frac4Rise,Error,BFF
03339305,7.3667e+08,12185.3,10.2112,1031.09,0.15,0.012018,1.3,3486.59,1942.19,1.49804,46974.2,-0.26328,-0.098702,-0.060189,1249.61,0.05,0.38231,0.411555
