tmp.site,tmp.area,Lb,X1,Wb,POR,ALPHA,BETA,Ks,Kb,Kz,Qthresh,Rs,Rb1,Rb2,Prec,Frac4Rise,Error,BFF
01099500,1.036e+09,40279.7,234.658,1656.8,0.15,0.028973,0.9,548.167,96130.5,1.50521,1.54379e+06,-0.067474,-0.029854,-0.045193,8318.34,0.05,0.338299,0.667857
