tmp.site,tmp.area,Lb,X1,Wb,POR,ALPHA,BETA,Ks,Kb,Kz,Qthresh,Rs,Rb1,Rb2,Prec,Frac4Rise,Error,BFF
02474560,6.58375e+09,9430.74,100,3456.81,0.15,0.009452,1,4599.78,2559.89,2.19686,1.12767e+06,-0.098811,-0.084865,-0.031436,118412,0.05,0.310575,0.338341
