tmp.site,tmp.area,Lb,X1,Wb,POR,ALPHA,BETA,Ks,Kb,Kz,Qthresh,Rs,Rb1,Rb2,Prec,Frac4Rise,Error,BFF
01315500,2.05127e+09,14972.8,37.3352,4634.34,0.15,0.007025,1.2,1922.55,12698.3,1.23004,2.36334e+06,-0.076079,-0.052788,-0.044778,56515.8,0.05,0.339335,0.823808
