tmp.site,tmp.area,Lb,X1,Wb,POR,ALPHA,BETA,Ks,Kb,Kz,Qthresh,Rs,Rb1,Rb2,Prec,Frac4Rise,Error,BFF
02128000,2.74539e+08,9012.59,100,493.229,0.15,0.012152,1,1777.83,11737.6,0.950754,178600,-0.362202,-0.078239,-0.0896,179.676,0.05,0.516262,0.278708
