tmp.site,tmp.area,Lb,X1,Wb,POR,ALPHA,BETA,Ks,Kb,Kz,Qthresh,Rs,Rb1,Rb2,Prec,Frac4Rise,Error,BFF
02225000,3.00439e+10,12999.7,3.5576,18268.4,0.15,0.007966,4.3,7358.24,17.5556,1.54416,3.54753e+06,-0.051327,-0.042218,-0.024679,344967,0.05,0.325721,0.756561
