tmp.site,tmp.area,Lb,X1,Wb,POR,ALPHA,BETA,Ks,Kb,Kz,Qthresh,Rs,Rb1,Rb2,Prec,Frac4Rise,Error,BFF
05527800,3.18569e+08,10279.9,100,878.691,0.15,0.044497,1,648.505,22385,0.907518,23555.6,-0.143841,-0.07134,-0.112537,24.4657,0.05,2.26098,0.491843
