tmp.site,tmp.area,Lb,X1,Wb,POR,ALPHA,BETA,Ks,Kb,Kz,Qthresh,Rs,Rb1,Rb2,Prec,Frac4Rise,Error,BFF
02132500,1.35715e+09,51196.4,24.8199,988.612,0.15,0.010636,1,1801.46,7570.04,1.06712,812262,-0.095357,-0.037868,-0.04044,14190.1,0.05,0.411245,0.50158
