tmp.site,tmp.area,Lb,X1,Wb,POR,ALPHA,BETA,Ks,Kb,Kz,Qthresh,Rs,Rb1,Rb2,Prec,Frac4Rise,Error,BFF
06307830,1.00543e+10,22370.3,337.866,3640.6,0.15,0.006385,2.5,802.22,4450.11,0.883665,753544,-0.050042,-0.027876,-0.019097,18366.4,0.05,0.337163,0.776567
