tmp.site,tmp.area,Lb,X1,Wb,POR,ALPHA,BETA,Ks,Kb,Kz,Qthresh,Rs,Rb1,Rb2,Prec,Frac4Rise,Error,BFF
02096960,3.30223e+09,37818.3,74.741,1221.46,0.15,0.005405,1.1,8752.87,37520.8,1.7792,528459,-0.262273,-0.092377,-0.081105,18552.6,0.05,0.386232,0.327769
