tmp.site,tmp.area,Lb,X1,Wb,POR,ALPHA,BETA,Ks,Kb,Kz,Qthresh,Rs,Rb1,Rb2,Prec,Frac4Rise,Error,BFF
11416700,2.35689e+06,4095.58,51.4439,188.504,0.15,0.010699,0.8,32.7872,493.923,0.076104,1737.07,-0.052737,-0.017511,-0.056991,48.9314,0.05,0.406586,0.841488
