tmp.site,tmp.area,Lb,X1,Wb,POR,ALPHA,BETA,Ks,Kb,Kz,Qthresh,Rs,Rb1,Rb2,Prec,Frac4Rise,Error,BFF
13153500,7.76996e+09,35114.3,100,768.326,0.15,0.010073,1,1641,1217.24,0.990104,459955,-0.046799,-0.042515,-0.039716,18593.9,0.05,0.392518,0.353582
