tmp.site,tmp.area,Lb,X1,Wb,POR,ALPHA,BETA,Ks,Kb,Kz,Qthresh,Rs,Rb1,Rb2,Prec,Frac4Rise,Error,BFF
13150430,1.81299e+08,44420.3,100,1137.54,0.15,0.014217,1,183.622,1559.06,0.336427,337627,-0.047655,-0.01239,-0.013009,15413.4,0.05,0.280086,0.678211
