tmp.site,tmp.area,Lb,X1,Wb,POR,ALPHA,BETA,Ks,Kb,Kz,Qthresh,Rs,Rb1,Rb2,Prec,Frac4Rise,Error,BFF
03376300,1.56176e+09,13534.5,100,2136.13,0.15,0.038313,1,1607.95,22381.1,0.98048,177487,-0.046518,-0.061064,-0.121395,978.629,0.05,0.915682,0.473002
