tmp.site,tmp.area,Lb,X1,Wb,POR,ALPHA,BETA,Ks,Kb,Kz,Qthresh,Rs,Rb1,Rb2,Prec,Frac4Rise,Error,BFF
01464500,2.11084e+08,30766.6,138.06,373.585,0.15,0.009254,2.2,1012.61,10884.2,1.13699,73397.1,-0.286441,-0.066824,-0.047169,5039.94,0.05,0.318976,0.457212
