tmp.site,tmp.area,Lb,X1,Wb,POR,ALPHA,BETA,Ks,Kb,Kz,Qthresh,Rs,Rb1,Rb2,Prec,Frac4Rise,Error,BFF
10020300,2.03055e+09,42791.6,100,214.893,0.15,0.010714,1,354.907,921.374,1.02552,43793.6,-0.015511,-0.04495,-0.062393,711.708,0.05,0.971865,0.073957
