tmp.site,tmp.area,Lb,X1,Wb,POR,ALPHA,BETA,Ks,Kb,Kz,Qthresh,Rs,Rb1,Rb2,Prec,Frac4Rise,Error,BFF
09183600,7.14837e+07,597308,100,45.0995,0.15,0.034277,1,25.6512,812.361,0.439181,8856.59,-0.017804,-0.027367,-0.024913,290.261,0.05,0.189021,0.642988
