tmp.site,tmp.area,Lb,X1,Wb,POR,ALPHA,BETA,Ks,Kb,Kz,Qthresh,Rs,Rb1,Rb2,Prec,Frac4Rise,Error,BFF
04273700,1.63946e+08,22142.9,100,269.469,0.15,0.01325,1,343.788,17870,0.880045,96394.9,-0.202944,-0.056252,-0.038698,1957.26,0.05,0.329231,0.459283
