tmp.site,tmp.area,Lb,X1,Wb,POR,ALPHA,BETA,Ks,Kb,Kz,Qthresh,Rs,Rb1,Rb2,Prec,Frac4Rise,Error,BFF
11351946,6.41022e+09,338111,100,2.56354,0.15,0.003862,1,6752.04,12571.1,0.948785,78290.3,-0.034496,-0.025217,-0.133243,244.657,0.05,0.617309,0.000353
