tmp.site,tmp.area,Lb,X1,Wb,POR,ALPHA,BETA,Ks,Kb,Kz,Qthresh,Rs,Rb1,Rb2,Prec,Frac4Rise,Error,BFF
05550500,9.11676e+07,6026.1,100,323.023,0.15,0.028186,1,437.063,12780.4,0.906909,7137.87,-0.18108,-0.085171,-0.087878,112.542,0.05,0.467264,0.400881
