tmp.site,tmp.area,Lb,X1,Wb,POR,ALPHA,BETA,Ks,Kb,Kz,Qthresh,Rs,Rb1,Rb2,Prec,Frac4Rise,Error,BFF
05381000,1.9399e+09,12354.6,0.265786,1055.21,0.15,0.007148,1.4,3543.72,22.1833,1.65014,114989,-0.135199,-0.100605,-0.061123,3425.2,0.05,0.493164,0.217234
