tmp.site,tmp.area,Lb,X1,Wb,POR,ALPHA,BETA,Ks,Kb,Kz,Qthresh,Rs,Rb1,Rb2,Prec,Frac4Rise,Error,BFF
13094000,5.95438e+10,15456.6,100,39228.4,0.15,0.001349,1,4912.35,87.8004,0.973591,3.4986e+06,-0.026746,-0.030372,-0.029985,340073,0.05,0.283834,0.413955
