tmp.site,tmp.area,Lb,X1,Wb,POR,ALPHA,BETA,Ks,Kb,Kz,Qthresh,Rs,Rb1,Rb2,Prec,Frac4Rise,Error,BFF
11042900,2.33617e+08,5825.76,100,13.9842,0.15,0.002554,1,4220.94,178.977,0.877018,24.4657,-0.474917,-0.123753,-0.273138,24.4657,0.05,0.251782,0.000115
