tmp.site,tmp.area,Lb,X1,Wb,POR,ALPHA,BETA,Ks,Kb,Kz,Qthresh,Rs,Rb1,Rb2,Prec,Frac4Rise,Error,BFF
05292704,5.38718e+08,8203.25,100,422.529,0.15,0.016089,1,583.738,10348.1,1.03151,24465.7,-0.150773,-0.064236,-0.055459,24.4657,0.05,0.548766,0.258332
