tmp.site,tmp.area,Lb,X1,Wb,POR,ALPHA,BETA,Ks,Kb,Kz,Qthresh,Rs,Rb1,Rb2,Prec,Frac4Rise,Error,BFF
12413250,5.02458e+08,38632.9,562.425,796.006,0.15,0.009858,3.6,735.844,7985.71,0.878745,210405,-0.132263,-0.036149,-0.020302,11750.9,0.05,0.227982,0.58008
