tmp.site,tmp.area,Lb,X1,Wb,POR,ALPHA,BETA,Ks,Kb,Kz,Qthresh,Rs,Rb1,Rb2,Prec,Frac4Rise,Error,BFF
12021800,8.80596e+08,14021.4,521.25,2124.18,0.15,0.010382,1.1,3490.68,31609.4,0.517855,99820.1,-0.150482,-0.0651,-0.022559,8196.01,0.05,0.291808,0.38755
