tmp.site,tmp.area,Lb,X1,Wb,POR,ALPHA,BETA,Ks,Kb,Kz,Qthresh,Rs,Rb1,Rb2,Prec,Frac4Rise,Error,BFF
03505550,3.75548e+08,14301.6,100,1090.94,0.15,0.010058,1,258.442,12940.2,0.93377,697273,-0.039261,-0.035048,-0.063888,11089.3,0.05,0.499376,0.630009
