tmp.site,tmp.area,Lb,X1,Wb,POR,ALPHA,BETA,Ks,Kb,Kz,Qthresh,Rs,Rb1,Rb2,Prec,Frac4Rise,Error,BFF
01114000,5.98287e+07,21153.7,100,195.817,0.15,0.02338,1,306.8,16916.3,0.895598,20551.2,-0.359705,-0.056901,-0.056235,1149.89,0.05,0.336212,0.439323
