tmp.site,tmp.area,Lb,X1,Wb,POR,ALPHA,BETA,Ks,Kb,Kz,Qthresh,Rs,Rb1,Rb2,Prec,Frac4Rise,Error,BFF
01576381,3.31518e+07,10476.2,100,379.279,0.15,0.007558,1,176.295,3912.64,0.344087,14208.7,-0.396656,-0.027475,-0.014108,1245.18,0.05,0.196401,0.653397
