tmp.site,tmp.area,Lb,X1,Wb,POR,ALPHA,BETA,Ks,Kb,Kz,Qthresh,Rs,Rb1,Rb2,Prec,Frac4Rise,Error,BFF
02300017,3.62598e+07,5221.07,3.10205,221.559,0.15,0.012574,1.1,760.722,481.366,1.05865,4868.68,-0.201737,-0.159857,-0.123133,24.4657,0.05,1.08964,0.122261
