tmp.site,tmp.area,Lb,X1,Wb,POR,ALPHA,BETA,Ks,Kb,Kz,Qthresh,Rs,Rb1,Rb2,Prec,Frac4Rise,Error,BFF
06730160,4.66198e+06,9060.64,37.7188,40.8648,0.15,0.067728,1,126.21,1926.65,0.183622,807.369,-0.196285,-0.040075,-0.047716,24.4657,0.05,0.635441,0.202381
