tmp.site,tmp.area,Lb,X1,Wb,POR,ALPHA,BETA,Ks,Kb,Kz,Qthresh,Rs,Rb1,Rb2,Prec,Frac4Rise,Error,BFF
02448000,2.01242e+09,7994.93,100,1180.05,0.15,0.006723,1,2540.82,6925.2,1.74618,85630,-0.125377,-0.133997,-0.05221,9052.31,0.05,0.431418,0.141557
