tmp.site,tmp.area,Lb,X1,Wb,POR,ALPHA,BETA,Ks,Kb,Kz,Qthresh,Rs,Rb1,Rb2,Prec,Frac4Rise,Error,BFF
08032000,2.96554e+09,10002.9,100,2408.88,0.15,0.018817,1,2591.33,12027.4,0.996567,195726,-0.089663,-0.056145,-0.053015,1272.22,0.05,0.506922,0.479084
