tmp.site,tmp.area,Lb,X1,Wb,POR,ALPHA,BETA,Ks,Kb,Kz,Qthresh,Rs,Rb1,Rb2,Prec,Frac4Rise,Error,BFF
06035000,2.2248e+08,25201.6,21.3489,197.405,0.15,0.020892,0.9,73.2692,7041.27,1.05444,107160,-0.111572,-0.042533,-0.064206,538.246,0.05,0.458746,0.561833
