tmp.site,tmp.area,Lb,X1,Wb,POR,ALPHA,BETA,Ks,Kb,Kz,Qthresh,Rs,Rb1,Rb2,Prec,Frac4Rise,Error,BFF
01054500,5.35351e+09,7735.05,100,10925.6,0.15,0.004024,1,780.051,927.869,1.37702,5.38246e+06,-0.079532,-0.046203,-0.027077,308268,0.05,0.196218,0.567808
