tmp.site,tmp.area,Lb,X1,Wb,POR,ALPHA,BETA,Ks,Kb,Kz,Qthresh,Rs,Rb1,Rb2,Prec,Frac4Rise,Error,BFF
07206000,4.32528e+08,2678.25,100,30.7812,0.15,0.000298,1,61303.8,77.3161,1.0114,24955,-0.0126,-0.055387,-0.219883,24.4657,0.05,0.57521,9e-05
