tmp.site,tmp.area,Lb,X1,Wb,POR,ALPHA,BETA,Ks,Kb,Kz,Qthresh,Rs,Rb1,Rb2,Prec,Frac4Rise,Error,BFF
06293500,3.04194e+09,12789.4,158.438,1119.93,0.15,0.008484,0.9,437.44,17542.7,0.963473,472188,-0.092056,-0.035552,-0.044798,5627.11,0.05,0.50278,0.563173
