tmp.site,tmp.area,Lb,X1,Wb,POR,ALPHA,BETA,Ks,Kb,Kz,Qthresh,Rs,Rb1,Rb2,Prec,Frac4Rise,Error,BFF
05426067,9.29806e+07,14921.7,100,474.633,0.15,0.008289,1,145.005,4005.2,0.539396,22973.3,-0.083527,-0.025536,-0.017582,2201.91,0.05,0.190118,0.703676
