tmp.site,tmp.area,Lb,X1,Wb,POR,ALPHA,BETA,Ks,Kb,Kz,Qthresh,Rs,Rb1,Rb2,Prec,Frac4Rise,Error,BFF
03346000,8.23616e+08,14298.6,15.9142,624.172,0.15,0.007339,1.2,5020.92,4511.96,1.87386,23328.8,-0.299583,-0.141224,-0.092715,48.9314,0.05,0.590071,0.169957
