tmp.site,tmp.area,Lb,X1,Wb,POR,ALPHA,BETA,Ks,Kb,Kz,Qthresh,Rs,Rb1,Rb2,Prec,Frac4Rise,Error,BFF
05432500,7.07067e+08,37752.9,7483.49,695.728,0.15,0.005779,3.7,914.232,15496.6,0.694395,137008,-0.202733,-0.037824,-0.024541,9052.31,0.05,0.305679,0.463377
