tmp.site,tmp.area,Lb,X1,Wb,POR,ALPHA,BETA,Ks,Kb,Kz,Qthresh,Rs,Rb1,Rb2,Prec,Frac4Rise,Error,BFF
01034000,3.00957e+09,33267.2,2.65061,1841.37,0.15,0.010406,1.2,3025.85,599.488,1.56437,2.32669e+06,-0.093384,-0.055758,-0.044592,37921.9,0.05,0.356252,0.493618
