tmp.site,tmp.area,Lb,X1,Wb,POR,ALPHA,BETA,Ks,Kb,Kz,Qthresh,Rs,Rb1,Rb2,Prec,Frac4Rise,Error,BFF
01098500,4.53248e+07,8580.73,100,325.366,0.15,0.041947,1,171.405,12181.9,0.737469,18765.2,-0.11636,-0.048856,-0.100031,34.252,0.05,0.81933,0.574019
