tmp.site,tmp.area,Lb,X1,Wb,POR,ALPHA,BETA,Ks,Kb,Kz,Qthresh,Rs,Rb1,Rb2,Prec,Frac4Rise,Error,BFF
05468500,3.41878e+08,6011.6,262.894,759.504,0.15,0.01269,1,2569.23,11214.2,0.957188,21529.8,-0.220227,-0.062582,-0.058734,782.903,0.05,0.494044,0.304896
