tmp.site,tmp.area,Lb,X1,Wb,POR,ALPHA,BETA,Ks,Kb,Kz,Qthresh,Rs,Rb1,Rb2,Prec,Frac4Rise,Error,BFF
06785000,2.09142e+10,13202.1,100,2134.67,0.15,0.006965,1,2965.46,14451.1,0.913659,2.81356e+06,-0.109161,-0.031129,-0.062388,41268.8,0.05,0.374949,0.616641
