tmp.site,tmp.area,Lb,X1,Wb,POR,ALPHA,BETA,Ks,Kb,Kz,Qthresh,Rs,Rb1,Rb2,Prec,Frac4Rise,Error,BFF
01342682,4.71378e+07,13130.2,100,208.934,0.15,0.013254,1,302.247,13845.9,0.948637,11487.6,-0.277074,-0.083716,-0.04883,1223.29,0.05,0.333925,0.410405
