tmp.site,tmp.area,Lb,X1,Wb,POR,ALPHA,BETA,Ks,Kb,Kz,Qthresh,Rs,Rb1,Rb2,Prec,Frac4Rise,Error,BFF
01193500,2.58999e+08,12948.5,100,726.389,0.15,0.01947,1,1401.01,18784.5,0.96813,406131,-0.279808,-0.057864,-0.062553,1481.84,0.05,0.371788,0.459588
