tmp.site,tmp.area,Lb,X1,Wb,POR,ALPHA,BETA,Ks,Kb,Kz,Qthresh,Rs,Rb1,Rb2,Prec,Frac4Rise,Error,BFF
11119500,3.39288e+07,4656.63,0.196875,2.3164,0.15,0.099969,1,782.893,0.205937,1.26953,9541.63,-0.219122,-0.084197,-0.121547,24.4657,0.05,0.556945,0.000918
