tmp.site,tmp.area,Lb,X1,Wb,POR,ALPHA,BETA,Ks,Kb,Kz,Qthresh,Rs,Rb1,Rb2,Prec,Frac4Rise,Error,BFF
07157950,3.16108e+10,11460.2,100,500.833,0.15,0.018931,1,17725.1,14223,0.900402,235116,-0.171172,-0.070136,-0.156014,24.4657,0.05,31.7493,0.198357
