tmp.site,tmp.area,Lb,X1,Wb,POR,ALPHA,BETA,Ks,Kb,Kz,Qthresh,Rs,Rb1,Rb2,Prec,Frac4Rise,Error,BFF
11295340,3.15979e+07,147055,100,40.1056,0.15,0.014042,1,299.093,407.632,0.24867,1492.41,-0.091161,-0.014271,-0.045347,129.668,0.05,0.395032,0.543237
