tmp.site,tmp.area,Lb,X1,Wb,POR,ALPHA,BETA,Ks,Kb,Kz,Qthresh,Rs,Rb1,Rb2,Prec,Frac4Rise,Error,BFF
06187915,8.00306e+07,26476.6,100,286.069,0.15,0.018624,1,164.333,20953,0.611702,11009.6,-0.138394,-0.033154,-0.019657,220.191,0.05,0.355882,0.461728
