tmp.site,tmp.area,Lb,X1,Wb,POR,ALPHA,BETA,Ks,Kb,Kz,Qthresh,Rs,Rb1,Rb2,Prec,Frac4Rise,Error,BFF
03373610,5.56847e+07,7992.19,25.4854,442.029,0.15,0.019277,1.1,1218.32,3996.87,0.981666,1601.53,-0.377946,-0.110685,-0.083727,119.099,0.05,0.480841,0.295472
