tmp.site,tmp.area,Lb,X1,Wb,POR,ALPHA,BETA,Ks,Kb,Kz,Qthresh,Rs,Rb1,Rb2,Prec,Frac4Rise,Error,BFF
05530990,7.89946e+07,5736.09,100,246.426,0.15,0.034854,1,1511.69,13335,0.977695,11743.5,-0.315369,-0.087688,-0.133271,112.542,0.05,0.607278,0.265561
