tmp.site,tmp.area,Lb,X1,Wb,POR,ALPHA,BETA,Ks,Kb,Kz,Qthresh,Rs,Rb1,Rb2,Prec,Frac4Rise,Error,BFF
01596500,1.27168e+08,8215.47,0.22068,463.215,0.15,0.020338,1.2,850.258,30.2158,1.09497,3869.5,-0.179169,-0.085565,-0.061774,333.199,0.05,0.391344,0.409999
