tmp.site,tmp.area,Lb,X1,Wb,POR,ALPHA,BETA,Ks,Kb,Kz,Qthresh,Rs,Rb1,Rb2,Prec,Frac4Rise,Error,BFF
06127500,1.1743e+10,21047.8,100,1236.05,0.15,0.00909,1,2908.54,13315.7,0.987622,521120,-0.102801,-0.046376,-0.071875,24.4657,0.05,28.4533,0.458534
