tmp.site,tmp.area,Lb,X1,Wb,POR,ALPHA,BETA,Ks,Kb,Kz,Qthresh,Rs,Rb1,Rb2,Prec,Frac4Rise,Error,BFF
13171620,1.05672e+11,32725.2,100,28995.5,0.15,0.005356,1,455.482,10191,1.00937,1.61474e+07,-0.04397,-0.019622,-0.016494,1.08138e+06,0.05,0.199544,0.910237
