tmp.site,tmp.area,Lb,X1,Wb,POR,ALPHA,BETA,Ks,Kb,Kz,Qthresh,Rs,Rb1,Rb2,Prec,Frac4Rise,Error,BFF
08110430,2.51747e+08,4919.41,0.265524,342.266,0.15,0.01061,1,1972.38,35.7329,1.29886,41591.7,-0.286193,-0.156118,-0.19208,24.4657,0.05,4.42101,0.087514
