tmp.site,tmp.area,Lb,X1,Wb,POR,ALPHA,BETA,Ks,Kb,Kz,Qthresh,Rs,Rb1,Rb2,Prec,Frac4Rise,Error,BFF
02193500,7.56277e+08,8396.24,100,843.844,0.15,0.010683,1,3075.28,9204.45,0.923953,251997,-0.301329,-0.084575,-0.084621,29.3589,0.05,0.609294,0.282279
