tmp.site,tmp.area,Lb,X1,Wb,POR,ALPHA,BETA,Ks,Kb,Kz,Qthresh,Rs,Rb1,Rb2,Prec,Frac4Rise,Error,BFF
04232050,7.48507e+07,11939.5,100,218.756,0.15,0.010433,1,641.84,14210,0.943114,73397.1,-0.286944,-0.076947,-0.072126,929.697,0.05,0.376644,0.361055
