tmp.site,tmp.area,Lb,X1,Wb,POR,ALPHA,BETA,Ks,Kb,Kz,Qthresh,Rs,Rb1,Rb2,Prec,Frac4Rise,Error,BFF
12061500,5.87927e+08,7726.98,100,2485.12,0.15,0.011092,1,1746.03,1502.85,1.98615,428150,-0.173763,-0.062743,-0.012148,37677.2,0.05,0.285113,0.407905
