tmp.site,tmp.area,Lb,X1,Wb,POR,ALPHA,BETA,Ks,Kb,Kz,Qthresh,Rs,Rb1,Rb2,Prec,Frac4Rise,Error,BFF
06876070,1.43434e+10,18848.5,100,823.493,0.15,0.009036,1,1944.83,5961.98,0.962722,976182,-0.038535,-0.042094,-0.051541,3914.51,0.05,0.568614,0.179555
