tmp.site,tmp.area,Lb,X1,Wb,POR,ALPHA,BETA,Ks,Kb,Kz,Qthresh,Rs,Rb1,Rb2,Prec,Frac4Rise,Error,BFF
03282040,2.00206e+08,11788.8,45.1168,666.609,0.15,0.02206,1,1779.77,18291.2,1.22232,286249,-0.238044,-0.093624,-0.123063,24.4657,0.05,0.528226,0.346769
