tmp.site,tmp.area,Lb,X1,Wb,POR,ALPHA,BETA,Ks,Kb,Kz,Qthresh,Rs,Rb1,Rb2,Prec,Frac4Rise,Error,BFF
12172000,1.63687e+08,37642.7,191.849,695.095,0.15,0.010145,9.2,546.361,1482.36,0.068855,188631,-0.111178,-0.048334,-0.029666,19648.7,0.05,0.253679,0.556531
