tmp.site,tmp.area,Lb,X1,Wb,POR,ALPHA,BETA,Ks,Kb,Kz,Qthresh,Rs,Rb1,Rb2,Prec,Frac4Rise,Error,BFF
07130500,4.78992e+10,13043.2,100,1555.85,0.15,0.009023,1,528.481,19743.6,0.946796,2935.89,-0.036587,-0.055798,-0.166484,127.222,0.05,5.95393,0.543323
