tmp.site,tmp.area,Lb,X1,Wb,POR,ALPHA,BETA,Ks,Kb,Kz,Qthresh,Rs,Rb1,Rb2,Prec,Frac4Rise,Error,BFF
04101535,1.92436e+08,42519.6,100,375.512,0.15,0.010819,1,185.706,13748.3,0.893005,179089,-0.12213,-0.034073,-0.02304,8685.33,0.05,0.238964,0.643944
