tmp.site,tmp.area,Lb,X1,Wb,POR,ALPHA,BETA,Ks,Kb,Kz,Qthresh,Rs,Rb1,Rb2,Prec,Frac4Rise,Error,BFF
03108000,4.61018e+08,20172.7,0.630394,609.112,0.15,0.013762,1.3,1740.53,133.426,1.23304,31805.4,-0.268702,-0.07028,-0.0502,2299.78,0.05,0.36193,0.421953
