tmp.site,tmp.area,Lb,X1,Wb,POR,ALPHA,BETA,Ks,Kb,Kz,Qthresh,Rs,Rb1,Rb2,Prec,Frac4Rise,Error,BFF
01472000,2.97072e+09,38662.2,231.537,1999.54,0.15,0.008929,6.3,4440.57,2079.37,0.753891,900338,-0.180132,-0.050856,-0.031605,70950.6,0.05,0.273427,0.553727
