tmp.site,tmp.area,Lb,X1,Wb,POR,ALPHA,BETA,Ks,Kb,Kz,Qthresh,Rs,Rb1,Rb2,Prec,Frac4Rise,Error,BFF
02087500,2.97849e+09,19899.4,0.128489,1071.95,0.15,0.007439,1.2,2438.43,15.0786,0.382347,782903,-0.118851,-0.080843,-0.0658,23215.5,0.05,0.354636,0.330162
