tmp.site,tmp.area,Lb,X1,Wb,POR,ALPHA,BETA,Ks,Kb,Kz,Qthresh,Rs,Rb1,Rb2,Prec,Frac4Rise,Error,BFF
06925250,3.23749e+08,5975.71,100,649.491,0.15,0.012564,1,1798.97,14454.5,0.916848,6361.09,-0.219852,-0.106175,-0.093717,30.1662,0.05,0.55364,0.238287
