tmp.site,tmp.area,Lb,X1,Wb,POR,ALPHA,BETA,Ks,Kb,Kz,Qthresh,Rs,Rb1,Rb2,Prec,Frac4Rise,Error,BFF
01350080,8.39156e+07,16619.8,100,306.976,0.15,0.018042,1,439.42,25599.1,0.914088,5627.11,-0.286495,-0.071317,-0.036683,440.383,0.05,0.376031,0.467058
