tmp.site,tmp.area,Lb,X1,Wb,POR,ALPHA,BETA,Ks,Kb,Kz,Qthresh,Rs,Rb1,Rb2,Prec,Frac4Rise,Error,BFF
08031000,2.15746e+08,4424.98,100,1168.26,0.15,0.019122,1,915.873,26056.3,0.975388,244.657,-0.115287,-0.148574,-0.187651,24.4657,0.05,3.66485,0.530103
