tmp.site,tmp.area,Lb,X1,Wb,POR,ALPHA,BETA,Ks,Kb,Kz,Qthresh,Rs,Rb1,Rb2,Prec,Frac4Rise,Error,BFF
03425622,1.44521e+08,5846.32,100,788.39,0.15,0.013214,1,3132.28,19606.3,0.947489,978.629,-0.305825,-0.12891,-0.1081,97.8629,0.05,0.507576,0.302404
