tmp.site,tmp.area,Lb,X1,Wb,POR,ALPHA,BETA,Ks,Kb,Kz,Qthresh,Rs,Rb1,Rb2,Prec,Frac4Rise,Error,BFF
02309848,4.42888e+07,45.5492,0.095646,32813.5,0.15,0,1,3.1e-05,0.00305,0.943635,12697.7,-0.137682,-0.08746,-0.160493,24.4657,0.05,0.793513,0.000631
