tmp.site,tmp.area,Lb,X1,Wb,POR,ALPHA,BETA,Ks,Kb,Kz,Qthresh,Rs,Rb1,Rb2,Prec,Frac4Rise,Error,BFF
09272400,8.0445e+10,42574.6,11389.6,4486.26,0.15,0.006538,7.1,7797.61,120.416,1.09783,3.4986e+06,-0.042749,-0.028585,-0.018712,273551,0.05,0.332205,0.373558
