tmp.site,tmp.area,Lb,X1,Wb,POR,ALPHA,BETA,Ks,Kb,Kz,Qthresh,Rs,Rb1,Rb2,Prec,Frac4Rise,Error,BFF
03115644,2.57704e+08,18679.2,70.9566,662.268,0.15,0.017856,1,2192.2,32122.2,1.14564,25933.7,-0.288777,-0.082652,-0.101133,205.879,0.05,0.464935,0.35729
