tmp.site,tmp.area,Lb,X1,Wb,POR,ALPHA,BETA,Ks,Kb,Kz,Qthresh,Rs,Rb1,Rb2,Prec,Frac4Rise,Error,BFF
10140100,8.36566e+08,3808.83,61.3031,594.151,0.15,0.004304,1,329.18,425.261,0.951609,34252,-0.03126,-0.062839,-0.053458,1355.4,0.05,0.44546,0.118439
