tmp.site,tmp.area,Lb,X1,Wb,POR,ALPHA,BETA,Ks,Kb,Kz,Qthresh,Rs,Rb1,Rb2,Prec,Frac4Rise,Error,BFF
08106350,1.80237e+10,26511.4,29.2034,650.78,0.15,0.007465,0.9,924.347,4892.81,1.45989,584731,-0.056051,-0.041534,-0.064928,9296.97,0.05,0.365726,0.483898
