tmp.site,tmp.area,Lb,X1,Wb,POR,ALPHA,BETA,Ks,Kb,Kz,Qthresh,Rs,Rb1,Rb2,Prec,Frac4Rise,Error,BFF
09400350,4.19371e+10,31137,100,237.882,0.15,0.001127,1,3075.58,4369.93,1.00063,8954.94,-0.111572,-0.112212,-0.135849,538.246,0.05,0.507162,0.02432
