tmp.site,tmp.area,Lb,X1,Wb,POR,ALPHA,BETA,Ks,Kb,Kz,Qthresh,Rs,Rb1,Rb2,Prec,Frac4Rise,Error,BFF
02157000,1.14995e+08,24731.3,921.294,270.928,0.15,0.015379,6.6,254.11,6494.62,0.34831,80736.9,-0.30952,-0.050263,-0.033625,2691.23,0.05,0.294215,0.51588
