tmp.site,tmp.area,Lb,X1,Wb,POR,ALPHA,BETA,Ks,Kb,Kz,Qthresh,Rs,Rb1,Rb2,Prec,Frac4Rise,Error,BFF
09386030,2.60812e+09,5538.68,0.777342,9.58728,0.15,0.003401,0.9,55848.4,0.706474,0.545188,10275.6,-0.134132,-0.069539,-0.145484,24.4657,0.05,0.682644,0.054128
