tmp.site,tmp.area,Lb,X1,Wb,POR,ALPHA,BETA,Ks,Kb,Kz,Qthresh,Rs,Rb1,Rb2,Prec,Frac4Rise,Error,BFF
09379025,1.655e+09,1170.31,0.079496,23.0437,0.15,0.002196,1.1,98288.8,0.128249,1.51236,35230.6,-0.274494,-0.077863,-0.171386,24.4657,0.05,1.40588,0.006245
