tmp.site,tmp.area,Lb,X1,Wb,POR,ALPHA,BETA,Ks,Kb,Kz,Qthresh,Rs,Rb1,Rb2,Prec,Frac4Rise,Error,BFF
01615000,1.50737e+08,27610.2,35.4168,221.003,0.15,0.011277,1.8,811.098,4349.65,0.949082,24465.7,-0.326251,-0.086033,-0.056146,562.711,0.05,0.378214,0.311522
