tmp.site,tmp.area,Lb,X1,Wb,POR,ALPHA,BETA,Ks,Kb,Kz,Qthresh,Rs,Rb1,Rb2,Prec,Frac4Rise,Error,BFF
04096405,5.33538e+08,44582.1,100,446.975,0.15,0.014369,1,73.325,24316,0.937172,82694.1,-0.038285,-0.027131,-0.025078,5382.46,0.05,0.279956,0.616976
