tmp.site,tmp.area,Lb,X1,Wb,POR,ALPHA,BETA,Ks,Kb,Kz,Qthresh,Rs,Rb1,Rb2,Prec,Frac4Rise,Error,BFF
14359000,5.31725e+09,12450.8,100,6158.45,0.15,0.005926,1,1780.89,1019.5,0.876827,2.01597e+06,-0.084451,-0.032703,-0.012881,209671,0.05,0.265414,0.554245
