tmp.site,tmp.area,Lb,X1,Wb,POR,ALPHA,BETA,Ks,Kb,Kz,Qthresh,Rs,Rb1,Rb2,Prec,Frac4Rise,Error,BFF
04242640,1.04377e+09,19189.1,58.0816,1378.28,0.15,0.011044,1.2,3117.92,7392.44,1.43253,518159,-0.207564,-0.06024,-0.048568,42394.2,0.05,0.342627,0.483445
