tmp.site,tmp.area,Lb,X1,Wb,POR,ALPHA,BETA,Ks,Kb,Kz,Qthresh,Rs,Rb1,Rb2,Prec,Frac4Rise,Error,BFF
04234000,3.26339e+08,19231.2,6.40605,675.059,0.15,0.012489,1.5,1988.2,890.989,0.255133,29358.9,-0.275464,-0.067473,-0.044612,2691.23,0.05,0.327134,0.457982
