tmp.site,tmp.area,Lb,X1,Wb,POR,ALPHA,BETA,Ks,Kb,Kz,Qthresh,Rs,Rb1,Rb2,Prec,Frac4Rise,Error,BFF
12113350,1.13959e+09,16022.8,100,1859.56,0.15,0.008159,1,675.738,6337.85,1.16142,709506,-0.058554,-0.047323,-0.020146,61164.3,0.05,0.283954,0.512681
