tmp.site,tmp.area,Lb,X1,Wb,POR,ALPHA,BETA,Ks,Kb,Kz,Qthresh,Rs,Rb1,Rb2,Prec,Frac4Rise,Error,BFF
05058000,1.93472e+10,5585.91,79.1032,1663.29,0.15,0.009589,0.9,556.75,753.123,0.91904,628769,-0.010656,-0.046718,-0.067664,513.78,0.05,3.04683,0.25045
