tmp.site,tmp.area,Lb,X1,Wb,POR,ALPHA,BETA,Ks,Kb,Kz,Qthresh,Rs,Rb1,Rb2,Prec,Frac4Rise,Error,BFF
07156900,2.19786e+10,3.90205e+06,4.86875,253.611,0.15,0.045662,0.8,18772.7,415.616,1.28737,47708.1,-0.111572,-0.027493,-0.01829,2335.99,0.05,0.306752,0.553883
