tmp.site,tmp.area,Lb,X1,Wb,POR,ALPHA,BETA,Ks,Kb,Kz,Qthresh,Rs,Rb1,Rb2,Prec,Frac4Rise,Error,BFF
02487500,1.10074e+09,14839.8,6058.59,1148.51,0.15,0.009919,4.7,4257.39,21728.9,0.89604,63610.9,-0.16095,-0.142385,-0.062798,4893.14,0.05,0.413865,0.181447
