tmp.site,tmp.area,Lb,X1,Wb,POR,ALPHA,BETA,Ks,Kb,Kz,Qthresh,Rs,Rb1,Rb2,Prec,Frac4Rise,Error,BFF
01447680,5.17998e+07,18297.8,100,290.214,0.15,0.021091,1,337.587,11688.4,0.701102,14924.1,-0.168236,-0.04581,-0.038637,1049.68,0.05,0.299418,0.514038
