tmp.site,tmp.area,Lb,X1,Wb,POR,ALPHA,BETA,Ks,Kb,Kz,Qthresh,Rs,Rb1,Rb2,Prec,Frac4Rise,Error,BFF
07263296,1.89069e+08,4104.91,100,655.487,0.15,0.019638,1,1550.03,13397.1,0.952067,177621,-0.224388,-0.125007,-0.133382,24.4657,0.05,0.829279,0.232158
