tmp.site,tmp.area,Lb,X1,Wb,POR,ALPHA,BETA,Ks,Kb,Kz,Qthresh,Rs,Rb1,Rb2,Prec,Frac4Rise,Error,BFF
02469800,4.24758e+08,22154.3,81.8278,768.156,0.15,0.011486,1.5,3558.42,17122.2,0.933691,14948.6,-0.346574,-0.092955,-0.05235,1606.08,0.05,0.373931,0.352464
