tmp.site,tmp.area,Lb,X1,Wb,POR,ALPHA,BETA,Ks,Kb,Kz,Qthresh,Rs,Rb1,Rb2,Prec,Frac4Rise,Error,BFF
05567500,1.98652e+09,15504.3,3.27376,1560.59,0.15,0.012862,1.1,4167.83,707.191,1.11042,47708.1,-0.179044,-0.068955,-0.05756,562.711,0.05,0.465676,0.435659
