tmp.site,tmp.area,Lb,X1,Wb,POR,ALPHA,BETA,Ks,Kb,Kz,Qthresh,Rs,Rb1,Rb2,Prec,Frac4Rise,Error,BFF
02031000,2.46826e+08,9224.3,100,673.928,0.15,0.013536,1,1210.12,9750.28,0.971831,97862.9,-0.306333,-0.054394,-0.051579,984.378,0.05,0.373463,0.43753
