tmp.site,tmp.area,Lb,X1,Wb,POR,ALPHA,BETA,Ks,Kb,Kz,Qthresh,Rs,Rb1,Rb2,Prec,Frac4Rise,Error,BFF
12413210,4.71378e+08,16735.5,100,763.981,0.15,0.012887,1,75.8953,7770.89,0.886186,136274,-0.085997,-0.031703,-0.016369,12966.8,0.05,0.279345,0.525527
