tmp.site,tmp.area,Lb,X1,Wb,POR,ALPHA,BETA,Ks,Kb,Kz,Qthresh,Rs,Rb1,Rb2,Prec,Frac4Rise,Error,BFF
06933500,7.35557e+09,11405.5,960.622,5827.01,0.15,0.006693,1.5,5026.04,5853.75,12.3741,1.0349e+06,-0.101653,-0.071658,-0.018693,88321.2,0.05,0.308083,0.371422
