tmp.site,tmp.area,Lb,X1,Wb,POR,ALPHA,BETA,Ks,Kb,Kz,Qthresh,Rs,Rb1,Rb2,Prec,Frac4Rise,Error,BFF
11413000,6.47497e+08,19250.5,100,1266.73,0.15,0.009725,1,1386.8,7533.58,0.896215,234137,-0.138108,-0.036252,-0.010567,19083.3,0.05,0.378768,0.436718
