tmp.site,tmp.area,Lb,X1,Wb,POR,ALPHA,BETA,Ks,Kb,Kz,Qthresh,Rs,Rb1,Rb2,Prec,Frac4Rise,Error,BFF
07216500,6.91527e+08,49062.1,54.9182,148.015,0.15,0.030335,0.9,786.621,5076.46,1.0627,19572.6,-0.143841,-0.050756,-0.065048,97.8629,0.05,1.18134,0.220902
