tmp.site,tmp.area,Lb,X1,Wb,POR,ALPHA,BETA,Ks,Kb,Kz,Qthresh,Rs,Rb1,Rb2,Prec,Frac4Rise,Error,BFF
08192000,4.81997e+09,11363.9,376.395,1853.31,0.15,0.02728,1.1,2797.81,2449.62,0.398219,95416.3,-0.186976,-0.025299,-0.020716,24.4657,0.05,55.7575,0.187122
