tmp.site,tmp.area,Lb,X1,Wb,POR,ALPHA,BETA,Ks,Kb,Kz,Qthresh,Rs,Rb1,Rb2,Prec,Frac4Rise,Error,BFF
07332500,1.23542e+09,7472.64,100,930.397,0.15,0.007594,1,4014.88,3658.53,0.987117,137008,-0.24935,-0.097028,-0.068274,768.615,0.05,0.489292,0.179478
