tmp.site,tmp.area,Lb,X1,Wb,POR,ALPHA,BETA,Ks,Kb,Kz,Qthresh,Rs,Rb1,Rb2,Prec,Frac4Rise,Error,BFF
10349770,2.97849e+07,32765.3,100,36.566,0.15,0.019121,1,300.005,2588.94,0.479429,3278.41,-0.121411,-0.037764,-0.058674,73.3971,0.05,0.590147,0.249089
