tmp.site,tmp.area,Lb,X1,Wb,POR,ALPHA,BETA,Ks,Kb,Kz,Qthresh,Rs,Rb1,Rb2,Prec,Frac4Rise,Error,BFF
09179450,1.07381e+10,31827.8,66.0493,1076.71,0.15,0.009269,0.9,2191.5,21054.4,1.08709,352306,-0.087751,-0.0392,-0.059374,3790.23,0.05,0.476707,0.453683
