tmp.site,tmp.area,Lb,X1,Wb,POR,ALPHA,BETA,Ks,Kb,Kz,Qthresh,Rs,Rb1,Rb2,Prec,Frac4Rise,Error,BFF
01502731,4.71378e+09,34529.4,68.5723,2933.39,0.15,0.010888,1.7,6047.1,10281,1.74205,949270,-0.195368,-0.055139,-0.03549,76333,0.05,0.31263,0.583758
