tmp.site,tmp.area,Lb,X1,Wb,POR,ALPHA,BETA,Ks,Kb,Kz,Qthresh,Rs,Rb1,Rb2,Prec,Frac4Rise,Error,BFF
01516350,3.96268e+08,8190.38,100,914.636,0.15,0.01117,1,1725.75,10871.8,0.989059,26912.3,-0.269498,-0.074345,-0.033208,2691.23,0.05,0.339873,0.424605
