tmp.site,tmp.area,Lb,X1,Wb,POR,ALPHA,BETA,Ks,Kb,Kz,Qthresh,Rs,Rb1,Rb2,Prec,Frac4Rise,Error,BFF
01644000,8.59876e+08,13818.2,100,1110.06,0.15,0.01695,1,2612.36,19213.7,0.924348,4884.58,-0.279352,-0.060789,-0.071528,587.177,0.05,0.464966,0.422438
