tmp.site,tmp.area,Lb,X1,Wb,POR,ALPHA,BETA,Ks,Kb,Kz,Qthresh,Rs,Rb1,Rb2,Prec,Frac4Rise,Error,BFF
07338750,8.33976e+08,25148.4,37.4908,924.733,0.15,0.009003,1.1,4064.68,27416.9,2.32551,7290.78,-0.224497,-0.112827,-0.081796,297.332,0.05,0.472436,0.309016
