tmp.site,tmp.area,Lb,X1,Wb,POR,ALPHA,BETA,Ks,Kb,Kz,Qthresh,Rs,Rb1,Rb2,Prec,Frac4Rise,Error,BFF
09217900,3.26339e+08,10626.9,1241.15,1094.86,0.15,0.034303,1.5,253.793,19842.4,0.290709,95416.3,-0.135266,-0.030189,-0.018018,2201.91,0.05,0.332311,0.496566
