tmp.site,tmp.area,Lb,X1,Wb,POR,ALPHA,BETA,Ks,Kb,Kz,Qthresh,Rs,Rb1,Rb2,Prec,Frac4Rise,Error,BFF
05540250,1.96321e+08,30829.6,156.633,385.495,0.15,0.006231,1.7,779.242,17361.7,0.331892,97862.9,-0.227534,-0.072018,-0.056915,6777,0.05,0.309052,0.456084
