tmp.site,tmp.area,Lb,X1,Wb,POR,ALPHA,BETA,Ks,Kb,Kz,Qthresh,Rs,Rb1,Rb2,Prec,Frac4Rise,Error,BFF
12433100,2.5874e+08,40975.4,80.1947,171.646,0.15,0.022079,1,686.759,20844.3,0.903764,21843,-0.153795,-0.049999,-0.052765,24.4657,0.05,2.71528,0.214996
