tmp.site,tmp.area,Lb,X1,Wb,POR,ALPHA,BETA,Ks,Kb,Kz,Qthresh,Rs,Rb1,Rb2,Prec,Frac4Rise,Error,BFF
10309050,2.62625e+07,58098,100,22.5136,0.15,0.020108,1,252.867,3841.37,0.443615,2201.91,-0.119673,-0.034347,-0.030425,24.4657,0.05,0.672848,0.179513
