tmp.site,tmp.area,Lb,X1,Wb,POR,ALPHA,BETA,Ks,Kb,Kz,Qthresh,Rs,Rb1,Rb2,Prec,Frac4Rise,Error,BFF
04161000,3.18569e+08,17142.5,100,548.088,0.15,0.025061,1,279.126,13792.1,0.935656,47218.8,-0.111572,-0.031929,-0.061761,3180.54,0.05,0.361096,0.647995
