tmp.site,tmp.area,Lb,X1,Wb,POR,ALPHA,BETA,Ks,Kb,Kz,Qthresh,Rs,Rb1,Rb2,Prec,Frac4Rise,Error,BFF
07287405,4.61018e+08,6763.08,100,985.653,0.15,0.005818,1,1102.53,3930.63,0.945305,80736.9,-0.45141,-0.143995,-0.015283,7584.37,0.05,0.27685,0.247992
