tmp.site,tmp.area,Lb,X1,Wb,POR,ALPHA,BETA,Ks,Kb,Kz,Qthresh,Rs,Rb1,Rb2,Prec,Frac4Rise,Error,BFF
07364200,3.07432e+09,21426.1,124.689,7566.47,0.15,0.04672,0.9,1315.17,20421.4,0.985188,163832,-0.05268,-0.031522,-0.071264,2935.89,0.05,0.794196,0.512681
