tmp.site,tmp.area,Lb,X1,Wb,POR,ALPHA,BETA,Ks,Kb,Kz,Qthresh,Rs,Rb1,Rb2,Prec,Frac4Rise,Error,BFF
03249500,2.14192e+09,6238.95,100,1641.99,0.15,0.008336,1,233.536,11192.1,1.21017,621429,-0.011386,-0.096909,-0.088105,1957.26,0.05,0.643597,0.271617
