tmp.site,tmp.area,Lb,X1,Wb,POR,ALPHA,BETA,Ks,Kb,Kz,Qthresh,Rs,Rb1,Rb2,Prec,Frac4Rise,Error,BFF
05317000,3.36698e+09,30574.4,44.4824,936.579,0.15,0.010018,1.1,1887.35,8338.74,0.942614,141901,-0.093064,-0.051427,-0.039749,807.369,0.05,0.559019,0.339844
