tmp.site,tmp.area,Lb,X1,Wb,POR,ALPHA,BETA,Ks,Kb,Kz,Qthresh,Rs,Rb1,Rb2,Prec,Frac4Rise,Error,BFF
09486350,6.60447e+08,267.305,23.8184,35.6352,0.15,0.025578,1,3604.29,0.61242,64681.7,24.4657,-1.15129,-0.002,-0.001,24.4657,0.05,0.17459,8.8e-05
