tmp.site,tmp.area,Lb,X1,Wb,POR,ALPHA,BETA,Ks,Kb,Kz,Qthresh,Rs,Rb1,Rb2,Prec,Frac4Rise,Error,BFF
09038500,5.95697e+08,74520.5,13.9376,329.332,0.15,0.016979,0.9,58.4605,1684.71,0.952079,318054,-0.005864,-0.030325,-0.066116,2030.65,0.05,0.90814,0.44607
