tmp.site,tmp.area,Lb,X1,Wb,POR,ALPHA,BETA,Ks,Kb,Kz,Qthresh,Rs,Rb1,Rb2,Prec,Frac4Rise,Error,BFF
06711515,3.67778e+06,1083.19,158.423,77.0705,0.15,0.01384,1,141.84,2179.41,0.236018,1565.81,-0.346574,-0.12936,-0.102673,24.4657,0.05,0.394773,0.175024
