tmp.site,tmp.area,Lb,X1,Wb,POR,ALPHA,BETA,Ks,Kb,Kz,Qthresh,Rs,Rb1,Rb2,Prec,Frac4Rise,Error,BFF
09498500,1.11525e+10,20910.3,98.5899,1580.39,0.15,0.007809,3.2,1939.91,805.706,1.3373,545585,-0.092764,-0.045331,-0.02495,19827,0.05,0.365128,0.4207
