tmp.site,tmp.area,Lb,X1,Wb,POR,ALPHA,BETA,Ks,Kb,Kz,Qthresh,Rs,Rb1,Rb2,Prec,Frac4Rise,Error,BFF
05061000,8.41746e+08,54899,100,277.443,0.15,0.010637,1,814.537,3764.21,0.889133,24465.7,-0.091161,-0.038579,-0.019692,2299.78,0.05,0.434751,0.260854
