tmp.site,tmp.area,Lb,X1,Wb,POR,ALPHA,BETA,Ks,Kb,Kz,Qthresh,Rs,Rb1,Rb2,Prec,Frac4Rise,Error,BFF
01384000,1.04636e+08,16441.2,100,471.531,0.15,0.014806,1,466.079,31720,0.947111,17370.7,-0.123362,-0.061421,-0.054858,807.369,0.05,0.355543,0.552752
