tmp.site,tmp.area,Lb,X1,Wb,POR,ALPHA,BETA,Ks,Kb,Kz,Qthresh,Rs,Rb1,Rb2,Prec,Frac4Rise,Error,BFF
06610750,8.28796e+07,107235,73.5554,60.8209,0.15,0.023085,0.9,654.543,19340.6,1.03947,9541.63,-0.202733,-0.048056,-0.072916,73.3971,0.05,0.777968,0.234529
