tmp.site,tmp.area,Lb,X1,Wb,POR,ALPHA,BETA,Ks,Kb,Kz,Qthresh,Rs,Rb1,Rb2,Prec,Frac4Rise,Error,BFF
11129800,8.49516e+07,9121.41,100,8.4341,0.15,0.006904,1,6658.47,49.1092,0.489794,1223.29,-0.346574,-0.115077,-0.1305,24.4657,0.05,0.296211,0.000568
