tmp.site,tmp.area,Lb,X1,Wb,POR,ALPHA,BETA,Ks,Kb,Kz,Qthresh,Rs,Rb1,Rb2,Prec,Frac4Rise,Error,BFF
04073468,1.38564e+08,54206.4,33.9173,198.269,0.15,0.021033,0.9,1137.83,2697.92,1.21403,80247.5,-0.131182,-0.048915,-0.062052,660.574,0.05,0.702221,0.225061
