tmp.site,tmp.area,Lb,X1,Wb,POR,ALPHA,BETA,Ks,Kb,Kz,Qthresh,Rs,Rb1,Rb2,Prec,Frac4Rise,Error,BFF
09260000,1.0448e+10,16691.9,100,1358.46,0.15,0.007097,1,1682.09,5641.83,0.973018,501547,-0.134538,-0.045046,-0.093913,24.4657,0.05,355.406,0.351723
