tmp.site,tmp.area,Lb,X1,Wb,POR,ALPHA,BETA,Ks,Kb,Kz,Qthresh,Rs,Rb1,Rb2,Prec,Frac4Rise,Error,BFF
12155300,3.28928e+08,11041.8,100,1053.27,0.15,0.009258,1,2925.99,5186.93,0.943678,111319,-0.242952,-0.064993,-0.028481,10838.3,0.05,0.340838,0.383159
