tmp.site,tmp.area,Lb,X1,Wb,POR,ALPHA,BETA,Ks,Kb,Kz,Qthresh,Rs,Rb1,Rb2,Prec,Frac4Rise,Error,BFF
02209000,6.31957e+08,10418.9,100,883.186,0.15,0.013738,1,2076.01,8985.05,0.881104,89696.2,-0.153962,-0.062308,-0.052148,4657.78,0.05,0.37662,0.39894
