tmp.site,tmp.area,Lb,X1,Wb,POR,ALPHA,BETA,Ks,Kb,Kz,Qthresh,Rs,Rb1,Rb2,Prec,Frac4Rise,Error,BFF
04167000,2.5874e+08,12240,100,388.975,0.15,0.012926,1,1155.74,10159.1,0.935993,59207,-0.255413,-0.074538,-0.058839,1516.87,0.05,0.38504,0.366108
