tmp.site,tmp.area,Lb,X1,Wb,POR,ALPHA,BETA,Ks,Kb,Kz,Qthresh,Rs,Rb1,Rb2,Prec,Frac4Rise,Error,BFF
03075070,1.38305e+10,2187.73,100,16557.7,0.15,0.012394,1,15851.8,13211.1,3.36643,2.69123e+06,-0.167244,-0.06908,-0.086798,141539,0.05,0.319427,0.594694
