tmp.site,tmp.area,Lb,X1,Wb,POR,ALPHA,BETA,Ks,Kb,Kz,Qthresh,Rs,Rb1,Rb2,Prec,Frac4Rise,Error,BFF
02480500,2.39315e+08,13161.8,261.188,429.975,0.15,0.008124,1.2,3008.78,32649.7,0.149143,23487.1,-0.279808,-0.133946,-0.07911,856.3,0.05,0.465648,0.166701
