tmp.site,tmp.area,Lb,X1,Wb,POR,ALPHA,BETA,Ks,Kb,Kz,Qthresh,Rs,Rb1,Rb2,Prec,Frac4Rise,Error,BFF
12323750,1.22506e+09,116067,100,213.222,0.15,0.016398,1,292.767,1863.95,0.997382,191508,-0.050523,-0.027754,-0.024355,4760.29,0.05,0.369671,0.43101
