tmp.site,tmp.area,Lb,X1,Wb,POR,ALPHA,BETA,Ks,Kb,Kz,Qthresh,Rs,Rb1,Rb2,Prec,Frac4Rise,Error,BFF
08116400,2.24034e+07,2899.61,100,151.279,0.15,0.031881,1,389.492,28014.2,0.532143,66546.7,-0.084162,-0.058856,-0.311155,24.4657,0.05,3.1274,0.175783
