tmp.site,tmp.area,Lb,X1,Wb,POR,ALPHA,BETA,Ks,Kb,Kz,Qthresh,Rs,Rb1,Rb2,Prec,Frac4Rise,Error,BFF
08189700,6.39727e+08,25997.7,100,131.094,0.15,0.012975,1,1695.46,1397.02,0.959382,17370.7,-0.202733,-0.116083,-0.09518,24.4657,0.05,5.91715,0.073968
