tmp.site,tmp.area,Lb,X1,Wb,POR,ALPHA,BETA,Ks,Kb,Kz,Qthresh,Rs,Rb1,Rb2,Prec,Frac4Rise,Error,BFF
10317460,5.23178e+07,12707.2,100,8.58047,0.15,0.002264,1,874.019,645.515,0.551763,1748.81,-0.20387,-0.056267,-0.080234,48.9314,0.05,0.35188,0.000561
