tmp.site,tmp.area,Lb,X1,Wb,POR,ALPHA,BETA,Ks,Kb,Kz,Qthresh,Rs,Rb1,Rb2,Prec,Frac4Rise,Error,BFF
05541710,4.45478e+08,16713.2,56.9614,584.782,0.15,0.012936,1.1,1992.85,16297.8,1.00289,10153.3,-0.218095,-0.100781,-0.078395,415.917,0.05,0.46136,0.328995
