tmp.site,tmp.area,Lb,X1,Wb,POR,ALPHA,BETA,Ks,Kb,Kz,Qthresh,Rs,Rb1,Rb2,Prec,Frac4Rise,Error,BFF
09064000,9.22036e+07,46595.4,100,79.2997,0.15,0.011748,1,147.089,7661.02,0.950425,7339.71,-0.101399,-0.045684,-0.015966,636.109,0.05,0.434321,0.195594
