tmp.site,tmp.area,Lb,X1,Wb,POR,ALPHA,BETA,Ks,Kb,Kz,Qthresh,Rs,Rb1,Rb2,Prec,Frac4Rise,Error,BFF
07094500,6.36878e+09,9930.47,55.3594,3473.25,0.15,0.007342,1,2120.91,112.475,0.509996,968842,-0.039113,-0.0266,-0.022831,58962.4,0.05,0.279051,0.396051
