tmp.site,tmp.area,Lb,X1,Wb,POR,ALPHA,BETA,Ks,Kb,Kz,Qthresh,Rs,Rb1,Rb2,Prec,Frac4Rise,Error,BFF
10023000,1.35715e+08,48014.9,68.1605,390.363,0.15,0.018628,0.9,237.345,2764.43,0.274046,24465.7,-0.107756,-0.012319,-0.015413,318.054,0.05,0.364833,0.574033
