tmp.site,tmp.area,Lb,X1,Wb,POR,ALPHA,BETA,Ks,Kb,Kz,Qthresh,Rs,Rb1,Rb2,Prec,Frac4Rise,Error,BFF
04069500,2.79719e+09,21913.6,0.380073,1590.62,0.15,0.008807,1,751.086,102.462,1.35338,1.83493e+06,-0.082258,-0.041319,-0.042671,53824.6,0.05,0.225021,0.718762
