tmp.site,tmp.area,Lb,X1,Wb,POR,ALPHA,BETA,Ks,Kb,Kz,Qthresh,Rs,Rb1,Rb2,Prec,Frac4Rise,Error,BFF
01593500,9.84195e+07,8182.69,269.099,309.736,0.15,0.015279,1.1,586.668,14215.8,0.119107,9786.29,-0.44258,-0.070534,-0.059382,1076.49,0.05,0.359137,0.354083
