tmp.site,tmp.area,Lb,X1,Wb,POR,ALPHA,BETA,Ks,Kb,Kz,Qthresh,Rs,Rb1,Rb2,Prec,Frac4Rise,Error,BFF
12389000,5.17065e+10,58979,64.3475,17134.2,0.15,0.005861,2.5,654.555,1040.41,0.940692,1.11319e+07,-0.041866,-0.020191,-0.015131,1.15478e+06,0.05,0.298329,0.813456
