tmp.site,tmp.area,Lb,X1,Wb,POR,ALPHA,BETA,Ks,Kb,Kz,Qthresh,Rs,Rb1,Rb2,Prec,Frac4Rise,Error,BFF
12500450,9.01057e+09,102965,86.7922,1955.74,0.15,0.005442,1.4,1475.69,4922.2,1.05068,8.70979e+06,-0.058892,-0.02864,-0.024054,203310,0.05,0.288501,0.585163
