tmp.site,tmp.area,Lb,X1,Wb,POR,ALPHA,BETA,Ks,Kb,Kz,Qthresh,Rs,Rb1,Rb2,Prec,Frac4Rise,Error,BFF
01192704,1.24578e+08,12154.9,100,419.847,0.15,0.017644,1,1322.81,7624.87,1.03282,48931.4,-0.42386,-0.087693,-0.054149,2055.12,0.05,0.375293,0.318966
