tmp.site,tmp.area,Lb,X1,Wb,POR,ALPHA,BETA,Ks,Kb,Kz,Qthresh,Rs,Rb1,Rb2,Prec,Frac4Rise,Error,BFF
05063398,4.92098e+08,4637.85,190.125,493.297,0.15,0.007326,1.1,751.423,1974.01,0.8612,12135,-0.096471,-0.076313,-0.054027,239.764,0.05,0.718295,0.155744
