tmp.site,tmp.area,Lb,X1,Wb,POR,ALPHA,BETA,Ks,Kb,Kz,Qthresh,Rs,Rb1,Rb2,Prec,Frac4Rise,Error,BFF
12462500,3.36957e+09,29942.3,16.9577,2794.71,0.15,0.009612,2.4,1910.11,352.328,1.02953,802475,-0.066705,-0.034024,-0.021296,86119.3,0.05,0.265645,0.622759
