tmp.site,tmp.area,Lb,X1,Wb,POR,ALPHA,BETA,Ks,Kb,Kz,Qthresh,Rs,Rb1,Rb2,Prec,Frac4Rise,Error,BFF
03532000,1.77414e+09,32719.2,100,887.689,0.15,0.011131,1,2146.2,21433.6,1.1551,249550,-0.1565,-0.077068,-0.036581,21529.8,0.05,0.341789,0.355055
