tmp.site,tmp.area,Lb,X1,Wb,POR,ALPHA,BETA,Ks,Kb,Kz,Qthresh,Rs,Rb1,Rb2,Prec,Frac4Rise,Error,BFF
10132500,3.18569e+08,495376,100,63.1181,0.15,0.013837,1,175.018,1254.05,0.989104,23242.4,-0.029705,-0.024886,-0.016519,978.629,0.05,0.480273,0.281522
