tmp.site,tmp.area,Lb,X1,Wb,POR,ALPHA,BETA,Ks,Kb,Kz,Qthresh,Rs,Rb1,Rb2,Prec,Frac4Rise,Error,BFF
11314500,4.40298e+08,16044.1,100,758.715,0.15,0.008481,1,140.98,9810.98,0.945461,369432,-0.037054,-0.051937,-0.047887,318.054,0.05,2.82933,0.276394
