tmp.site,tmp.area,Lb,X1,Wb,POR,ALPHA,BETA,Ks,Kb,Kz,Qthresh,Rs,Rb1,Rb2,Prec,Frac4Rise,Error,BFF
07144480,2.22739e+08,3783.88,140.409,245.618,0.15,0.005801,1.2,382.978,4223.93,0.763377,9125.71,-0.14878,-0.171337,-0.106827,88.0766,0.05,0.497583,0.090586
