tmp.site,tmp.area,Lb,X1,Wb,POR,ALPHA,BETA,Ks,Kb,Kz,Qthresh,Rs,Rb1,Rb2,Prec,Frac4Rise,Error,BFF
09107000,3.31518e+08,71109.3,100,209.636,0.15,0.011891,1,279.053,6047.26,0.876933,72907.8,-0.07703,-0.022534,-0.013857,5871.77,0.05,0.293518,0.376081
