tmp.site,tmp.area,Lb,X1,Wb,POR,ALPHA,BETA,Ks,Kb,Kz,Qthresh,Rs,Rb1,Rb2,Prec,Frac4Rise,Error,BFF
13131000,5.64617e+08,43478.5,100,204.507,0.15,0.012691,1,1650.04,6772.16,0.936268,88076.6,-0.133377,-0.034414,-0.033879,2446.57,0.05,0.453366,0.245926
