tmp.site,tmp.area,Lb,X1,Wb,POR,ALPHA,BETA,Ks,Kb,Kz,Qthresh,Rs,Rb1,Rb2,Prec,Frac4Rise,Error,BFF
04108800,1.70421e+08,5913.68,100,412.898,0.15,0.011183,1,1687.68,6811.79,0.886226,6361.09,-0.255413,-0.133363,-0.057352,415.917,0.05,0.443421,0.194791
