tmp.site,tmp.area,Lb,X1,Wb,POR,ALPHA,BETA,Ks,Kb,Kz,Qthresh,Rs,Rb1,Rb2,Prec,Frac4Rise,Error,BFF
03329700,7.09657e+08,31386,163.415,593.974,0.15,0.009164,3.1,1852.3,16749.6,0.319676,66057.4,-0.175706,-0.088813,-0.04009,3180.54,0.05,0.381578,0.387575
