tmp.site,tmp.area,Lb,X1,Wb,POR,ALPHA,BETA,Ks,Kb,Kz,Qthresh,Rs,Rb1,Rb2,Prec,Frac4Rise,Error,BFF
09180000,1.18621e+10,12450.6,100,2333.53,0.15,0.011704,1,3835.02,11749.9,0.959789,408577,-0.106787,-0.038763,-0.046387,6116.43,0.05,0.447954,0.493059
