tmp.site,tmp.area,Lb,X1,Wb,POR,ALPHA,BETA,Ks,Kb,Kz,Qthresh,Rs,Rb1,Rb2,Prec,Frac4Rise,Error,BFF
02102192,1.97616e+08,38094.9,100,576.337,0.15,0.048362,1,297.588,81223.4,0.912816,4893.14,-0.113363,-0.060358,-0.107508,24.4657,0.05,2.05194,0.574779
