tmp.site,tmp.area,Lb,X1,Wb,POR,ALPHA,BETA,Ks,Kb,Kz,Qthresh,Rs,Rb1,Rb2,Prec,Frac4Rise,Error,BFF
05316500,1.6291e+09,14443,72.3989,769.251,0.15,0.018911,1,1005.85,8908.91,0.953491,163920,-0.093021,-0.047496,-0.047447,97.8629,0.05,0.605198,0.341631
