tmp.site,tmp.area,Lb,X1,Wb,POR,ALPHA,BETA,Ks,Kb,Kz,Qthresh,Rs,Rb1,Rb2,Prec,Frac4Rise,Error,BFF
01636464,5.59437e+07,16102.7,9416.8,778.5,0.15,0.007414,10.1,38.3987,2214.51,0.212939,23238.8,-0.085457,-0.013972,-0.009419,1454.44,0.05,0.123484,0.78732
