tmp.site,tmp.area,Lb,X1,Wb,POR,ALPHA,BETA,Ks,Kb,Kz,Qthresh,Rs,Rb1,Rb2,Prec,Frac4Rise,Error,BFF
02093877,1.37269e+07,10138.3,100,86.1829,0.15,0.024545,1,371.79,6031.97,0.792803,2691.23,-0.507915,-0.106535,-0.084235,149.241,0.05,0.406798,0.241491
