tmp.site,tmp.area,Lb,X1,Wb,POR,ALPHA,BETA,Ks,Kb,Kz,Qthresh,Rs,Rb1,Rb2,Prec,Frac4Rise,Error,BFF
05227500,1.59025e+10,24463.5,46.5125,5573.23,0.15,0.009114,0.9,1631.83,1383.36,0.952622,5.77391e+06,-0.030312,-0.020635,-0.023978,88565.9,0.05,0.466575,0.520465
