tmp.site,tmp.area,Lb,X1,Wb,POR,ALPHA,BETA,Ks,Kb,Kz,Qthresh,Rs,Rb1,Rb2,Prec,Frac4Rise,Error,BFF
01616100,2.84899e+07,3798.97,2174.35,830.101,0.15,0.006403,10.1,120.025,177.275,0.37242,8929.99,-0.061932,-0.025584,-0.012296,340.073,0.05,0.255167,0.62941
