tmp.site,tmp.area,Lb,X1,Wb,POR,ALPHA,BETA,Ks,Kb,Kz,Qthresh,Rs,Rb1,Rb2,Prec,Frac4Rise,Error,BFF
01429000,1.54622e+08,64425.2,273.129,241.789,0.15,0.010389,3,313.826,65967.4,1.24133,24465.7,-0.118547,-0.065861,-0.033233,1663.67,0.05,0.403428,0.466418
