tmp.site,tmp.area,Lb,X1,Wb,POR,ALPHA,BETA,Ks,Kb,Kz,Qthresh,Rs,Rb1,Rb2,Prec,Frac4Rise,Error,BFF
05052500,7.61457e+08,4221.89,100,583.427,0.15,0.012756,1,2077.78,12733.2,0.949658,6777,-0.147787,-0.115714,-0.179686,24.4657,0.05,13.8024,0.131369
