tmp.site,tmp.area,Lb,X1,Wb,POR,ALPHA,BETA,Ks,Kb,Kz,Qthresh,Rs,Rb1,Rb2,Prec,Frac4Rise,Error,BFF
03080000,3.13389e+08,10203.3,22.6074,964.137,0.15,0.015289,1.1,2544.47,3927.67,1.85998,29358.9,-0.244063,-0.080837,-0.06681,1611.02,0.05,0.367915,0.446507
