tmp.site,tmp.area,Lb,X1,Wb,POR,ALPHA,BETA,Ks,Kb,Kz,Qthresh,Rs,Rb1,Rb2,Prec,Frac4Rise,Error,BFF
11170000,5.07638e+08,28604.7,100,301.686,0.15,0.012099,1,127.713,18315.5,0.943626,163920,-0.067092,-0.047712,-0.047712,24.4657,0.05,9.77168,0.287038
