tmp.site,tmp.area,Lb,X1,Wb,POR,ALPHA,BETA,Ks,Kb,Kz,Qthresh,Rs,Rb1,Rb2,Prec,Frac4Rise,Error,BFF
09041400,6.99297e+08,64658.2,100,153.643,0.15,0.013515,1,57.8137,1978.7,0.991637,70950.6,-0.005618,-0.036339,-0.02908,3278.41,0.05,0.240863,0.259984
