tmp.site,tmp.area,Lb,X1,Wb,POR,ALPHA,BETA,Ks,Kb,Kz,Qthresh,Rs,Rb1,Rb2,Prec,Frac4Rise,Error,BFF
04282700,1.37528e+07,6082.89,100,131.689,0.15,0.038326,1,109.152,10455.9,0.565997,1223.29,-0.212723,-0.069126,-0.053292,51.378,0.05,0.521306,0.406708
