tmp.site,tmp.area,Lb,X1,Wb,POR,ALPHA,BETA,Ks,Kb,Kz,Qthresh,Rs,Rb1,Rb2,Prec,Frac4Rise,Error,BFF
03373500,1.27609e+10,64006.2,107.825,2015.58,0.15,0.006485,1.5,7389.14,20209.4,2.21421,978629,-0.088492,-0.062946,-0.041669,70950.6,0.05,0.367519,0.389292
