tmp.site,tmp.area,Lb,X1,Wb,POR,ALPHA,BETA,Ks,Kb,Kz,Qthresh,Rs,Rb1,Rb2,Prec,Frac4Rise,Error,BFF
08308050,7.82176e+07,32978.4,71.938,32.4313,0.15,0.010937,0.9,383.071,5576.31,0.016573,2446.57,-0.097078,-0.053396,-0.081234,24.4657,0.05,2.31649,0.181243
