tmp.site,tmp.area,Lb,X1,Wb,POR,ALPHA,BETA,Ks,Kb,Kz,Qthresh,Rs,Rb1,Rb2,Prec,Frac4Rise,Error,BFF
12401500,5.69797e+09,45481.6,53.6393,1789.34,0.15,0.006973,1.1,1292.87,21973.1,1.20195,225085,-0.055694,-0.03537,-0.029329,18593.9,0.05,0.344358,0.581789
