tmp.site,tmp.area,Lb,X1,Wb,POR,ALPHA,BETA,Ks,Kb,Kz,Qthresh,Rs,Rb1,Rb2,Prec,Frac4Rise,Error,BFF
02227500,1.7068e+09,6629.27,100,2818.86,0.15,0.031945,1,3386.82,18445.9,0.989449,1223.29,-0.111958,-0.082048,-0.158474,36.6986,0.05,1.0793,0.456747
