tmp.site,tmp.area,Lb,X1,Wb,POR,ALPHA,BETA,Ks,Kb,Kz,Qthresh,Rs,Rb1,Rb2,Prec,Frac4Rise,Error,BFF
11276900,1.26132e+09,40305.6,17.1315,1224.98,0.15,0.001867,1.6,843.464,1470.27,0.953299,207959,-0.03028,-0.056627,-0.032919,7339.71,0.05,0.42225,0.251048
