tmp.site,tmp.area,Lb,X1,Wb,POR,ALPHA,BETA,Ks,Kb,Kz,Qthresh,Rs,Rb1,Rb2,Prec,Frac4Rise,Error,BFF
06903700,4.35118e+08,3445,100,652.083,0.15,0.009754,1,2789.11,11236.1,0.990899,3669.86,-0.280722,-0.145227,-0.124561,26.6187,0.05,0.735525,0.130599
