tmp.site,tmp.area,Lb,X1,Wb,POR,ALPHA,BETA,Ks,Kb,Kz,Qthresh,Rs,Rb1,Rb2,Prec,Frac4Rise,Error,BFF
05406457,2.95259e+07,5871.23,362.332,696.049,0.15,0.014631,1.1,103.914,1125.46,0.062054,22508.5,-0.061018,-0.023689,-0.021391,1374.29,0.05,0.202668,0.70359
