tmp.site,tmp.area,Lb,X1,Wb,POR,ALPHA,BETA,Ks,Kb,Kz,Qthresh,Rs,Rb1,Rb2,Prec,Frac4Rise,Error,BFF
02217770,7.12247e+08,8078.19,237.368,1176.98,0.15,0.011296,1.1,2743.91,10259.5,1.04836,177376,-0.234659,-0.061451,-0.052048,4991.01,0.05,0.354434,0.425627
