tmp.site,tmp.area,Lb,X1,Wb,POR,ALPHA,BETA,Ks,Kb,Kz,Qthresh,Rs,Rb1,Rb2,Prec,Frac4Rise,Error,BFF
05482500,4.19319e+09,9875.17,0.135642,1940.07,0.15,0.00965,1.2,3550.77,8.27786,1.12061,149241,-0.105977,-0.053935,-0.039195,3400.73,0.05,0.443119,0.385938
