tmp.site,tmp.area,Lb,X1,Wb,POR,ALPHA,BETA,Ks,Kb,Kz,Qthresh,Rs,Rb1,Rb2,Prec,Frac4Rise,Error,BFF
04116000,7.35557e+09,14994.7,100,3794.52,0.15,0.009562,1,2844.84,12961.1,0.898671,1.38231e+06,-0.074339,-0.038377,-0.033726,67525.4,0.05,0.255829,0.645986
