tmp.site,tmp.area,Lb,X1,Wb,POR,ALPHA,BETA,Ks,Kb,Kz,Qthresh,Rs,Rb1,Rb2,Prec,Frac4Rise,Error,BFF
05514860,2.64179e+08,4892.72,159.425,594.712,0.15,0.009786,1.1,3406.69,12965.3,0.91745,15389.9,-0.417816,-0.140986,-0.106594,519.016,0.05,0.490144,0.170224
