tmp.site,tmp.area,Lb,X1,Wb,POR,ALPHA,BETA,Ks,Kb,Kz,Qthresh,Rs,Rb1,Rb2,Prec,Frac4Rise,Error,BFF
11413517,1.2665e+09,1.41436e+06,100,14.3757,0.15,0.014778,1,646.819,494.275,0.239457,14679.4,-0.134353,-0.003192,-0.003751,1296.68,0.05,0.069399,0.912634
