tmp.site,tmp.area,Lb,X1,Wb,POR,ALPHA,BETA,Ks,Kb,Kz,Qthresh,Rs,Rb1,Rb2,Prec,Frac4Rise,Error,BFF
01112500,1.07744e+09,52595.2,48.8701,1583.35,0.15,0.017276,1,2393.98,27145.2,0.839773,707059,-0.132295,-0.045145,-0.048227,19448.5,0.05,0.294738,0.592223
