tmp.site,tmp.area,Lb,X1,Wb,POR,ALPHA,BETA,Ks,Kb,Kz,Qthresh,Rs,Rb1,Rb2,Prec,Frac4Rise,Error,BFF
08212300,1.25614e+08,2762.41,91.7808,41.1169,0.15,0.008977,0.9,1237.7,46501.4,0.441553,831.834,-0.30454,-0.070854,-0.216743,24.4657,0.05,0.29611,0.119247
