tmp.site,tmp.area,Lb,X1,Wb,POR,ALPHA,BETA,Ks,Kb,Kz,Qthresh,Rs,Rb1,Rb2,Prec,Frac4Rise,Error,BFF
04080798,1.036e+08,83768.2,35666.3,369.352,0.15,0.015219,10.1,140.508,3160.58,0.555211,65568.1,-0.111782,-0.029591,-0.016564,4403.83,0.05,0.165975,0.694566
