tmp.site,tmp.area,Lb,X1,Wb,POR,ALPHA,BETA,Ks,Kb,Kz,Qthresh,Rs,Rb1,Rb2,Prec,Frac4Rise,Error,BFF
12056500,1.48147e+08,15441.1,100,866.192,0.15,0.009968,1,1181,6458.25,1.30424,107649,-0.226434,-0.05818,-0.022144,10275.6,0.05,0.305905,0.417986
