tmp.site,tmp.area,Lb,X1,Wb,POR,ALPHA,BETA,Ks,Kb,Kz,Qthresh,Rs,Rb1,Rb2,Prec,Frac4Rise,Error,BFF
03605555,8.26206e+07,10619.2,100,325.093,0.15,0.008112,1,259.871,8328.15,0.888008,23976.4,-0.202733,-0.100122,-0.031077,1247.75,0.05,0.33075,0.317256
