tmp.site,tmp.area,Lb,X1,Wb,POR,ALPHA,BETA,Ks,Kb,Kz,Qthresh,Rs,Rb1,Rb2,Prec,Frac4Rise,Error,BFF
09419753,5.64617e+09,1.77619e+07,100,156.069,0.15,0.015726,1,1746.71,110.618,0.882148,486868,-0.058334,-0.007886,-0.009922,35719.9,0.05,0.387016,0.521415
