tmp.site,tmp.area,Lb,X1,Wb,POR,ALPHA,BETA,Ks,Kb,Kz,Qthresh,Rs,Rb1,Rb2,Prec,Frac4Rise,Error,BFF
12370000,1.74047e+09,65067.3,19780,1635.47,0.15,0.006759,4.5,118.41,1689.33,0.738403,726632,-0.040021,-0.019775,-0.009745,70461.3,0.05,0.347138,0.368314
