tmp.site,tmp.area,Lb,X1,Wb,POR,ALPHA,BETA,Ks,Kb,Kz,Qthresh,Rs,Rb1,Rb2,Prec,Frac4Rise,Error,BFF
03310300,9.32396e+08,9300.15,100,1566.57,0.15,0.01221,1,3999.86,7449.86,0.914712,98185.8,-0.246238,-0.068801,-0.031229,9541.63,0.05,0.370712,0.401826
