tmp.site,tmp.area,Lb,X1,Wb,POR,ALPHA,BETA,Ks,Kb,Kz,Qthresh,Rs,Rb1,Rb2,Prec,Frac4Rise,Error,BFF
06437200,1.3442e+08,7572.15,14.1654,18.9319,0.15,0.003095,0.9,2208.07,184.909,1.02669,1958.73,-0.323263,-0.104297,-0.152118,73.3971,0.05,1.97254,0.009134
