tmp.site,tmp.area,Lb,X1,Wb,POR,ALPHA,BETA,Ks,Kb,Kz,Qthresh,Rs,Rb1,Rb2,Prec,Frac4Rise,Error,BFF
02240000,3.09763e+09,602431,100,920.248,0.15,0.00822,1,556.788,3667.75,0.88966,1.7126e+06,-0.03182,-0.011745,-0.008022,90117,0.05,0.319167,0.543548
