tmp.site,tmp.area,Lb,X1,Wb,POR,ALPHA,BETA,Ks,Kb,Kz,Qthresh,Rs,Rb1,Rb2,Prec,Frac4Rise,Error,BFF
07382000,6.21597e+08,28860.2,100,1044.01,0.15,0.031398,1,491.83,13948,0.960519,145943,-0.039546,-0.030765,-0.043864,6728.07,0.05,0.478348,0.458751
