tmp.site,tmp.area,Lb,X1,Wb,POR,ALPHA,BETA,Ks,Kb,Kz,Qthresh,Rs,Rb1,Rb2,Prec,Frac4Rise,Error,BFF
03404900,1.39341e+08,6559,100,551.536,0.15,0.020383,1,1582.1,16874.8,0.960827,211384,-0.373607,-0.097305,-0.111021,176.153,0.05,0.484423,0.310323
