tmp.site,tmp.area,Lb,X1,Wb,POR,ALPHA,BETA,Ks,Kb,Kz,Qthresh,Rs,Rb1,Rb2,Prec,Frac4Rise,Error,BFF
01184490,4.01448e+07,21553.3,100,218.357,0.15,0.010933,1,180.24,9995.37,0.534261,24221.1,-0.270829,-0.038562,-0.02498,1649.43,0.05,0.225385,0.60492
