tmp.site,tmp.area,Lb,X1,Wb,POR,ALPHA,BETA,Ks,Kb,Kz,Qthresh,Rs,Rb1,Rb2,Prec,Frac4Rise,Error,BFF
09426620,1.38228e+10,46352.2,100,353.023,0.15,0.038904,1,6521.48,3859.78,0.896923,48931.4,-0.102449,-0.041258,-0.043982,24.4657,0.05,39.4311,0.118833
