tmp.site,tmp.area,Lb,X1,Wb,POR,ALPHA,BETA,Ks,Kb,Kz,Qthresh,Rs,Rb1,Rb2,Prec,Frac4Rise,Error,BFF
04112500,9.19446e+08,12450.6,0.44399,844.768,0.15,0.0142,1.6,1090.56,26.2817,1.28379,119882,-0.111572,-0.059283,-0.039738,3425.2,0.05,0.347978,0.495219
