tmp.site,tmp.area,Lb,X1,Wb,POR,ALPHA,BETA,Ks,Kb,Kz,Qthresh,Rs,Rb1,Rb2,Prec,Frac4Rise,Error,BFF
04196800,5.93107e+08,6778.35,100,708.269,0.15,0.010567,1,3956.14,15394.4,0.960267,5309.06,-0.202733,-0.126856,-0.123279,29.3589,0.05,0.613393,0.204344
