tmp.site,tmp.area,Lb,X1,Wb,POR,ALPHA,BETA,Ks,Kb,Kz,Qthresh,Rs,Rb1,Rb2,Prec,Frac4Rise,Error,BFF
02105769,1.36104e+10,4088.54,100,10712.8,0.15,0.008782,1,3761.9,10972,1.49406,2.74016e+06,-0.069633,-0.060047,-0.071706,150963,0.05,0.402238,0.640575
