tmp.site,tmp.area,Lb,X1,Wb,POR,ALPHA,BETA,Ks,Kb,Kz,Qthresh,Rs,Rb1,Rb2,Prec,Frac4Rise,Error,BFF
08072760,6.37137e+07,7668.11,100,209.938,0.15,0.004694,1,451.361,3102.03,0.982146,18887.5,-0.363032,-0.117769,-0.171177,24.4657,0.05,5.55961,0.108878
