tmp.site,tmp.area,Lb,X1,Wb,POR,ALPHA,BETA,Ks,Kb,Kz,Qthresh,Rs,Rb1,Rb2,Prec,Frac4Rise,Error,BFF
06803500,1.77414e+09,27338.7,9118.98,661.921,0.15,0.004543,4.9,535.215,6118.66,0.717394,195726,-0.143841,-0.077731,-0.041953,8563,0.05,0.33476,0.299098
