tmp.site,tmp.area,Lb,X1,Wb,POR,ALPHA,BETA,Ks,Kb,Kz,Qthresh,Rs,Rb1,Rb2,Prec,Frac4Rise,Error,BFF
09326500,3.57418e+08,9509.42,710.246,919.005,0.15,0.014377,1.1,1043.18,19922.8,0.201804,21847.9,-0.120036,-0.027761,-0.021451,1047.18,0.05,0.39037,0.440035
