tmp.site,tmp.area,Lb,X1,Wb,POR,ALPHA,BETA,Ks,Kb,Kz,Qthresh,Rs,Rb1,Rb2,Prec,Frac4Rise,Error,BFF
06468250,3.10799e+09,29504.8,100,371.58,0.15,0.037604,1,3041.58,12884.8,0.902374,14630.5,-0.111402,-0.041925,-0.061225,24.4657,0.05,4.21625,0.162728
