tmp.site,tmp.area,Lb,X1,Wb,POR,ALPHA,BETA,Ks,Kb,Kz,Qthresh,Rs,Rb1,Rb2,Prec,Frac4Rise,Error,BFF
06114700,7.1147e+09,10583.5,97.2093,2432.19,0.15,0.00955,1,1564.48,1104.5,0.130184,1.17435e+06,-0.054717,-0.028226,-0.025665,29114.2,0.05,0.416285,0.437705
