tmp.site,tmp.area,Lb,X1,Wb,POR,ALPHA,BETA,Ks,Kb,Kz,Qthresh,Rs,Rb1,Rb2,Prec,Frac4Rise,Error,BFF
02173299,9.42756e+08,25083.7,16.9746,1651.17,0.15,0.014008,1,380.59,2111.15,0.977259,972561,-0.040989,-0.02806,-0.028647,48442.1,0.05,0.219388,0.806817
