tmp.site,tmp.area,Lb,X1,Wb,POR,ALPHA,BETA,Ks,Kb,Kz,Qthresh,Rs,Rb1,Rb2,Prec,Frac4Rise,Error,BFF
11045700,2.53042e+07,9044.36,5.19985,32.3588,0.15,0.005049,0.9,301.537,2.47898,0.090022,251.997,-0.032356,-0.207639,-0.280024,24.4657,0.05,0.205896,0.000156
