tmp.site,tmp.area,Lb,X1,Wb,POR,ALPHA,BETA,Ks,Kb,Kz,Qthresh,Rs,Rb1,Rb2,Prec,Frac4Rise,Error,BFF
02294330,5.54257e+07,52054.2,100,57.3171,0.15,0.016473,1,97.015,58962.9,1.04115,1957.26,-0.244369,-0.070304,-0.05267,78.2903,0.05,0.439064,0.288203
