tmp.site,tmp.area,Lb,X1,Wb,POR,ALPHA,BETA,Ks,Kb,Kz,Qthresh,Rs,Rb1,Rb2,Prec,Frac4Rise,Error,BFF
06101500,1.28049e+10,73915.1,32.1744,2639.14,0.15,0.012259,1,181.495,315.634,0.933164,1.70037e+06,-0.007043,-0.016494,-0.017939,15902.7,0.05,1.48705,0.55604
