tmp.site,tmp.area,Lb,X1,Wb,POR,ALPHA,BETA,Ks,Kb,Kz,Qthresh,Rs,Rb1,Rb2,Prec,Frac4Rise,Error,BFF
10350500,4.14398e+09,24380.7,0.328872,2182.16,0.15,0.00664,0.9,1707.71,68.2303,0.877628,1.87897e+06,-0.139767,-0.032368,-0.046118,34252,0.05,0.407039,0.620665
