tmp.site,tmp.area,Lb,X1,Wb,POR,ALPHA,BETA,Ks,Kb,Kz,Qthresh,Rs,Rb1,Rb2,Prec,Frac4Rise,Error,BFF
04271815,1.30276e+08,13445.2,0.286513,322.248,0.15,0.016633,1.1,563.582,44.7528,1.04714,29358.9,-0.140285,-0.066578,-0.058164,315.608,0.05,0.437616,0.39302
