tmp.site,tmp.area,Lb,X1,Wb,POR,ALPHA,BETA,Ks,Kb,Kz,Qthresh,Rs,Rb1,Rb2,Prec,Frac4Rise,Error,BFF
14314700,1.56435e+08,497477,100,292.7,0.15,0.018098,1,78.2508,1786.95,0.727041,128690,-0.01961,-0.024312,-0.024956,2471.04,0.05,0.177473,0.598963
