tmp.site,tmp.area,Lb,X1,Wb,POR,ALPHA,BETA,Ks,Kb,Kz,Qthresh,Rs,Rb1,Rb2,Prec,Frac4Rise,Error,BFF
03287000,1.32141e+10,11197.4,100,5642.1,0.15,0.013351,1,16018.9,21553.4,2.32253,897892,-0.126601,-0.078172,-0.082938,36698.6,0.05,0.412358,0.428176
