tmp.site,tmp.area,Lb,X1,Wb,POR,ALPHA,BETA,Ks,Kb,Kz,Qthresh,Rs,Rb1,Rb2,Prec,Frac4Rise,Error,BFF
01574000,1.32089e+09,9201.27,100,1509.86,0.15,0.011794,1,5341.63,11771.6,0.948608,190833,-0.289909,-0.085155,-0.06226,3669.86,0.05,0.375179,0.353807
