tmp.site,tmp.area,Lb,X1,Wb,POR,ALPHA,BETA,Ks,Kb,Kz,Qthresh,Rs,Rb1,Rb2,Prec,Frac4Rise,Error,BFF
04127997,4.97278e+08,90731.4,100,637.266,0.15,0.01053,1,213.678,1872.92,0.982964,437936,-0.143841,-0.020993,-0.01219,33518,0.05,0.148562,0.756039
