tmp.site,tmp.area,Lb,X1,Wb,POR,ALPHA,BETA,Ks,Kb,Kz,Qthresh,Rs,Rb1,Rb2,Prec,Frac4Rise,Error,BFF
05498700,5.46487e+08,6536.94,98.2466,583.218,0.15,0.012648,1.1,2531.26,16301.9,0.967621,9957.55,-0.235059,-0.167522,-0.112033,58.7177,0.05,0.548331,0.151582
