tmp.site,tmp.area,Lb,X1,Wb,POR,ALPHA,BETA,Ks,Kb,Kz,Qthresh,Rs,Rb1,Rb2,Prec,Frac4Rise,Error,BFF
11128500,1.4996e+09,13094,100,1489.59,0.15,0.091137,1,3062.34,9864.4,0.92407,16343.1,-0.142872,-0.055693,-0.078148,24.4657,0.05,17.3199,0.200586
