tmp.site,tmp.area,Lb,X1,Wb,POR,ALPHA,BETA,Ks,Kb,Kz,Qthresh,Rs,Rb1,Rb2,Prec,Frac4Rise,Error,BFF
06768000,1.45816e+11,47528.5,125.695,3977.14,0.15,0.008897,0.9,6671.29,76526,1.24401,3.74325e+06,-0.087347,-0.043896,-0.08885,2446.57,0.05,4.77484,0.620949
