tmp.site,tmp.area,Lb,X1,Wb,POR,ALPHA,BETA,Ks,Kb,Kz,Qthresh,Rs,Rb1,Rb2,Prec,Frac4Rise,Error,BFF
07227100,2.03573e+09,5122.76,100,230.422,0.15,0.012843,1,2917.65,16234.1,0.984036,58717.7,-0.202733,-0.103609,-0.236046,24.4657,0.05,16.7463,0.09806
