tmp.site,tmp.area,Lb,X1,Wb,POR,ALPHA,BETA,Ks,Kb,Kz,Qthresh,Rs,Rb1,Rb2,Prec,Frac4Rise,Error,BFF
09419800,5.67984e+09,365234,5.0561,1571.56,0.15,0.016553,0.9,294.229,89.927,0.073519,303375,-0.081825,-0.009848,-0.01633,8073.69,0.05,0.162238,0.794047
