tmp.site,tmp.area,Lb,X1,Wb,POR,ALPHA,BETA,Ks,Kb,Kz,Qthresh,Rs,Rb1,Rb2,Prec,Frac4Rise,Error,BFF
02394682,6.57857e+06,9652.75,7.23084,164.197,0.15,0.009591,0.8,48.4839,108.939,0.115865,3107.15,-0.062666,-0.025837,-0.047266,39.1451,0.05,1.47269,0.449129
