tmp.site,tmp.area,Lb,X1,Wb,POR,ALPHA,BETA,Ks,Kb,Kz,Qthresh,Rs,Rb1,Rb2,Prec,Frac4Rise,Error,BFF
10092700,1.26495e+10,39448.2,34.4499,2068.31,0.15,0.008473,0.9,1778.36,7843.35,0.90396,2.14075e+06,-0.054768,-0.028639,-0.052459,36698.6,0.05,0.451665,0.727225
