tmp.site,tmp.area,Lb,X1,Wb,POR,ALPHA,BETA,Ks,Kb,Kz,Qthresh,Rs,Rb1,Rb2,Prec,Frac4Rise,Error,BFF
07260500,1.97875e+09,8209.27,100,1525.6,0.15,0.013755,1,4148.09,19034.5,0.977534,88076.6,-0.077075,-0.085921,-0.129475,122.329,0.05,1.50984,0.307716
