tmp.site,tmp.area,Lb,X1,Wb,POR,ALPHA,BETA,Ks,Kb,Kz,Qthresh,Rs,Rb1,Rb2,Prec,Frac4Rise,Error,BFF
01374890,4.42888e+07,11779.2,100,424.957,0.15,0.046093,1,292.163,26527,0.754698,70216.6,-0.197551,-0.056646,-0.076612,114.989,0.05,0.393257,0.544843
