tmp.site,tmp.area,Lb,X1,Wb,POR,ALPHA,BETA,Ks,Kb,Kz,Qthresh,Rs,Rb1,Rb2,Prec,Frac4Rise,Error,BFF
09485450,1.5514e+09,1255.25,100,54.4693,0.15,0.001784,1,99472.7,0.613522,0.08327,24.4657,-2.58581,-0.002,-0.001,24.4657,0.05,0.125479,7.2e-05
