tmp.site,tmp.area,Lb,X1,Wb,POR,ALPHA,BETA,Ks,Kb,Kz,Qthresh,Rs,Rb1,Rb2,Prec,Frac4Rise,Error,BFF
04087119,2.66769e+07,7154.26,0.473402,106.678,0.15,0.01154,1.1,489.76,68.1767,1.06668,3449.67,-0.486148,-0.142603,-0.12525,139.455,0.05,0.437438,0.168308
