tmp.site,tmp.area,Lb,X1,Wb,POR,ALPHA,BETA,Ks,Kb,Kz,Qthresh,Rs,Rb1,Rb2,Prec,Frac4Rise,Error,BFF
13128900,2.1471e+07,9547.15,2384.87,724.89,0.15,0.018955,2.4,388.436,3049.36,0.079767,6605.74,-0.202733,-0.02288,-0.012451,562.711,0.05,0.250912,0.499261
