tmp.site,tmp.area,Lb,X1,Wb,POR,ALPHA,BETA,Ks,Kb,Kz,Qthresh,Rs,Rb1,Rb2,Prec,Frac4Rise,Error,BFF
01100600,9.45346e+07,19846.4,100,331.054,0.15,0.023335,1,529.625,24391,0.945449,147284,-0.183862,-0.055426,-0.075886,636.109,0.05,0.397219,0.46175
