tmp.site,tmp.area,Lb,X1,Wb,POR,ALPHA,BETA,Ks,Kb,Kz,Qthresh,Rs,Rb1,Rb2,Prec,Frac4Rise,Error,BFF
02375000,8.54696e+08,4342.7,100,3232.35,0.15,0.00731,1,3342.68,876.746,0.966751,513780,-0.179369,-0.074802,-0.028036,43304.3,0.05,0.263109,0.458152
