tmp.site,tmp.area,Lb,X1,Wb,POR,ALPHA,BETA,Ks,Kb,Kz,Qthresh,Rs,Rb1,Rb2,Prec,Frac4Rise,Error,BFF
03294000,4.89508e+08,6379.95,100,945.699,0.15,0.017732,1,3196.26,15778.1,0.999082,20306.5,-0.324602,-0.111728,-0.107148,73.3971,0.05,0.574815,0.268237
