tmp.site,tmp.area,Lb,X1,Wb,POR,ALPHA,BETA,Ks,Kb,Kz,Qthresh,Rs,Rb1,Rb2,Prec,Frac4Rise,Error,BFF
08012000,1.36492e+09,8321.1,100,1410.48,0.15,0.015782,1,5364.89,25248,1.33434,29358.9,-0.118836,-0.107485,-0.176919,440.383,0.05,0.647281,0.226843
