tmp.site,tmp.area,Lb,X1,Wb,POR,ALPHA,BETA,Ks,Kb,Kz,Qthresh,Rs,Rb1,Rb2,Prec,Frac4Rise,Error,BFF
06043500,2.1212e+09,104677,29258,949.045,0.15,0.006658,5.9,528.683,3122.02,0.734306,929697,-0.067535,-0.019751,-0.010641,53090.6,0.05,0.212522,0.426839
