tmp.site,tmp.area,Lb,X1,Wb,POR,ALPHA,BETA,Ks,Kb,Kz,Qthresh,Rs,Rb1,Rb2,Prec,Frac4Rise,Error,BFF
11471500,9.03906e+08,8421.47,100,1425.11,0.15,0.011113,1,2054.23,7666.86,0.954044,24465.7,-0.116082,-0.087361,-0.074689,244.657,0.05,3.95592,0.251935
