tmp.site,tmp.area,Lb,X1,Wb,POR,ALPHA,BETA,Ks,Kb,Kz,Qthresh,Rs,Rb1,Rb2,Prec,Frac4Rise,Error,BFF
11204100,2.48121e+08,119890,100,156.331,0.15,0.024393,1,126.518,62461.6,0.86258,59618.1,-0.195645,-0.026188,-0.035027,24.4657,0.05,1.54006,0.440307
