tmp.site,tmp.area,Lb,X1,Wb,POR,ALPHA,BETA,Ks,Kb,Kz,Qthresh,Rs,Rb1,Rb2,Prec,Frac4Rise,Error,BFF
07048550,3.18569e+08,12885.9,36.4972,1204.1,0.15,0.02113,1,3426.96,13298.1,0.979122,30582.1,-0.322517,-0.098962,-0.12794,22.0191,0.05,2.86862,0.341563
