tmp.site,tmp.area,Lb,X1,Wb,POR,ALPHA,BETA,Ks,Kb,Kz,Qthresh,Rs,Rb1,Rb2,Prec,Frac4Rise,Error,BFF
08057000,1.58145e+10,7591.59,100,2103.19,0.15,0.00692,1,10809.8,4779.06,1.03204,1.1768e+06,-0.194103,-0.077993,-0.113405,4893.14,0.05,1.3389,0.163404
