tmp.site,tmp.area,Lb,X1,Wb,POR,ALPHA,BETA,Ks,Kb,Kz,Qthresh,Rs,Rb1,Rb2,Prec,Frac4Rise,Error,BFF
023312495,2.432e+08,34952.3,100,702.126,0.15,0.011277,1,1089.2,10088.9,0.910041,389005,-0.319464,-0.038535,-0.031438,10364.4,0.05,0.260335,0.573899
