tmp.site,tmp.area,Lb,X1,Wb,POR,ALPHA,BETA,Ks,Kb,Kz,Qthresh,Rs,Rb1,Rb2,Prec,Frac4Rise,Error,BFF
06340590,6.47497e+09,12986.1,100,689.782,0.15,0.010202,1,1643.46,8330.48,0.955154,179060,-0.069097,-0.070773,-0.037797,5724.98,0.05,0.388079,0.324638
