tmp.site,tmp.area,Lb,X1,Wb,POR,ALPHA,BETA,Ks,Kb,Kz,Qthresh,Rs,Rb1,Rb2,Prec,Frac4Rise,Error,BFF
06062500,8.54696e+07,10630.4,171.977,469.329,0.15,0.001415,1,134.767,25590.1,0.241984,5822.84,-0.143841,-0.052044,-0.057704,34.252,0.05,0.717829,0.240279
