tmp.site,tmp.area,Lb,X1,Wb,POR,ALPHA,BETA,Ks,Kb,Kz,Qthresh,Rs,Rb1,Rb2,Prec,Frac4Rise,Error,BFF
02374950,4.99868e+08,9370.99,100,926.989,0.15,0.008718,1,1327.24,4878.55,0.969037,200864,-0.169961,-0.0774,-0.032666,12281.8,0.05,0.29778,0.423356
