tmp.site,tmp.area,Lb,X1,Wb,POR,ALPHA,BETA,Ks,Kb,Kz,Qthresh,Rs,Rb1,Rb2,Prec,Frac4Rise,Error,BFF
06218500,5.95697e+08,86655.1,32229.4,434.393,0.15,0.011587,6.2,539.488,21554.7,0.430088,107649,-0.091161,-0.023388,-0.014875,8563,0.05,0.303993,0.390043
