tmp.site,tmp.area,Lb,X1,Wb,POR,ALPHA,BETA,Ks,Kb,Kz,Qthresh,Rs,Rb1,Rb2,Prec,Frac4Rise,Error,BFF
03131500,9.03906e+08,38396.7,62.1065,664.92,0.15,0.007806,1.2,891.213,24091.3,1.09087,222638,-0.118194,-0.055289,-0.04624,11009.6,0.05,0.333215,0.53089
