tmp.site,tmp.area,Lb,X1,Wb,POR,ALPHA,BETA,Ks,Kb,Kz,Qthresh,Rs,Rb1,Rb2,Prec,Frac4Rise,Error,BFF
09502900,1.05931e+08,442476,2.06121,11.8873,0.15,0.020632,0.9,200.98,30.1975,0.201719,2250.85,-0.088966,-0.007539,-0.01407,24.4657,0.05,0.514723,0.503089
