tmp.site,tmp.area,Lb,X1,Wb,POR,ALPHA,BETA,Ks,Kb,Kz,Qthresh,Rs,Rb1,Rb2,Prec,Frac4Rise,Error,BFF
0212393300,5.38718e+07,13955.4,100,152.358,0.15,0.015516,1,498.042,12348.6,0.947906,20020.8,-0.506616,-0.096249,-0.077906,127.075,0.05,0.435052,0.246379
