tmp.site,tmp.area,Lb,X1,Wb,POR,ALPHA,BETA,Ks,Kb,Kz,Qthresh,Rs,Rb1,Rb2,Prec,Frac4Rise,Error,BFF
08159110,1.41154e+07,21105.2,100,23.7442,0.15,0.035435,1,326.801,32602.7,0.822932,3546.31,-0.33039,-0.109164,-0.14935,24.4657,0.05,1.63293,0.119716
