tmp.site,tmp.area,Lb,X1,Wb,POR,ALPHA,BETA,Ks,Kb,Kz,Qthresh,Rs,Rb1,Rb2,Prec,Frac4Rise,Error,BFF
06846500,4.35118e+09,34.9937,0.072472,9620.61,0.15,0.082666,1.1,71196.6,0.01386,0.828306,22777.6,-0.202733,-0.095759,-0.156138,24.4657,0.05,14.9483,0.127164
