tmp.site,tmp.area,Lb,X1,Wb,POR,ALPHA,BETA,Ks,Kb,Kz,Qthresh,Rs,Rb1,Rb2,Prec,Frac4Rise,Error,BFF
01425000,1.18103e+09,11041.9,100,1754.41,0.15,0.011772,1,1660.85,12162.1,1.0096,1.52666e+06,-0.090954,-0.059229,-0.116728,2446.57,0.05,1.17334,0.50328
