tmp.site,tmp.area,Lb,X1,Wb,POR,ALPHA,BETA,Ks,Kb,Kz,Qthresh,Rs,Rb1,Rb2,Prec,Frac4Rise,Error,BFF
04293500,1.2406e+09,11462.5,146.522,1551.99,0.15,0.010722,1.1,5137.04,18010.4,1.28042,897892,-0.20698,-0.072878,-0.060556,16636.7,0.05,0.409003,0.383426
