tmp.site,tmp.area,Lb,X1,Wb,POR,ALPHA,BETA,Ks,Kb,Kz,Qthresh,Rs,Rb1,Rb2,Prec,Frac4Rise,Error,BFF
02473480,7.87356e+07,12457.6,100,171.602,0.15,0.025594,1,813.518,17537,0.977627,5137.8,-0.255413,-0.08674,-0.080357,47.5613,0.05,0.52582,0.219975
