tmp.site,tmp.area,Lb,X1,Wb,POR,ALPHA,BETA,Ks,Kb,Kz,Qthresh,Rs,Rb1,Rb2,Prec,Frac4Rise,Error,BFF
01152500,6.96707e+08,42717.9,62.9029,845.933,0.15,0.007662,1.3,2044.31,24979.3,1.05302,222638,-0.152691,-0.057107,-0.043774,7388.65,0.05,0.319236,0.531243
