tmp.site,tmp.area,Lb,X1,Wb,POR,ALPHA,BETA,Ks,Kb,Kz,Qthresh,Rs,Rb1,Rb2,Prec,Frac4Rise,Error,BFF
14208700,1.40895e+08,30104.9,12.7189,260.652,0.15,0.007769,0.8,121.085,351.628,0.809178,315608,-0.020146,-0.031542,-0.065357,8073.69,0.05,0.41425,0.274771
