tmp.site,tmp.area,Lb,X1,Wb,POR,ALPHA,BETA,Ks,Kb,Kz,Qthresh,Rs,Rb1,Rb2,Prec,Frac4Rise,Error,BFF
07370000,2.02537e+09,20017,100,1119.28,0.15,0.0091,1,3721.05,3495.05,0.976883,293589,-0.082634,-0.048276,-0.057998,12232.9,0.05,0.673276,0.21656
