tmp.site,tmp.area,Lb,X1,Wb,POR,ALPHA,BETA,Ks,Kb,Kz,Qthresh,Rs,Rb1,Rb2,Prec,Frac4Rise,Error,BFF
05554500,1.4996e+09,14604.3,31.0599,1255.16,0.15,0.012663,1,3942,7504.47,1.14745,41591.7,-0.159497,-0.080264,-0.083042,53.8246,0.05,1.59144,0.388108
