tmp.site,tmp.area,Lb,X1,Wb,POR,ALPHA,BETA,Ks,Kb,Kz,Qthresh,Rs,Rb1,Rb2,Prec,Frac4Rise,Error,BFF
04072076,1.29758e+07,12023,57.1868,45.8301,0.15,0.068011,1,367.995,14980.9,0.793648,807.369,-0.233835,-0.102744,-0.110586,24.4657,0.05,0.757709,0.251484
