tmp.site,tmp.area,Lb,X1,Wb,POR,ALPHA,BETA,Ks,Kb,Kz,Qthresh,Rs,Rb1,Rb2,Prec,Frac4Rise,Error,BFF
12413300,5.23178e+08,25785.6,8671.16,1367.68,0.15,0.005231,10.1,336.556,5210.89,0.695533,242211,-0.09805,-0.034083,-0.018284,20526.7,0.05,0.22415,0.552576
