tmp.site,tmp.area,Lb,X1,Wb,POR,ALPHA,BETA,Ks,Kb,Kz,Qthresh,Rs,Rb1,Rb2,Prec,Frac4Rise,Error,BFF
14120000,7.22607e+08,19085.8,100,1574.49,0.15,0.007909,1,984.91,5460.05,0.947261,743758,-0.120581,-0.039912,-0.019634,52356.6,0.05,0.246347,0.555667
