tmp.site,tmp.area,Lb,X1,Wb,POR,ALPHA,BETA,Ks,Kb,Kz,Qthresh,Rs,Rb1,Rb2,Prec,Frac4Rise,Error,BFF
02160200,1.28722e+08,10526.6,0.048555,489.817,0.15,0.017642,1,610.824,2.54765,1.26975,168813,-0.506501,-0.039344,-0.039774,1986.62,0.05,0.29423,0.51046
