tmp.site,tmp.area,Lb,X1,Wb,POR,ALPHA,BETA,Ks,Kb,Kz,Qthresh,Rs,Rb1,Rb2,Prec,Frac4Rise,Error,BFF
07058000,1.47629e+09,25057.1,100,1109.59,0.15,0.006045,1,247.829,7160.95,1.02201,335180,-0.097078,-0.052968,-0.013384,27890.9,0.05,0.316662,0.413546
