tmp.site,tmp.area,Lb,X1,Wb,POR,ALPHA,BETA,Ks,Kb,Kz,Qthresh,Rs,Rb1,Rb2,Prec,Frac4Rise,Error,BFF
02344673,4.76558e+07,12809.4,100,178.573,0.15,0.024202,1,341.945,27387.7,0.954956,33518,-0.146735,-0.071703,-0.12957,68.504,0.05,1.05678,0.350149
