tmp.site,tmp.area,Lb,X1,Wb,POR,ALPHA,BETA,Ks,Kb,Kz,Qthresh,Rs,Rb1,Rb2,Prec,Frac4Rise,Error,BFF
02167000,3.52238e+09,19160.3,1.10711,1556.73,0.15,0.009225,0.9,1883.8,191.322,1.12794,736418,-0.055795,-0.053059,-0.074698,60430.3,0.05,0.448233,0.52227
