tmp.site,tmp.area,Lb,X1,Wb,POR,ALPHA,BETA,Ks,Kb,Kz,Qthresh,Rs,Rb1,Rb2,Prec,Frac4Rise,Error,BFF
07010040,1.24319e+06,1375.03,122.899,37.0273,0.15,0.009929,0.9,249.354,3281.17,0.280051,856.3,-0.649915,-0.108803,-0.179389,24.4657,0.05,0.626889,0.070534
