tmp.site,tmp.area,Lb,X1,Wb,POR,ALPHA,BETA,Ks,Kb,Kz,Qthresh,Rs,Rb1,Rb2,Prec,Frac4Rise,Error,BFF
01475510,9.68656e+07,52854.7,100,286.742,0.15,0.020943,1,648.286,21852.1,0.977677,73397.1,-0.593146,-0.052462,-0.050564,2935.89,0.05,0.307049,0.452716
