tmp.site,tmp.area,Lb,X1,Wb,POR,ALPHA,BETA,Ks,Kb,Kz,Qthresh,Rs,Rb1,Rb2,Prec,Frac4Rise,Error,BFF
14306032,2.20149e+08,11512.1,100,805.761,0.15,0.009424,1,777.46,8193.86,1.02045,30259.2,-0.159428,-0.065724,-0.026489,2152.44,0.05,0.28989,0.377709
