tmp.site,tmp.area,Lb,X1,Wb,POR,ALPHA,BETA,Ks,Kb,Kz,Qthresh,Rs,Rb1,Rb2,Prec,Frac4Rise,Error,BFF
01518700,1.15513e+09,18783.1,29.5475,790.327,0.15,0.013284,4,1310.25,544.583,0.352361,146794,-0.091247,-0.088641,-0.034133,8218.52,0.05,0.371033,0.380279
