tmp.site,tmp.area,Lb,X1,Wb,POR,ALPHA,BETA,Ks,Kb,Kz,Qthresh,Rs,Rb1,Rb2,Prec,Frac4Rise,Error,BFF
02114450,1.10851e+08,22516.8,112.176,223.849,0.15,0.012166,4,480.61,2985.64,0.600394,54313.9,-0.361769,-0.073929,-0.050058,1076.49,0.05,0.33381,0.384343
