tmp.site,tmp.area,Lb,X1,Wb,POR,ALPHA,BETA,Ks,Kb,Kz,Qthresh,Rs,Rb1,Rb2,Prec,Frac4Rise,Error,BFF
02234384,5.49077e+07,17022.3,61.5341,188.418,0.15,0.028972,1,224.107,13176.5,1.10459,2299.78,-0.216929,-0.057545,-0.060798,117.435,0.05,0.452395,0.449619
