tmp.site,tmp.area,Lb,X1,Wb,POR,ALPHA,BETA,Ks,Kb,Kz,Qthresh,Rs,Rb1,Rb2,Prec,Frac4Rise,Error,BFF
01491500,2.20667e+08,43871.6,67.2222,308.237,0.15,0.011377,1.3,614.219,21739.3,1.0515,83183.4,-0.210233,-0.059085,-0.047477,2381.49,0.05,0.338162,0.47114
