tmp.site,tmp.area,Lb,X1,Wb,POR,ALPHA,BETA,Ks,Kb,Kz,Qthresh,Rs,Rb1,Rb2,Prec,Frac4Rise,Error,BFF
01377370,3.47058e+07,13241.9,100,172.345,0.15,0.015049,1,562.81,6446.13,0.911566,9822.5,-0.41289,-0.089088,-0.063259,806.317,0.05,0.337116,0.30063
