tmp.site,tmp.area,Lb,X1,Wb,POR,ALPHA,BETA,Ks,Kb,Kz,Qthresh,Rs,Rb1,Rb2,Prec,Frac4Rise,Error,BFF
02443000,8.00306e+08,9161.47,100,1251.61,0.15,0.009201,1,3541.73,9032.68,0.921119,89055.2,-0.234234,-0.081509,-0.03921,9541.63,0.05,0.362565,0.362552
