tmp.site,tmp.area,Lb,X1,Wb,POR,ALPHA,BETA,Ks,Kb,Kz,Qthresh,Rs,Rb1,Rb2,Prec,Frac4Rise,Error,BFF
07239500,3.44909e+10,13410.8,100,653.824,0.15,0.010828,1,8670.3,8360.87,0.986864,103490,-0.102503,-0.066507,-0.105409,24.4657,0.05,63.4226,0.167481
