tmp.site,tmp.area,Lb,X1,Wb,POR,ALPHA,BETA,Ks,Kb,Kz,Qthresh,Rs,Rb1,Rb2,Prec,Frac4Rise,Error,BFF
02091814,1.0101e+10,15481.7,0.658648,6639.61,0.15,0.013755,0.9,5714.21,152.917,1.11672,6.26322e+06,-0.052063,-0.044561,-0.066019,110641,0.05,0.408324,0.633441
