tmp.site,tmp.area,Lb,X1,Wb,POR,ALPHA,BETA,Ks,Kb,Kz,Qthresh,Rs,Rb1,Rb2,Prec,Frac4Rise,Error,BFF
06819185,2.21185e+08,5140.9,100,446.224,0.15,0.018091,1,1464.09,12795,0.974679,2935.89,-0.255413,-0.130232,-0.111171,24.4657,0.05,1.15333,0.190839
