tmp.site,tmp.area,Lb,X1,Wb,POR,ALPHA,BETA,Ks,Kb,Kz,Qthresh,Rs,Rb1,Rb2,Prec,Frac4Rise,Error,BFF
02168504,6.26777e+09,1.21377e+06,42.3858,172.041,0.15,0.007457,0.9,439.987,80703.4,0.990927,738865,-0.030358,-0.063891,-0.086662,62005.9,0.05,0.491675,0.292764
