tmp.site,tmp.area,Lb,X1,Wb,POR,ALPHA,BETA,Ks,Kb,Kz,Qthresh,Rs,Rb1,Rb2,Prec,Frac4Rise,Error,BFF
11418000,2.86971e+09,17618.7,8.99807,10984.1,0.15,0.005035,1.3,625.792,367.681,0.977869,2.44657e+06,-0.019073,-0.036074,-0.029705,48686.8,0.05,0.592714,0.785295
