tmp.site,tmp.area,Lb,X1,Wb,POR,ALPHA,BETA,Ks,Kb,Kz,Qthresh,Rs,Rb1,Rb2,Prec,Frac4Rise,Error,BFF
07103100,4.73968e+06,4275.77,0.053586,31.3717,0.15,0.000507,0.9,611.354,0.191706,0.204149,1321.15,-0.143841,-0.076546,-0.097158,24.4657,0.05,0.767717,0.031312
