tmp.site,tmp.area,Lb,X1,Wb,POR,ALPHA,BETA,Ks,Kb,Kz,Qthresh,Rs,Rb1,Rb2,Prec,Frac4Rise,Error,BFF
412453081395500,2.39056e+07,7014.22,100,130.887,0.15,0.012786,1,514.143,8931.96,0.931057,4819.75,-0.622599,-0.114776,-0.106364,437.936,0.05,0.383781,0.22793
