tmp.site,tmp.area,Lb,X1,Wb,POR,ALPHA,BETA,Ks,Kb,Kz,Qthresh,Rs,Rb1,Rb2,Prec,Frac4Rise,Error,BFF
02087570,3.12353e+09,49496.2,68.8181,1037.38,0.15,0.009313,1.1,3664.81,40210.5,1.10529,271569,-0.105283,-0.074787,-0.066196,23487.1,0.05,0.407863,0.413012
