tmp.site,tmp.area,Lb,X1,Wb,POR,ALPHA,BETA,Ks,Kb,Kz,Qthresh,Rs,Rb1,Rb2,Prec,Frac4Rise,Error,BFF
06887500,1.43175e+11,16099.5,0.684147,5651.64,0.15,0.001743,1.6,1352.08,15.3334,1.03169,2.38785e+06,-0.037657,-0.055453,-0.038528,100309,0.05,0.368329,0.346445
