tmp.site,tmp.area,Lb,X1,Wb,POR,ALPHA,BETA,Ks,Kb,Kz,Qthresh,Rs,Rb1,Rb2,Prec,Frac4Rise,Error,BFF
06724970,1.85443e+08,33569.5,100,65.7763,0.15,0.014536,1,557.932,2043.53,0.929668,7558.19,-0.088023,-0.063781,-0.057187,256.89,0.05,0.418385,0.157147
