tmp.site,tmp.area,Lb,X1,Wb,POR,ALPHA,BETA,Ks,Kb,Kz,Qthresh,Rs,Rb1,Rb2,Prec,Frac4Rise,Error,BFF
06610788,7.87356e+07,5689.83,1008.77,225.786,0.15,0.012919,2.2,614.915,2470.5,0.43383,7853.49,-0.225635,-0.108319,-0.06609,432.016,0.05,0.394673,0.218728
