tmp.site,tmp.area,Lb,X1,Wb,POR,ALPHA,BETA,Ks,Kb,Kz,Qthresh,Rs,Rb1,Rb2,Prec,Frac4Rise,Error,BFF
03413200,1.12405e+08,7900.93,501.413,384.691,0.15,0.012432,1.1,1228.05,49433.9,4.09076,3545.08,-0.284564,-0.116144,-0.048208,315.608,0.05,0.430394,0.261154
