tmp.site,tmp.area,Lb,X1,Wb,POR,ALPHA,BETA,Ks,Kb,Kz,Qthresh,Rs,Rb1,Rb2,Prec,Frac4Rise,Error,BFF
02221525,4.92098e+08,13094,100,653.207,0.15,0.011226,1,1635.78,12153.8,0.917334,3059.93,-0.306329,-0.062521,-0.059774,428.15,0.05,0.389715,0.395296
