tmp.site,tmp.area,Lb,X1,Wb,POR,ALPHA,BETA,Ks,Kb,Kz,Qthresh,Rs,Rb1,Rb2,Prec,Frac4Rise,Error,BFF
03597590,9.24626e+07,6502.91,100,395.684,0.15,0.02092,1,1172.55,19464,1.00408,105692,-0.298684,-0.123818,-0.12437,24.4657,0.05,0.564959,0.241116
