tmp.site,tmp.area,Lb,X1,Wb,POR,ALPHA,BETA,Ks,Kb,Kz,Qthresh,Rs,Rb1,Rb2,Prec,Frac4Rise,Error,BFF
01473169,5.38718e+07,17449.3,100,302.807,0.15,0.009176,1,435.979,5702.23,0.690575,29358.9,-0.655201,-0.045015,-0.028524,2419.66,0.05,0.244946,0.539882
