tmp.site,tmp.area,Lb,X1,Wb,POR,ALPHA,BETA,Ks,Kb,Kz,Qthresh,Rs,Rb1,Rb2,Prec,Frac4Rise,Error,BFF
12305000,3.04065e+10,82323.1,22.5646,15449.5,0.15,0.018676,0.9,10375.4,8809.44,1.23488,2.59337e+07,-0.020622,-0.025713,-0.031467,601857,0.05,0.409957,0.643568
