tmp.site,tmp.area,Lb,X1,Wb,POR,ALPHA,BETA,Ks,Kb,Kz,Qthresh,Rs,Rb1,Rb2,Prec,Frac4Rise,Error,BFF
06883000,2.54855e+09,29293,100,603.621,0.15,0.006922,1,909.862,135.063,0.942408,188386,-0.143583,-0.079608,-0.060643,1883.86,0.05,0.506326,0.322814
