tmp.site,tmp.area,Lb,X1,Wb,POR,ALPHA,BETA,Ks,Kb,Kz,Qthresh,Rs,Rb1,Rb2,Prec,Frac4Rise,Error,BFF
021457492,1.04377e+08,34745.4,57.4493,289.235,0.15,0.054437,1,921.581,9408.6,1.11989,66791.4,-0.397095,-0.061988,-0.074137,105.594,0.05,0.553356,0.288797
