tmp.site,tmp.area,Lb,X1,Wb,POR,ALPHA,BETA,Ks,Kb,Kz,Qthresh,Rs,Rb1,Rb2,Prec,Frac4Rise,Error,BFF
01017960,2.26365e+08,10015.8,100,753.487,0.15,0.021944,1,1102.84,14290,0.969745,347413,-0.138592,-0.060918,-0.05454,707.451,0.05,0.428462,0.444872
