tmp.site,tmp.area,Lb,X1,Wb,POR,ALPHA,BETA,Ks,Kb,Kz,Qthresh,Rs,Rb1,Rb2,Prec,Frac4Rise,Error,BFF
06477150,6.16417e+08,13336.2,96.4976,129.853,0.15,0.010724,1,1295.46,12751.3,0.976074,782.903,-0.143841,-0.090429,-0.090261,24.4657,0.05,0.867963,0.066285
