tmp.site,tmp.area,Lb,X1,Wb,POR,ALPHA,BETA,Ks,Kb,Kz,Qthresh,Rs,Rb1,Rb2,Prec,Frac4Rise,Error,BFF
05079000,1.36492e+10,23089.1,74.1897,2474.2,0.15,0.008729,1,3211.38,3042.57,1.31629,2.78909e+06,-0.106554,-0.032669,-0.032478,3425.2,0.05,0.677358,0.445802
