tmp.site,tmp.area,Lb,X1,Wb,POR,ALPHA,BETA,Ks,Kb,Kz,Qthresh,Rs,Rb1,Rb2,Prec,Frac4Rise,Error,BFF
01333000,1.10333e+08,22386.7,100,353.75,0.15,0.014243,1,495.55,24080,0.935304,20306.5,-0.281948,-0.054174,-0.034358,1247.75,0.05,0.306612,0.502496
