tmp.site,tmp.area,Lb,X1,Wb,POR,ALPHA,BETA,Ks,Kb,Kz,Qthresh,Rs,Rb1,Rb2,Prec,Frac4Rise,Error,BFF
02482470,6.42317e+08,7891.13,100,1388.89,0.15,0.016229,1,3095.19,30910.9,1.21219,35700.4,-0.123252,-0.096263,-0.11632,653.846,0.05,0.500221,0.426639
