tmp.site,tmp.area,Lb,X1,Wb,POR,ALPHA,BETA,Ks,Kb,Kz,Qthresh,Rs,Rb1,Rb2,Prec,Frac4Rise,Error,BFF
12212430,2.33099e+06,2785.24,100,205.245,0.15,0.042445,1,145.907,2680.03,0.371926,8807.66,-0.216818,-0.039319,-0.077371,24.4657,0.05,0.732811,0.519974
