tmp.site,tmp.area,Lb,X1,Wb,POR,ALPHA,BETA,Ks,Kb,Kz,Qthresh,Rs,Rb1,Rb2,Prec,Frac4Rise,Error,BFF
05451210,5.80157e+08,11414.6,100,847.024,0.15,0.016485,1,1290.82,17762.5,0.95021,37677.2,-0.138484,-0.063635,-0.059195,258.382,0.05,0.431961,0.444459
