tmp.site,tmp.area,Lb,X1,Wb,POR,ALPHA,BETA,Ks,Kb,Kz,Qthresh,Rs,Rb1,Rb2,Prec,Frac4Rise,Error,BFF
01044550,5.15408e+08,16767,209.204,924.542,0.15,0.015282,1.3,1806.66,29358.2,0.990508,574944,-0.189635,-0.058202,-0.044266,4061.31,0.05,0.411071,0.458218
