tmp.site,tmp.area,Lb,X1,Wb,POR,ALPHA,BETA,Ks,Kb,Kz,Qthresh,Rs,Rb1,Rb2,Prec,Frac4Rise,Error,BFF
08116650,1.17427e+11,18576.7,100,6859.39,0.15,0.009773,1,24604,15380.1,0.923989,3.20501e+06,-0.114336,-0.050043,-0.061309,45501.3,0.05,0.494783,0.350241
