tmp.site,tmp.area,Lb,X1,Wb,POR,ALPHA,BETA,Ks,Kb,Kz,Qthresh,Rs,Rb1,Rb2,Prec,Frac4Rise,Error,BFF
12143700,4.06628e+06,19520,100,207.363,0.15,0.094122,1,3.78272,5389.54,0.239728,55537.2,-0.107064,-0.017854,-0.028806,48.9314,0.05,0.846001,0.552425
