tmp.site,tmp.area,Lb,X1,Wb,POR,ALPHA,BETA,Ks,Kb,Kz,Qthresh,Rs,Rb1,Rb2,Prec,Frac4Rise,Error,BFF
01572190,4.32528e+08,34113.3,130.337,871.955,0.15,0.009835,2.4,2565.75,18506.9,1.03446,95719.7,-0.267697,-0.067997,-0.037491,6361.09,0.05,0.322698,0.499008
