tmp.site,tmp.area,Lb,X1,Wb,POR,ALPHA,BETA,Ks,Kb,Kz,Qthresh,Rs,Rb1,Rb2,Prec,Frac4Rise,Error,BFF
07141000,1.04895e+09,1521.08,0.092872,63.5073,0.15,0.002349,1,2243.94,0.15941,0.943994,10983.4,-0.162463,-0.120463,-0.170851,24.4657,0.05,4.58667,0.008098
