tmp.site,tmp.area,Lb,X1,Wb,POR,ALPHA,BETA,Ks,Kb,Kz,Qthresh,Rs,Rb1,Rb2,Prec,Frac4Rise,Error,BFF
01018009,1.78191e+07,5329.89,100,209.97,0.15,0.030626,1,233.015,9874.92,0.581238,9663.96,-0.23863,-0.065388,-0.064453,36.6986,0.05,0.44771,0.433385
