tmp.site,tmp.area,Lb,X1,Wb,POR,ALPHA,BETA,Ks,Kb,Kz,Qthresh,Rs,Rb1,Rb2,Prec,Frac4Rise,Error,BFF
01046000,2.33617e+08,30978.9,285.068,506.797,0.15,0.020643,1.1,1265.45,98951.1,1.37828,110096,-0.154701,-0.068186,-0.05625,1177.8,0.05,0.473334,0.353636
