tmp.site,tmp.area,Lb,X1,Wb,POR,ALPHA,BETA,Ks,Kb,Kz,Qthresh,Rs,Rb1,Rb2,Prec,Frac4Rise,Error,BFF
11399500,1.27686e+09,179229,100,556.52,0.15,0.009682,1,97.9113,771.34,0.927566,134561,-0.016589,-0.020208,-0.010709,782.903,0.05,12.5006,0.438291
