tmp.site,tmp.area,Lb,X1,Wb,POR,ALPHA,BETA,Ks,Kb,Kz,Qthresh,Rs,Rb1,Rb2,Prec,Frac4Rise,Error,BFF
02374500,4.55838e+08,16701.3,71.1811,769.113,0.15,0.010836,9.8,1707.95,90.6633,1.19377,223127,-0.255413,-0.057811,-0.037505,12324.6,0.05,0.301526,0.481044
