tmp.site,tmp.area,Lb,X1,Wb,POR,ALPHA,BETA,Ks,Kb,Kz,Qthresh,Rs,Rb1,Rb2,Prec,Frac4Rise,Error,BFF
02344605,9.86785e+07,10531.2,100,307.084,0.15,0.018763,1,753.562,22831.7,0.964069,99575.5,-0.256601,-0.08235,-0.12462,24.4657,0.05,3.60802,0.356783
