tmp.site,tmp.area,Lb,X1,Wb,POR,ALPHA,BETA,Ks,Kb,Kz,Qthresh,Rs,Rb1,Rb2,Prec,Frac4Rise,Error,BFF
08178593,8.23616e+07,3244.31,48.704,29.7604,0.15,0.000727,1,2135.45,37.6991,0.028453,24.4657,-1.15129,-0.002,-0.001,24.4657,0.05,0.191892,0.000241
