tmp.site,tmp.area,Lb,X1,Wb,POR,ALPHA,BETA,Ks,Kb,Kz,Qthresh,Rs,Rb1,Rb2,Prec,Frac4Rise,Error,BFF
14150250,7.71816e+07,13461.7,5150.66,644.151,0.15,0.014907,3.6,704.947,4731.45,0.471269,16675.8,-0.447969,-0.063845,-0.02166,1369,0.05,0.239014,0.366921
