tmp.site,tmp.area,Lb,X1,Wb,POR,ALPHA,BETA,Ks,Kb,Kz,Qthresh,Rs,Rb1,Rb2,Prec,Frac4Rise,Error,BFF
02246500,2.29214e+10,42194.5,29.4475,3047.7,0.15,0.009214,0.9,12804.7,76488.6,3.90111,3.22947e+07,-0.196795,-0.039831,-0.177286,65078.8,0.05,2.56814,0.456288
