tmp.site,tmp.area,Lb,X1,Wb,POR,ALPHA,BETA,Ks,Kb,Kz,Qthresh,Rs,Rb1,Rb2,Prec,Frac4Rise,Error,BFF
02294775,1.02564e+09,11048.1,56.5246,2094.63,0.15,0.026495,0.9,1303.98,8111.06,0.919379,134953,-0.062639,-0.048114,-0.086778,24.4657,0.05,64.3057,0.550727
