tmp.site,tmp.area,Lb,X1,Wb,POR,ALPHA,BETA,Ks,Kb,Kz,Qthresh,Rs,Rb1,Rb2,Prec,Frac4Rise,Error,BFF
0214291555,8.15846e+07,9179.97,100,212.991,0.15,0.012307,1,1553.94,11132.7,0.98187,9835.22,-0.52833,-0.105263,-0.133965,124.653,0.05,0.610945,0.176126
