tmp.site,tmp.area,Lb,X1,Wb,POR,ALPHA,BETA,Ks,Kb,Kz,Qthresh,Rs,Rb1,Rb2,Prec,Frac4Rise,Error,BFF
08155240,2.77129e+08,21696.9,86.0755,462.203,0.15,0.077957,1,1997.67,23197.8,0.9437,24221.1,-0.182817,-0.053587,-0.066959,24.4657,0.05,0.782103,0.225732
