tmp.site,tmp.area,Lb,X1,Wb,POR,ALPHA,BETA,Ks,Kb,Kz,Qthresh,Rs,Rb1,Rb2,Prec,Frac4Rise,Error,BFF
03075825,9.14266e+06,8771.21,100,102.038,0.15,0.023654,1,125.687,19558.3,0.570702,2030.65,-0.158313,-0.086887,-0.058681,34.252,0.05,0.375137,0.418759
