tmp.site,tmp.area,Lb,X1,Wb,POR,ALPHA,BETA,Ks,Kb,Kz,Qthresh,Rs,Rb1,Rb2,Prec,Frac4Rise,Error,BFF
01465200,4.06628e+08,6703.15,100,1018.38,0.15,0.007475,1,3337.69,4823.75,0.896911,94193,-0.498474,-0.10838,-0.042207,9213.54,0.05,0.335057,0.333076
