tmp.site,tmp.area,Lb,X1,Wb,POR,ALPHA,BETA,Ks,Kb,Kz,Qthresh,Rs,Rb1,Rb2,Prec,Frac4Rise,Error,BFF
08197500,1.63428e+09,7117.39,100,22.2267,0.15,0.003348,1,12896.2,34.8741,1.02557,8856.59,-0.313914,-0.144184,-0.307615,24.4657,0.05,0.26556,8e-06
