tmp.site,tmp.area,Lb,X1,Wb,POR,ALPHA,BETA,Ks,Kb,Kz,Qthresh,Rs,Rb1,Rb2,Prec,Frac4Rise,Error,BFF
12350250,5.03494e+09,10013,0.091068,3489.56,0.15,0.005366,1,1141.81,10.9654,0.977619,325639,-0.060127,-0.041945,-0.043746,28380.2,0.05,0.375785,0.506955
