tmp.site,tmp.area,Lb,X1,Wb,POR,ALPHA,BETA,Ks,Kb,Kz,Qthresh,Rs,Rb1,Rb2,Prec,Frac4Rise,Error,BFF
03227500,4.21909e+09,16131,42.6655,1929.69,0.15,0.009789,1.6,7936.73,6783.65,1.70141,344967,-0.158773,-0.111993,-0.062788,16881.3,0.05,0.402295,0.378295
