tmp.site,tmp.area,Lb,X1,Wb,POR,ALPHA,BETA,Ks,Kb,Kz,Qthresh,Rs,Rb1,Rb2,Prec,Frac4Rise,Error,BFF
07257500,6.24187e+08,9737.61,100,1272.03,0.15,0.013828,1,3382.19,22289.2,0.938725,2250.85,-0.168236,-0.094273,-0.082866,24.4657,0.05,28.4559,0.355008
