tmp.site,tmp.area,Lb,X1,Wb,POR,ALPHA,BETA,Ks,Kb,Kz,Qthresh,Rs,Rb1,Rb2,Prec,Frac4Rise,Error,BFF
11194152,6.35583e+09,20509.5,15.6729,222.938,0.15,0.009106,0.9,30662.3,520.593,0.974214,70725.5,-0.565431,-0.120504,-0.184583,24.4657,0.05,308.896,0.187164
