tmp.site,tmp.area,Lb,X1,Wb,POR,ALPHA,BETA,Ks,Kb,Kz,Qthresh,Rs,Rb1,Rb2,Prec,Frac4Rise,Error,BFF
04282795,1.15513e+08,11827.8,100,286.803,0.15,0.017818,1,649.413,20854.3,0.951254,12892.2,-0.242754,-0.089308,-0.064694,335.18,0.05,0.399942,0.357181
