tmp.site,tmp.area,Lb,X1,Wb,POR,ALPHA,BETA,Ks,Kb,Kz,Qthresh,Rs,Rb1,Rb2,Prec,Frac4Rise,Error,BFF
03178000,5.15408e+08,10163,0.573769,875.428,0.15,0.009394,1.3,3095.92,43.0726,0.951378,39145.1,-0.179997,-0.074768,-0.052601,2568.9,0.05,0.335078,0.394485
