tmp.site,tmp.area,Lb,X1,Wb,POR,ALPHA,BETA,Ks,Kb,Kz,Qthresh,Rs,Rb1,Rb2,Prec,Frac4Rise,Error,BFF
11016200,3.39288e+08,2400.64,100,59.3128,0.15,0.000537,1,1348.11,40.8659,1.03754,19466.9,-0.124673,-0.152243,-0.341591,24.4657,0.05,0.272687,5.1e-05
