tmp.site,tmp.area,Lb,X1,Wb,POR,ALPHA,BETA,Ks,Kb,Kz,Qthresh,Rs,Rb1,Rb2,Prec,Frac4Rise,Error,BFF
12214500,8.02896e+07,11619.3,281.687,390.397,0.15,0.015282,1,424.935,12896.2,0.927709,48931.4,-0.165123,-0.046278,-0.044826,2495.5,0.05,0.348578,0.484855
