tmp.site,tmp.area,Lb,X1,Wb,POR,ALPHA,BETA,Ks,Kb,Kz,Qthresh,Rs,Rb1,Rb2,Prec,Frac4Rise,Error,BFF
04108660,5.05048e+09,26257.8,100,3689.52,0.15,0.005453,1,346.756,7507.93,0.982333,3.54753e+06,-0.043636,-0.028653,-0.017879,209847,0.05,0.152035,0.745047
