tmp.site,tmp.area,Lb,X1,Wb,POR,ALPHA,BETA,Ks,Kb,Kz,Qthresh,Rs,Rb1,Rb2,Prec,Frac4Rise,Error,BFF
12035000,7.74406e+08,7675.23,100,3538.46,0.15,0.005736,1,2675.86,2016.89,2.57789,614089,-0.168162,-0.060294,-0.011639,51867.3,0.05,0.282927,0.372578
