tmp.site,tmp.area,Lb,X1,Wb,POR,ALPHA,BETA,Ks,Kb,Kz,Qthresh,Rs,Rb1,Rb2,Prec,Frac4Rise,Error,BFF
01487000,1.95285e+08,33185.2,100,405.078,0.15,0.009157,1,203.271,18137,0.908958,70950.6,-0.202733,-0.029896,-0.018118,3914.51,0.05,0.284388,0.598569
