tmp.site,tmp.area,Lb,X1,Wb,POR,ALPHA,BETA,Ks,Kb,Kz,Qthresh,Rs,Rb1,Rb2,Prec,Frac4Rise,Error,BFF
01049265,1.40196e+10,23595.3,2654.89,5153.93,0.15,0.006216,10.1,1294.46,2114.22,2.5158,5.48032e+06,-0.082545,-0.048168,-0.031628,491761,0.05,0.276873,0.603392
