tmp.site,tmp.area,Lb,X1,Wb,POR,ALPHA,BETA,Ks,Kb,Kz,Qthresh,Rs,Rb1,Rb2,Prec,Frac4Rise,Error,BFF
05074500,5.05048e+09,54163.3,52.8747,3306.74,0.15,0.027296,0.9,184.115,4021.73,1.20201,978629,-0.043745,-0.013946,-0.03512,244.657,0.05,0.941692,0.688232
