tmp.site,tmp.area,Lb,X1,Wb,POR,ALPHA,BETA,Ks,Kb,Kz,Qthresh,Rs,Rb1,Rb2,Prec,Frac4Rise,Error,BFF
02223110,7.53687e+08,12193.2,100,730.85,0.15,0.013538,1,2046.82,14581.6,0.902595,354753,-0.155835,-0.069011,-0.055547,1269.06,0.05,0.399529,0.377479
