tmp.site,tmp.area,Lb,X1,Wb,POR,ALPHA,BETA,Ks,Kb,Kz,Qthresh,Rs,Rb1,Rb2,Prec,Frac4Rise,Error,BFF
12396500,6.44907e+10,14199.7,0.320799,45433.4,0.15,0.007817,0.9,3047.96,55.7445,1.37254,6.21429e+07,-0.032208,-0.025164,-0.032052,1.45816e+06,0.05,0.253796,0.85089
