tmp.site,tmp.area,Lb,X1,Wb,POR,ALPHA,BETA,Ks,Kb,Kz,Qthresh,Rs,Rb1,Rb2,Prec,Frac4Rise,Error,BFF
08159105,4.22168e+06,4218.73,6.65449,11.0649,0.15,0.005378,0.9,1064.95,18.4431,0.824281,1642.63,-0.611036,-0.178855,-0.287351,24.4657,0.05,0.281537,0.000826
