tmp.site,tmp.area,Lb,X1,Wb,POR,ALPHA,BETA,Ks,Kb,Kz,Qthresh,Rs,Rb1,Rb2,Prec,Frac4Rise,Error,BFF
03173000,7.74406e+08,12424,3203.78,1126.14,0.15,0.010303,10.1,1879.15,4390.66,1.07344,134561,-0.143841,-0.07566,-0.031228,8318.34,0.05,0.313814,0.421011
