tmp.site,tmp.area,Lb,X1,Wb,POR,ALPHA,BETA,Ks,Kb,Kz,Qthresh,Rs,Rb1,Rb2,Prec,Frac4Rise,Error,BFF
08189200,2.27401e+08,3614.2,100,143.041,0.15,0.00985,1,1400.08,7300.24,0.92792,99330.8,-0.129566,-0.13679,-0.239531,24.4657,0.05,3.61359,0.013241
