tmp.site,tmp.area,Lb,X1,Wb,POR,ALPHA,BETA,Ks,Kb,Kz,Qthresh,Rs,Rb1,Rb2,Prec,Frac4Rise,Error,BFF
03497300,2.74539e+08,22607.9,379.27,763.609,0.15,0.010885,3.2,1486.03,15617.7,1.65926,63610.9,-0.269129,-0.063643,-0.036339,6777,0.05,0.276395,0.528242
