tmp.site,tmp.area,Lb,X1,Wb,POR,ALPHA,BETA,Ks,Kb,Kz,Qthresh,Rs,Rb1,Rb2,Prec,Frac4Rise,Error,BFF
01036390,1.94638e+10,15334.6,100,8689.68,0.15,0.00891,1,2942.72,10392,2.3086,8.26941e+06,-0.066766,-0.039874,-0.024615,846514,0.05,0.222555,0.653656
