tmp.site,tmp.area,Lb,X1,Wb,POR,ALPHA,BETA,Ks,Kb,Kz,Qthresh,Rs,Rb1,Rb2,Prec,Frac4Rise,Error,BFF
13141500,1.62133e+09,11180.5,16.2845,1228.7,0.15,0.023361,1,709.188,2137.66,1.09266,3205.01,-0.086636,-0.046315,-0.047174,332.734,0.05,0.511972,0.530561
