tmp.site,tmp.area,Lb,X1,Wb,POR,ALPHA,BETA,Ks,Kb,Kz,Qthresh,Rs,Rb1,Rb2,Prec,Frac4Rise,Error,BFF
04292100,1.09038e+07,3671.09,100,234.966,0.15,0.022637,1,391.82,6038.96,0.451777,9296.97,-0.259483,-0.065707,-0.065336,195.726,0.05,0.436173,0.404292
