tmp.site,tmp.area,Lb,X1,Wb,POR,ALPHA,BETA,Ks,Kb,Kz,Qthresh,Rs,Rb1,Rb2,Prec,Frac4Rise,Error,BFF
05593900,1.43744e+08,14753.6,174.19,197.922,0.15,0.010362,1,1029.26,65538.4,1.30504,53824.6,-0.328185,-0.140942,-0.141143,24.4657,0.05,2.2009,0.133188
