tmp.site,tmp.area,Lb,X1,Wb,POR,ALPHA,BETA,Ks,Kb,Kz,Qthresh,Rs,Rb1,Rb2,Prec,Frac4Rise,Error,BFF
02075500,6.7003e+09,118666,210.485,1272.79,0.15,0.003231,2.4,2755.69,26291.3,1.58165,3.66986e+06,-0.099864,-0.06425,-0.046447,123797,0.05,0.23093,0.509778
