tmp.site,tmp.area,Lb,X1,Wb,POR,ALPHA,BETA,Ks,Kb,Kz,Qthresh,Rs,Rb1,Rb2,Prec,Frac4Rise,Error,BFF
08049700,1.62651e+08,7623,27.3172,271.435,0.15,0.00898,1,1712.59,11445.2,1.01094,54959.8,-0.346574,-0.145076,-0.189634,24.4657,0.05,6.06437,0.113006
