tmp.site,tmp.area,Lb,X1,Wb,POR,ALPHA,BETA,Ks,Kb,Kz,Qthresh,Rs,Rb1,Rb2,Prec,Frac4Rise,Error,BFF
11230215,4.76558e+08,697590,100,327.232,0.15,0.01499,1,1467.8,1165.13,0.927736,11009.6,-0.143841,-0.029877,-0.01549,880.766,0.05,0.372873,0.162378
