tmp.site,tmp.area,Lb,X1,Wb,POR,ALPHA,BETA,Ks,Kb,Kz,Qthresh,Rs,Rb1,Rb2,Prec,Frac4Rise,Error,BFF
12091100,1.89846e+07,9005.45,100,254.876,0.15,0.017793,1,259.061,9422.5,0.413063,7584.37,-0.118125,-0.042972,-0.065363,29.3589,0.05,0.633428,0.546864
