tmp.site,tmp.area,Lb,X1,Wb,POR,ALPHA,BETA,Ks,Kb,Kz,Qthresh,Rs,Rb1,Rb2,Prec,Frac4Rise,Error,BFF
02337410,1.72234e+08,12448.3,100,574.908,0.15,0.01092,1,1363.11,10145.2,0.913795,128641,-0.31174,-0.056634,-0.048075,714.154,0.05,0.326709,0.429681
