tmp.site,tmp.area,Lb,X1,Wb,POR,ALPHA,BETA,Ks,Kb,Kz,Qthresh,Rs,Rb1,Rb2,Prec,Frac4Rise,Error,BFF
09484580,3.65188e+07,15877.6,4.00661,9.64396,0.15,0.004532,0.9,1116.18,18.0025,0.14917,293.589,-0.389666,-0.134069,-0.177814,24.4657,0.05,0.284095,0.002165
