tmp.site,tmp.area,Lb,X1,Wb,POR,ALPHA,BETA,Ks,Kb,Kz,Qthresh,Rs,Rb1,Rb2,Prec,Frac4Rise,Error,BFF
04095380,1.53068e+08,15981.9,100,353.359,0.15,0.014969,1,510.851,37690,0.994739,244657,-0.252463,-0.043092,-0.111944,1191.8,0.05,0.725991,0.55634
