tmp.site,tmp.area,Lb,X1,Wb,POR,ALPHA,BETA,Ks,Kb,Kz,Qthresh,Rs,Rb1,Rb2,Prec,Frac4Rise,Error,BFF
03206000,1.44796e+11,4.40294e+06,4.32449,9.85568,0.15,0.01,0.6,18581.3,3.70342e+06,48.4789,1.95324e+07,-0.130986,-0.050823,-0.065643,1.58313e+06,0.05,0.978938,0.005616
