tmp.site,tmp.area,Lb,X1,Wb,POR,ALPHA,BETA,Ks,Kb,Kz,Qthresh,Rs,Rb1,Rb2,Prec,Frac4Rise,Error,BFF
09510200,4.24758e+08,8453.65,216.248,451.474,0.15,0.076676,1,2816.81,19993.6,0.920575,17615.3,-0.202733,-0.079116,-0.077932,24.4657,0.05,6.47261,0.210313
