tmp.site,tmp.area,Lb,X1,Wb,POR,ALPHA,BETA,Ks,Kb,Kz,Qthresh,Rs,Rb1,Rb2,Prec,Frac4Rise,Error,BFF
01034500,1.66329e+10,10245.6,3885.47,16583.1,0.15,0.00425,6.7,1023.14,94.1343,2.57007,1.45082e+07,-0.062106,-0.038545,-0.023241,753544,0.05,0.249296,0.558964
