tmp.site,tmp.area,Lb,X1,Wb,POR,ALPHA,BETA,Ks,Kb,Kz,Qthresh,Rs,Rb1,Rb2,Prec,Frac4Rise,Error,BFF
01660920,2.0694e+08,14631.6,100,480.052,0.15,0.016719,1,1268.39,37802.1,0.992219,224351,-0.279808,-0.065135,-0.149394,24.4657,0.05,5.28555,0.415171
