tmp.site,tmp.area,Lb,X1,Wb,POR,ALPHA,BETA,Ks,Kb,Kz,Qthresh,Rs,Rb1,Rb2,Prec,Frac4Rise,Error,BFF
02298202,9.66066e+08,9760.64,100,1648.25,0.15,0.033141,1,1237.02,17615.3,0.902884,283802,-0.09247,-0.056095,-0.083662,24.4657,0.05,32.1663,0.543663
