tmp.site,tmp.area,Lb,X1,Wb,POR,ALPHA,BETA,Ks,Kb,Kz,Qthresh,Rs,Rb1,Rb2,Prec,Frac4Rise,Error,BFF
10194200,4.24758e+08,201510,17.9863,112.3,0.15,0.016444,0.9,1009.46,1166.88,0.935359,23487.1,-0.098195,-0.028637,-0.03099,1098.85,0.05,0.530931,0.203024
