tmp.site,tmp.area,Lb,X1,Wb,POR,ALPHA,BETA,Ks,Kb,Kz,Qthresh,Rs,Rb1,Rb2,Prec,Frac4Rise,Error,BFF
10147100,4.66198e+07,20784.2,100,192.443,0.15,0.017784,1,134.359,1991.71,0.262795,7780.1,-0.050258,-0.018242,-0.010464,577.978,0.05,0.232884,0.475821
