tmp.site,tmp.area,Lb,X1,Wb,POR,ALPHA,BETA,Ks,Kb,Kz,Qthresh,Rs,Rb1,Rb2,Prec,Frac4Rise,Error,BFF
06903900,1.4219e+09,17295.3,63.5497,852.349,0.15,0.007081,0.9,51.5683,8760.17,0.918731,795136,-0.004248,-0.063645,-0.171714,244.657,0.05,9.59305,0.240741
