tmp.site,tmp.area,Lb,X1,Wb,POR,ALPHA,BETA,Ks,Kb,Kz,Qthresh,Rs,Rb1,Rb2,Prec,Frac4Rise,Error,BFF
01361500,2.48121e+08,8734.63,100,659.137,0.15,0.017065,1,1274.96,16561.2,0.912584,4159.17,-0.220068,-0.073852,-0.063344,97.8629,0.05,0.406261,0.411024
