tmp.site,tmp.area,Lb,X1,Wb,POR,ALPHA,BETA,Ks,Kb,Kz,Qthresh,Rs,Rb1,Rb2,Prec,Frac4Rise,Error,BFF
06428500,8.37343e+09,3574.3,90.7294,2260.17,0.15,0.014556,0.9,3015.69,3198.35,0.049806,217745,-0.126868,-0.051362,-0.067996,244.657,0.05,2.02458,0.340438
