tmp.site,tmp.area,Lb,X1,Wb,POR,ALPHA,BETA,Ks,Kb,Kz,Qthresh,Rs,Rb1,Rb2,Prec,Frac4Rise,Error,BFF
11075800,3.23749e+07,24636.1,100,64.3317,0.15,0.028411,1,74.1413,14150,0.774901,2250.85,-0.153518,-0.06396,-0.056175,24.4657,0.05,3.59901,0.134317
