tmp.site,tmp.area,Lb,X1,Wb,POR,ALPHA,BETA,Ks,Kb,Kz,Qthresh,Rs,Rb1,Rb2,Prec,Frac4Rise,Error,BFF
04087159,4.86918e+07,7352.67,100,170.992,0.15,0.009325,1,673.487,5065.31,0.928285,6116.43,-0.361668,-0.132856,-0.096285,626.322,0.05,0.35728,0.198534
