tmp.site,tmp.area,Lb,X1,Wb,POR,ALPHA,BETA,Ks,Kb,Kz,Qthresh,Rs,Rb1,Rb2,Prec,Frac4Rise,Error,BFF
01472198,9.84195e+07,19305.4,100,298.584,0.15,0.014951,1,545.791,11302,0.955613,26912.3,-0.439637,-0.061473,-0.042011,2152.98,0.05,0.290981,0.447998
