tmp.site,tmp.area,Lb,X1,Wb,POR,ALPHA,BETA,Ks,Kb,Kz,Qthresh,Rs,Rb1,Rb2,Prec,Frac4Rise,Error,BFF
04188100,9.06496e+08,15933.4,58.5738,706.025,0.15,0.006114,2,4063.02,8144.57,1.15322,77761.8,-0.323458,-0.150505,-0.078288,5969.63,0.05,0.384033,0.228931
