tmp.site,tmp.area,Lb,X1,Wb,POR,ALPHA,BETA,Ks,Kb,Kz,Qthresh,Rs,Rb1,Rb2,Prec,Frac4Rise,Error,BFF
02203655,5.82747e+07,3713.8,207.765,360.481,0.15,0.014787,1,1222.07,6011.95,1.07949,35230.6,-0.78914,-0.102878,-0.094732,777.594,0.05,0.379784,0.250934
