tmp.site,tmp.area,Lb,X1,Wb,POR,ALPHA,BETA,Ks,Kb,Kz,Qthresh,Rs,Rb1,Rb2,Prec,Frac4Rise,Error,BFF
06921500,1.69644e+09,6610.1,122.236,1258.12,0.15,0.009055,1,2541.4,7432.83,1.03589,141901,-0.079922,-0.091772,-0.085693,244.657,0.05,1.60709,0.204668
