tmp.site,tmp.area,Lb,X1,Wb,POR,ALPHA,BETA,Ks,Kb,Kz,Qthresh,Rs,Rb1,Rb2,Prec,Frac4Rise,Error,BFF
07065495,7.71816e+08,10463.1,100,1004.29,0.15,0.006339,1,1512.47,4454.94,0.901927,129424,-0.139134,-0.083787,-0.028263,8318.34,0.05,0.362583,0.297391
