tmp.site,tmp.area,Lb,X1,Wb,POR,ALPHA,BETA,Ks,Kb,Kz,Qthresh,Rs,Rb1,Rb2,Prec,Frac4Rise,Error,BFF
10126180,3.98858e+07,13217.9,44.079,683.505,0.15,0.010908,0.8,132.442,2521.75,0.372806,152911,-0.058892,-0.019579,-0.038319,3425.2,0.05,0.343663,0.707915
