tmp.site,tmp.area,Lb,X1,Wb,POR,ALPHA,BETA,Ks,Kb,Kz,Qthresh,Rs,Rb1,Rb2,Prec,Frac4Rise,Error,BFF
11462500,9.37576e+08,17141.4,716.105,1303.28,0.15,0.005005,1.6,539.593,614.401,0.133979,608046,-0.05268,-0.068168,-0.040981,10520.3,0.05,0.419234,0.209633
