tmp.site,tmp.area,Lb,X1,Wb,POR,ALPHA,BETA,Ks,Kb,Kz,Qthresh,Rs,Rb1,Rb2,Prec,Frac4Rise,Error,BFF
02188600,1.86479e+08,8803.9,100,502.775,0.15,0.014939,1,529.24,6884.42,0.957772,106671,-0.205164,-0.05641,-0.047321,1133.2,0.05,0.339189,0.458613
