tmp.site,tmp.area,Lb,X1,Wb,POR,ALPHA,BETA,Ks,Kb,Kz,Qthresh,Rs,Rb1,Rb2,Prec,Frac4Rise,Error,BFF
03586500,4.29938e+08,10593.3,163.979,698.291,0.15,0.015412,1.1,2874.86,20925.5,0.591804,4403.83,-0.346574,-0.107864,-0.07462,244.657,0.05,0.460158,0.246662
