tmp.site,tmp.area,Lb,X1,Wb,POR,ALPHA,BETA,Ks,Kb,Kz,Qthresh,Rs,Rb1,Rb2,Prec,Frac4Rise,Error,BFF
03495005,1.74047e+08,10236.2,100,457.513,0.15,0.013227,1,1326.29,8288.79,0.892733,27401.6,-0.26661,-0.08753,-0.05118,1520.3,0.05,0.343014,0.321101
