tmp.site,tmp.area,Lb,X1,Wb,POR,ALPHA,BETA,Ks,Kb,Kz,Qthresh,Rs,Rb1,Rb2,Prec,Frac4Rise,Error,BFF
14138720,1.31571e+07,22145.5,853.34,59.6597,0.15,0.003693,3.4,10.4208,0.00453,0.002997,33762.7,-0.028138,-0.009222,-0.003685,2935.89,0.05,0.351547,0.527717
