tmp.site,tmp.area,Lb,X1,Wb,POR,ALPHA,BETA,Ks,Kb,Kz,Qthresh,Rs,Rb1,Rb2,Prec,Frac4Rise,Error,BFF
02147020,9.16856e+09,47378.8,58.4471,2275.52,0.15,0.008749,0.9,7264.8,39662.1,1.08042,2.19213e+06,-0.123621,-0.049393,-0.062741,207641,0.05,0.365938,0.52628
