tmp.site,tmp.area,Lb,X1,Wb,POR,ALPHA,BETA,Ks,Kb,Kz,Qthresh,Rs,Rb1,Rb2,Prec,Frac4Rise,Error,BFF
09219200,8.40192e+08,89215,11.7275,287.193,0.15,0.021412,0.9,1256.38,900.756,0.945847,76333,-0.138756,-0.068144,-0.1389,24.4657,0.05,41.6901,0.229808
