tmp.site,tmp.area,Lb,X1,Wb,POR,ALPHA,BETA,Ks,Kb,Kz,Qthresh,Rs,Rb1,Rb2,Prec,Frac4Rise,Error,BFF
11520500,1.79745e+10,9987.67,41.3438,25246.7,0.15,0.004489,4.9,844.542,129.987,0.980022,2.83802e+06,-0.037193,-0.024522,-0.016966,194258,0.05,0.31676,0.86743
