tmp.site,tmp.area,Lb,X1,Wb,POR,ALPHA,BETA,Ks,Kb,Kz,Qthresh,Rs,Rb1,Rb2,Prec,Frac4Rise,Error,BFF
03262001,6.26777e+07,5793.62,100,288.874,0.15,0.021128,1,1391.35,27860.1,0.915128,66057.4,-0.520292,-0.113571,-0.177803,24.4657,0.05,0.911453,0.245413
