tmp.site,tmp.area,Lb,X1,Wb,POR,ALPHA,BETA,Ks,Kb,Kz,Qthresh,Rs,Rb1,Rb2,Prec,Frac4Rise,Error,BFF
01083000,1.13959e+08,10399.6,75.6821,369.971,0.15,0.012331,0.9,146.119,11037.2,0.848539,51378,-0.037054,-0.055114,-0.100759,660.574,0.05,1.30856,0.459444
