tmp.site,tmp.area,Lb,X1,Wb,POR,ALPHA,BETA,Ks,Kb,Kz,Qthresh,Rs,Rb1,Rb2,Prec,Frac4Rise,Error,BFF
08412500,6.4931e+10,14971.6,82.1409,1031.46,0.15,0.007682,0.9,865.408,8000.94,1.04519,288695,-0.019701,-0.054536,-0.145893,24.4657,0.05,36.9473,0.41972
