tmp.site,tmp.area,Lb,X1,Wb,POR,ALPHA,BETA,Ks,Kb,Kz,Qthresh,Rs,Rb1,Rb2,Prec,Frac4Rise,Error,BFF
06099000,2.67287e+09,25454.7,100,610.419,0.15,0.011328,1,612.768,17349.3,0.990298,85630,-0.111572,-0.035862,-0.042648,1688.13,0.05,0.472907,0.518015
