tmp.site,tmp.area,Lb,X1,Wb,POR,ALPHA,BETA,Ks,Kb,Kz,Qthresh,Rs,Rb1,Rb2,Prec,Frac4Rise,Error,BFF
08385630,1.72157e+10,14285.7,100,560.921,0.15,0.005458,1,1635.98,1346.58,0.980253,106915,-0.084783,-0.104095,-0.055298,2666.76,0.05,0.470838,0.245146
