tmp.site,tmp.area,Lb,X1,Wb,POR,ALPHA,BETA,Ks,Kb,Kz,Qthresh,Rs,Rb1,Rb2,Prec,Frac4Rise,Error,BFF
09481000,7.58867e+07,38038.5,38.8651,56.3669,0.15,0.018881,1,646.879,847.396,1.17966,17126,-0.167339,-0.045881,-0.047553,48.9314,0.05,3.40572,0.182871
