tmp.site,tmp.area,Lb,X1,Wb,POR,ALPHA,BETA,Ks,Kb,Kz,Qthresh,Rs,Rb1,Rb2,Prec,Frac4Rise,Error,BFF
02315920,1.11369e+09,6420.15,100,1723.99,0.15,0.025938,1,2991.49,21909.5,0.932433,746204,-0.13541,-0.100807,-0.21844,24.4657,0.05,9.07122,0.390822
