tmp.site,tmp.area,Lb,X1,Wb,POR,ALPHA,BETA,Ks,Kb,Kz,Qthresh,Rs,Rb1,Rb2,Prec,Frac4Rise,Error,BFF
03352988,2.52265e+07,10233,100,58.5164,0.15,0.032346,1,1364.93,30034.5,1.0191,5700.51,-0.458145,-0.11538,-0.15294,24.4657,0.05,0.860035,0.209791
