tmp.site,tmp.area,Lb,X1,Wb,POR,ALPHA,BETA,Ks,Kb,Kz,Qthresh,Rs,Rb1,Rb2,Prec,Frac4Rise,Error,BFF
02138520,1.00041e+09,10913.1,1.36892,1621.7,0.15,0.005965,0.9,329.666,268.375,0.961849,535799,-0.021459,-0.050666,-0.10098,500.079,0.05,6.18318,0.530919
