tmp.site,tmp.area,Lb,X1,Wb,POR,ALPHA,BETA,Ks,Kb,Kz,Qthresh,Rs,Rb1,Rb2,Prec,Frac4Rise,Error,BFF
02153551,4.01448e+09,66347.7,60.2931,1487.67,0.15,0.006586,1.2,4086.41,14091.8,1.13556,1.49241e+06,-0.16701,-0.052314,-0.044405,61812.6,0.05,0.254367,0.544623
