tmp.site,tmp.area,Lb,X1,Wb,POR,ALPHA,BETA,Ks,Kb,Kz,Qthresh,Rs,Rb1,Rb2,Prec,Frac4Rise,Error,BFF
08076180,8.02896e+07,3542.36,367.981,525.494,0.15,0.004334,1.4,600.241,1660.42,0.642829,46240.2,-0.386353,-0.161812,-0.096702,1198.82,0.05,0.360021,0.15924
