tmp.site,tmp.area,Lb,X1,Wb,POR,ALPHA,BETA,Ks,Kb,Kz,Qthresh,Rs,Rb1,Rb2,Prec,Frac4Rise,Error,BFF
0344632850,1.2665e+08,10597.3,100,638.113,0.15,0.009366,1,1463.34,7223.32,0.886208,114010,-0.53208,-0.079326,-0.035452,5544.91,0.05,0.309208,0.436429
