tmp.site,tmp.area,Lb,X1,Wb,POR,ALPHA,BETA,Ks,Kb,Kz,Qthresh,Rs,Rb1,Rb2,Prec,Frac4Rise,Error,BFF
0214265828,2.33099e+06,40488.5,153.951,52.9316,0.15,0.014405,1,240.79,98674.9,0.363707,1467.94,-0.346574,-0.096414,-0.109012,24.4657,0.05,0.777498,0.296138
