tmp.site,tmp.area,Lb,X1,Wb,POR,ALPHA,BETA,Ks,Kb,Kz,Qthresh,Rs,Rb1,Rb2,Prec,Frac4Rise,Error,BFF
07031650,1.8104e+09,5294.34,100,3706.86,0.15,0.006457,1,4189.57,815.011,1.24544,565158,-0.100269,-0.095566,-0.032665,51867.3,0.05,0.279458,0.363643
