tmp.site,tmp.area,Lb,X1,Wb,POR,ALPHA,BETA,Ks,Kb,Kz,Qthresh,Rs,Rb1,Rb2,Prec,Frac4Rise,Error,BFF
05360500,4.81738e+09,27860.3,58.4951,5858.83,0.15,0.00604,1.9,1244.79,11670.9,0.703925,2.47104e+06,-0.079024,-0.039447,-0.031225,104224,0.05,0.236416,0.89884
