tmp.site,tmp.area,Lb,X1,Wb,POR,ALPHA,BETA,Ks,Kb,Kz,Qthresh,Rs,Rb1,Rb2,Prec,Frac4Rise,Error,BFF
03361000,4.76558e+08,9444.18,100,946.738,0.15,0.006346,1,1305.06,4902.99,0.864298,107649,-0.246238,-0.069873,-0.026254,7339.71,0.05,0.298514,0.425004
