tmp.site,tmp.area,Lb,X1,Wb,POR,ALPHA,BETA,Ks,Kb,Kz,Qthresh,Rs,Rb1,Rb2,Prec,Frac4Rise,Error,BFF
02134900,4.32528e+09,12526.9,100,3046.15,0.15,0.009638,1,1377.39,10650.5,0.9685,4.03684e+06,-0.047438,-0.047048,-0.043639,39634.5,0.05,0.427711,0.506228
