tmp.site,tmp.area,Lb,X1,Wb,POR,ALPHA,BETA,Ks,Kb,Kz,Qthresh,Rs,Rb1,Rb2,Prec,Frac4Rise,Error,BFF
07144050,4.49622e+08,5423.85,100,383.045,0.15,0.004572,1,1075.14,4350.13,0.951596,30337.5,-0.183585,-0.136511,-0.097694,24.4657,0.05,11.6975,0.073426
