tmp.site,tmp.area,Lb,X1,Wb,POR,ALPHA,BETA,Ks,Kb,Kz,Qthresh,Rs,Rb1,Rb2,Prec,Frac4Rise,Error,BFF
06895500,1.25848e+12,26142.3,100,50450.9,0.15,0.009631,1,64826.2,3884.32,0.895163,1.17925e+08,-0.076632,-0.023622,-0.029456,2.32424e+06,0.05,0.354004,0.586491
