tmp.site,tmp.area,Lb,X1,Wb,POR,ALPHA,BETA,Ks,Kb,Kz,Qthresh,Rs,Rb1,Rb2,Prec,Frac4Rise,Error,BFF
08354900,6.9334e+10,8295.75,227.981,14304.6,0.15,0.035306,0.9,5457.76,21155.3,0.978887,1.8227e+06,-0.111572,-0.050294,-0.179143,24.4657,0.05,143.194,0.630978
