tmp.site,tmp.area,Lb,X1,Wb,POR,ALPHA,BETA,Ks,Kb,Kz,Qthresh,Rs,Rb1,Rb2,Prec,Frac4Rise,Error,BFF
06807410,1.5773e+09,28625.6,100,955.919,0.15,0.009642,1,1750.72,12737.5,0.95393,236094,-0.159227,-0.034824,-0.035301,3669.86,0.05,0.403623,0.452419
