tmp.site,tmp.area,Lb,X1,Wb,POR,ALPHA,BETA,Ks,Kb,Kz,Qthresh,Rs,Rb1,Rb2,Prec,Frac4Rise,Error,BFF
03015310,8.10925e+09,7781.1,100,7461.93,0.15,0.009273,1,1204.09,8469.3,1.86044,4.18364e+06,-0.031657,-0.049966,-0.058082,303375,0.05,0.308964,0.696308
