tmp.site,tmp.area,Lb,X1,Wb,POR,ALPHA,BETA,Ks,Kb,Kz,Qthresh,Rs,Rb1,Rb2,Prec,Frac4Rise,Error,BFF
01574500,1.95544e+08,38683.2,32.6605,299.503,0.15,0.012275,1.1,553.248,8851.98,1.04488,159027,-0.224475,-0.049344,-0.045988,2422.11,0.05,0.321564,0.495457
