tmp.site,tmp.area,Lb,X1,Wb,POR,ALPHA,BETA,Ks,Kb,Kz,Qthresh,Rs,Rb1,Rb2,Prec,Frac4Rise,Error,BFF
01387905,3.75548e+08,16353.6,100,870.4,0.15,0.013288,1,1953.99,21252.7,0.92621,54950,-0.213629,-0.065143,-0.053214,3767.72,0.05,0.334361,0.459518
