tmp.site,tmp.area,Lb,X1,Wb,POR,ALPHA,BETA,Ks,Kb,Kz,Qthresh,Rs,Rb1,Rb2,Prec,Frac4Rise,Error,BFF
08076500,7.43327e+07,9621.75,39.8468,214.815,0.15,0.010927,1,999.083,4119.95,1.37503,38655.8,-0.432171,-0.117608,-0.12246,244.657,0.05,0.686042,0.173714
