tmp.site,tmp.area,Lb,X1,Wb,POR,ALPHA,BETA,Ks,Kb,Kz,Qthresh,Rs,Rb1,Rb2,Prec,Frac4Rise,Error,BFF
06337200,4.84328e+08,10716,100,98.6927,0.15,0.010731,1,693.66,1144.58,0.86389,4868.68,-0.06704,-0.144335,-0.076141,92.9697,0.05,1.49521,0.12893
