tmp.site,tmp.area,Lb,X1,Wb,POR,ALPHA,BETA,Ks,Kb,Kz,Qthresh,Rs,Rb1,Rb2,Prec,Frac4Rise,Error,BFF
03110000,3.80728e+08,9474.56,100,656.624,0.15,0.018243,1,1384.43,14920.7,0.965717,50154.7,-0.242754,-0.073913,-0.060658,782.903,0.05,0.392419,0.395208
