tmp.site,tmp.area,Lb,X1,Wb,POR,ALPHA,BETA,Ks,Kb,Kz,Qthresh,Rs,Rb1,Rb2,Prec,Frac4Rise,Error,BFF
10251335,8.93546e+07,109186,100,10.7258,0.15,0.012425,1,342.666,716.434,0.025352,366.986,-0.202733,-0.012744,-0.020557,24.4657,0.05,0.595973,0.40231
