tmp.site,tmp.area,Lb,X1,Wb,POR,ALPHA,BETA,Ks,Kb,Kz,Qthresh,Rs,Rb1,Rb2,Prec,Frac4Rise,Error,BFF
06905500,4.84328e+09,7701.92,100,2217.43,0.15,0.011923,1,7820.47,12715.3,1.02483,88076.6,-0.138106,-0.101445,-0.073736,2935.89,0.05,0.534218,0.286543
