tmp.site,tmp.area,Lb,X1,Wb,POR,ALPHA,BETA,Ks,Kb,Kz,Qthresh,Rs,Rb1,Rb2,Prec,Frac4Rise,Error,BFF
09255000,3.91088e+08,15438.9,100,291.276,0.15,0.009692,1,176.541,16980.8,0.923939,54069.2,-0.143841,-0.046162,-0.061726,334.74,0.05,0.565153,0.283114
