tmp.site,tmp.area,Lb,X1,Wb,POR,ALPHA,BETA,Ks,Kb,Kz,Qthresh,Rs,Rb1,Rb2,Prec,Frac4Rise,Error,BFF
07290000,7.28305e+09,5094.15,0.095061,9127.11,0.15,0.012739,1.1,2993.93,10.2093,2.4841,225085,-0.048373,-0.087042,-0.071874,24221.1,0.05,0.564819,0.682063
