tmp.site,tmp.area,Lb,X1,Wb,POR,ALPHA,BETA,Ks,Kb,Kz,Qthresh,Rs,Rb1,Rb2,Prec,Frac4Rise,Error,BFF
04247055,1.28282e+10,28377.7,23.9365,13785.1,0.15,0.010467,0.9,2945.62,13165,1.08691,2.91142e+06,-0.049709,-0.032664,-0.079728,162981,0.05,0.509396,0.885116
