tmp.site,tmp.area,Lb,X1,Wb,POR,ALPHA,BETA,Ks,Kb,Kz,Qthresh,Rs,Rb1,Rb2,Prec,Frac4Rise,Error,BFF
10172952,2.25847e+07,26822.6,100,117.722,0.15,0.011628,1,29.5754,16337.9,0.290968,2446.57,-0.09247,-0.024199,-0.0166,119.882,0.05,0.285181,0.584403
