tmp.site,tmp.area,Lb,X1,Wb,POR,ALPHA,BETA,Ks,Kb,Kz,Qthresh,Rs,Rb1,Rb2,Prec,Frac4Rise,Error,BFF
02313000,4.72673e+09,144967,198.657,2663.65,0.15,0.028445,0.9,361.254,64273,1.00904,1.58538e+06,-0.035378,-0.013109,-0.014964,19976.3,0.05,0.322078,0.612987
