tmp.site,tmp.area,Lb,X1,Wb,POR,ALPHA,BETA,Ks,Kb,Kz,Qthresh,Rs,Rb1,Rb2,Prec,Frac4Rise,Error,BFF
12144500,9.71246e+08,14719.5,441.065,2347.25,0.15,0.010093,1.3,2667.56,8611.71,1.48522,838049,-0.202615,-0.064476,-0.027012,80736.9,0.05,0.281038,0.452958
