tmp.site,tmp.area,Lb,X1,Wb,POR,ALPHA,BETA,Ks,Kb,Kz,Qthresh,Rs,Rb1,Rb2,Prec,Frac4Rise,Error,BFF
02030500,5.85337e+08,13372.5,1.41998,727.335,0.15,0.009172,1.3,2422.76,84.3021,1.38249,303375,-0.323985,-0.072868,-0.05618,2909.46,0.05,0.351275,0.370912
