tmp.site,tmp.area,Lb,X1,Wb,POR,ALPHA,BETA,Ks,Kb,Kz,Qthresh,Rs,Rb1,Rb2,Prec,Frac4Rise,Error,BFF
12096500,1.13441e+09,19092,1637.48,2082.8,0.15,0.006658,10,1606.67,3407.85,1.58011,1.13521e+06,-0.130619,-0.051515,-0.03618,97442.1,0.05,0.23386,0.606317
