tmp.site,tmp.area,Lb,X1,Wb,POR,ALPHA,BETA,Ks,Kb,Kz,Qthresh,Rs,Rb1,Rb2,Prec,Frac4Rise,Error,BFF
03015500,8.31386e+08,22247.4,124.195,939.284,0.15,0.010144,2.1,3358.26,12006.5,1.1575,83183.4,-0.183689,-0.090017,-0.046412,9296.97,0.05,0.377243,0.410031
