tmp.site,tmp.area,Lb,X1,Wb,POR,ALPHA,BETA,Ks,Kb,Kz,Qthresh,Rs,Rb1,Rb2,Prec,Frac4Rise,Error,BFF
04181049,9.99735e+08,8749.28,0.413887,2203.12,0.15,0.009462,1.1,2212.49,168.057,0.946339,72819.8,-0.082424,-0.125821,-0.107322,3033.75,0.05,0.553766,0.710347
