tmp.site,tmp.area,Lb,X1,Wb,POR,ALPHA,BETA,Ks,Kb,Kz,Qthresh,Rs,Rb1,Rb2,Prec,Frac4Rise,Error,BFF
06809210,1.12923e+09,16134,100,905.003,0.15,0.011574,1,1691.05,9443.38,0.942953,176153,-0.187131,-0.04682,-0.035597,2691.23,0.05,0.415004,0.404394
