tmp.site,tmp.area,Lb,X1,Wb,POR,ALPHA,BETA,Ks,Kb,Kz,Qthresh,Rs,Rb1,Rb2,Prec,Frac4Rise,Error,BFF
06466470,2.32322e+08,1.52657e+06,100,128.093,0.15,0.039869,1,1641.46,2542.62,0.759782,34496.7,-0.111572,-0.019282,-0.017094,1736.82,0.05,0.383808,0.380346
