tmp.site,tmp.area,Lb,X1,Wb,POR,ALPHA,BETA,Ks,Kb,Kz,Qthresh,Rs,Rb1,Rb2,Prec,Frac4Rise,Error,BFF
09372000,8.93546e+08,2.3956e+06,0.242136,169.576,0.15,0.072066,0.9,1134.67,7.51208,0.921376,83183.4,-0.143841,-0.039841,-0.078347,220.191,0.05,2.23633,0.345108
