tmp.site,tmp.area,Lb,X1,Wb,POR,ALPHA,BETA,Ks,Kb,Kz,Qthresh,Rs,Rb1,Rb2,Prec,Frac4Rise,Error,BFF
07175500,5.01422e+09,26931.7,0.088628,1085.04,0.15,0.00776,1,3922.69,49.6028,0.959379,34252,-0.091161,-0.100279,-0.120162,1174.35,0.05,0.77464,0.237714
