tmp.site,tmp.area,Lb,X1,Wb,POR,ALPHA,BETA,Ks,Kb,Kz,Qthresh,Rs,Rb1,Rb2,Prec,Frac4Rise,Error,BFF
01495000,1.33643e+08,71646.7,322.29,212.054,0.15,0.006825,4.1,574.177,27376,0.960948,114989,-0.410326,-0.053657,-0.038155,2691.23,0.05,0.287005,0.472654
