tmp.site,tmp.area,Lb,X1,Wb,POR,ALPHA,BETA,Ks,Kb,Kz,Qthresh,Rs,Rb1,Rb2,Prec,Frac4Rise,Error,BFF
11303500,3.50658e+10,31020,100,7148.15,0.15,0.010369,1,4345.91,8367.79,0.979425,4.08577e+06,-0.056435,-0.027423,-0.03179,49083.1,0.05,0.514096,0.571979
