tmp.site,tmp.area,Lb,X1,Wb,POR,ALPHA,BETA,Ks,Kb,Kz,Qthresh,Rs,Rb1,Rb2,Prec,Frac4Rise,Error,BFF
09296800,4.06628e+08,88002.6,559.135,413.916,0.15,0.009815,2.5,283.676,85297,0.926517,94437.7,-0.101281,-0.026733,-0.016979,3180.54,0.05,0.294461,0.631782
