tmp.site,tmp.area,Lb,X1,Wb,POR,ALPHA,BETA,Ks,Kb,Kz,Qthresh,Rs,Rb1,Rb2,Prec,Frac4Rise,Error,BFF
01554000,4.73968e+10,19909.9,410.749,10641,0.15,0.01127,1.2,14490.5,29447.1,12.0462,4.64849e+06,-0.096033,-0.057457,-0.030327,503994,0.05,0.300534,0.508733
