tmp.site,tmp.area,Lb,X1,Wb,POR,ALPHA,BETA,Ks,Kb,Kz,Qthresh,Rs,Rb1,Rb2,Prec,Frac4Rise,Error,BFF
12413040,4.46773e+07,14530.8,100,339.205,0.15,0.010628,1,138.983,4038.27,0.332365,22606.3,-0.143841,-0.026695,-0.011559,2275.31,0.05,0.2423,0.480045
