tmp.site,tmp.area,Lb,X1,Wb,POR,ALPHA,BETA,Ks,Kb,Kz,Qthresh,Rs,Rb1,Rb2,Prec,Frac4Rise,Error,BFF
05587000,2.24811e+09,11589.5,0.199937,982.296,0.15,0.010595,1.1,5356.43,32.2385,2.48836,24465.7,-0.202733,-0.123198,-0.092164,611.643,0.05,0.682798,0.187342
