tmp.site,tmp.area,Lb,X1,Wb,POR,ALPHA,BETA,Ks,Kb,Kz,Qthresh,Rs,Rb1,Rb2,Prec,Frac4Rise,Error,BFF
04172000,7.97716e+08,11372.9,219.52,1330.83,0.15,0.014891,1,223.381,11792.9,0.982091,298482,-0.040348,-0.026067,-0.025649,12232.9,0.05,0.269467,0.693883
