tmp.site,tmp.area,Lb,X1,Wb,POR,ALPHA,BETA,Ks,Kb,Kz,Qthresh,Rs,Rb1,Rb2,Prec,Frac4Rise,Error,BFF
06040800,5.73087e+09,108568,37.1508,324.973,0.15,0.005292,0.9,1114.9,1979.95,0.898276,276463,-0.028108,-0.046717,-0.059179,21358.6,0.05,0.297512,0.211638
