tmp.site,tmp.area,Lb,X1,Wb,POR,ALPHA,BETA,Ks,Kb,Kz,Qthresh,Rs,Rb1,Rb2,Prec,Frac4Rise,Error,BFF
10336780,9.50526e+07,11689.6,523.921,619.429,0.15,0.020762,1,175.669,18136,0.23323,24465.7,-0.111996,-0.017693,-0.01615,1272.22,0.05,0.293412,0.627658
