tmp.site,tmp.area,Lb,X1,Wb,POR,ALPHA,BETA,Ks,Kb,Kz,Qthresh,Rs,Rb1,Rb2,Prec,Frac4Rise,Error,BFF
05595820,1.9917e+08,4207.87,0.291617,500.504,0.15,0.008738,1.4,2479.23,29.0464,1.03519,8929.99,-0.318297,-0.170071,-0.090202,423.257,0.05,0.480421,0.14559
