tmp.site,tmp.area,Lb,X1,Wb,POR,ALPHA,BETA,Ks,Kb,Kz,Qthresh,Rs,Rb1,Rb2,Prec,Frac4Rise,Error,BFF
04111000,1.71198e+09,17620.2,100,1458.16,0.15,0.011767,1,602.739,11664.2,0.929477,308268,-0.057424,-0.031316,-0.036128,17615.3,0.05,0.258178,0.655942
