tmp.site,tmp.area,Lb,X1,Wb,POR,ALPHA,BETA,Ks,Kb,Kz,Qthresh,Rs,Rb1,Rb2,Prec,Frac4Rise,Error,BFF
07344450,2.08494e+08,3690.99,0.364627,547.957,0.15,0.011706,1,4768.84,54.0457,1.11514,139455,-0.339715,-0.155655,-0.175536,24.4657,0.05,1.2152,0.162967
