tmp.site,tmp.area,Lb,X1,Wb,POR,ALPHA,BETA,Ks,Kb,Kz,Qthresh,Rs,Rb1,Rb2,Prec,Frac4Rise,Error,BFF
02106500,1.75083e+09,21382.9,100,1969.97,0.15,0.024762,1,2212,29519.3,0.90532,1.8178e+06,-0.091237,-0.052284,-0.066345,6850.4,0.05,0.443976,0.509886
