tmp.site,tmp.area,Lb,X1,Wb,POR,ALPHA,BETA,Ks,Kb,Kz,Qthresh,Rs,Rb1,Rb2,Prec,Frac4Rise,Error,BFF
01650500,5.43898e+07,16512.6,100,120.271,0.15,0.043206,1,899.378,9426.58,0.939748,38411.2,-0.346574,-0.065658,-0.070231,237.317,0.05,0.512252,0.265606
