tmp.site,tmp.area,Lb,X1,Wb,POR,ALPHA,BETA,Ks,Kb,Kz,Qthresh,Rs,Rb1,Rb2,Prec,Frac4Rise,Error,BFF
06730200,7.95126e+08,20663,100,353.211,0.15,0.019822,1,354.513,26229.5,0.910715,12532.3,-0.105655,-0.045863,-0.056579,863.64,0.05,0.407788,0.505895
