tmp.site,tmp.area,Lb,X1,Wb,POR,ALPHA,BETA,Ks,Kb,Kz,Qthresh,Rs,Rb1,Rb2,Prec,Frac4Rise,Error,BFF
09482000,4.35636e+09,3228.75,100,44.0024,0.15,0.000434,1,81501.8,72.8512,0.959949,39529.3,-0.650661,-0.1917,-0.226176,24.4657,0.05,0.221654,1.3e-05
