tmp.site,tmp.area,Lb,X1,Wb,POR,ALPHA,BETA,Ks,Kb,Kz,Qthresh,Rs,Rb1,Rb2,Prec,Frac4Rise,Error,BFF
04182900,4.98832e+09,7130.05,100,4238.25,0.15,0.012634,1,13116.5,15776.2,1.17086,831834,-0.143841,-0.084319,-0.085558,8425.5,0.05,0.454935,0.422271
