tmp.site,tmp.area,Lb,X1,Wb,POR,ALPHA,BETA,Ks,Kb,Kz,Qthresh,Rs,Rb1,Rb2,Prec,Frac4Rise,Error,BFF
03305000,5.80157e+07,9652.25,11.9254,289.704,0.15,0.022805,1,762.558,4008.73,1.07766,84406.7,-0.304485,-0.120259,-0.128841,24.4657,0.05,0.581465,0.298241
