tmp.site,tmp.area,Lb,X1,Wb,POR,ALPHA,BETA,Ks,Kb,Kz,Qthresh,Rs,Rb1,Rb2,Prec,Frac4Rise,Error,BFF
02467000,3.9847e+10,10397.2,0.614579,14226.8,0.15,0.029287,1,17723.4,95.7822,5.90998,2.39764e+06,-0.111572,-0.066159,-0.066467,259337,0.05,0.403009,0.465584
