tmp.site,tmp.area,Lb,X1,Wb,POR,ALPHA,BETA,Ks,Kb,Kz,Qthresh,Rs,Rb1,Rb2,Prec,Frac4Rise,Error,BFF
04191444,3.96268e+07,5587.98,100,115.504,0.15,0.031863,1,772.396,34241.5,1.00998,17343.3,-0.332173,-0.153646,-0.240989,24.4657,0.05,0.770309,0.19212
