tmp.site,tmp.area,Lb,X1,Wb,POR,ALPHA,BETA,Ks,Kb,Kz,Qthresh,Rs,Rb1,Rb2,Prec,Frac4Rise,Error,BFF
08172000,2.17041e+09,37089.9,8511.28,1358.15,0.15,0.00547,3.9,1457.5,2496.57,0.635659,300928,-0.155077,-0.032551,-0.014379,15413.4,0.05,0.318981,0.390719
