tmp.site,tmp.area,Lb,X1,Wb,POR,ALPHA,BETA,Ks,Kb,Kz,Qthresh,Rs,Rb1,Rb2,Prec,Frac4Rise,Error,BFF
05531500,2.97849e+08,23044.3,34.8454,476.591,0.15,0.010869,1.1,1243.85,11696.9,1.17711,160006,-0.174153,-0.075917,-0.067141,929.697,0.05,0.383419,0.440041
