tmp.site,tmp.area,Lb,X1,Wb,POR,ALPHA,BETA,Ks,Kb,Kz,Qthresh,Rs,Rb1,Rb2,Prec,Frac4Rise,Error,BFF
05551540,4.48586e+09,15528.5,100,2567.33,0.15,0.014912,1,1857.75,13829.6,1.02969,582284,-0.058312,-0.037983,-0.04415,46078.7,0.05,0.309991,0.59114
