tmp.site,tmp.area,Lb,X1,Wb,POR,ALPHA,BETA,Ks,Kb,Kz,Qthresh,Rs,Rb1,Rb2,Prec,Frac4Rise,Error,BFF
01473470,5.28358e+07,8785.81,1137.03,234.985,0.15,0.016096,1,751.709,89849.2,0.209494,3663.5,-0.635128,-0.10617,-0.080729,344.967,0.05,0.395588,0.264694
