tmp.site,tmp.area,Lb,X1,Wb,POR,ALPHA,BETA,Ks,Kb,Kz,Qthresh,Rs,Rb1,Rb2,Prec,Frac4Rise,Error,BFF
0804956950,2.18077e+08,3736.64,4.80014,457.386,0.15,0.008248,1,2691.27,669.857,1.14275,21945.7,-0.517536,-0.146334,-0.155408,57.0785,0.05,0.59665,0.120937
