tmp.site,tmp.area,Lb,X1,Wb,POR,ALPHA,BETA,Ks,Kb,Kz,Qthresh,Rs,Rb1,Rb2,Prec,Frac4Rise,Error,BFF
07233500,2.78683e+09,32035.4,90.2142,24.1997,0.15,5.1e-05,1,0.008544,55.2919,1.25737,15658.1,-0.202733,-0.16578,-0.153148,24.4657,0.05,0.333264,5.5e-05
