tmp.site,tmp.area,Lb,X1,Wb,POR,ALPHA,BETA,Ks,Kb,Kz,Qthresh,Rs,Rb1,Rb2,Prec,Frac4Rise,Error,BFF
11088500,5.59437e+07,11211.3,89.9287,46.3554,0.15,0.030359,1.1,555.102,3985.43,1.1466,8433.82,-0.202733,-0.104872,-0.077814,24.4657,0.05,3.52935,0.090772
