tmp.site,tmp.area,Lb,X1,Wb,POR,ALPHA,BETA,Ks,Kb,Kz,Qthresh,Rs,Rb1,Rb2,Prec,Frac4Rise,Error,BFF
01538000,1.13441e+08,20260.8,100,360.254,0.15,0.013551,1,692.34,23622.6,0.961563,24465.7,-0.280199,-0.057688,-0.041305,1125.42,0.05,0.329901,0.479274
