tmp.site,tmp.area,Lb,X1,Wb,POR,ALPHA,BETA,Ks,Kb,Kz,Qthresh,Rs,Rb1,Rb2,Prec,Frac4Rise,Error,BFF
02397500,2.97849e+08,4554.62,2566.86,2000.78,0.15,0.006479,9.2,928.577,47.6345,0.865291,93948.3,-0.279808,-0.064952,-0.021607,5966.21,0.05,0.261817,0.42721
