tmp.site,tmp.area,Lb,X1,Wb,POR,ALPHA,BETA,Ks,Kb,Kz,Qthresh,Rs,Rb1,Rb2,Prec,Frac4Rise,Error,BFF
01436000,2.39833e+08,5905.94,239.473,1079.08,0.15,0.013146,1,185.95,3226.11,0.387694,15902.7,-0.052711,-0.04544,-0.045697,1076.49,0.05,0.92984,0.380597
