tmp.site,tmp.area,Lb,X1,Wb,POR,ALPHA,BETA,Ks,Kb,Kz,Qthresh,Rs,Rb1,Rb2,Prec,Frac4Rise,Error,BFF
12043000,3.34108e+08,9769.62,100,1369.09,0.15,0.010898,1,2065.42,5327.38,2.62878,136274,-0.236053,-0.077605,-0.021973,11498.9,0.05,0.326291,0.327875
