tmp.site,tmp.area,Lb,X1,Wb,POR,ALPHA,BETA,Ks,Kb,Kz,Qthresh,Rs,Rb1,Rb2,Prec,Frac4Rise,Error,BFF
02297251,3.36698e+08,21637.5,100,530.002,0.15,0.031627,1,267.71,27890.8,0.925407,18368.6,-0.093511,-0.056128,-0.07911,24.4657,0.05,1.2223,0.49502
