tmp.site,tmp.area,Lb,X1,Wb,POR,ALPHA,BETA,Ks,Kb,Kz,Qthresh,Rs,Rb1,Rb2,Prec,Frac4Rise,Error,BFF
03379500,2.92928e+09,28161.2,4.50219,1285.87,0.15,0.013574,1.1,5891.61,3963.53,1.24672,21040.5,-0.140903,-0.144256,-0.110872,489.314,0.05,0.549165,0.288553
