tmp.site,tmp.area,Lb,X1,Wb,POR,ALPHA,BETA,Ks,Kb,Kz,Qthresh,Rs,Rb1,Rb2,Prec,Frac4Rise,Error,BFF
11244000,1.31571e+08,3772.73,753.606,205.586,0.15,0.004216,1.6,142.08,4027.57,0.04578,978.629,-0.090361,-0.065731,-0.027576,51.378,0.05,0.52208,0.03435
