tmp.site,tmp.area,Lb,X1,Wb,POR,ALPHA,BETA,Ks,Kb,Kz,Qthresh,Rs,Rb1,Rb2,Prec,Frac4Rise,Error,BFF
03144000,3.62598e+08,26003.7,122.058,532.272,0.15,0.010265,1.6,2056.99,33536.5,1.12036,24465.7,-0.23873,-0.086648,-0.047426,1223.29,0.05,0.367542,0.392421
