tmp.site,tmp.area,Lb,X1,Wb,POR,ALPHA,BETA,Ks,Kb,Kz,Qthresh,Rs,Rb1,Rb2,Prec,Frac4Rise,Error,BFF
04288295,1.72493e+08,16741.7,1.57777,639.997,0.15,0.011929,1.6,2190.94,149.326,1.1733,55023.4,-0.340197,-0.073961,-0.050076,4159.17,0.05,0.336565,0.453034
