tmp.site,tmp.area,Lb,X1,Wb,POR,ALPHA,BETA,Ks,Kb,Kz,Qthresh,Rs,Rb1,Rb2,Prec,Frac4Rise,Error,BFF
13122000,3.75548e+08,77919.1,79.5296,53.1186,0.15,0.026424,0.9,1635.05,14637.3,0.773205,3975.68,-0.202733,-0.015784,-0.025845,318.054,0.05,0.785095,0.106352
