tmp.site,tmp.area,Lb,X1,Wb,POR,ALPHA,BETA,Ks,Kb,Kz,Qthresh,Rs,Rb1,Rb2,Prec,Frac4Rise,Error,BFF
11477000,8.06263e+09,15738.1,172.038,4457.4,0.15,0.013085,1.1,14105.8,11322.7,6.81023,274016,-0.117596,-0.070488,-0.019736,10275.6,0.05,0.393689,0.273692
