tmp.site,tmp.area,Lb,X1,Wb,POR,ALPHA,BETA,Ks,Kb,Kz,Qthresh,Rs,Rb1,Rb2,Prec,Frac4Rise,Error,BFF
08019500,5.98287e+08,17381.6,66.5359,584.662,0.15,0.011936,1.2,1114.26,14638.3,1.23133,39145.1,-0.097269,-0.07823,-0.059323,1076.49,0.05,0.460664,0.409303
