tmp.site,tmp.area,Lb,X1,Wb,POR,ALPHA,BETA,Ks,Kb,Kz,Qthresh,Rs,Rb1,Rb2,Prec,Frac4Rise,Error,BFF
13147900,6.42317e+08,25442.8,212.321,1190.92,0.15,0.009498,1.6,9.03384,39278.9,1.60114,156581,-0.084889,-0.027368,-0.020083,4257.03,0.05,0.246408,0.846151
