tmp.site,tmp.area,Lb,X1,Wb,POR,ALPHA,BETA,Ks,Kb,Kz,Qthresh,Rs,Rb1,Rb2,Prec,Frac4Rise,Error,BFF
09146200,3.85908e+08,58009.8,100,250.819,0.15,0.010316,1,295.128,5847.45,0.925724,110172,-0.091161,-0.02586,-0.014905,8318.34,0.05,0.287168,0.346608
