tmp.site,tmp.area,Lb,X1,Wb,POR,ALPHA,BETA,Ks,Kb,Kz,Qthresh,Rs,Rb1,Rb2,Prec,Frac4Rise,Error,BFF
07015720,3.49648e+08,7837.18,0.294464,624.46,0.15,0.013315,1.1,2642.15,62.9002,2.45466,9541.63,-0.249331,-0.136302,-0.098837,24.4657,0.05,0.997599,0.200718
