tmp.site,tmp.area,Lb,X1,Wb,POR,ALPHA,BETA,Ks,Kb,Kz,Qthresh,Rs,Rb1,Rb2,Prec,Frac4Rise,Error,BFF
03118000,1.11628e+08,4281.32,351.746,494.036,0.15,0.014159,1.1,1089.94,10696.3,0.852467,16392,-0.242754,-0.072216,-0.055626,362.093,0.05,0.385927,0.357903
