tmp.site,tmp.area,Lb,X1,Wb,POR,ALPHA,BETA,Ks,Kb,Kz,Qthresh,Rs,Rb1,Rb2,Prec,Frac4Rise,Error,BFF
07228500,6.39675e+10,7840.4,100,1150.76,0.15,0.007007,1,3350.91,10772.8,0.902553,846514,-0.164252,-0.079352,-0.120246,24.4657,0.05,31.0339,0.237826
