tmp.site,tmp.area,Lb,X1,Wb,POR,ALPHA,BETA,Ks,Kb,Kz,Qthresh,Rs,Rb1,Rb2,Prec,Frac4Rise,Error,BFF
02336410,9.76426e+07,23052.8,29.8519,208.015,0.15,0.010889,1,2069.13,8309.71,0.815764,128690,-0.606542,-0.100181,-0.110412,726.093,0.05,0.429394,0.229296
