tmp.site,tmp.area,Lb,X1,Wb,POR,ALPHA,BETA,Ks,Kb,Kz,Qthresh,Rs,Rb1,Rb2,Prec,Frac4Rise,Error,BFF
01169900,6.24187e+07,16672.5,100,296.16,0.15,0.015943,1,548.406,18911.1,0.941206,8318.34,-0.346574,-0.058131,-0.044826,880.766,0.05,0.355239,0.439889
