tmp.site,tmp.area,Lb,X1,Wb,POR,ALPHA,BETA,Ks,Kb,Kz,Qthresh,Rs,Rb1,Rb2,Prec,Frac4Rise,Error,BFF
14369500,1.80781e+09,4650.36,64.2153,3369.49,0.15,0.007721,1,2382.82,505.382,1.12639,973735,-0.098449,-0.041462,-0.039032,1712.6,0.05,1.26555,0.396556
