tmp.site,tmp.area,Lb,X1,Wb,POR,ALPHA,BETA,Ks,Kb,Kz,Qthresh,Rs,Rb1,Rb2,Prec,Frac4Rise,Error,BFF
11023340,1.09038e+08,9114.25,100,91.008,0.15,0.029354,1,1135.22,2244.9,0.983756,8318.34,-0.202733,-0.10097,-0.057542,24.4657,0.05,0.872193,0.122076
