tmp.site,tmp.area,Lb,X1,Wb,POR,ALPHA,BETA,Ks,Kb,Kz,Qthresh,Rs,Rb1,Rb2,Prec,Frac4Rise,Error,BFF
02368500,3.18569e+08,14162.9,100,792.552,0.15,0.010608,1,1229.59,6734.01,0.949798,104224,-0.282047,-0.054214,-0.028157,10030,0.05,0.28732,0.492978
