tmp.site,tmp.area,Lb,X1,Wb,POR,ALPHA,BETA,Ks,Kb,Kz,Qthresh,Rs,Rb1,Rb2,Prec,Frac4Rise,Error,BFF
09504420,6.03467e+08,2028.9,7.28727,12387,0.15,0.002177,0.8,8385.68,1.271,0.858764,75354.4,-0.153124,-0.110168,-0.015103,5627.11,0.05,0.189163,0.331028
