tmp.site,tmp.area,Lb,X1,Wb,POR,ALPHA,BETA,Ks,Kb,Kz,Qthresh,Rs,Rb1,Rb2,Prec,Frac4Rise,Error,BFF
08059000,4.92098e+08,5807.92,100,727.656,0.15,0.026146,1,1528.73,15605.8,0.921026,146794,-0.301339,-0.100358,-0.125108,24.4657,0.05,1.44499,0.254823
