tmp.site,tmp.area,Lb,X1,Wb,POR,ALPHA,BETA,Ks,Kb,Kz,Qthresh,Rs,Rb1,Rb2,Prec,Frac4Rise,Error,BFF
03601600,4.41593e+09,15394.4,0.18384,2836.28,0.15,0.013634,1.8,10559.7,8.06969,2.0189,526013,-0.158755,-0.091952,-0.052093,48442.1,0.05,0.390237,0.361634
