tmp.site,tmp.area,Lb,X1,Wb,POR,ALPHA,BETA,Ks,Kb,Kz,Qthresh,Rs,Rb1,Rb2,Prec,Frac4Rise,Error,BFF
08063048,1.70421e+08,16169.7,100,276.999,0.15,0.034432,1,1311.08,20957.2,0.938946,51490.5,-0.27466,-0.084321,-0.139801,24.4657,0.05,7.48877,0.238823
