tmp.site,tmp.area,Lb,X1,Wb,POR,ALPHA,BETA,Ks,Kb,Kz,Qthresh,Rs,Rb1,Rb2,Prec,Frac4Rise,Error,BFF
02336106,8.18436e+07,26763.8,154.377,168.354,0.15,0.009823,1.1,6768.55,35480.6,1.32655,13053.9,-0.60038,-0.120276,-0.1045,946.823,0.05,0.406841,0.22225
