tmp.site,tmp.area,Lb,X1,Wb,POR,ALPHA,BETA,Ks,Kb,Kz,Qthresh,Rs,Rb1,Rb2,Prec,Frac4Rise,Error,BFF
09260050,2.05412e+10,14004.2,0.154169,4329.53,0.15,0.009437,1,4934.49,26.2531,1.2286,924804,-0.079322,-0.03906,-0.044832,12778.9,0.05,0.464937,0.60148
