tmp.site,tmp.area,Lb,X1,Wb,POR,ALPHA,BETA,Ks,Kb,Kz,Qthresh,Rs,Rb1,Rb2,Prec,Frac4Rise,Error,BFF
14159110,1.36223e+09,222281,117244,3366.93,0.15,0.014734,10.1,386.714,6566.79,0.127814,3.27841e+06,-0.081343,-0.016222,-0.003545,327841,0.05,0.134863,0.739286
