tmp.site,tmp.area,Lb,X1,Wb,POR,ALPHA,BETA,Ks,Kb,Kz,Qthresh,Rs,Rb1,Rb2,Prec,Frac4Rise,Error,BFF
08117855,2.52524e+08,4558.63,134.988,346.716,0.15,0.011864,1.1,1625.55,20287,0.997953,1459.38,-0.214316,-0.198112,-0.131034,24.4657,0.05,0.571715,0.092196
