tmp.site,tmp.area,Lb,X1,Wb,POR,ALPHA,BETA,Ks,Kb,Kz,Qthresh,Rs,Rb1,Rb2,Prec,Frac4Rise,Error,BFF
03216070,1.57536e+11,4.59256e+06,4.33365,9.25211,0.15,0.01,0.6,28305.7,3.98872e+06,50.3536,1.70526e+08,-0.197596,-0.052452,-0.066624,1.64424e+06,0.05,0.978757,0.006234
