tmp.site,tmp.area,Lb,X1,Wb,POR,ALPHA,BETA,Ks,Kb,Kz,Qthresh,Rs,Rb1,Rb2,Prec,Frac4Rise,Error,BFF
10131000,6.47497e+08,49641.1,27.8444,188.312,0.15,0.015609,0.9,1494.66,1113.48,1.1336,88076.6,-0.131182,-0.035202,-0.04058,680.416,0.05,0.583959,0.20716
