tmp.site,tmp.area,Lb,X1,Wb,POR,ALPHA,BETA,Ks,Kb,Kz,Qthresh,Rs,Rb1,Rb2,Prec,Frac4Rise,Error,BFF
03291500,1.13182e+09,14567.2,29.4678,1369.13,0.15,0.01234,1,6743.13,19784.6,0.319321,1.25509e+06,-0.303884,-0.140209,-0.150966,24.4657,0.05,0.694048,0.256193
