tmp.site,tmp.area,Lb,X1,Wb,POR,ALPHA,BETA,Ks,Kb,Kz,Qthresh,Rs,Rb1,Rb2,Prec,Frac4Rise,Error,BFF
06309000,1.25065e+11,8877.93,45.0156,21911.9,0.15,0.007197,0.9,5771.8,700.006,1.02862,2.22393e+07,-0.05577,-0.02574,-0.028739,551604,0.05,0.326956,0.505967
