tmp.site,tmp.area,Lb,X1,Wb,POR,ALPHA,BETA,Ks,Kb,Kz,Qthresh,Rs,Rb1,Rb2,Prec,Frac4Rise,Error,BFF
05128400,5.69797e+07,5892.17,195.418,332.045,0.15,0.010457,1,71.2737,487.739,0.08367,17356,-0.053101,-0.046839,-0.048934,182.025,0.05,0.899671,0.279135
