tmp.site,tmp.area,Lb,X1,Wb,POR,ALPHA,BETA,Ks,Kb,Kz,Qthresh,Rs,Rb1,Rb2,Prec,Frac4Rise,Error,BFF
05418400,1.30794e+09,6396.59,100,2461.85,0.15,0.007643,1,727.695,833.081,0.974657,555372,-0.125712,-0.040482,-0.022626,25537.3,0.05,0.27446,0.513042
