tmp.site,tmp.area,Lb,X1,Wb,POR,ALPHA,BETA,Ks,Kb,Kz,Qthresh,Rs,Rb1,Rb2,Prec,Frac4Rise,Error,BFF
01031300,2.97849e+08,26372.7,39.7739,635.32,0.15,0.016956,1.3,1493.02,13699.3,1.13309,184961,-0.165876,-0.073158,-0.049813,1149.79,0.05,0.433267,0.429104
