tmp.site,tmp.area,Lb,X1,Wb,POR,ALPHA,BETA,Ks,Kb,Kz,Qthresh,Rs,Rb1,Rb2,Prec,Frac4Rise,Error,BFF
0423205010,3.67778e+08,9054.49,100,678.345,0.15,0.007609,1,1039.5,6414.34,0.932325,122062,-0.242754,-0.066601,-0.038222,8073.69,0.05,0.2819,0.478558
