tmp.site,tmp.area,Lb,X1,Wb,POR,ALPHA,BETA,Ks,Kb,Kz,Qthresh,Rs,Rb1,Rb2,Prec,Frac4Rise,Error,BFF
01154950,1.93213e+08,10804.1,100,566.792,0.15,0.019673,1,1056.62,17993.7,1.01252,9248.04,-0.268559,-0.069085,-0.063853,1041.21,0.05,0.374403,0.449415
