tmp.site,tmp.area,Lb,X1,Wb,POR,ALPHA,BETA,Ks,Kb,Kz,Qthresh,Rs,Rb1,Rb2,Prec,Frac4Rise,Error,BFF
07061270,1.35197e+08,16693,57.1264,325.017,0.15,0.009715,1.7,587.88,12106.5,1.24038,18618.4,-0.158266,-0.111908,-0.051702,264.23,0.05,0.369477,0.265078
