tmp.site,tmp.area,Lb,X1,Wb,POR,ALPHA,BETA,Ks,Kb,Kz,Qthresh,Rs,Rb1,Rb2,Prec,Frac4Rise,Error,BFF
04125460,6.34547e+08,43638.3,120.68,1589.44,0.15,0.020333,0.8,255.771,1401.46,1.31817,540692,-0.106241,-0.025517,-0.010545,46240.2,0.05,0.143019,0.732222
