tmp.site,tmp.area,Lb,X1,Wb,POR,ALPHA,BETA,Ks,Kb,Kz,Qthresh,Rs,Rb1,Rb2,Prec,Frac4Rise,Error,BFF
12114500,6.57857e+07,11704.9,1824.98,843.968,0.15,0.006766,1.5,116.05,32109.9,3.04147,41591.7,-0.143841,-0.057879,-0.01478,3914.51,0.05,0.262626,0.462137
