tmp.site,tmp.area,Lb,X1,Wb,POR,ALPHA,BETA,Ks,Kb,Kz,Qthresh,Rs,Rb1,Rb2,Prec,Frac4Rise,Error,BFF
07108900,1.22765e+09,50686,100,147.086,0.15,0.016477,1,2050.61,1286.41,0.950192,26912.3,-0.094621,-0.055497,-0.052227,540.692,0.05,0.479737,0.180491
