tmp.site,tmp.area,Lb,X1,Wb,POR,ALPHA,BETA,Ks,Kb,Kz,Qthresh,Rs,Rb1,Rb2,Prec,Frac4Rise,Error,BFF
06329500,1.78966e+11,6503.15,29.3902,26590.1,0.15,0.003831,0.9,9247.47,355.385,1.09102,2.6423e+07,-0.066766,-0.028582,-0.03324,450169,0.05,0.387296,0.47495
