tmp.site,tmp.area,Lb,X1,Wb,POR,ALPHA,BETA,Ks,Kb,Kz,Qthresh,Rs,Rb1,Rb2,Prec,Frac4Rise,Error,BFF
11525500,1.8622e+09,30651.5,23.6525,1488.41,0.15,0.008045,3.5,406.213,0.832871,0.386191,1.23307e+06,-0.03097,-0.036014,-0.019932,18349.3,0.05,1.34229,0.325288
