tmp.site,tmp.area,Lb,X1,Wb,POR,ALPHA,BETA,Ks,Kb,Kz,Qthresh,Rs,Rb1,Rb2,Prec,Frac4Rise,Error,BFF
07106000,1.74047e+09,12549.8,14.4866,617.674,0.15,0.008107,0.9,1380.01,1115.45,1.07076,318054,-0.168575,-0.047698,-0.077809,489.314,0.05,0.874692,0.426362
