tmp.site,tmp.area,Lb,X1,Wb,POR,ALPHA,BETA,Ks,Kb,Kz,Qthresh,Rs,Rb1,Rb2,Prec,Frac4Rise,Error,BFF
01648000,1.61097e+08,13383.5,100,319.38,0.15,0.012279,1,1040.83,16354.2,0.925338,75843.7,-0.458145,-0.072439,-0.075256,890.405,0.05,0.413767,0.352784
