tmp.site,tmp.area,Lb,X1,Wb,POR,ALPHA,BETA,Ks,Kb,Kz,Qthresh,Rs,Rb1,Rb2,Prec,Frac4Rise,Error,BFF
06279940,1.81299e+09,17326,100,1773.99,0.15,0.010517,1,1060.62,9945.68,0.974722,244657,-0.091161,-0.027595,-0.02293,23976.4,0.05,0.257452,0.567741
