tmp.site,tmp.area,Lb,X1,Wb,POR,ALPHA,BETA,Ks,Kb,Kz,Qthresh,Rs,Rb1,Rb2,Prec,Frac4Rise,Error,BFF
13341050,2.06577e+10,8190.26,0.079987,25835.4,0.15,0.008645,0.9,2975.42,10.9315,2.46991,7.87796e+06,-0.043445,-0.030615,-0.0402,580156,0.05,0.32879,0.877912
