tmp.site,tmp.area,Lb,X1,Wb,POR,ALPHA,BETA,Ks,Kb,Kz,Qthresh,Rs,Rb1,Rb2,Prec,Frac4Rise,Error,BFF
08095000,2.50711e+09,21104.8,32.1515,545.928,0.15,0.006828,1,1881.1,10983.6,1.07255,58228.4,-0.183064,-0.084986,-0.106764,24.4657,0.05,5.32911,0.154054
