tmp.site,tmp.area,Lb,X1,Wb,POR,ALPHA,BETA,Ks,Kb,Kz,Qthresh,Rs,Rb1,Rb2,Prec,Frac4Rise,Error,BFF
07379960,3.91347e+07,39776.7,39.125,77.9996,0.15,0.009018,1,1146.33,39121.6,1.4699,6556.81,-0.365195,-0.131054,-0.142206,168.716,0.05,0.474641,0.132625
