tmp.site,tmp.area,Lb,X1,Wb,POR,ALPHA,BETA,Ks,Kb,Kz,Qthresh,Rs,Rb1,Rb2,Prec,Frac4Rise,Error,BFF
08202700,4.35118e+08,465955,0.295943,7.78193,0.15,0.000659,0.9,296.97,5.2237,1.06226,8807.66,-1.04186,-0.25312,-0.449331,24.4657,0.05,0.230856,1.1e-05
