tmp.site,tmp.area,Lb,X1,Wb,POR,ALPHA,BETA,Ks,Kb,Kz,Qthresh,Rs,Rb1,Rb2,Prec,Frac4Rise,Error,BFF
04043238,1.74565e+07,12240.6,100,243.982,0.15,0.010271,1,138.976,528.318,0.203304,14239,-0.136792,-0.02564,-0.016427,847.541,0.05,0.17925,0.680946
