tmp.site,tmp.area,Lb,X1,Wb,POR,ALPHA,BETA,Ks,Kb,Kz,Qthresh,Rs,Rb1,Rb2,Prec,Frac4Rise,Error,BFF
02473460,2.64179e+08,6343.7,100,525.649,0.15,0.008795,1,2975.33,9655.27,0.939761,4194.89,-0.32665,-0.161417,-0.075657,473.558,0.05,0.451532,0.139939
