tmp.site,tmp.area,Lb,X1,Wb,POR,ALPHA,BETA,Ks,Kb,Kz,Qthresh,Rs,Rb1,Rb2,Prec,Frac4Rise,Error,BFF
12137290,3.00439e+07,5439.64,433.838,532.108,0.15,0.015842,1.1,874.574,15917.1,6.44044,17052.6,-0.29437,-0.099949,-0.041431,1466.77,0.05,0.385081,0.304048
