tmp.site,tmp.area,Lb,X1,Wb,POR,ALPHA,BETA,Ks,Kb,Kz,Qthresh,Rs,Rb1,Rb2,Prec,Frac4Rise,Error,BFF
07172000,1.15254e+09,14788.5,46.1288,910.297,0.15,0.011425,1,3073.46,14363.5,1.15637,88076.6,-0.187013,-0.088431,-0.101796,24.4657,0.05,3.18218,0.27428
