tmp.site,tmp.area,Lb,X1,Wb,POR,ALPHA,BETA,Ks,Kb,Kz,Qthresh,Rs,Rb1,Rb2,Prec,Frac4Rise,Error,BFF
01208171,4.50658e+08,10729.8,100,1023.89,0.15,0.011386,1,3656.09,13970.3,0.898957,106971,-0.278538,-0.073771,-0.063971,3180.54,0.05,0.368029,0.393063
