tmp.site,tmp.area,Lb,X1,Wb,POR,ALPHA,BETA,Ks,Kb,Kz,Qthresh,Rs,Rb1,Rb2,Prec,Frac4Rise,Error,BFF
04124200,2.63661e+09,376810,108092,1561.75,0.15,0.012501,10.1,196.327,1583.67,0.857758,2.32424e+06,-0.050286,-0.015362,-0.011928,200619,0.05,0.103269,0.820958
