tmp.site,tmp.area,Lb,X1,Wb,POR,ALPHA,BETA,Ks,Kb,Kz,Qthresh,Rs,Rb1,Rb2,Prec,Frac4Rise,Error,BFF
05061500,1.17585e+09,6374.29,171.55,684.537,0.15,0.009765,1,881.814,11243.7,0.891525,26912.3,-0.10382,-0.074828,-0.072607,24.4657,0.05,4.27834,0.255386
