tmp.site,tmp.area,Lb,X1,Wb,POR,ALPHA,BETA,Ks,Kb,Kz,Qthresh,Rs,Rb1,Rb2,Prec,Frac4Rise,Error,BFF
07231500,7.10097e+10,8256.31,0.031116,3266.67,0.15,0.006479,1,20034.4,6.3388,1.04459,1.22818e+06,-0.198606,-0.091172,-0.126135,73.3971,0.05,1.89526,0.298223
