tmp.site,tmp.area,Lb,X1,Wb,POR,ALPHA,BETA,Ks,Kb,Kz,Qthresh,Rs,Rb1,Rb2,Prec,Frac4Rise,Error,BFF
05594450,3.98858e+08,7828.11,27.612,477.431,0.15,0.009037,1,3134.55,5337.64,1.76044,21285.2,-0.27435,-0.134283,-0.15711,34.252,0.05,1.01596,0.150196
