tmp.site,tmp.area,Lb,X1,Wb,POR,ALPHA,BETA,Ks,Kb,Kz,Qthresh,Rs,Rb1,Rb2,Prec,Frac4Rise,Error,BFF
14093000,2.69359e+08,57444.5,100,491.541,0.15,0.005347,1,313.452,14974.7,0.995188,83183.4,-0.097583,-0.028178,-0.011486,8465.14,0.05,0.262653,0.635391
