tmp.site,tmp.area,Lb,X1,Wb,POR,ALPHA,BETA,Ks,Kb,Kz,Qthresh,Rs,Rb1,Rb2,Prec,Frac4Rise,Error,BFF
01613900,4.11808e+07,20514.4,100,95.5474,0.15,0.030075,1,608.09,14088.8,0.934649,4177.52,-0.232223,-0.092413,-0.053181,122.329,0.05,0.523672,0.224763
