tmp.site,tmp.area,Lb,X1,Wb,POR,ALPHA,BETA,Ks,Kb,Kz,Qthresh,Rs,Rb1,Rb2,Prec,Frac4Rise,Error,BFF
05401034,6.60447e+07,35397.5,32.8565,290.878,0.15,0.005882,0.9,68.9959,4186.82,0.257559,27156.9,-0.179142,-0.0153,-0.02237,274.016,0.05,0.292492,0.708107
