tmp.site,tmp.area,Lb,X1,Wb,POR,ALPHA,BETA,Ks,Kb,Kz,Qthresh,Rs,Rb1,Rb2,Prec,Frac4Rise,Error,BFF
05582000,4.67234e+09,18681.6,1.47249,2589.25,0.15,0.009583,2,4798.68,74.2282,1.0348,176153,-0.131242,-0.053101,-0.028405,18349.3,0.05,0.353733,0.530579
