tmp.site,tmp.area,Lb,X1,Wb,POR,ALPHA,BETA,Ks,Kb,Kz,Qthresh,Rs,Rb1,Rb2,Prec,Frac4Rise,Error,BFF
01398107,2.33099e+07,10879.1,100,115.1,0.15,0.025508,1,137.519,15113.5,0.916629,1481.64,-0.255413,-0.089834,-0.059,163.92,0.05,0.379847,0.318727
