tmp.site,tmp.area,Lb,X1,Wb,POR,ALPHA,BETA,Ks,Kb,Kz,Qthresh,Rs,Rb1,Rb2,Prec,Frac4Rise,Error,BFF
08098300,5.95697e+07,1360.83,100,14.2311,0.15,0.006677,1,36754.8,30.0507,0.922087,3425.2,-0.584496,-0.180924,-0.378532,24.4657,0.05,0.388648,6.5e-05
