tmp.site,tmp.area,Lb,X1,Wb,POR,ALPHA,BETA,Ks,Kb,Kz,Qthresh,Rs,Rb1,Rb2,Prec,Frac4Rise,Error,BFF
06890900,2.95518e+09,7618.13,100,2102.77,0.15,0.008891,1,119.332,6866.64,0.919832,1.29424e+06,-0.005071,-0.092056,-0.120359,1046.15,0.05,7.5586,0.317089
