tmp.site,tmp.area,Lb,X1,Wb,POR,ALPHA,BETA,Ks,Kb,Kz,Qthresh,Rs,Rb1,Rb2,Prec,Frac4Rise,Error,BFF
01468500,3.44468e+08,14552,6927.7,1390.92,0.15,0.011765,10.1,841.243,3694.43,0.796296,150219,-0.189078,-0.043668,-0.024767,11890.3,0.05,0.247911,0.584429
