tmp.site,tmp.area,Lb,X1,Wb,POR,ALPHA,BETA,Ks,Kb,Kz,Qthresh,Rs,Rb1,Rb2,Prec,Frac4Rise,Error,BFF
02376115,7.20017e+07,24605.6,100,334.819,0.15,0.010611,1,559.96,4006.69,0.934531,51622.7,-0.239874,-0.059387,-0.044436,4868.68,0.05,0.293447,0.448237
