tmp.site,tmp.area,Lb,X1,Wb,POR,ALPHA,BETA,Ks,Kb,Kz,Qthresh,Rs,Rb1,Rb2,Prec,Frac4Rise,Error,BFF
02220900,6.78577e+08,19831,30.5673,708.6,0.15,0.010016,1,2606.9,5945.33,0.833774,313161,-0.25712,-0.065114,-0.066315,634.298,0.05,0.420122,0.375569
