tmp.site,tmp.area,Lb,X1,Wb,POR,ALPHA,BETA,Ks,Kb,Kz,Qthresh,Rs,Rb1,Rb2,Prec,Frac4Rise,Error,BFF
01464290,6.08647e+07,12810.5,100,206.503,0.15,0.020902,1,383.56,14130.6,0.937871,7364.18,-0.169781,-0.065695,-0.082593,603.936,0.05,0.339451,0.422469
