tmp.site,tmp.area,Lb,X1,Wb,POR,ALPHA,BETA,Ks,Kb,Kz,Qthresh,Rs,Rb1,Rb2,Prec,Frac4Rise,Error,BFF
01365000,9.91965e+07,14405.2,100,455.546,0.15,0.017133,1,476.278,14630.2,0.897218,15168.7,-0.273272,-0.055614,-0.028024,1639.2,0.05,0.316029,0.494212
