tmp.site,tmp.area,Lb,X1,Wb,POR,ALPHA,BETA,Ks,Kb,Kz,Qthresh,Rs,Rb1,Rb2,Prec,Frac4Rise,Error,BFF
07160350,1.81299e+08,3611.78,403.903,304.727,0.15,0.008743,1.2,458.059,6610.66,0.655746,34252,-0.229766,-0.10259,-0.080329,161.474,0.05,0.500006,0.195011
