tmp.site,tmp.area,Lb,X1,Wb,POR,ALPHA,BETA,Ks,Kb,Kz,Qthresh,Rs,Rb1,Rb2,Prec,Frac4Rise,Error,BFF
03407500,4.27348e+08,5595.77,100,1412.46,0.15,0.0201,1,4070.35,16711.2,0.977197,694826,-0.273935,-0.096354,-0.122379,24.4657,0.05,0.717546,0.324606
