tmp.site,tmp.area,Lb,X1,Wb,POR,ALPHA,BETA,Ks,Kb,Kz,Qthresh,Rs,Rb1,Rb2,Prec,Frac4Rise,Error,BFF
06811500,2.05127e+09,19366.2,55.9308,722.074,0.15,0.005621,1.7,1985.27,2862.48,1.03416,193524,-0.15114,-0.086071,-0.051387,3914.51,0.05,0.43173,0.246962
