tmp.site,tmp.area,Lb,X1,Wb,POR,ALPHA,BETA,Ks,Kb,Kz,Qthresh,Rs,Rb1,Rb2,Prec,Frac4Rise,Error,BFF
04188252,2.04609e+07,9754.95,100,67.1961,0.15,0.035774,1,736.198,30953.1,0.949296,17003.7,-0.341798,-0.113634,-0.215519,24.4657,0.05,1.82478,0.206298
