tmp.site,tmp.area,Lb,X1,Wb,POR,ALPHA,BETA,Ks,Kb,Kz,Qthresh,Rs,Rb1,Rb2,Prec,Frac4Rise,Error,BFF
05495000,1.036e+09,13716.4,20.016,690.331,0.15,0.008747,1.1,4267.78,7815.82,1.00347,24465.7,-0.226465,-0.138534,-0.108225,24.4657,0.05,0.914488,0.190553
