tmp.site,tmp.area,Lb,X1,Wb,POR,ALPHA,BETA,Ks,Kb,Kz,Qthresh,Rs,Rb1,Rb2,Prec,Frac4Rise,Error,BFF
10290500,1.01269e+08,38126.5,100,607.794,0.15,0.039817,1,125.973,18613.7,0.553327,70950.6,-0.049491,-0.025765,-0.058157,48.9314,0.05,7.04322,0.658967
