tmp.site,tmp.area,Lb,X1,Wb,POR,ALPHA,BETA,Ks,Kb,Kz,Qthresh,Rs,Rb1,Rb2,Prec,Frac4Rise,Error,BFF
03109500,1.28463e+09,17471.5,49.0751,1151.71,0.15,0.010665,1.3,3844.56,7939.64,1.1071,132115,-0.202733,-0.07486,-0.0513,6361.09,0.05,0.372072,0.429892
