tmp.site,tmp.area,Lb,X1,Wb,POR,ALPHA,BETA,Ks,Kb,Kz,Qthresh,Rs,Rb1,Rb2,Prec,Frac4Rise,Error,BFF
12143600,1.7068e+08,10416.3,100,984.337,0.15,0.008534,1,816.366,6184.32,1.15902,110096,-0.188561,-0.065807,-0.017196,11572.3,0.05,0.302857,0.440158
