tmp.site,tmp.area,Lb,X1,Wb,POR,ALPHA,BETA,Ks,Kb,Kz,Qthresh,Rs,Rb1,Rb2,Prec,Frac4Rise,Error,BFF
02197598,5.64617e+07,4424.93,348.304,321.038,0.15,0.016579,1,470.332,7849.81,0.143824,27646.3,-0.208303,-0.057371,-0.053377,335.18,0.05,0.345866,0.450513
