tmp.site,tmp.area,Lb,X1,Wb,POR,ALPHA,BETA,Ks,Kb,Kz,Qthresh,Rs,Rb1,Rb2,Prec,Frac4Rise,Error,BFF
01387420,2.40869e+08,10680,100,763.577,0.15,0.018328,1,1258.51,17240.8,0.972952,16359.7,-0.202733,-0.067928,-0.059763,1788.44,0.05,0.365157,0.459677
