tmp.site,tmp.area,Lb,X1,Wb,POR,ALPHA,BETA,Ks,Kb,Kz,Qthresh,Rs,Rb1,Rb2,Prec,Frac4Rise,Error,BFF
01464720,8.15846e+07,8775.74,100,277.748,0.15,0.009999,1,702.83,8652.72,0.932674,15168.7,-0.307664,-0.110349,-0.057987,1003.09,0.05,0.338803,0.302125
