tmp.site,tmp.area,Lb,X1,Wb,POR,ALPHA,BETA,Ks,Kb,Kz,Qthresh,Rs,Rb1,Rb2,Prec,Frac4Rise,Error,BFF
12115000,1.05413e+08,11949.8,100,772.493,0.15,0.008915,1,485.837,7728.47,0.90879,56271.1,-0.143841,-0.058162,-0.01492,5884.74,0.05,0.302873,0.476614
