tmp.site,tmp.area,Lb,X1,Wb,POR,ALPHA,BETA,Ks,Kb,Kz,Qthresh,Rs,Rb1,Rb2,Prec,Frac4Rise,Error,BFF
04085068,5.15408e+07,3054.92,141.399,160.947,0.15,0.015649,1.1,385.606,11387.8,0.949238,2226.38,-0.172157,-0.152482,-0.102171,13.4561,0.05,0.597666,0.129825
