tmp.site,tmp.area,Lb,X1,Wb,POR,ALPHA,BETA,Ks,Kb,Kz,Qthresh,Rs,Rb1,Rb2,Prec,Frac4Rise,Error,BFF
11058500,2.27919e+07,18842.7,100,60.8259,0.15,0.053602,1,21.2258,6903.12,0.289056,905.231,-0.202733,-0.040547,-0.022563,51.378,0.05,0.375166,0.362629
