tmp.site,tmp.area,Lb,X1,Wb,POR,ALPHA,BETA,Ks,Kb,Kz,Qthresh,Rs,Rb1,Rb2,Prec,Frac4Rise,Error,BFF
09490500,3.19087e+09,90134.3,98.657,547.525,0.15,0.008242,1.5,1161.01,43916.8,1.16842,156581,-0.091161,-0.048593,-0.030354,4893.14,0.05,0.391981,0.40966
