tmp.site,tmp.area,Lb,X1,Wb,POR,ALPHA,BETA,Ks,Kb,Kz,Qthresh,Rs,Rb1,Rb2,Prec,Frac4Rise,Error,BFF
08382650,6.06057e+09,49390,14.593,135.386,0.15,0.007931,0.9,3128.43,817.304,0.892168,2715.69,-0.143841,-0.069017,-0.090305,185.939,0.05,0.709223,0.093912
