tmp.site,tmp.area,Lb,X1,Wb,POR,ALPHA,BETA,Ks,Kb,Kz,Qthresh,Rs,Rb1,Rb2,Prec,Frac4Rise,Error,BFF
03249505,2.15228e+09,9675.93,8.95982,1822.08,0.15,0.007814,0.9,255.484,2484.67,0.885722,201744,-0.011212,-0.055464,-0.144639,12697.7,0.05,0.953703,0.447968
