tmp.site,tmp.area,Lb,X1,Wb,POR,ALPHA,BETA,Ks,Kb,Kz,Qthresh,Rs,Rb1,Rb2,Prec,Frac4Rise,Error,BFF
02174000,4.45478e+09,8368.81,100,6324.63,0.15,0.006027,1,1149.51,1277.14,0.879149,2.91142e+06,-0.050099,-0.027983,-0.0275,114010,0.05,0.331735,0.564374
