tmp.site,tmp.area,Lb,X1,Wb,POR,ALPHA,BETA,Ks,Kb,Kz,Qthresh,Rs,Rb1,Rb2,Prec,Frac4Rise,Error,BFF
06921070,7.14837e+08,12721.9,33.5677,847.675,0.15,0.012005,1.2,2775.78,6705.65,1.08733,39145.1,-0.198451,-0.088346,-0.060366,538.246,0.05,0.4906,0.302925
