tmp.site,tmp.area,Lb,X1,Wb,POR,ALPHA,BETA,Ks,Kb,Kz,Qthresh,Rs,Rb1,Rb2,Prec,Frac4Rise,Error,BFF
02492360,4.53248e+08,9431.69,100,656.098,0.15,0.006571,1,2534.67,6529.94,1.01773,22019.1,-0.255413,-0.142603,-0.052533,2397.64,0.05,0.401122,0.177353
