tmp.site,tmp.area,Lb,X1,Wb,POR,ALPHA,BETA,Ks,Kb,Kz,Qthresh,Rs,Rb1,Rb2,Prec,Frac4Rise,Error,BFF
11315900,9.68656e+07,22188.6,7592.3,450.221,0.15,0.005303,6.8,23.4005,982.213,0.222507,24465.7,-0.067787,-0.021404,-0.011772,611.643,0.05,0.355541,0.40059
