tmp.site,tmp.area,Lb,X1,Wb,POR,ALPHA,BETA,Ks,Kb,Kz,Qthresh,Rs,Rb1,Rb2,Prec,Frac4Rise,Error,BFF
0214678175,1.78968e+07,4709.34,100,87.2895,0.15,0.022591,1,885.862,13986.7,0.941253,4305.97,-0.601843,-0.158966,-0.140565,31.8054,0.05,0.529975,0.137553
