tmp.site,tmp.area,Lb,X1,Wb,POR,ALPHA,BETA,Ks,Kb,Kz,Qthresh,Rs,Rb1,Rb2,Prec,Frac4Rise,Error,BFF
11181000,9.71246e+07,56721.1,109.995,81.3446,0.15,0.048612,1,452.863,41139.7,1.11573,11694.6,-0.211973,-0.063815,-0.081218,24.4657,0.05,1.3768,0.246526
