tmp.site,tmp.area,Lb,X1,Wb,POR,ALPHA,BETA,Ks,Kb,Kz,Qthresh,Rs,Rb1,Rb2,Prec,Frac4Rise,Error,BFF
11274790,7.79586e+08,21588.7,229.598,1093.44,0.15,0.017675,1.1,1026.21,49496.8,1.43156,23120.1,-0.117727,-0.042682,-0.031368,1508.46,0.05,0.342609,0.542539
