tmp.site,tmp.area,Lb,X1,Wb,POR,ALPHA,BETA,Ks,Kb,Kz,Qthresh,Rs,Rb1,Rb2,Prec,Frac4Rise,Error,BFF
01619000,2.42164e+08,72667.8,100,276.566,0.15,0.01354,1,202.025,33525.4,0.912185,92235.7,-0.267644,-0.033864,-0.020854,5137.8,0.05,0.241959,0.601674
