tmp.site,tmp.area,Lb,X1,Wb,POR,ALPHA,BETA,Ks,Kb,Kz,Qthresh,Rs,Rb1,Rb2,Prec,Frac4Rise,Error,BFF
11119940,1.65759e+07,3528.26,1.44782,13.828,0.15,0.003058,1,1532.85,0.53952,1.84684,4648.49,-0.423553,-0.133738,-0.166925,24.4657,0.05,0.353772,0.000398
