tmp.site,tmp.area,Lb,X1,Wb,POR,ALPHA,BETA,Ks,Kb,Kz,Qthresh,Rs,Rb1,Rb2,Prec,Frac4Rise,Error,BFF
11065000,4.81738e+08,19832.1,100,5.41146,0.15,0.004741,1,4112.75,421.605,0.968639,15418.3,-0.255413,-0.092369,-0.157081,24.4657,0.05,0.328834,0.000386
