tmp.site,tmp.area,Lb,X1,Wb,POR,ALPHA,BETA,Ks,Kb,Kz,Qthresh,Rs,Rb1,Rb2,Prec,Frac4Rise,Error,BFF
01665500,2.97849e+08,16480.1,14.5121,634.399,0.15,0.019428,1.1,918.299,2352.45,1.14742,85630,-0.231259,-0.052974,-0.046865,1345.61,0.05,0.403022,0.44707
