tmp.site,tmp.area,Lb,X1,Wb,POR,ALPHA,BETA,Ks,Kb,Kz,Qthresh,Rs,Rb1,Rb2,Prec,Frac4Rise,Error,BFF
01364500,1.08521e+09,12265.2,0.611931,1245.86,0.15,0.009373,1.7,3182.75,51.4535,1.24932,100309,-0.157791,-0.088714,-0.046845,3669.86,0.05,0.38908,0.368294
