tmp.site,tmp.area,Lb,X1,Wb,POR,ALPHA,BETA,Ks,Kb,Kz,Qthresh,Rs,Rb1,Rb2,Prec,Frac4Rise,Error,BFF
07014000,6.70807e+08,9165.1,100,991.222,0.15,0.007384,1,886.422,4401.23,0.927857,134072,-0.114947,-0.074479,-0.025791,9517.16,0.05,0.352418,0.339759
