tmp.site,tmp.area,Lb,X1,Wb,POR,ALPHA,BETA,Ks,Kb,Kz,Qthresh,Rs,Rb1,Rb2,Prec,Frac4Rise,Error,BFF
02169750,2.20667e+10,41710.8,17270.5,4220.73,0.15,0.005824,10,3537.98,337.002,1.75612,7.36418e+06,-0.063315,-0.063723,-0.035709,714399,0.05,0.246614,0.478881
