tmp.site,tmp.area,Lb,X1,Wb,POR,ALPHA,BETA,Ks,Kb,Kz,Qthresh,Rs,Rb1,Rb2,Prec,Frac4Rise,Error,BFF
12113000,1.03341e+09,24207.9,8486.94,1959.12,0.15,0.006691,10.1,867.849,4190.74,0.801819,689933,-0.069961,-0.047193,-0.020939,37187.9,0.05,0.257289,0.540571
