tmp.site,tmp.area,Lb,X1,Wb,POR,ALPHA,BETA,Ks,Kb,Kz,Qthresh,Rs,Rb1,Rb2,Prec,Frac4Rise,Error,BFF
03339000,3.34108e+09,25809.2,25.3911,1613.17,0.15,0.00999,1.2,5899.8,8990.94,1.15532,70950.6,-0.148296,-0.080612,-0.057673,5382.46,0.05,0.423253,0.425329
