tmp.site,tmp.area,Lb,X1,Wb,POR,ALPHA,BETA,Ks,Kb,Kz,Qthresh,Rs,Rb1,Rb2,Prec,Frac4Rise,Error,BFF
06307662,7.51097e+09,39507.7,100,1122.15,0.15,0.009039,1,1331.09,3811.04,0.921091,303375,-0.05122,-0.026687,-0.013798,22974.3,0.05,0.21802,0.475701
