tmp.site,tmp.area,Lb,X1,Wb,POR,ALPHA,BETA,Ks,Kb,Kz,Qthresh,Rs,Rb1,Rb2,Prec,Frac4Rise,Error,BFF
11528700,1.97875e+09,46433.3,74.7752,1429.44,0.15,0.009557,1.9,2919.43,5528.31,0.904754,158782,-0.10732,-0.041757,-0.018017,5137.8,0.05,0.386288,0.421134
