tmp.site,tmp.area,Lb,X1,Wb,POR,ALPHA,BETA,Ks,Kb,Kz,Qthresh,Rs,Rb1,Rb2,Prec,Frac4Rise,Error,BFF
01613030,1.73011e+07,30365.6,11929.6,142.838,0.15,0.026547,10.1,264.625,976.743,0.36657,5357.99,-0.269943,-0.091793,-0.043036,381.665,0.05,0.342582,0.310875
