tmp.site,tmp.area,Lb,X1,Wb,POR,ALPHA,BETA,Ks,Kb,Kz,Qthresh,Rs,Rb1,Rb2,Prec,Frac4Rise,Error,BFF
02113850,5.98287e+08,21510.9,100,883.194,0.15,0.010354,1,1403.41,8992.82,0.969091,418364,-0.346574,-0.042968,-0.036244,15996.7,0.05,0.279162,0.541458
