tmp.site,tmp.area,Lb,X1,Wb,POR,ALPHA,BETA,Ks,Kb,Kz,Qthresh,Rs,Rb1,Rb2,Prec,Frac4Rise,Error,BFF
13072400,6.75987e+08,94852.8,100,98.6689,0.15,0.009772,1,932.089,1965.36,0.904696,232290,-0.078205,-0.017267,-0.010445,11944.7,0.05,0.211427,0.67664
