tmp.site,tmp.area,Lb,X1,Wb,POR,ALPHA,BETA,Ks,Kb,Kz,Qthresh,Rs,Rb1,Rb2,Prec,Frac4Rise,Error,BFF
03271620,7.0629e+09,15466.9,6730.23,3572.04,0.15,0.007319,10.1,5965.9,2344.63,1.56714,1.50386e+06,-0.176908,-0.084603,-0.037043,109690,0.05,0.326742,0.394782
