tmp.site,tmp.area,Lb,X1,Wb,POR,ALPHA,BETA,Ks,Kb,Kz,Qthresh,Rs,Rb1,Rb2,Prec,Frac4Rise,Error,BFF
01389890,2.08494e+09,28388.6,100,2255.63,0.15,0.0102,1,5068.96,38597.5,0.929731,354753,-0.083423,-0.052909,-0.060439,22260.6,0.05,0.334677,0.531082
