tmp.site,tmp.area,Lb,X1,Wb,POR,ALPHA,BETA,Ks,Kb,Kz,Qthresh,Rs,Rb1,Rb2,Prec,Frac4Rise,Error,BFF
06935997,5.49077e+06,4187.2,100,56.1534,0.15,0.017163,1,157.835,4987.93,0.506477,4599.55,-0.471378,-0.101867,-0.090231,24.4657,0.05,0.460941,0.163337
