tmp.site,tmp.area,Lb,X1,Wb,POR,ALPHA,BETA,Ks,Kb,Kz,Qthresh,Rs,Rb1,Rb2,Prec,Frac4Rise,Error,BFF
11302000,2.55373e+09,23833.1,40.1341,2061.49,0.15,0.010315,0.9,195.763,3685.68,0.934653,1.23307e+06,-0.009555,-0.043236,-0.127001,220.191,0.05,27.1827,0.499833
