tmp.site,tmp.area,Lb,X1,Wb,POR,ALPHA,BETA,Ks,Kb,Kz,Qthresh,Rs,Rb1,Rb2,Prec,Frac4Rise,Error,BFF
04094400,4.16988e+07,5111.26,542.586,270.079,0.15,0.012023,1.3,305.973,5293.01,0.635802,22532.9,-0.219821,-0.089123,-0.067152,1181.69,0.05,0.324854,0.36035
