tmp.site,tmp.area,Lb,X1,Wb,POR,ALPHA,BETA,Ks,Kb,Kz,Qthresh,Rs,Rb1,Rb2,Prec,Frac4Rise,Error,BFF
08041500,2.22739e+09,6926.92,100,1538,0.15,0.008831,1,4497.77,4987.93,0.992155,114989,-0.134067,-0.091802,-0.042362,7171.88,0.05,0.419193,0.236634
