tmp.site,tmp.area,Lb,X1,Wb,POR,ALPHA,BETA,Ks,Kb,Kz,Qthresh,Rs,Rb1,Rb2,Prec,Frac4Rise,Error,BFF
01306460,5.67207e+07,14332.7,100,1008.19,0.15,0.008588,1,293.803,2771.65,0.230214,41591.7,-0.201626,-0.010596,-0.00852,2935.89,0.05,0.167142,0.815474
