tmp.site,tmp.area,Lb,X1,Wb,POR,ALPHA,BETA,Ks,Kb,Kz,Qthresh,Rs,Rb1,Rb2,Prec,Frac4Rise,Error,BFF
02330400,4.06628e+08,6979.37,100,1935.29,0.15,0.028361,1,1349.47,20656.3,0.985812,667914,-0.116445,-0.071254,-0.158924,24.4657,0.05,3.33222,0.573834
