tmp.site,tmp.area,Lb,X1,Wb,POR,ALPHA,BETA,Ks,Kb,Kz,Qthresh,Rs,Rb1,Rb2,Prec,Frac4Rise,Error,BFF
01614000,6.08647e+08,25351.7,114.132,775.888,0.15,0.011296,1.3,3864.59,35322.3,0.976561,37187.9,-0.21604,-0.090316,-0.058156,1174.35,0.05,0.444875,0.323442
