tmp.site,tmp.area,Lb,X1,Wb,POR,ALPHA,BETA,Ks,Kb,Kz,Qthresh,Rs,Rb1,Rb2,Prec,Frac4Rise,Error,BFF
07247250,2.44236e+08,5928.12,100,746.885,0.15,0.017226,1,1695.53,17307.8,0.929042,66791.4,-0.227201,-0.098918,-0.12059,24.4657,0.05,0.87504,0.270842
