tmp.site,tmp.area,Lb,X1,Wb,POR,ALPHA,BETA,Ks,Kb,Kz,Qthresh,Rs,Rb1,Rb2,Prec,Frac4Rise,Error,BFF
03373560,4.53248e+08,14635.8,21.4854,722.374,0.15,0.010137,2,2266.22,1115.33,1.37818,39389.8,-0.255413,-0.081959,-0.038,2015.71,0.05,0.398982,0.341699
