tmp.site,tmp.area,Lb,X1,Wb,POR,ALPHA,BETA,Ks,Kb,Kz,Qthresh,Rs,Rb1,Rb2,Prec,Frac4Rise,Error,BFF
03146277,5.87927e+08,16108.9,18.5496,690.164,0.15,0.009786,1.5,3195.84,2014.97,0.900754,19561.6,-0.24645,-0.086273,-0.053663,1505.77,0.05,0.383713,0.31638
