tmp.site,tmp.area,Lb,X1,Wb,POR,ALPHA,BETA,Ks,Kb,Kz,Qthresh,Rs,Rb1,Rb2,Prec,Frac4Rise,Error,BFF
13161500,9.89375e+08,13077.6,100,551.74,0.15,0.033403,1,175.037,11641.5,0.905906,13386.4,-0.091161,-0.03255,-0.029235,885.659,0.05,0.375694,0.571357
