tmp.site,tmp.area,Lb,X1,Wb,POR,ALPHA,BETA,Ks,Kb,Kz,Qthresh,Rs,Rb1,Rb2,Prec,Frac4Rise,Error,BFF
03147500,1.92177e+09,21396.9,48.6747,870.491,0.15,0.009027,1.9,2012.35,2743.72,1.5706,308268,-0.071665,-0.089714,-0.049679,14396.9,0.05,0.430213,0.319983
