tmp.site,tmp.area,Lb,X1,Wb,POR,ALPHA,BETA,Ks,Kb,Kz,Qthresh,Rs,Rb1,Rb2,Prec,Frac4Rise,Error,BFF
01115276,1.34161e+07,9714.19,111.487,187.288,0.15,0.014368,1.1,121.328,10370,0.199038,3718.79,-0.130735,-0.04058,-0.035798,318.054,0.05,0.317461,0.588296
