tmp.site,tmp.area,Lb,X1,Wb,POR,ALPHA,BETA,Ks,Kb,Kz,Qthresh,Rs,Rb1,Rb2,Prec,Frac4Rise,Error,BFF
01060000,3.67778e+08,12432.1,1836.37,763.989,0.15,0.011032,10.1,1699.18,2913.58,1.22615,105203,-0.180782,-0.08128,-0.035285,6116.43,0.05,0.350929,0.350781
