tmp.site,tmp.area,Lb,X1,Wb,POR,ALPHA,BETA,Ks,Kb,Kz,Qthresh,Rs,Rb1,Rb2,Prec,Frac4Rise,Error,BFF
08086500,2.8205e+09,44701.6,4.44343,4.51586,0.15,0.001555,1,894.328,74.282,1.49659,178600,-0.165188,-0.167729,-0.224093,24.4657,0.05,0.492848,2.5e-05
