tmp.site,tmp.area,Lb,X1,Wb,POR,ALPHA,BETA,Ks,Kb,Kz,Qthresh,Rs,Rb1,Rb2,Prec,Frac4Rise,Error,BFF
03069500,1.85961e+09,8551.28,100,2344.48,0.15,0.011412,1,7894.91,19272.6,1.77306,94931.9,-0.239313,-0.083338,-0.077579,11498.9,0.05,0.397752,0.400171
