tmp.site,tmp.area,Lb,X1,Wb,POR,ALPHA,BETA,Ks,Kb,Kz,Qthresh,Rs,Rb1,Rb2,Prec,Frac4Rise,Error,BFF
0347927164,8.72826e+06,4070.56,100,154.977,0.15,0.031578,1,132.004,11481.6,0.458901,19376.8,-0.144886,-0.079237,-0.141585,24.4657,0.05,0.873272,0.38956
