tmp.site,tmp.area,Lb,X1,Wb,POR,ALPHA,BETA,Ks,Kb,Kz,Qthresh,Rs,Rb1,Rb2,Prec,Frac4Rise,Error,BFF
08395500,3.82282e+10,97910.8,6.78528,447.149,0.15,0.003821,0.9,5591.78,470.545,0.930073,264230,-0.111572,-0.081606,-0.105718,489.314,0.05,1.75067,0.2022
