tmp.site,tmp.area,Lb,X1,Wb,POR,ALPHA,BETA,Ks,Kb,Kz,Qthresh,Rs,Rb1,Rb2,Prec,Frac4Rise,Error,BFF
13056500,7.56277e+09,62843.7,6.90661,3238.46,0.15,0.00765,0.9,2062.28,6.96684,1.01991,5.08887e+06,-0.050042,-0.025712,-0.0319,113032,0.05,0.378791,0.573346
