tmp.site,tmp.area,Lb,X1,Wb,POR,ALPHA,BETA,Ks,Kb,Kz,Qthresh,Rs,Rb1,Rb2,Prec,Frac4Rise,Error,BFF
06599900,3.83318e+07,17249.3,73.488,97.8902,0.15,0.028565,0.9,425.324,5695.85,0.39655,12223.1,-0.143841,-0.03071,-0.051512,34.252,0.05,0.612779,0.201455
