tmp.site,tmp.area,Lb,X1,Wb,POR,ALPHA,BETA,Ks,Kb,Kz,Qthresh,Rs,Rb1,Rb2,Prec,Frac4Rise,Error,BFF
01636690,3.49648e+07,14333,64.409,171.168,0.15,0.049796,1,477.453,5022.24,0.829263,7975.82,-0.384041,-0.056614,-0.058823,68.504,0.05,0.578437,0.256266
