tmp.site,tmp.area,Lb,X1,Wb,POR,ALPHA,BETA,Ks,Kb,Kz,Qthresh,Rs,Rb1,Rb2,Prec,Frac4Rise,Error,BFF
06080900,1.57989e+09,6753.03,125.029,2122.57,0.15,0.007685,1.1,505.955,226.745,0.12175,370460,-0.029624,-0.060456,-0.044747,8073.69,0.05,0.441317,0.208184
