tmp.site,tmp.area,Lb,X1,Wb,POR,ALPHA,BETA,Ks,Kb,Kz,Qthresh,Rs,Rb1,Rb2,Prec,Frac4Rise,Error,BFF
08130500,5.85337e+08,1.07163e+07,100,26.3705,0.15,0.0666,1,1603.06,3990.97,0.953598,24465.7,-0.143841,-0.017656,-0.053532,48.9314,0.05,7.00485,0.222647
