tmp.site,tmp.area,Lb,X1,Wb,POR,ALPHA,BETA,Ks,Kb,Kz,Qthresh,Rs,Rb1,Rb2,Prec,Frac4Rise,Error,BFF
08151500,1.08702e+10,13505.2,100,935.586,0.15,0.007368,1,1027.33,2802.62,0.910535,526013,-0.160386,-0.054392,-0.06601,171.26,0.05,5.6643,0.254787
