tmp.site,tmp.area,Lb,X1,Wb,POR,ALPHA,BETA,Ks,Kb,Kz,Qthresh,Rs,Rb1,Rb2,Prec,Frac4Rise,Error,BFF
04095090,8.57286e+08,17436.6,4120.21,1355.33,0.15,0.007222,10.1,638.906,8112.15,0.956813,846514,-0.120917,-0.05647,-0.040802,35230.6,0.05,0.220765,0.634688
