tmp.site,tmp.area,Lb,X1,Wb,POR,ALPHA,BETA,Ks,Kb,Kz,Qthresh,Rs,Rb1,Rb2,Prec,Frac4Rise,Error,BFF
08025360,1.85909e+10,16401,57.0091,9200.09,0.15,0.00992,0.9,597.323,7488.7,1.48573,206686,-0.009795,-0.060746,-0.181465,14483.7,0.05,9.24712,0.670904
