tmp.site,tmp.area,Lb,X1,Wb,POR,ALPHA,BETA,Ks,Kb,Kz,Qthresh,Rs,Rb1,Rb2,Prec,Frac4Rise,Error,BFF
07068510,5.02458e+08,5946.38,100,1081.12,0.15,0.005648,1,542.081,2399.74,0.979865,128200,-0.079863,-0.110334,-0.029443,7095.06,0.05,0.35319,0.250196
