tmp.site,tmp.area,Lb,X1,Wb,POR,ALPHA,BETA,Ks,Kb,Kz,Qthresh,Rs,Rb1,Rb2,Prec,Frac4Rise,Error,BFF
03330241,1.27686e+08,10726.8,36.9845,383.617,0.15,0.022256,0.9,177.412,4437.38,0.935112,114500,-0.028828,-0.052546,-0.091359,307.681,0.05,1.13958,0.55136
