tmp.site,tmp.area,Lb,X1,Wb,POR,ALPHA,BETA,Ks,Kb,Kz,Qthresh,Rs,Rb1,Rb2,Prec,Frac4Rise,Error,BFF
07140900,8.05486e+08,54926.2,68.4499,156.715,0.15,0.014532,0.9,795.337,4192.26,1.04218,5822.84,-0.100085,-0.079554,-0.096102,24.4657,0.05,4.58924,0.227408
