tmp.site,tmp.area,Lb,X1,Wb,POR,ALPHA,BETA,Ks,Kb,Kz,Qthresh,Rs,Rb1,Rb2,Prec,Frac4Rise,Error,BFF
06453255,1.53845e+09,34122.3,142.91,247.352,0.15,0.023027,1,2405.7,43133.6,0.990618,11047.7,-0.143841,-0.069903,-0.069898,24.4657,0.05,1.04403,0.213945
