tmp.site,tmp.area,Lb,X1,Wb,POR,ALPHA,BETA,Ks,Kb,Kz,Qthresh,Rs,Rb1,Rb2,Prec,Frac4Rise,Error,BFF
03371650,1.97098e+08,9259.55,0.503808,489.842,0.15,0.016786,1.1,1410.47,125.339,1.60749,2691.23,-0.235002,-0.114338,-0.0877,24.4657,0.05,0.675607,0.301579
