tmp.site,tmp.area,Lb,X1,Wb,POR,ALPHA,BETA,Ks,Kb,Kz,Qthresh,Rs,Rb1,Rb2,Prec,Frac4Rise,Error,BFF
03292474,1.55399e+07,8395.34,100,135.393,0.15,0.049633,1,814.511,12833.3,0.673309,9027.85,-0.301221,-0.078203,-0.110921,24.4657,0.05,0.745581,0.271922
