tmp.site,tmp.area,Lb,X1,Wb,POR,ALPHA,BETA,Ks,Kb,Kz,Qthresh,Rs,Rb1,Rb2,Prec,Frac4Rise,Error,BFF
01198000,1.32089e+08,10791.2,1240.88,665.473,0.15,0.017461,1.1,652.439,98307.4,2.70219,9541.63,-0.220438,-0.051032,-0.025526,905.231,0.05,0.334358,0.507444
