tmp.site,tmp.area,Lb,X1,Wb,POR,ALPHA,BETA,Ks,Kb,Kz,Qthresh,Rs,Rb1,Rb2,Prec,Frac4Rise,Error,BFF
03544970,1.02305e+08,54788,100,349.849,0.15,0.013274,1,304.732,20651.9,0.938372,58473.1,-0.314517,-0.043759,-0.023625,5006.66,0.05,0.228388,0.590642
