tmp.site,tmp.area,Lb,X1,Wb,POR,ALPHA,BETA,Ks,Kb,Kz,Qthresh,Rs,Rb1,Rb2,Prec,Frac4Rise,Error,BFF
08044000,8.62466e+08,5578.56,100,441.367,0.15,0.010797,1,1677.92,10953.5,0.860769,39145.1,-0.208538,-0.107496,-0.159423,24.4657,0.05,32.2412,0.103528
