tmp.site,tmp.area,Lb,X1,Wb,POR,ALPHA,BETA,Ks,Kb,Kz,Qthresh,Rs,Rb1,Rb2,Prec,Frac4Rise,Error,BFF
08143500,4.29938e+09,5302.5,100,2308.09,0.15,0.016086,1,5573.69,19106,0.951639,15168.7,-0.202733,-0.132538,-0.21193,24.4657,0.05,66.4536,0.332011
