tmp.site,tmp.area,Lb,X1,Wb,POR,ALPHA,BETA,Ks,Kb,Kz,Qthresh,Rs,Rb1,Rb2,Prec,Frac4Rise,Error,BFF
07146500,1.13216e+11,25926.1,0.222397,2006.07,0.15,0.006024,1.6,4765.38,17.3406,0.999679,1.39699e+06,-0.126984,-0.059992,-0.041424,16874,0.05,0.476342,0.376122
