tmp.site,tmp.area,Lb,X1,Wb,POR,ALPHA,BETA,Ks,Kb,Kz,Qthresh,Rs,Rb1,Rb2,Prec,Frac4Rise,Error,BFF
01617800,4.89508e+07,40270.2,100,163.764,0.15,0.019533,1,109.875,18776.5,0.383284,23976.4,-0.180801,-0.022701,-0.025337,200.619,0.05,0.294335,0.635021
