tmp.site,tmp.area,Lb,X1,Wb,POR,ALPHA,BETA,Ks,Kb,Kz,Qthresh,Rs,Rb1,Rb2,Prec,Frac4Rise,Error,BFF
06340500,5.80157e+09,29505.5,40.5659,338.094,0.15,0.007517,1.8,274.888,3491.33,1.05625,107649,-0.112064,-0.077746,-0.038768,831.834,0.05,0.53004,0.175613
