tmp.site,tmp.area,Lb,X1,Wb,POR,ALPHA,BETA,Ks,Kb,Kz,Qthresh,Rs,Rb1,Rb2,Prec,Frac4Rise,Error,BFF
06891000,1.51411e+11,27524.3,6.4832,3649.71,0.15,0.00576,1.4,5556.09,643.586,1.34112,3.00928e+06,-0.069087,-0.0534,-0.038009,117435,0.05,0.370402,0.435523
