tmp.site,tmp.area,Lb,X1,Wb,POR,ALPHA,BETA,Ks,Kb,Kz,Qthresh,Rs,Rb1,Rb2,Prec,Frac4Rise,Error,BFF
02081942,1.73711e+09,11388,54.9761,1033.4,0.15,0.006638,1.2,2825.12,6182.02,1.06573,330287,-0.152147,-0.097708,-0.071991,7782.54,0.05,0.37721,0.292285
