tmp.site,tmp.area,Lb,X1,Wb,POR,ALPHA,BETA,Ks,Kb,Kz,Qthresh,Rs,Rb1,Rb2,Prec,Frac4Rise,Error,BFF
02319394,6.03467e+09,24594.8,100,2005.62,0.15,0.007097,1,474.271,5486.88,0.939033,826941,-0.047239,-0.036181,-0.016782,69727.3,0.05,0.342107,0.412862
