tmp.site,tmp.area,Lb,X1,Wb,POR,ALPHA,BETA,Ks,Kb,Kz,Qthresh,Rs,Rb1,Rb2,Prec,Frac4Rise,Error,BFF
06425900,6.73397e+08,6356.53,1.96617,23.3039,0.15,0.001674,0.9,1596.94,0.3162,0.719434,6116.43,-0.102284,-0.128191,-0.173424,24.4657,0.05,0.264673,0.000246
