tmp.site,tmp.area,Lb,X1,Wb,POR,ALPHA,BETA,Ks,Kb,Kz,Qthresh,Rs,Rb1,Rb2,Prec,Frac4Rise,Error,BFF
12353000,2.33539e+10,5856.31,0.190683,31808.7,0.15,0.004725,1.4,826.388,3.89558,1.0106,7.58437e+06,-0.045486,-0.026978,-0.021875,247104,0.05,0.258469,0.881916
