tmp.site,tmp.area,Lb,X1,Wb,POR,ALPHA,BETA,Ks,Kb,Kz,Qthresh,Rs,Rb1,Rb2,Prec,Frac4Rise,Error,BFF
07327447,1.61356e+08,21246.5,4.27555,177.394,0.15,0.007957,0.9,517.964,1013.26,1.1946,40123.8,-0.219004,-0.060421,-0.07781,20.0619,0.05,0.737595,0.32027
