tmp.site,tmp.area,Lb,X1,Wb,POR,ALPHA,BETA,Ks,Kb,Kz,Qthresh,Rs,Rb1,Rb2,Prec,Frac4Rise,Error,BFF
04193994,1.15772e+08,21641.9,158.781,147.249,0.15,0.008532,1,603.806,50943.9,1.09868,2471.04,-0.232373,-0.087493,-0.093005,187.407,0.05,0.492094,0.181828
