tmp.site,tmp.area,Lb,X1,Wb,POR,ALPHA,BETA,Ks,Kb,Kz,Qthresh,Rs,Rb1,Rb2,Prec,Frac4Rise,Error,BFF
01362497,4.27348e+07,29334.5,124.638,206.343,0.15,0.013944,1.3,402.653,81886.2,0.924415,3523.06,-0.253684,-0.090334,-0.059917,191.787,0.05,0.399078,0.429194
