tmp.site,tmp.area,Lb,X1,Wb,POR,ALPHA,BETA,Ks,Kb,Kz,Qthresh,Rs,Rb1,Rb2,Prec,Frac4Rise,Error,BFF
02040000,1.87774e+09,22132.7,46.9442,1000.86,0.15,0.007027,1.7,3683.47,3469.08,0.859084,633662,-0.21215,-0.075614,-0.050125,8318.34,0.05,0.371705,0.367677
