tmp.site,tmp.area,Lb,X1,Wb,POR,ALPHA,BETA,Ks,Kb,Kz,Qthresh,Rs,Rb1,Rb2,Prec,Frac4Rise,Error,BFF
07075270,1.93472e+08,18181.8,77.1432,545.67,0.15,0.013981,1,1578.1,37549.3,0.794962,327841,-0.175436,-0.092718,-0.108677,24.4657,0.05,0.816524,0.351895
