tmp.site,tmp.area,Lb,X1,Wb,POR,ALPHA,BETA,Ks,Kb,Kz,Qthresh,Rs,Rb1,Rb2,Prec,Frac4Rise,Error,BFF
01469500,1.1111e+08,16993.8,100,380.344,0.15,0.017309,1,343.2,16768.3,0.934909,21774.5,-0.143841,-0.054243,-0.031865,1565.81,0.05,0.317241,0.495313
