tmp.site,tmp.area,Lb,X1,Wb,POR,ALPHA,BETA,Ks,Kb,Kz,Qthresh,Rs,Rb1,Rb2,Prec,Frac4Rise,Error,BFF
06026210,6.91009e+09,14506,100,2189.57,0.15,0.009348,1,1270.5,11399.5,0.933994,1.01288e+06,-0.04922,-0.035364,-0.024849,34252,0.05,0.385846,0.55395
