tmp.site,tmp.area,Lb,X1,Wb,POR,ALPHA,BETA,Ks,Kb,Kz,Qthresh,Rs,Rb1,Rb2,Prec,Frac4Rise,Error,BFF
10265150,1.76896e+08,106259,40669.2,613.364,0.15,0.007574,8.6,123.44,443.727,0.174383,78290.3,-0.069631,-0.008389,-0.004787,7095.06,0.05,0.208485,0.650319
