tmp.site,tmp.area,Lb,X1,Wb,POR,ALPHA,BETA,Ks,Kb,Kz,Qthresh,Rs,Rb1,Rb2,Prec,Frac4Rise,Error,BFF
07263500,4.09218e+11,70536,0.417551,11908.1,0.15,0.010718,1.2,37755.3,220.12,1.75955,5.70051e+06,-0.096797,-0.058973,-0.047197,376870,0.05,0.419002,0.463793
