tmp.site,tmp.area,Lb,X1,Wb,POR,ALPHA,BETA,Ks,Kb,Kz,Qthresh,Rs,Rb1,Rb2,Prec,Frac4Rise,Error,BFF
05584500,1.69644e+09,10160.1,0.321721,1303.32,0.15,0.011277,1.1,4804.62,52.4096,1.00401,29358.9,-0.20356,-0.096094,-0.076095,489.314,0.05,0.592749,0.319728
