tmp.site,tmp.area,Lb,X1,Wb,POR,ALPHA,BETA,Ks,Kb,Kz,Qthresh,Rs,Rb1,Rb2,Prec,Frac4Rise,Error,BFF
09019500,8.36566e+08,17182,148.301,418.027,0.15,0.009526,1,116.219,2624.91,1.0126,210405,-0.044974,-0.033191,-0.031134,3425.2,0.05,0.461045,0.194586
