tmp.site,tmp.area,Lb,X1,Wb,POR,ALPHA,BETA,Ks,Kb,Kz,Qthresh,Rs,Rb1,Rb2,Prec,Frac4Rise,Error,BFF
14165000,4.58428e+08,14884.9,1.79631,1169.36,0.15,0.012657,1.9,1779.35,53.4326,1.0945,58962.4,-0.172393,-0.050977,-0.023671,3914.51,0.05,0.288418,0.483204
