tmp.site,tmp.area,Lb,X1,Wb,POR,ALPHA,BETA,Ks,Kb,Kz,Qthresh,Rs,Rb1,Rb2,Prec,Frac4Rise,Error,BFF
03320000,1.95959e+10,13671.5,100,12580.4,0.15,0.011026,1,45497.9,14449.2,2.19245,873891,-0.080144,-0.052806,-0.070492,97862.9,0.05,0.465116,0.373584
