tmp.site,tmp.area,Lb,X1,Wb,POR,ALPHA,BETA,Ks,Kb,Kz,Qthresh,Rs,Rb1,Rb2,Prec,Frac4Rise,Error,BFF
06102500,2.84899e+08,27811.5,5953.35,831.715,0.15,0.016302,2.8,321.864,7923.35,0.556817,161963,-0.052774,-0.020446,-0.01161,8073.69,0.05,0.27743,0.504834
