tmp.site,tmp.area,Lb,X1,Wb,POR,ALPHA,BETA,Ks,Kb,Kz,Qthresh,Rs,Rb1,Rb2,Prec,Frac4Rise,Error,BFF
04189260,1.62651e+09,6007.85,100,1342.49,0.15,0.00973,1,7954.23,10310,0.873774,144348,-0.220311,-0.110001,-0.123283,1050.22,0.05,0.521279,0.216369
