tmp.site,tmp.area,Lb,X1,Wb,POR,ALPHA,BETA,Ks,Kb,Kz,Qthresh,Rs,Rb1,Rb2,Prec,Frac4Rise,Error,BFF
07229300,5.23178e+08,5646.98,175.272,519.377,0.15,0.009749,0.9,823.671,5814.07,0.989232,144348,-0.211325,-0.062125,-0.099946,44.0383,0.05,4.53242,0.203363
