tmp.site,tmp.area,Lb,X1,Wb,POR,ALPHA,BETA,Ks,Kb,Kz,Qthresh,Rs,Rb1,Rb2,Prec,Frac4Rise,Error,BFF
11362940,2.11861e+07,5769.06,100,12.7362,0.15,0.003077,1,263.681,94.9503,0.923408,8135.83,-0.082495,-0.092235,-0.141899,24.4657,0.05,0.233643,0.000128
