tmp.site,tmp.area,Lb,X1,Wb,POR,ALPHA,BETA,Ks,Kb,Kz,Qthresh,Rs,Rb1,Rb2,Prec,Frac4Rise,Error,BFF
08200977,1.00751e+08,7471.81,100,13.2342,0.15,0.003501,1,2912.81,121.523,0.964503,14312.4,-0.363832,-0.070473,-0.129391,24.4657,0.05,0.313497,9.2e-05
