tmp.site,tmp.area,Lb,X1,Wb,POR,ALPHA,BETA,Ks,Kb,Kz,Qthresh,Rs,Rb1,Rb2,Prec,Frac4Rise,Error,BFF
11120520,8.02896e+06,20739.3,79.9963,37.7994,0.15,0.053668,1.1,181.696,12934.1,0.641056,1663.67,-0.143841,-0.086066,-0.069397,24.4657,0.05,1.91681,0.188053
