tmp.site,tmp.area,Lb,X1,Wb,POR,ALPHA,BETA,Ks,Kb,Kz,Qthresh,Rs,Rb1,Rb2,Prec,Frac4Rise,Error,BFF
02016500,3.55087e+09,22020.6,345.131,1719.43,0.15,0.005537,1.1,3200.2,31883.3,1.35357,513780,-0.134132,-0.08017,-0.029037,49910.1,0.05,0.34836,0.358698
