tmp.site,tmp.area,Lb,X1,Wb,POR,ALPHA,BETA,Ks,Kb,Kz,Qthresh,Rs,Rb1,Rb2,Prec,Frac4Rise,Error,BFF
08212820,1.0101e+09,2411.08,2.65424,557.091,0.15,0.006249,1.5,2355.38,238.362,0.982791,2926.1,-0.143841,-0.213009,-0.0724,24.4657,0.05,1.31015,0.090877
