tmp.site,tmp.area,Lb,X1,Wb,POR,ALPHA,BETA,Ks,Kb,Kz,Qthresh,Rs,Rb1,Rb2,Prec,Frac4Rise,Error,BFF
05317200,4.40298e+08,24920.2,100,336.219,0.15,0.019758,1,308.039,27420.9,1.01366,2324.24,-0.111572,-0.046807,-0.040845,154.134,0.05,0.517041,0.415261
