tmp.site,tmp.area,Lb,X1,Wb,POR,ALPHA,BETA,Ks,Kb,Kz,Qthresh,Rs,Rb1,Rb2,Prec,Frac4Rise,Error,BFF
03131982,2.97849e+08,6294.11,100,731.618,0.15,0.007048,1,1422.94,6369.48,0.894279,38166.5,-0.277944,-0.108516,-0.032177,3390.46,0.05,0.358592,0.319044
