tmp.site,tmp.area,Lb,X1,Wb,POR,ALPHA,BETA,Ks,Kb,Kz,Qthresh,Rs,Rb1,Rb2,Prec,Frac4Rise,Error,BFF
02334620,1.78709e+07,28770.5,100,73.4538,0.15,0.013757,1,127.152,23941.9,0.73318,20771.4,-0.389376,-0.082332,-0.064756,298.482,0.05,0.343064,0.360149
