tmp.site,tmp.area,Lb,X1,Wb,POR,ALPHA,BETA,Ks,Kb,Kz,Qthresh,Rs,Rb1,Rb2,Prec,Frac4Rise,Error,BFF
09512200,4.53248e+06,9700.21,100,28.7833,0.15,0.009388,1,470.798,85.3529,0.011874,24.4657,-1.15129,-0.002,-0.001,24.4657,0.05,0.169425,0.00063
