tmp.site,tmp.area,Lb,X1,Wb,POR,ALPHA,BETA,Ks,Kb,Kz,Qthresh,Rs,Rb1,Rb2,Prec,Frac4Rise,Error,BFF
01480638,1.655e+07,11587.4,93.4252,216.054,0.15,0.010708,3,254.525,1470.63,0.308408,16489.9,-0.402962,-0.037685,-0.026626,521.12,0.05,0.260826,0.547571
