tmp.site,tmp.area,Lb,X1,Wb,POR,ALPHA,BETA,Ks,Kb,Kz,Qthresh,Rs,Rb1,Rb2,Prec,Frac4Rise,Error,BFF
03204000,3.17274e+09,14924.9,0.124445,2101.65,0.15,0.010303,1.2,7481.69,22.5625,1.52127,119882,-0.15465,-0.07874,-0.060067,8807.66,0.05,0.397185,0.413316
