tmp.site,tmp.area,Lb,X1,Wb,POR,ALPHA,BETA,Ks,Kb,Kz,Qthresh,Rs,Rb1,Rb2,Prec,Frac4Rise,Error,BFF
09379200,9.45346e+09,11528.5,19.4079,128.977,0.15,0.011636,0.9,8644.76,1896.17,1.13661,12232.9,-0.187422,-0.088703,-0.212311,24.4657,0.05,32.1296,0.077722
