tmp.site,tmp.area,Lb,X1,Wb,POR,ALPHA,BETA,Ks,Kb,Kz,Qthresh,Rs,Rb1,Rb2,Prec,Frac4Rise,Error,BFF
14157500,1.66277e+09,17270.9,13.1702,1151.76,0.15,0.007608,1.8,969.473,230.746,2.06098,342520,-0.03422,-0.074777,-0.043639,24465.7,0.05,0.38218,0.262433
