tmp.site,tmp.area,Lb,X1,Wb,POR,ALPHA,BETA,Ks,Kb,Kz,Qthresh,Rs,Rb1,Rb2,Prec,Frac4Rise,Error,BFF
02312645,1.31053e+08,40332.6,100,204.701,0.15,0.034158,1,79.2722,18924.9,0.522292,5798.37,-0.131543,-0.023314,-0.027336,237.317,0.05,0.336212,0.64903
