tmp.site,tmp.area,Lb,X1,Wb,POR,ALPHA,BETA,Ks,Kb,Kz,Qthresh,Rs,Rb1,Rb2,Prec,Frac4Rise,Error,BFF
02077303,5.23178e+08,15733,17.3395,553.603,0.15,0.001615,1,161.026,464.637,0.991089,18707.5,-0.020861,-0.086955,-0.088947,494.207,0.05,0.768696,0.079586
