tmp.site,tmp.area,Lb,X1,Wb,POR,ALPHA,BETA,Ks,Kb,Kz,Qthresh,Rs,Rb1,Rb2,Prec,Frac4Rise,Error,BFF
03416000,2.74539e+08,10703.4,0.456304,781.966,0.15,0.012421,1.9,1942.62,42.9277,1.26284,41591.7,-0.210105,-0.093949,-0.044157,1541.34,0.05,0.37219,0.401425
