tmp.site,tmp.area,Lb,X1,Wb,POR,ALPHA,BETA,Ks,Kb,Kz,Qthresh,Rs,Rb1,Rb2,Prec,Frac4Rise,Error,BFF
03292500,4.45478e+07,11499,14.0231,168.559,0.15,0.017012,1,586.923,3053.89,1.02863,6116.43,-0.444752,-0.101107,-0.113561,24.4657,0.05,1.42807,0.23308
