tmp.site,tmp.area,Lb,X1,Wb,POR,ALPHA,BETA,Ks,Kb,Kz,Qthresh,Rs,Rb1,Rb2,Prec,Frac4Rise,Error,BFF
03202400,7.95126e+08,11630,14.9243,1225.59,0.15,0.011637,3.4,2932.74,113.953,1.00875,159152,-0.188653,-0.069217,-0.035307,9296.97,0.05,0.302238,0.449229
