tmp.site,tmp.area,Lb,X1,Wb,POR,ALPHA,BETA,Ks,Kb,Kz,Qthresh,Rs,Rb1,Rb2,Prec,Frac4Rise,Error,BFF
09371010,3.78138e+10,10718.6,100,4394.64,0.15,0.006536,1,2300.78,6127.37,0.949873,2.24106e+06,-0.058845,-0.036369,-0.050506,84406.7,0.05,0.402153,0.594046
