tmp.site,tmp.area,Lb,X1,Wb,POR,ALPHA,BETA,Ks,Kb,Kz,Qthresh,Rs,Rb1,Rb2,Prec,Frac4Rise,Error,BFF
13206400,3.58454e+07,3435.33,100,784.81,0.15,0.010858,1,139.713,1643.65,0.468568,11332,-0.070632,-0.034452,-0.01574,1186.27,0.05,0.246242,0.701917
