tmp.site,tmp.area,Lb,X1,Wb,POR,ALPHA,BETA,Ks,Kb,Kz,Qthresh,Rs,Rb1,Rb2,Prec,Frac4Rise,Error,BFF
11379500,2.39315e+08,44008,100,369.726,0.15,0.012202,1,1011.63,27451.3,0.935281,24090.9,-0.177645,-0.047016,-0.052568,24.4657,0.05,1.73253,0.355091
