tmp.site,tmp.area,Lb,X1,Wb,POR,ALPHA,BETA,Ks,Kb,Kz,Qthresh,Rs,Rb1,Rb2,Prec,Frac4Rise,Error,BFF
02053200,5.82747e+08,9011.6,100,975.004,0.15,0.018193,1,1364.81,23445,0.848754,9786.29,-0.09635,-0.085714,-0.124662,318.054,0.05,0.779773,0.460153
