tmp.site,tmp.area,Lb,X1,Wb,POR,ALPHA,BETA,Ks,Kb,Kz,Qthresh,Rs,Rb1,Rb2,Prec,Frac4Rise,Error,BFF
06043120,1.39238e+09,58378.4,13413.1,1105.09,0.15,0.009955,3.5,544.19,8019.7,0.695118,685040,-0.059734,-0.020661,-0.012347,41031.5,0.05,0.224022,0.509707
