tmp.site,tmp.area,Lb,X1,Wb,POR,ALPHA,BETA,Ks,Kb,Kz,Qthresh,Rs,Rb1,Rb2,Prec,Frac4Rise,Error,BFF
12179900,1.28722e+08,18031.9,5.53716,758.747,0.15,0.009048,3.4,616.385,50.5252,1.9078,169883,-0.150891,-0.056258,-0.036726,18349.3,0.05,0.293161,0.502104
