tmp.site,tmp.area,Lb,X1,Wb,POR,ALPHA,BETA,Ks,Kb,Kz,Qthresh,Rs,Rb1,Rb2,Prec,Frac4Rise,Error,BFF
03328000,1.08003e+09,9892.74,2748.72,1220.74,0.15,0.007576,10,1955.27,1870.67,1.22554,176153,-0.168236,-0.084908,-0.039443,10275.6,0.05,0.361742,0.34139
