tmp.site,tmp.area,Lb,X1,Wb,POR,ALPHA,BETA,Ks,Kb,Kz,Qthresh,Rs,Rb1,Rb2,Prec,Frac4Rise,Error,BFF
07182250,4.50658e+09,6328.71,0.488342,2200.04,0.15,0.004472,1.8,5052.14,9.51352,1.05492,151687,-0.127446,-0.083978,-0.040539,4179.97,0.05,0.477389,0.238996
