tmp.site,tmp.area,Lb,X1,Wb,POR,ALPHA,BETA,Ks,Kb,Kz,Qthresh,Rs,Rb1,Rb2,Prec,Frac4Rise,Error,BFF
11230200,1.86997e+07,18674.1,7879.23,187.166,0.15,0.003459,10.1,67.8443,211.436,0.184851,15413.4,-0.100541,-0.027474,-0.011197,318.054,0.05,0.321805,0.270778
