tmp.site,tmp.area,Lb,X1,Wb,POR,ALPHA,BETA,Ks,Kb,Kz,Qthresh,Rs,Rb1,Rb2,Prec,Frac4Rise,Error,BFF
09315000,1.16161e+11,16946.1,0.119512,8359.01,0.15,0.003652,1.1,2023.75,7.96564,1.94502,6.09196e+06,-0.062194,-0.027686,-0.025328,209427,0.05,0.332018,0.613242
