tmp.site,tmp.area,Lb,X1,Wb,POR,ALPHA,BETA,Ks,Kb,Kz,Qthresh,Rs,Rb1,Rb2,Prec,Frac4Rise,Error,BFF
02392000,1.58766e+09,47950.5,140.048,1465.72,0.15,0.007402,2.2,3344.42,5493.19,1.27938,1.11319e+06,-0.286673,-0.040599,-0.030184,44038.3,0.05,0.274302,0.562744
