tmp.site,tmp.area,Lb,X1,Wb,POR,ALPHA,BETA,Ks,Kb,Kz,Qthresh,Rs,Rb1,Rb2,Prec,Frac4Rise,Error,BFF
12199000,7.80881e+09,17529.3,0.51565,6259.41,0.15,0.006917,1.5,1490.04,14.3626,5.8767,2.14652e+07,-0.145471,-0.040069,-0.032101,978629,0.05,0.219438,0.643373
