tmp.site,tmp.area,Lb,X1,Wb,POR,ALPHA,BETA,Ks,Kb,Kz,Qthresh,Rs,Rb1,Rb2,Prec,Frac4Rise,Error,BFF
01018035,6.60447e+08,10880.8,200.22,1263.28,0.15,0.016876,1.1,2321.3,23706.3,0.91614,408577,-0.149043,-0.065202,-0.052279,3131.61,0.05,0.407055,0.421404
