tmp.site,tmp.area,Lb,X1,Wb,POR,ALPHA,BETA,Ks,Kb,Kz,Qthresh,Rs,Rb1,Rb2,Prec,Frac4Rise,Error,BFF
02406930,4.27348e+07,17028.4,112.405,222.946,0.15,0.011778,1.9,203.5,12860.9,0.935575,34986,-0.205735,-0.064297,-0.049073,1895.21,0.05,0.26011,0.542015
