tmp.site,tmp.area,Lb,X1,Wb,POR,ALPHA,BETA,Ks,Kb,Kz,Qthresh,Rs,Rb1,Rb2,Prec,Frac4Rise,Error,BFF
10311300,8.90956e+07,26467.5,100,20.9758,0.15,0.0902,1,938.48,23870,0.97121,2152.98,-0.168236,-0.072004,-0.109691,24.4657,0.05,1.39735,0.169494
