tmp.site,tmp.area,Lb,X1,Wb,POR,ALPHA,BETA,Ks,Kb,Kz,Qthresh,Rs,Rb1,Rb2,Prec,Frac4Rise,Error,BFF
07315700,1.48665e+09,3707.84,100,639.331,0.15,0.009506,1,3943.66,11097.2,0.956848,139455,-0.220916,-0.156789,-0.178041,24.4657,0.05,4.95295,0.070101
