tmp.site,tmp.area,Lb,X1,Wb,POR,ALPHA,BETA,Ks,Kb,Kz,Qthresh,Rs,Rb1,Rb2,Prec,Frac4Rise,Error,BFF
033483827,5.94143e+07,8180.7,100,215.309,0.15,0.010117,1,750.53,14175.4,0.954128,880.766,-0.293739,-0.131402,-0.062083,34.252,0.05,0.554898,0.219657
