tmp.site,tmp.area,Lb,X1,Wb,POR,ALPHA,BETA,Ks,Kb,Kz,Qthresh,Rs,Rb1,Rb2,Prec,Frac4Rise,Error,BFF
03269500,1.26909e+09,22074.9,12549.8,1864.37,0.15,0.006337,10.1,761.861,673.606,0.871221,592070,-0.199204,-0.049,-0.020835,30826.8,0.05,0.257974,0.515083
