tmp.site,tmp.area,Lb,X1,Wb,POR,ALPHA,BETA,Ks,Kb,Kz,Qthresh,Rs,Rb1,Rb2,Prec,Frac4Rise,Error,BFF
05289985,3.15979e+07,20737.9,275.214,47.3476,0.15,0.060904,0.9,109.08,55757,0.94419,3914.51,-0.11268,-0.070984,-0.141072,24.4657,0.05,1.42962,0.240492
