tmp.site,tmp.area,Lb,X1,Wb,POR,ALPHA,BETA,Ks,Kb,Kz,Qthresh,Rs,Rb1,Rb2,Prec,Frac4Rise,Error,BFF
11502500,7.84766e+09,145248,100,1256.17,0.15,0.004315,1,1030.23,1095.45,1.00623,919911,-0.058892,-0.016599,-0.011108,94927,0.05,0.319896,0.466772
