tmp.site,tmp.area,Lb,X1,Wb,POR,ALPHA,BETA,Ks,Kb,Kz,Qthresh,Rs,Rb1,Rb2,Prec,Frac4Rise,Error,BFF
10347460,2.68064e+09,30103.2,16.5611,1377.54,0.15,0.004022,0.9,306.298,478.925,0.831831,1.32849e+06,-0.061922,-0.029511,-0.040239,3180.54,0.05,1.15533,0.403881
