tmp.site,tmp.area,Lb,X1,Wb,POR,ALPHA,BETA,Ks,Kb,Kz,Qthresh,Rs,Rb1,Rb2,Prec,Frac4Rise,Error,BFF
09367000,9.09086e+08,7018.6,100,26.5418,0.15,0.007968,1,1417.8,8283.97,0.916813,18471.6,-0.143841,-0.090437,-0.152647,24.4657,0.05,1.05739,0.016638
