tmp.site,tmp.area,Lb,X1,Wb,POR,ALPHA,BETA,Ks,Kb,Kz,Qthresh,Rs,Rb1,Rb2,Prec,Frac4Rise,Error,BFF
02472980,1.73788e+09,19786.5,0.122195,1337.78,0.15,0.006924,1.1,4067.24,31.6969,3.34006,1.3554e+06,-0.279147,-0.108206,-0.101171,126977,0.05,0.284313,0.358968
