tmp.site,tmp.area,Lb,X1,Wb,POR,ALPHA,BETA,Ks,Kb,Kz,Qthresh,Rs,Rb1,Rb2,Prec,Frac4Rise,Error,BFF
09067000,3.80728e+07,4898.45,256.552,237.691,0.15,0.010886,1.1,112.71,2064.26,0.303643,9101.25,-0.091161,-0.029956,-0.022711,342.52,0.05,0.343444,0.316465
