tmp.site,tmp.area,Lb,X1,Wb,POR,ALPHA,BETA,Ks,Kb,Kz,Qthresh,Rs,Rb1,Rb2,Prec,Frac4Rise,Error,BFF
08152900,9.55706e+08,1785.12,23.9789,772.648,0.15,0.025216,0.9,705.704,479.005,1.03483,95416.3,-0.185921,-0.046983,-0.078961,24.4657,0.05,7.72212,0.256158
