tmp.site,tmp.area,Lb,X1,Wb,POR,ALPHA,BETA,Ks,Kb,Kz,Qthresh,Rs,Rb1,Rb2,Prec,Frac4Rise,Error,BFF
02423425,5.20588e+08,4917.8,100,1664.24,0.15,0.028801,1,2740.62,19786.3,0.990314,17739.6,-0.269775,-0.094952,-0.151373,408.333,0.05,0.85828,0.438084
