tmp.site,tmp.area,Lb,X1,Wb,POR,ALPHA,BETA,Ks,Kb,Kz,Qthresh,Rs,Rb1,Rb2,Prec,Frac4Rise,Error,BFF
03418000,2.03832e+08,10880.7,100,483.192,0.15,0.014362,1,1099.58,10988.3,0.983679,9296.97,-0.259089,-0.081766,-0.037624,1027.56,0.05,0.387005,0.324914
