tmp.site,tmp.area,Lb,X1,Wb,POR,ALPHA,BETA,Ks,Kb,Kz,Qthresh,Rs,Rb1,Rb2,Prec,Frac4Rise,Error,BFF
08164450,7.48507e+08,2396.63,100,1276.76,0.15,0.012246,1,4529.71,13134.7,0.895526,479528,-0.218785,-0.13285,-0.273562,24.4657,0.05,10.1012,0.199998
