tmp.site,tmp.area,Lb,X1,Wb,POR,ALPHA,BETA,Ks,Kb,Kz,Qthresh,Rs,Rb1,Rb2,Prec,Frac4Rise,Error,BFF
03127500,9.50526e+08,12594.7,100,1270.62,0.15,0.012613,1,3805.65,25043.9,0.906998,117435,-0.131341,-0.067413,-0.088656,504.238,0.05,0.574983,0.429809
