tmp.site,tmp.area,Lb,X1,Wb,POR,ALPHA,BETA,Ks,Kb,Kz,Qthresh,Rs,Rb1,Rb2,Prec,Frac4Rise,Error,BFF
06752280,3.22195e+09,6150.92,100,556.736,0.15,0.005294,1,638.956,8131.74,0.957822,11988.2,-0.10382,-0.07908,-0.112377,318.054,0.05,1.20426,0.135575
