tmp.site,tmp.area,Lb,X1,Wb,POR,ALPHA,BETA,Ks,Kb,Kz,Qthresh,Rs,Rb1,Rb2,Prec,Frac4Rise,Error,BFF
12096505,1.14736e+09,10779,150.866,2265.21,0.15,0.011903,1.1,2171.45,12538.7,2.00888,1.08628e+06,-0.139194,-0.058947,-0.052378,105447,0.05,0.305959,0.536193
