tmp.site,tmp.area,Lb,X1,Wb,POR,ALPHA,BETA,Ks,Kb,Kz,Qthresh,Rs,Rb1,Rb2,Prec,Frac4Rise,Error,BFF
09404900,8.88366e+08,4.04407e+06,100,207.528,0.15,0.068448,1,72461.5,31.9229,0.968452,85630,-0.108786,-0.015082,-0.010546,8073.69,0.05,0.21708,0.622632
