tmp.site,tmp.area,Lb,X1,Wb,POR,ALPHA,BETA,Ks,Kb,Kz,Qthresh,Rs,Rb1,Rb2,Prec,Frac4Rise,Error,BFF
05243725,1.5255e+08,96542,59.4345,737.437,0.15,0.017279,0.8,81.4761,4073.53,0.315515,109362,-0.03819,-0.010589,-0.01179,8440.67,0.05,0.19332,0.780484
