tmp.site,tmp.area,Lb,X1,Wb,POR,ALPHA,BETA,Ks,Kb,Kz,Qthresh,Rs,Rb1,Rb2,Prec,Frac4Rise,Error,BFF
01589315,6.29367e+06,2146.51,153.481,94.6881,0.15,0.010058,0.9,375.647,3935.77,0.574713,2348.71,-0.691483,-0.107082,-0.145528,51.378,0.05,0.422135,0.123918
