tmp.site,tmp.area,Lb,X1,Wb,POR,ALPHA,BETA,Ks,Kb,Kz,Qthresh,Rs,Rb1,Rb2,Prec,Frac4Rise,Error,BFF
09502800,6.60447e+08,19692.6,100,67.6644,0.15,0.015947,1,1056.51,10118.6,0.947791,13211.5,-0.143841,-0.096129,-0.085431,24.4657,0.05,4.23155,0.042813
