tmp.site,tmp.area,Lb,X1,Wb,POR,ALPHA,BETA,Ks,Kb,Kz,Qthresh,Rs,Rb1,Rb2,Prec,Frac4Rise,Error,BFF
08185100,2.10048e+08,26028.3,11931.3,233.291,0.15,0.004467,10.1,76.1647,2648.23,0.523477,19523.6,-0.082686,-0.125744,-0.064167,1223.29,0.05,0.280056,0.250052
