tmp.site,tmp.area,Lb,X1,Wb,POR,ALPHA,BETA,Ks,Kb,Kz,Qthresh,Rs,Rb1,Rb2,Prec,Frac4Rise,Error,BFF
06720460,7.30377e+07,607433,25.2541,23.1231,0.15,0.04711,0.9,227.734,9649.62,0.71074,5088.87,-0.174281,-0.050452,-0.088179,24.4657,0.05,4.95697,0.22489
