tmp.site,tmp.area,Lb,X1,Wb,POR,ALPHA,BETA,Ks,Kb,Kz,Qthresh,Rs,Rb1,Rb2,Prec,Frac4Rise,Error,BFF
13210980,1.21729e+07,6723.21,55.3711,1043.36,0.15,0.096456,1,27.2847,83.3259,1.04225,151198,-0.046205,-0.016497,-0.015079,9008.28,0.05,0.269937,0.57345
