tmp.site,tmp.area,Lb,X1,Wb,POR,ALPHA,BETA,Ks,Kb,Kz,Qthresh,Rs,Rb1,Rb2,Prec,Frac4Rise,Error,BFF
05435950,2.14192e+08,34044.4,100,358.118,0.15,0.012303,1,330.269,3757.48,1.02505,102756,-0.153211,-0.039493,-0.024525,6385.55,0.05,0.244103,0.585552
