tmp.site,tmp.area,Lb,X1,Wb,POR,ALPHA,BETA,Ks,Kb,Kz,Qthresh,Rs,Rb1,Rb2,Prec,Frac4Rise,Error,BFF
05530000,3.41878e+07,7312.27,106.017,55.8328,0.15,0.023624,0.9,970.364,15963.7,0.979549,24098.7,-0.386595,-0.100553,-0.179039,24.4657,0.05,1.78448,0.10569
