tmp.site,tmp.area,Lb,X1,Wb,POR,ALPHA,BETA,Ks,Kb,Kz,Qthresh,Rs,Rb1,Rb2,Prec,Frac4Rise,Error,BFF
05487520,3.03029e+10,49376.4,38.9597,14156.3,0.15,0.017324,0.9,13160.2,18650.2,0.850697,849450,-0.068601,-0.031775,-0.055191,68621.4,0.05,0.415558,0.571502
