tmp.site,tmp.area,Lb,X1,Wb,POR,ALPHA,BETA,Ks,Kb,Kz,Qthresh,Rs,Rb1,Rb2,Prec,Frac4Rise,Error,BFF
10256000,1.48924e+08,61225.9,121.723,117.992,0.15,0.022769,0.9,67.6728,19847.1,0.596787,24465.7,-0.077075,-0.020257,-0.035025,244.657,0.05,1.2476,0.401786
