tmp.site,tmp.area,Lb,X1,Wb,POR,ALPHA,BETA,Ks,Kb,Kz,Qthresh,Rs,Rb1,Rb2,Prec,Frac4Rise,Error,BFF
11254000,1.02046e+10,18816.6,68.5176,2105.89,0.15,0.011186,0.9,1773.1,6769.88,1.03142,1.51687e+06,-0.044416,-0.040244,-0.077868,494.99,0.05,7.05519,0.454173
