tmp.site,tmp.area,Lb,X1,Wb,POR,ALPHA,BETA,Ks,Kb,Kz,Qthresh,Rs,Rb1,Rb2,Prec,Frac4Rise,Error,BFF
08170500,1.2665e+08,22237.2,104.116,4296.2,0.15,0.01386,0.9,64.2963,1850.92,0.348595,244168,-0.052543,-0.00388,-0.004588,16832.4,0.05,0.240979,0.778992
