tmp.site,tmp.area,Lb,X1,Wb,POR,ALPHA,BETA,Ks,Kb,Kz,Qthresh,Rs,Rb1,Rb2,Prec,Frac4Rise,Error,BFF
03187000,6.11237e+08,7972.83,100,1438.44,0.15,0.016511,1,3636.86,21301.6,1.14251,141901,-0.231957,-0.087844,-0.086572,1426.11,0.05,0.403011,0.430115
