tmp.site,tmp.area,Lb,X1,Wb,POR,ALPHA,BETA,Ks,Kb,Kz,Qthresh,Rs,Rb1,Rb2,Prec,Frac4Rise,Error,BFF
13297380,3.10799e+09,41564.9,97.5103,2986.01,0.15,0.009028,1.5,897.875,9852.64,0.903274,1.92325e+06,-0.046985,-0.019931,-0.016705,59155.7,0.05,0.147136,0.840183
