tmp.site,tmp.area,Lb,X1,Wb,POR,ALPHA,BETA,Ks,Kb,Kz,Qthresh,Rs,Rb1,Rb2,Prec,Frac4Rise,Error,BFF
04294140,2.92669e+07,12414.7,100,102.365,0.15,0.047748,1,613.476,22640.2,0.92712,32294.7,-0.287507,-0.078439,-0.120412,24.4657,0.05,0.534407,0.29338
