tmp.site,tmp.area,Lb,X1,Wb,POR,ALPHA,BETA,Ks,Kb,Kz,Qthresh,Rs,Rb1,Rb2,Prec,Frac4Rise,Error,BFF
07179795,5.17998e+08,3459.75,306.963,679.676,0.15,0.010287,1.1,98.8915,16190,0.838892,2075.92,-0.013482,-0.127053,-0.085898,110.096,0.05,1.22889,0.152946
