tmp.site,tmp.area,Lb,X1,Wb,POR,ALPHA,BETA,Ks,Kb,Kz,Qthresh,Rs,Rb1,Rb2,Prec,Frac4Rise,Error,BFF
11063680,1.4219e+07,8014.21,112.78,155.545,0.15,0.060714,0.9,311.456,3655.11,0.38674,6581.28,-0.120581,-0.048234,-0.080372,24.4657,0.05,2.69262,0.180237
