tmp.site,tmp.area,Lb,X1,Wb,POR,ALPHA,BETA,Ks,Kb,Kz,Qthresh,Rs,Rb1,Rb2,Prec,Frac4Rise,Error,BFF
08180640,2.08494e+09,126863,10.3179,344.339,0.15,0.012269,0.9,4070.42,368.298,0.950816,159027,-0.144953,-0.029808,-0.036469,24.4657,0.05,38.6866,0.182248
