tmp.site,tmp.area,Lb,X1,Wb,POR,ALPHA,BETA,Ks,Kb,Kz,Qthresh,Rs,Rb1,Rb2,Prec,Frac4Rise,Error,BFF
04135700,1.03859e+09,154576,100,452.011,0.15,0.017095,1,259.466,1266.3,0.862756,266676,-0.032557,-0.018102,-0.013456,24074.3,0.05,0.258456,0.553422
