tmp.site,tmp.area,Lb,X1,Wb,POR,ALPHA,BETA,Ks,Kb,Kz,Qthresh,Rs,Rb1,Rb2,Prec,Frac4Rise,Error,BFF
07331299,5.05825e+07,31537.9,100,266.281,0.15,0.006629,1,161.603,821.533,0.252404,17835.5,-0.119781,-0.018406,-0.002386,1473.81,0.05,0.323835,0.377466
