tmp.site,tmp.area,Lb,X1,Wb,POR,ALPHA,BETA,Ks,Kb,Kz,Qthresh,Rs,Rb1,Rb2,Prec,Frac4Rise,Error,BFF
01081000,1.21988e+09,15793.2,100,1510.93,0.15,0.010719,1,404.839,5303.54,0.979186,711952,-0.026401,-0.032857,-0.052693,26423,0.05,0.397827,0.538052
