tmp.site,tmp.area,Lb,X1,Wb,POR,ALPHA,BETA,Ks,Kb,Kz,Qthresh,Rs,Rb1,Rb2,Prec,Frac4Rise,Error,BFF
07263295,1.19398e+08,5487.16,100,492.982,0.15,0.019939,1,1041.14,17025.6,0.941942,117191,-0.202363,-0.108643,-0.148457,24.4657,0.05,2.47275,0.291604
