tmp.site,tmp.area,Lb,X1,Wb,POR,ALPHA,BETA,Ks,Kb,Kz,Qthresh,Rs,Rb1,Rb2,Prec,Frac4Rise,Error,BFF
06836500,9.34986e+08,2.22829e+06,0.594323,33.5448,0.15,0.027238,0.9,1399.38,39.927,1.10281,16392,-0.143841,-0.030293,-0.099887,24.4657,0.05,6.7984,0.240532
