tmp.site,tmp.area,Lb,X1,Wb,POR,ALPHA,BETA,Ks,Kb,Kz,Qthresh,Rs,Rb1,Rb2,Prec,Frac4Rise,Error,BFF
06485910,2.17559e+10,18480.3,7.23621,6621.81,0.15,0.009504,2.2,9495.19,75.3579,0.947304,502550,-0.07811,-0.031923,-0.018105,51867.3,0.05,0.3657,0.557015
