tmp.site,tmp.area,Lb,X1,Wb,POR,ALPHA,BETA,Ks,Kb,Kz,Qthresh,Rs,Rb1,Rb2,Prec,Frac4Rise,Error,BFF
0214266000,6.81167e+07,3487.81,430.57,337.338,0.15,0.013703,1,1135.66,13408.9,0.297012,7217.39,-0.54822,-0.11912,-0.088804,440.383,0.05,0.401593,0.217752
