tmp.site,tmp.area,Lb,X1,Wb,POR,ALPHA,BETA,Ks,Kb,Kz,Qthresh,Rs,Rb1,Rb2,Prec,Frac4Rise,Error,BFF
06674500,5.75444e+10,29311.2,38.279,1807.01,0.15,0.002422,0.9,549.252,2062.54,0.922983,523566,-0.066983,-0.02513,-0.036839,3373.09,0.05,0.796009,0.348115
