tmp.site,tmp.area,Lb,X1,Wb,POR,ALPHA,BETA,Ks,Kb,Kz,Qthresh,Rs,Rb1,Rb2,Prec,Frac4Rise,Error,BFF
01573710,1.23024e+08,8683.97,100,367.691,0.15,0.010035,1,1359.96,8447.27,0.958934,16098.4,-0.433284,-0.107143,-0.05663,915.018,0.05,0.350348,0.280294
