tmp.site,tmp.area,Lb,X1,Wb,POR,ALPHA,BETA,Ks,Kb,Kz,Qthresh,Rs,Rb1,Rb2,Prec,Frac4Rise,Error,BFF
03141870,1.80004e+08,5836.31,420.313,546.71,0.15,0.015502,0.9,1861.25,52153.2,0.459793,20431.8,-0.375515,-0.086736,-0.109632,51.378,0.05,0.561777,0.284078
