tmp.site,tmp.area,Lb,X1,Wb,POR,ALPHA,BETA,Ks,Kb,Kz,Qthresh,Rs,Rb1,Rb2,Prec,Frac4Rise,Error,BFF
11481000,1.25614e+09,30033.7,100,1097.16,0.15,0.008612,1,3303.18,23568.4,1.34566,63610.9,-0.126104,-0.070917,-0.038009,3425.2,0.05,0.503556,0.265591
