tmp.site,tmp.area,Lb,X1,Wb,POR,ALPHA,BETA,Ks,Kb,Kz,Qthresh,Rs,Rb1,Rb2,Prec,Frac4Rise,Error,BFF
04167625,1.41154e+08,16980.5,100,381.745,0.15,0.009341,1,707.459,5612,1.00893,87831.9,-0.240735,-0.07175,-0.045716,7535.44,0.05,0.274251,0.476098
