tmp.site,tmp.area,Lb,X1,Wb,POR,ALPHA,BETA,Ks,Kb,Kz,Qthresh,Rs,Rb1,Rb2,Prec,Frac4Rise,Error,BFF
14123500,9.99735e+08,64589.6,100,2076.21,0.15,0.005055,1,128.563,9187.92,0.962049,1.22329e+06,-0.07155,-0.019517,-0.012444,102756,0.05,0.176461,0.738174
