tmp.site,tmp.area,Lb,X1,Wb,POR,ALPHA,BETA,Ks,Kb,Kz,Qthresh,Rs,Rb1,Rb2,Prec,Frac4Rise,Error,BFF
06027600,2.00957e+10,24565.2,72.7746,7507.08,0.15,0.014274,0.9,3224.19,29246.2,1.1104,106181,-0.043726,-0.041217,-0.064996,8764.35,0.05,0.332817,0.80436
