tmp.site,tmp.area,Lb,X1,Wb,POR,ALPHA,BETA,Ks,Kb,Kz,Qthresh,Rs,Rb1,Rb2,Prec,Frac4Rise,Error,BFF
06772775,8.23616e+07,11312.8,100,12.7618,0.15,0.000955,1,341.778,51.5378,0.859553,18202.5,-0.152751,-0.090828,-0.147047,24.4657,0.05,0.306529,7.6e-05
