tmp.site,tmp.area,Lb,X1,Wb,POR,ALPHA,BETA,Ks,Kb,Kz,Qthresh,Rs,Rb1,Rb2,Prec,Frac4Rise,Error,BFF
06918070,1.40118e+10,18334.3,100,3365.79,0.15,0.013701,1,14626.9,28674.5,1.81899,276463,-0.111572,-0.080556,-0.107241,6361.09,0.05,0.715337,0.257936
