tmp.site,tmp.area,Lb,X1,Wb,POR,ALPHA,BETA,Ks,Kb,Kz,Qthresh,Rs,Rb1,Rb2,Prec,Frac4Rise,Error,BFF
02457595,1.3442e+08,10110.7,100,471.779,0.15,0.008715,1,1078.41,6189.12,1.00932,33273.4,-0.346574,-0.103046,-0.041835,3400.73,0.05,0.286108,0.354611
