tmp.site,tmp.area,Lb,X1,Wb,POR,ALPHA,BETA,Ks,Kb,Kz,Qthresh,Rs,Rb1,Rb2,Prec,Frac4Rise,Error,BFF
01100561,1.60838e+08,9566.77,100,731.394,0.15,0.035914,1,463.132,21404.8,0.95249,5945.17,-0.087086,-0.054704,-0.093112,318.666,0.05,0.535303,0.575113
