tmp.site,tmp.area,Lb,X1,Wb,POR,ALPHA,BETA,Ks,Kb,Kz,Qthresh,Rs,Rb1,Rb2,Prec,Frac4Rise,Error,BFF
03202300,6.75987e+08,13043.2,5631.95,1372.12,0.15,0.011507,10.1,1818.93,3197.38,0.856989,137253,-0.1659,-0.06813,-0.027542,8954.45,0.05,0.293075,0.431375
