tmp.site,tmp.area,Lb,X1,Wb,POR,ALPHA,BETA,Ks,Kb,Kz,Qthresh,Rs,Rb1,Rb2,Prec,Frac4Rise,Error,BFF
10300000,2.49675e+09,17205.3,100,699.544,0.15,0.014135,1,218.055,12395.3,0.998064,107649,-0.075018,-0.033018,-0.030643,3669.86,0.05,0.370048,0.557577
