tmp.site,tmp.area,Lb,X1,Wb,POR,ALPHA,BETA,Ks,Kb,Kz,Qthresh,Rs,Rb1,Rb2,Prec,Frac4Rise,Error,BFF
13074810,4.63608e+08,121562,77.7342,31.4734,0.15,0.025463,0.8,244.831,26365.7,0.945438,31805.4,-0.041459,-0.02597,-0.058256,954.163,0.05,0.816159,0.118558
