tmp.site,tmp.area,Lb,X1,Wb,POR,ALPHA,BETA,Ks,Kb,Kz,Qthresh,Rs,Rb1,Rb2,Prec,Frac4Rise,Error,BFF
01433005,3.00439e+08,28390.9,20.4406,489.35,0.15,0.00371,0.9,178.746,1539.33,0.947703,281356,-0.043306,-0.041302,-0.072898,11666.5,0.05,0.394089,0.360556
