tmp.site,tmp.area,Lb,X1,Wb,POR,ALPHA,BETA,Ks,Kb,Kz,Qthresh,Rs,Rb1,Rb2,Prec,Frac4Rise,Error,BFF
04228500,4.35118e+09,10220.7,153.045,2246.51,0.15,0.009955,1,4597.42,14405.7,0.967708,472188,-0.081808,-0.060614,-0.056343,31805.4,0.05,0.376908,0.388347
