tmp.site,tmp.area,Lb,X1,Wb,POR,ALPHA,BETA,Ks,Kb,Kz,Qthresh,Rs,Rb1,Rb2,Prec,Frac4Rise,Error,BFF
14303200,8.00306e+06,5277.68,100,237.071,0.15,0.011308,1,126.87,2489.98,0.517554,2397.64,-0.126384,-0.061508,-0.016009,215.298,0.05,0.335776,0.325953
