tmp.site,tmp.area,Lb,X1,Wb,POR,ALPHA,BETA,Ks,Kb,Kz,Qthresh,Rs,Rb1,Rb2,Prec,Frac4Rise,Error,BFF
03309000,5.23178e+09,70218.4,73.792,1191.16,0.15,0.009776,1.3,3759.51,49906.9,3.35858,300928,-0.122856,-0.086304,-0.058497,31805.4,0.05,0.386316,0.399659
