tmp.site,tmp.area,Lb,X1,Wb,POR,ALPHA,BETA,Ks,Kb,Kz,Qthresh,Rs,Rb1,Rb2,Prec,Frac4Rise,Error,BFF
06711770,8.85776e+06,2339.69,237.674,93.534,0.15,0.012407,0.9,165.765,6833.04,0.067923,1541.34,-0.200016,-0.102677,-0.096339,88.0766,0.05,0.351782,0.237815
