tmp.site,tmp.area,Lb,X1,Wb,POR,ALPHA,BETA,Ks,Kb,Kz,Qthresh,Rs,Rb1,Rb2,Prec,Frac4Rise,Error,BFF
03049807,1.48406e+08,10621.9,0.575459,346.827,0.15,0.014256,1,1087.16,104.268,1.09856,34986,-0.336736,-0.080118,-0.088576,1165.42,0.05,0.410168,0.338933
