tmp.site,tmp.area,Lb,X1,Wb,POR,ALPHA,BETA,Ks,Kb,Kz,Qthresh,Rs,Rb1,Rb2,Prec,Frac4Rise,Error,BFF
02336152,1.45557e+07,10085,100,86.1859,0.15,0.016263,1,431.956,8696.98,0.813443,13763.4,-0.625096,-0.098752,-0.114681,39.1451,0.05,0.515563,0.211578
