tmp.site,tmp.area,Lb,X1,Wb,POR,ALPHA,BETA,Ks,Kb,Kz,Qthresh,Rs,Rb1,Rb2,Prec,Frac4Rise,Error,BFF
01595300,1.10592e+08,16146.3,100,353.114,0.15,0.022195,1,669.313,26149.7,1.00086,26912.3,-0.274579,-0.066528,-0.064178,244.657,0.05,0.392061,0.433181
