tmp.site,tmp.area,Lb,X1,Wb,POR,ALPHA,BETA,Ks,Kb,Kz,Qthresh,Rs,Rb1,Rb2,Prec,Frac4Rise,Error,BFF
06485500,2.04065e+10,39798.5,94.5465,1765.56,0.15,0.008179,1.2,4520.08,12120.4,0.735588,1.69303e+06,-0.089529,-0.040161,-0.028178,7339.71,0.05,0.470824,0.3538
