tmp.site,tmp.area,Lb,X1,Wb,POR,ALPHA,BETA,Ks,Kb,Kz,Qthresh,Rs,Rb1,Rb2,Prec,Frac4Rise,Error,BFF
04213075,1.15254e+07,6490.77,100,128.264,0.15,0.0122,1,434.616,6794.98,0.687933,2935.89,-0.336138,-0.091522,-0.067826,107.649,0.05,0.382086,0.310901
