tmp.site,tmp.area,Lb,X1,Wb,POR,ALPHA,BETA,Ks,Kb,Kz,Qthresh,Rs,Rb1,Rb2,Prec,Frac4Rise,Error,BFF
05301000,1.04895e+10,21601.1,100,2487.66,0.15,0.01418,1,442.594,11603.2,0.951798,428150,-0.014106,-0.034937,-0.058772,1939.64,0.05,1.4942,0.544244
