tmp.site,tmp.area,Lb,X1,Wb,POR,ALPHA,BETA,Ks,Kb,Kz,Qthresh,Rs,Rb1,Rb2,Prec,Frac4Rise,Error,BFF
14166000,8.85776e+09,26759.2,12749.2,7308.74,0.15,0.005665,10.1,1289.19,136.369,3.31711,1.27711e+07,-0.053786,-0.043596,-0.0202,709506,0.05,0.349784,0.452757
