tmp.site,tmp.area,Lb,X1,Wb,POR,ALPHA,BETA,Ks,Kb,Kz,Qthresh,Rs,Rb1,Rb2,Prec,Frac4Rise,Error,BFF
11466320,2.00983e+08,10472.6,100,322.875,0.15,0.011494,1,1693.65,4754.5,0.999012,10422.4,-0.259657,-0.091134,-0.047733,24.4657,0.05,0.706501,0.121274
