tmp.site,tmp.area,Lb,X1,Wb,POR,ALPHA,BETA,Ks,Kb,Kz,Qthresh,Rs,Rb1,Rb2,Prec,Frac4Rise,Error,BFF
11027000,5.82747e+07,1290.47,100,7.39758,0.15,0.096629,1,11149.1,4.78427,0.678096,6018.57,-0.202733,-0.078973,-0.044431,24.4657,0.05,0.494319,0.000427
