tmp.site,tmp.area,Lb,X1,Wb,POR,ALPHA,BETA,Ks,Kb,Kz,Qthresh,Rs,Rb1,Rb2,Prec,Frac4Rise,Error,BFF
09304200,1.67831e+09,7435.63,100,2959.5,0.15,0.00807,1,452.92,5677.5,0.982381,1.05937e+06,-0.072428,-0.032997,-0.0374,8173.75,0.05,0.355124,0.709288
