tmp.site,tmp.area,Lb,X1,Wb,POR,ALPHA,BETA,Ks,Kb,Kz,Qthresh,Rs,Rb1,Rb2,Prec,Frac4Rise,Error,BFF
021623975,1.14218e+08,23265.2,100,319.342,0.15,0.018214,1,326.353,14707.8,0.933502,157070,-0.230526,-0.046567,-0.041032,2032.98,0.05,0.336973,0.511167
