tmp.site,tmp.area,Lb,X1,Wb,POR,ALPHA,BETA,Ks,Kb,Kz,Qthresh,Rs,Rb1,Rb2,Prec,Frac4Rise,Error,BFF
05542500,1.93809e+10,7212.05,0.098966,15131.7,0.15,0.009272,1,7704.98,24.521,2.83342,1.53645e+07,-0.105698,-0.046546,-0.047941,459760,0.05,0.242866,0.819323
