tmp.site,tmp.area,Lb,X1,Wb,POR,ALPHA,BETA,Ks,Kb,Kz,Qthresh,Rs,Rb1,Rb2,Prec,Frac4Rise,Error,BFF
02372422,3.29705e+09,7125.32,100,3639.58,0.15,0.026594,1,6269.82,19003.5,0.963099,212852,-0.160573,-0.066581,-0.099223,8839.46,0.05,0.601094,0.452725
