tmp.site,tmp.area,Lb,X1,Wb,POR,ALPHA,BETA,Ks,Kb,Kz,Qthresh,Rs,Rb1,Rb2,Prec,Frac4Rise,Error,BFF
09051050,4.76558e+07,14609.7,4865.94,314.933,0.15,0.01047,3.3,115.613,3417.78,0.23949,10446.9,-0.084092,-0.024097,-0.013303,611.643,0.05,0.269773,0.446237
