tmp.site,tmp.area,Lb,X1,Wb,POR,ALPHA,BETA,Ks,Kb,Kz,Qthresh,Rs,Rb1,Rb2,Prec,Frac4Rise,Error,BFF
08176550,4.32528e+08,180998,100,42.1505,0.15,0.08301,1,547.746,10839.1,0.98169,21040.5,-0.148866,-0.04216,-0.045039,24.4657,0.05,2.70544,0.178009
