tmp.site,tmp.area,Lb,X1,Wb,POR,ALPHA,BETA,Ks,Kb,Kz,Qthresh,Rs,Rb1,Rb2,Prec,Frac4Rise,Error,BFF
12040500,1.15254e+09,392820,6.59399,9.92109,0.15,0.01,0.6,3079.89,504244,27.5026,919911,-0.258882,-0.079197,-0.022416,96505,0.05,0.968835,0.00666
