tmp.site,tmp.area,Lb,X1,Wb,POR,ALPHA,BETA,Ks,Kb,Kz,Qthresh,Rs,Rb1,Rb2,Prec,Frac4Rise,Error,BFF
07052250,1.19657e+09,9689.89,100,1391.72,0.15,0.008886,1,2999.79,8905.11,0.964682,148507,-0.16573,-0.077679,-0.035838,10894.6,0.05,0.362114,0.336115
