tmp.site,tmp.area,Lb,X1,Wb,POR,ALPHA,BETA,Ks,Kb,Kz,Qthresh,Rs,Rb1,Rb2,Prec,Frac4Rise,Error,BFF
06479438,1.35974e+09,10196.7,100,762.162,0.15,0.045006,1,2776.31,7535.8,0.993569,117925,-0.125657,-0.060115,-0.07576,24.4657,0.05,1.11788,0.228994
