tmp.site,tmp.area,Lb,X1,Wb,POR,ALPHA,BETA,Ks,Kb,Kz,Qthresh,Rs,Rb1,Rb2,Prec,Frac4Rise,Error,BFF
01349527,5.48559e+09,32834.6,1.47694,2587.24,0.15,0.008415,1.1,4368.49,487.792,2.40607,5.23566e+06,-0.13993,-0.049511,-0.046141,208575,0.05,0.262898,0.595383
