tmp.site,tmp.area,Lb,X1,Wb,POR,ALPHA,BETA,Ks,Kb,Kz,Qthresh,Rs,Rb1,Rb2,Prec,Frac4Rise,Error,BFF
09429500,4.88213e+11,10353.9,0.323981,2601.57,0.15,0.009156,0.9,5132.03,12.8564,0.998412,1.02511e+06,-0.028058,-0.043,-0.050328,39634.5,0.05,0.341687,0.588761
