tmp.site,tmp.area,Lb,X1,Wb,POR,ALPHA,BETA,Ks,Kb,Kz,Qthresh,Rs,Rb1,Rb2,Prec,Frac4Rise,Error,BFF
03209000,5.72387e+08,13029.1,0.390604,698.48,0.15,0.010681,1,2616.49,70.2431,1.05224,139455,-0.099944,-0.082102,-0.100126,513.78,0.05,0.655391,0.31196
