tmp.site,tmp.area,Lb,X1,Wb,POR,ALPHA,BETA,Ks,Kb,Kz,Qthresh,Rs,Rb1,Rb2,Prec,Frac4Rise,Error,BFF
08017410,1.95803e+09,9743.91,100,3004.07,0.15,0.023407,1,2764.29,20607,0.841618,27890.9,-0.124295,-0.071316,-0.183106,24.4657,0.05,74.8983,0.585035
