tmp.site,tmp.area,Lb,X1,Wb,POR,ALPHA,BETA,Ks,Kb,Kz,Qthresh,Rs,Rb1,Rb2,Prec,Frac4Rise,Error,BFF
04235890,2.07976e+07,9823.2,100,314.213,0.15,0.006693,1,118.088,3786.25,0.322643,14165.6,-0.283002,-0.033843,-0.010431,1054.47,0.05,0.245225,0.596642
