tmp.site,tmp.area,Lb,X1,Wb,POR,ALPHA,BETA,Ks,Kb,Kz,Qthresh,Rs,Rb1,Rb2,Prec,Frac4Rise,Error,BFF
05482300,1.81299e+09,26956.4,39.4767,1232.43,0.15,0.014091,1.2,2032.73,11326.3,1.07805,110830,-0.129671,-0.057501,-0.043191,1223.29,0.05,0.420527,0.513517
