tmp.site,tmp.area,Lb,X1,Wb,POR,ALPHA,BETA,Ks,Kb,Kz,Qthresh,Rs,Rb1,Rb2,Prec,Frac4Rise,Error,BFF
08079600,3.79692e+09,177474,6.38252,3.3401,0.15,0.000601,0.9,38616.8,313.383,1.17751,1394.55,-0.346574,-0.17169,-0.278013,24.4657,0.05,0.878703,0.000195
