tmp.site,tmp.area,Lb,X1,Wb,POR,ALPHA,BETA,Ks,Kb,Kz,Qthresh,Rs,Rb1,Rb2,Prec,Frac4Rise,Error,BFF
04258000,7.53687e+08,18760.6,65.2761,1033.22,0.15,0.01098,0.8,656.916,15212.1,1.10635,1.55113e+06,-0.05268,-0.032322,-0.077846,22997.8,0.05,0.519418,0.668441
