tmp.site,tmp.area,Lb,X1,Wb,POR,ALPHA,BETA,Ks,Kb,Kz,Qthresh,Rs,Rb1,Rb2,Prec,Frac4Rise,Error,BFF
05539900,7.38147e+07,14453.3,100,258.329,0.15,0.01424,1,462.589,15806.2,0.909973,39389.8,-0.295971,-0.068808,-0.055858,293.589,0.05,0.355617,0.437011
