tmp.site,tmp.area,Lb,X1,Wb,POR,ALPHA,BETA,Ks,Kb,Kz,Qthresh,Rs,Rb1,Rb2,Prec,Frac4Rise,Error,BFF
12035400,1.06967e+08,24042.8,1832.94,936.003,0.15,0.010669,3.8,87.9756,110.544,0.113187,543139,-0.016346,-0.058268,-0.039045,21529.8,0.05,0.325599,0.390128
