tmp.site,tmp.area,Lb,X1,Wb,POR,ALPHA,BETA,Ks,Kb,Kz,Qthresh,Rs,Rb1,Rb2,Prec,Frac4Rise,Error,BFF
0214645022,4.92098e+07,10807.6,100,123.857,0.15,0.012063,1,1144.44,7333.81,1.0143,22435.1,-0.694135,-0.1019,-0.1359,220.191,0.05,0.473162,0.142965
