tmp.site,tmp.area,Lb,X1,Wb,POR,ALPHA,BETA,Ks,Kb,Kz,Qthresh,Rs,Rb1,Rb2,Prec,Frac4Rise,Error,BFF
06835500,7.74406e+09,568717,0.210695,256.278,0.15,0.035745,0.9,2924.95,1.47974,1.25266,176153,-0.091161,-0.031159,-0.05581,24.4657,0.05,63.9352,0.501947
