tmp.site,tmp.area,Lb,X1,Wb,POR,ALPHA,BETA,Ks,Kb,Kz,Qthresh,Rs,Rb1,Rb2,Prec,Frac4Rise,Error,BFF
04192599,3.00439e+08,32833.5,66.8153,728.994,0.15,0.015431,1,3086.11,86137.5,1.18676,247104,-0.271543,-0.127593,-0.161021,24.4657,0.05,0.849812,0.346125
