tmp.site,tmp.area,Lb,X1,Wb,POR,ALPHA,BETA,Ks,Kb,Kz,Qthresh,Rs,Rb1,Rb2,Prec,Frac4Rise,Error,BFF
06917000,8.13256e+08,4437.95,100,1049.13,0.15,0.01004,1,3906.91,12967.5,0.92636,132115,-0.202733,-0.118696,-0.107829,24.4657,0.05,1.39833,0.186837
