tmp.site,tmp.area,Lb,X1,Wb,POR,ALPHA,BETA,Ks,Kb,Kz,Qthresh,Rs,Rb1,Rb2,Prec,Frac4Rise,Error,BFF
08050100,7.71816e+08,1503.8,11.9917,2826.25,0.15,2.4e-05,1.1,2549.95,866.507,0.899898,1125.42,-0.242754,-0.295498,-0.200776,24.4657,0.05,0.805362,0.007467
