tmp.site,tmp.area,Lb,X1,Wb,POR,ALPHA,BETA,Ks,Kb,Kz,Qthresh,Rs,Rb1,Rb2,Prec,Frac4Rise,Error,BFF
08133250,5.20588e+08,71782.7,12.0243,7.94266,0.15,0.007261,0.9,1907.43,353.076,0.064245,758.437,-0.202733,-0.03175,-0.073973,24.4657,0.05,0.785518,0.017478
