tmp.site,tmp.area,Lb,X1,Wb,POR,ALPHA,BETA,Ks,Kb,Kz,Qthresh,Rs,Rb1,Rb2,Prec,Frac4Rise,Error,BFF
09364200,3.47058e+09,14116.6,100,1674.23,0.15,0.008707,1,1250.27,9748.92,0.963598,447723,-0.091539,-0.042038,-0.050541,9443.77,0.05,0.438883,0.557742
