tmp.site,tmp.area,Lb,X1,Wb,POR,ALPHA,BETA,Ks,Kb,Kz,Qthresh,Rs,Rb1,Rb2,Prec,Frac4Rise,Error,BFF
05585500,6.74148e+10,22783.6,7.05603,44521.8,0.15,0.008618,0.9,4481.63,1640.6,1.29797,1.87163e+07,-0.037993,-0.0255,-0.036701,1.06671e+06,0.05,0.271128,0.820444
