tmp.site,tmp.area,Lb,X1,Wb,POR,ALPHA,BETA,Ks,Kb,Kz,Qthresh,Rs,Rb1,Rb2,Prec,Frac4Rise,Error,BFF
13075500,3.25303e+09,44817.4,4.08407,1457.87,0.15,0.00509,0.9,388.021,1178.2,0.923139,650788,-0.062582,-0.027413,-0.041901,5137.8,0.05,0.428858,0.667649
