tmp.site,tmp.area,Lb,X1,Wb,POR,ALPHA,BETA,Ks,Kb,Kz,Qthresh,Rs,Rb1,Rb2,Prec,Frac4Rise,Error,BFF
03251500,6.02431e+09,6997.14,100,3988.76,0.15,0.014493,1,10680.2,15813.9,1.94285,58717.7,-0.11092,-0.08553,-0.093782,4893.14,0.05,0.501732,0.382103
