tmp.site,tmp.area,Lb,X1,Wb,POR,ALPHA,BETA,Ks,Kb,Kz,Qthresh,Rs,Rb1,Rb2,Prec,Frac4Rise,Error,BFF
09432000,8.29573e+09,33210.4,31.0148,964.09,0.15,0.005406,1,1941.84,7812.77,0.962996,305821,-0.091161,-0.048254,-0.05637,643.497,0.05,0.696401,0.443933
