tmp.site,tmp.area,Lb,X1,Wb,POR,ALPHA,BETA,Ks,Kb,Kz,Qthresh,Rs,Rb1,Rb2,Prec,Frac4Rise,Error,BFF
09070500,1.137e+10,3725.09,0.433055,22084.4,0.15,0.004597,2.9,583.966,0.72743,0.842685,3.69432e+06,-0.047655,-0.022935,-0.017326,132115,0.05,0.207864,0.862584
