tmp.site,tmp.area,Lb,X1,Wb,POR,ALPHA,BETA,Ks,Kb,Kz,Qthresh,Rs,Rb1,Rb2,Prec,Frac4Rise,Error,BFF
01545800,8.66351e+09,18157.9,0.406225,3946.37,0.15,0.00988,1.5,7355.01,32.2504,1.40536,1.13467e+06,-0.133771,-0.056828,-0.036605,76863.9,0.05,0.319415,0.517445
