tmp.site,tmp.area,Lb,X1,Wb,POR,ALPHA,BETA,Ks,Kb,Kz,Qthresh,Rs,Rb1,Rb2,Prec,Frac4Rise,Error,BFF
04104945,1.25096e+08,21829.7,100,220.39,0.15,0.012181,1,168.747,13305.7,0.956528,45545.4,-0.10529,-0.062705,-0.033092,2166.59,0.05,0.288295,0.495937
