tmp.site,tmp.area,Lb,X1,Wb,POR,ALPHA,BETA,Ks,Kb,Kz,Qthresh,Rs,Rb1,Rb2,Prec,Frac4Rise,Error,BFF
02294781,1.06449e+09,9049.96,100,1593.72,0.15,0.027562,1,1097.77,10090,0.913163,99330.8,-0.082622,-0.04467,-0.074605,9.76182,0.05,6.15442,0.488953
