tmp.site,tmp.area,Lb,X1,Wb,POR,ALPHA,BETA,Ks,Kb,Kz,Qthresh,Rs,Rb1,Rb2,Prec,Frac4Rise,Error,BFF
03130000,5.62027e+08,10230.1,100,627.066,0.15,0.009416,1,382.678,10028.3,0.908511,63610.9,-0.041064,-0.063909,-0.077503,1889.98,0.05,0.663243,0.320529
