tmp.site,tmp.area,Lb,X1,Wb,POR,ALPHA,BETA,Ks,Kb,Kz,Qthresh,Rs,Rb1,Rb2,Prec,Frac4Rise,Error,BFF
01100505,4.27348e+07,19687.8,319.618,302.431,0.15,0.063318,0.9,75.5042,98344.9,0.842318,63855.5,-0.074545,-0.061213,-0.175966,24.4657,0.05,2.9436,0.605812
