tmp.site,tmp.area,Lb,X1,Wb,POR,ALPHA,BETA,Ks,Kb,Kz,Qthresh,Rs,Rb1,Rb2,Prec,Frac4Rise,Error,BFF
072632966,2.31545e+08,6593.27,100,681.826,0.15,0.011036,1,2315.25,11954.9,0.937314,430597,-0.328093,-0.089696,-0.116564,269.123,0.05,4.17131,0.278638
