tmp.site,tmp.area,Lb,X1,Wb,POR,ALPHA,BETA,Ks,Kb,Kz,Qthresh,Rs,Rb1,Rb2,Prec,Frac4Rise,Error,BFF
13057155,2.46904e+10,11106.3,0.658489,51819.7,0.15,0.004989,1.8,374.835,8.13775,0.918513,6.82593e+06,-0.031507,-0.022235,-0.017712,406449,0.05,0.226926,0.884953
