tmp.site,tmp.area,Lb,X1,Wb,POR,ALPHA,BETA,Ks,Kb,Kz,Qthresh,Rs,Rb1,Rb2,Prec,Frac4Rise,Error,BFF
01480685,5.25768e+07,24976.5,39.4409,147.277,0.15,0.011411,0.9,114.129,5311.49,0.652921,9786.29,-0.045387,-0.042555,-0.08946,212.852,0.05,0.68169,0.340272
