tmp.site,tmp.area,Lb,X1,Wb,POR,ALPHA,BETA,Ks,Kb,Kz,Qthresh,Rs,Rb1,Rb2,Prec,Frac4Rise,Error,BFF
02477500,4.27348e+09,26700.9,1.37232,1630.89,0.15,0.009421,1.5,5213.18,146.545,2.0627,474635,-0.08492,-0.083791,-0.051992,43059.7,0.05,0.348341,0.36432
