tmp.site,tmp.area,Lb,X1,Wb,POR,ALPHA,BETA,Ks,Kb,Kz,Qthresh,Rs,Rb1,Rb2,Prec,Frac4Rise,Error,BFF
11156500,6.47497e+08,10049.4,100,283.426,0.15,0.009059,1,365.773,8598.5,0.979981,56271.1,-0.143841,-0.061679,-0.050408,24.4657,0.05,1.0674,0.209311
