tmp.site,tmp.area,Lb,X1,Wb,POR,ALPHA,BETA,Ks,Kb,Kz,Qthresh,Rs,Rb1,Rb2,Prec,Frac4Rise,Error,BFF
02339500,9.19446e+09,5269.86,1.0726,11349.3,0.15,0.007695,0.9,859.821,181.402,1.75436,1.15967e+07,-0.012479,-0.051991,-0.088094,169303,0.05,0.699993,0.817647
