tmp.site,tmp.area,Lb,X1,Wb,POR,ALPHA,BETA,Ks,Kb,Kz,Qthresh,Rs,Rb1,Rb2,Prec,Frac4Rise,Error,BFF
03240000,3.34108e+08,12109.8,100,581.46,0.15,0.011613,1,1099.71,8032.88,0.881819,24465.7,-0.235002,-0.067028,-0.028293,2299.78,0.05,0.322945,0.408061
