tmp.site,tmp.area,Lb,X1,Wb,POR,ALPHA,BETA,Ks,Kb,Kz,Qthresh,Rs,Rb1,Rb2,Prec,Frac4Rise,Error,BFF
01616425,2.4061e+07,8349.01,0.347585,325.421,0.15,0.012204,2.5,93.5893,6.26399,0.239223,6703.61,-0.133798,-0.021745,-0.016413,386.558,0.05,0.219798,0.727368
