tmp.site,tmp.area,Lb,X1,Wb,POR,ALPHA,BETA,Ks,Kb,Kz,Qthresh,Rs,Rb1,Rb2,Prec,Frac4Rise,Error,BFF
14137000,6.83757e+08,9617.19,100,2724.33,0.15,0.00682,1,2106.21,1787.43,1.40436,572498,-0.162239,-0.049373,-0.017336,59207,0.05,0.253446,0.483434
