tmp.site,tmp.area,Lb,X1,Wb,POR,ALPHA,BETA,Ks,Kb,Kz,Qthresh,Rs,Rb1,Rb2,Prec,Frac4Rise,Error,BFF
13266000,3.75548e+09,11880.3,47.3525,2015.62,0.15,0.007822,1.1,2169.27,3499.45,1.06049,677700,-0.094599,-0.042968,-0.036189,11498.9,0.05,0.378428,0.459909
