tmp.site,tmp.area,Lb,X1,Wb,POR,ALPHA,BETA,Ks,Kb,Kz,Qthresh,Rs,Rb1,Rb2,Prec,Frac4Rise,Error,BFF
10242000,2.0953e+08,25137.6,1164.06,379.156,0.15,0.018055,1.3,1036.48,1378.06,0.415735,24465.7,-0.143841,-0.032109,-0.02573,1223.29,0.05,0.444237,0.23109
