tmp.site,tmp.area,Lb,X1,Wb,POR,ALPHA,BETA,Ks,Kb,Kz,Qthresh,Rs,Rb1,Rb2,Prec,Frac4Rise,Error,BFF
12354000,7.87356e+08,28760,5.25559,1161.9,0.15,0.010263,3.3,799.542,73.499,1.08337,168813,-0.091161,-0.028744,-0.016408,16015.3,0.05,0.265117,0.590564
