tmp.site,tmp.area,Lb,X1,Wb,POR,ALPHA,BETA,Ks,Kb,Kz,Qthresh,Rs,Rb1,Rb2,Prec,Frac4Rise,Error,BFF
12323770,4.14398e+08,608256,0.429799,593.768,0.15,0.030477,0.9,513.409,126.411,0.072259,139699,-0.091161,-0.030906,-0.04997,415.917,0.05,1.56166,0.493157
