tmp.site,tmp.area,Lb,X1,Wb,POR,ALPHA,BETA,Ks,Kb,Kz,Qthresh,Rs,Rb1,Rb2,Prec,Frac4Rise,Error,BFF
14353500,2.10825e+07,23700.5,125.491,204.093,0.15,0.012333,1.6,148.771,7111.93,0.244996,3547.53,-0.143841,-0.023503,-0.017143,366.986,0.05,0.270188,0.607017
