tmp.site,tmp.area,Lb,X1,Wb,POR,ALPHA,BETA,Ks,Kb,Kz,Qthresh,Rs,Rb1,Rb2,Prec,Frac4Rise,Error,BFF
06402500,3.28928e+08,1.76773e+07,100,14.5885,0.15,0.01544,1,971.779,64.5033,0.789334,19597,-0.075048,-0.019602,-0.095759,61.1643,0.05,1.31349,0.214095
