tmp.site,tmp.area,Lb,X1,Wb,POR,ALPHA,BETA,Ks,Kb,Kz,Qthresh,Rs,Rb1,Rb2,Prec,Frac4Rise,Error,BFF
03371600,9.87562e+07,7747.34,100,295.024,0.15,0.032895,1,1121.64,26699.8,0.865212,103490,-0.307069,-0.099798,-0.202416,24.4657,0.05,2.83827,0.251641
