tmp.site,tmp.area,Lb,X1,Wb,POR,ALPHA,BETA,Ks,Kb,Kz,Qthresh,Rs,Rb1,Rb2,Prec,Frac4Rise,Error,BFF
05330000,4.19578e+10,96286.9,63.3503,5416.2,0.15,0.00864,1.3,6021.37,26886.9,0.857571,1.64899e+06,-0.058892,-0.031506,-0.022005,40123.8,0.05,0.443925,0.60009
