tmp.site,tmp.area,Lb,X1,Wb,POR,ALPHA,BETA,Ks,Kb,Kz,Qthresh,Rs,Rb1,Rb2,Prec,Frac4Rise,Error,BFF
10149400,2.51229e+08,29188.8,151.634,1857.81,0.15,0.005178,1,174.744,5386.68,0.009127,95660.9,-0.02903,-0.017656,-0.015268,6850.4,0.05,0.29203,0.645262
