tmp.site,tmp.area,Lb,X1,Wb,POR,ALPHA,BETA,Ks,Kb,Kz,Qthresh,Rs,Rb1,Rb2,Prec,Frac4Rise,Error,BFF
12117700,1.27168e+07,7816,100,196.828,0.15,0.010869,1,319.666,3058.06,0.494204,8372.17,-0.227781,-0.064431,-0.024794,792.689,0.05,0.337215,0.398803
