tmp.site,tmp.area,Lb,X1,Wb,POR,ALPHA,BETA,Ks,Kb,Kz,Qthresh,Rs,Rb1,Rb2,Prec,Frac4Rise,Error,BFF
07019185,5.64617e+07,3641.48,128.81,223.885,0.15,0.008623,1,1510.71,7402.9,0.933076,17370.7,-0.553565,-0.137624,-0.133097,124.775,0.05,0.520083,0.111265
