tmp.site,tmp.area,Lb,X1,Wb,POR,ALPHA,BETA,Ks,Kb,Kz,Qthresh,Rs,Rb1,Rb2,Prec,Frac4Rise,Error,BFF
06889000,1.46904e+11,27529.6,14.5843,4541.35,0.15,0.003148,1.5,8544.9,1335.23,1.01842,2.13341e+06,-0.059321,-0.052427,-0.037657,110096,0.05,0.356934,0.451411
