tmp.site,tmp.area,Lb,X1,Wb,POR,ALPHA,BETA,Ks,Kb,Kz,Qthresh,Rs,Rb1,Rb2,Prec,Frac4Rise,Error,BFF
03151600,6.42317e+08,7721.83,100,779.213,0.15,0.01453,1,1786.66,18983.4,0.898374,58717.7,-0.114429,-0.082304,-0.124007,2064.17,0.05,0.505031,0.332028
