tmp.site,tmp.area,Lb,X1,Wb,POR,ALPHA,BETA,Ks,Kb,Kz,Qthresh,Rs,Rb1,Rb2,Prec,Frac4Rise,Error,BFF
09423000,4.48845e+11,24280.1,135.093,36016.5,0.15,0.009405,0.8,845.753,30944.2,1.00544,4.77081e+06,-0.024395,-0.017729,-0.036045,560265,0.05,0.266743,0.898036
