tmp.site,tmp.area,Lb,X1,Wb,POR,ALPHA,BETA,Ks,Kb,Kz,Qthresh,Rs,Rb1,Rb2,Prec,Frac4Rise,Error,BFF
03282120,7.55241e+09,27091.4,1.01282,3123.59,0.15,0.010819,1.2,11443.1,321.09,2.21913,327841,-0.119615,-0.079998,-0.061068,28380.2,0.05,0.379041,0.444895
