tmp.site,tmp.area,Lb,X1,Wb,POR,ALPHA,BETA,Ks,Kb,Kz,Qthresh,Rs,Rb1,Rb2,Prec,Frac4Rise,Error,BFF
01491000,2.92669e+08,23229,53.624,486.123,0.15,0.011756,1.3,1080.15,11617.5,0.944898,58717.7,-0.212137,-0.064728,-0.047899,1565.81,0.05,0.366146,0.450296
