tmp.site,tmp.area,Lb,X1,Wb,POR,ALPHA,BETA,Ks,Kb,Kz,Qthresh,Rs,Rb1,Rb2,Prec,Frac4Rise,Error,BFF
10164500,1.32348e+08,18837,8054.56,1134.15,0.15,0.008136,3.4,310.949,14616.5,0.327233,23242.4,-0.111572,-0.019793,-0.010005,1925.45,0.05,0.270003,0.585836
