tmp.site,tmp.area,Lb,X1,Wb,POR,ALPHA,BETA,Ks,Kb,Kz,Qthresh,Rs,Rb1,Rb2,Prec,Frac4Rise,Error,BFF
05387440,9.50526e+08,15128,3076.64,1894.85,0.15,0.009918,2.2,801.37,10988.2,0.741404,185538,-0.084995,-0.046424,-0.026546,9248.04,0.05,0.298754,0.498304
