tmp.site,tmp.area,Lb,X1,Wb,POR,ALPHA,BETA,Ks,Kb,Kz,Qthresh,Rs,Rb1,Rb2,Prec,Frac4Rise,Error,BFF
02248000,8.65056e+07,14897.2,100,163.027,0.15,0.027266,1,193.558,22729.7,0.9947,3180.54,-0.141895,-0.093088,-0.057906,68.504,0.05,0.501658,0.280174
