tmp.site,tmp.area,Lb,X1,Wb,POR,ALPHA,BETA,Ks,Kb,Kz,Qthresh,Rs,Rb1,Rb2,Prec,Frac4Rise,Error,BFF
02339495,2.23775e+08,13195.5,100,518.14,0.15,0.016601,1,1386.46,20558.3,0.947632,244657,-0.336286,-0.076268,-0.088256,24.4657,0.05,0.456831,0.372182
