tmp.site,tmp.area,Lb,X1,Wb,POR,ALPHA,BETA,Ks,Kb,Kz,Qthresh,Rs,Rb1,Rb2,Prec,Frac4Rise,Error,BFF
06339200,3.49648e+08,13906.2,82.272,17.1052,0.15,0.011936,0.9,1287.13,5981.28,0.646589,269.123,-0.205754,-0.074057,-0.133862,24.4657,0.05,2.27835,0.09229
