tmp.site,tmp.area,Lb,X1,Wb,POR,ALPHA,BETA,Ks,Kb,Kz,Qthresh,Rs,Rb1,Rb2,Prec,Frac4Rise,Error,BFF
01209700,7.76996e+07,15818.1,100,297.709,0.15,0.027779,1,360.558,22321.8,0.97748,63610.9,-0.232161,-0.063362,-0.059167,483.491,0.05,0.368126,0.451984
