tmp.site,tmp.area,Lb,X1,Wb,POR,ALPHA,BETA,Ks,Kb,Kz,Qthresh,Rs,Rb1,Rb2,Prec,Frac4Rise,Error,BFF
08011000,6.57857e+08,2698.68,100,1839.06,0.15,0.008954,1,1703.54,13258.8,1.359,234871,-0.132428,-0.114893,-0.19164,2446.57,0.05,1.91282,0.275782
