tmp.site,tmp.area,Lb,X1,Wb,POR,ALPHA,BETA,Ks,Kb,Kz,Qthresh,Rs,Rb1,Rb2,Prec,Frac4Rise,Error,BFF
06876900,1.75342e+10,7421.03,125.982,1612.1,0.15,0.006304,1,5193.59,1289.12,0.222616,344967,-0.111572,-0.069113,-0.061518,4403.83,0.05,0.57578,0.181279
