tmp.site,tmp.area,Lb,X1,Wb,POR,ALPHA,BETA,Ks,Kb,Kz,Qthresh,Rs,Rb1,Rb2,Prec,Frac4Rise,Error,BFF
13250000,7.14837e+09,127983,68.6806,2209.57,0.15,0.008774,0.9,4208.81,75181.7,1.11867,3.84112e+06,-0.068945,-0.036596,-0.05329,35719.9,0.05,0.393936,0.5966
