tmp.site,tmp.area,Lb,X1,Wb,POR,ALPHA,BETA,Ks,Kb,Kz,Qthresh,Rs,Rb1,Rb2,Prec,Frac4Rise,Error,BFF
03025000,4.29938e+08,8916.44,100,925.254,0.15,0.009879,1,1917.83,10423.7,1.02912,41591.7,-0.246035,-0.072265,-0.031731,4403.83,0.05,0.3389,0.413037
