tmp.site,tmp.area,Lb,X1,Wb,POR,ALPHA,BETA,Ks,Kb,Kz,Qthresh,Rs,Rb1,Rb2,Prec,Frac4Rise,Error,BFF
12456500,4.40298e+08,18016.7,2.00111,1255.29,0.15,0.009665,2.9,475.434,19.7509,0.98791,192056,-0.080152,-0.030212,-0.017868,16245.2,0.05,0.241534,0.600381
