tmp.site,tmp.area,Lb,X1,Wb,POR,ALPHA,BETA,Ks,Kb,Kz,Qthresh,Rs,Rb1,Rb2,Prec,Frac4Rise,Error,BFF
11427500,1.2406e+08,9500.51,421.08,573.693,0.15,0.009054,1.2,40.8432,666.713,0.012127,24465.7,-0.168236,-0.037093,-0.023161,244.657,0.05,0.649791,0.148238
