tmp.site,tmp.area,Lb,X1,Wb,POR,ALPHA,BETA,Ks,Kb,Kz,Qthresh,Rs,Rb1,Rb2,Prec,Frac4Rise,Error,BFF
05483600,1.13959e+09,11190.5,100,768.015,0.15,0.009044,1,1031.2,7038.14,0.934675,29358.9,-0.111572,-0.064987,-0.040321,3620.93,0.05,0.437419,0.359579
