tmp.site,tmp.area,Lb,X1,Wb,POR,ALPHA,BETA,Ks,Kb,Kz,Qthresh,Rs,Rb1,Rb2,Prec,Frac4Rise,Error,BFF
06115200,1.0528e+11,65998.4,181.41,18364.1,0.15,0.004146,1.4,153.386,44797.4,1.2821,1.56336e+07,-0.050366,-0.02217,-0.019605,758437,0.05,0.253991,0.868454
