tmp.site,tmp.area,Lb,X1,Wb,POR,ALPHA,BETA,Ks,Kb,Kz,Qthresh,Rs,Rb1,Rb2,Prec,Frac4Rise,Error,BFF
0208726005,1.96839e+08,5724.96,100,492.203,0.15,0.012673,1,1391.23,11428.5,0.900637,24441.2,-0.195924,-0.108547,-0.099375,1463.42,0.05,0.422514,0.280784
