tmp.site,tmp.area,Lb,X1,Wb,POR,ALPHA,BETA,Ks,Kb,Kz,Qthresh,Rs,Rb1,Rb2,Prec,Frac4Rise,Error,BFF
09314500,3.98858e+09,75159.1,11.5182,390.219,0.15,0.021662,0.9,3614.34,634.339,1.24094,146794,-0.143841,-0.048811,-0.081827,222.638,0.05,1.90015,0.232954
