tmp.site,tmp.area,Lb,X1,Wb,POR,ALPHA,BETA,Ks,Kb,Kz,Qthresh,Rs,Rb1,Rb2,Prec,Frac4Rise,Error,BFF
12335500,3.08209e+08,5938.65,395.144,434.196,0.15,0.021328,1.1,164.717,16743.3,0.080698,39879.1,-0.128915,-0.040867,-0.032569,905.231,0.05,0.315007,0.464249
