tmp.site,tmp.area,Lb,X1,Wb,POR,ALPHA,BETA,Ks,Kb,Kz,Qthresh,Rs,Rb1,Rb2,Prec,Frac4Rise,Error,BFF
07177500,2.34912e+09,5857.83,100,1162.16,0.15,0.005923,1,3036.25,9061.62,1.02978,494207,-0.134621,-0.119519,-0.117261,244.657,0.05,1.26548,0.127524
