tmp.site,tmp.area,Lb,X1,Wb,POR,ALPHA,BETA,Ks,Kb,Kz,Qthresh,Rs,Rb1,Rb2,Prec,Frac4Rise,Error,BFF
02382500,1.34938e+09,18173.7,96.8277,1794.28,0.15,0.008121,1,386.556,5314.6,1.05649,724185,-0.02825,-0.045362,-0.044845,58473.1,0.05,0.327412,0.597488
