tmp.site,tmp.area,Lb,X1,Wb,POR,ALPHA,BETA,Ks,Kb,Kz,Qthresh,Rs,Rb1,Rb2,Prec,Frac4Rise,Error,BFF
01576500,8.39156e+08,53780.2,54.2607,847.088,0.15,0.007396,1.3,3219.79,10603.5,0.968721,406131,-0.30979,-0.046775,-0.038148,9786.29,0.05,0.300545,0.488628
