tmp.site,tmp.area,Lb,X1,Wb,POR,ALPHA,BETA,Ks,Kb,Kz,Qthresh,Rs,Rb1,Rb2,Prec,Frac4Rise,Error,BFF
02146348,2.36725e+07,7305.46,100,88.7703,0.15,0.015332,1,876.232,9766.47,0.899362,10764.9,-0.611288,-0.121928,-0.144029,56.2711,0.05,0.522531,0.13709
