tmp.site,tmp.area,Lb,X1,Wb,POR,ALPHA,BETA,Ks,Kb,Kz,Qthresh,Rs,Rb1,Rb2,Prec,Frac4Rise,Error,BFF
06803170,2.43459e+08,43581.6,100,78.4463,0.15,0.026865,1,743.112,2437.42,0.913087,1859.39,-0.127584,-0.075454,-0.042804,156.581,0.05,0.447075,0.157369
