tmp.site,tmp.area,Lb,X1,Wb,POR,ALPHA,BETA,Ks,Kb,Kz,Qthresh,Rs,Rb1,Rb2,Prec,Frac4Rise,Error,BFF
11463900,1.13182e+08,17548.7,100,265.246,0.15,0.025016,1,456.291,12253.9,0.96837,9786.29,-0.189478,-0.065925,-0.056639,24.4657,0.05,1.72386,0.239733
