tmp.site,tmp.area,Lb,X1,Wb,POR,ALPHA,BETA,Ks,Kb,Kz,Qthresh,Rs,Rb1,Rb2,Prec,Frac4Rise,Error,BFF
08068900,6.42317e+08,1204.05,0.114871,1314.06,0.15,0.006103,2.1,2644.62,8.38812,1.13255,21050.3,-0.266908,-0.198826,-0.096714,1223.29,0.05,0.405193,0.248375
