tmp.site,tmp.area,Lb,X1,Wb,POR,ALPHA,BETA,Ks,Kb,Kz,Qthresh,Rs,Rb1,Rb2,Prec,Frac4Rise,Error,BFF
03254520,9.30583e+09,6908.18,100,5606.42,0.15,0.017732,1,12284,17081.6,2.49459,171074,-0.119793,-0.076155,-0.098313,18576.8,0.05,0.556256,0.418817
