tmp.site,tmp.area,Lb,X1,Wb,POR,ALPHA,BETA,Ks,Kb,Kz,Qthresh,Rs,Rb1,Rb2,Prec,Frac4Rise,Error,BFF
01115770,1.89846e+07,2695.28,100,614.885,0.15,0.0284,1,635.63,1991.83,0.360946,21040.5,-0.183281,-0.042623,-0.052175,181.046,0.05,0.34693,0.524169
