tmp.site,tmp.area,Lb,X1,Wb,POR,ALPHA,BETA,Ks,Kb,Kz,Qthresh,Rs,Rb1,Rb2,Prec,Frac4Rise,Error,BFF
12422990,3.28928e+08,6335.36,100,476.476,0.15,0.012623,1,1024.49,10081,0.946301,1247.75,-0.172932,-0.079038,-0.076068,23.9764,0.05,1.38049,0.260756
