tmp.site,tmp.area,Lb,X1,Wb,POR,ALPHA,BETA,Ks,Kb,Kz,Qthresh,Rs,Rb1,Rb2,Prec,Frac4Rise,Error,BFF
03284525,2.48639e+06,2005.9,100,112.782,0.15,0.027297,1,203.61,6617.78,0.344323,4550.62,-0.267727,-0.101128,-0.140938,24.4657,0.05,0.52984,0.33504
