tmp.site,tmp.area,Lb,X1,Wb,POR,ALPHA,BETA,Ks,Kb,Kz,Qthresh,Rs,Rb1,Rb2,Prec,Frac4Rise,Error,BFF
07143665,1.90623e+09,2224.51,85.2606,1007.97,0.15,0.003707,1,3107.09,1682.46,0.950599,33028.7,-0.176699,-0.141802,-0.122944,24.4657,0.05,5.65942,0.064877
