tmp.site,tmp.area,Lb,X1,Wb,POR,ALPHA,BETA,Ks,Kb,Kz,Qthresh,Rs,Rb1,Rb2,Prec,Frac4Rise,Error,BFF
05413400,1.79486e+07,49020.8,14.8428,26.2853,0.15,0.01,0.6,482.906,134505,14.6448,2975.03,-0.337679,-0.193466,-0.045073,244.657,0.05,3.58191,0.001408
