tmp.site,tmp.area,Lb,X1,Wb,POR,ALPHA,BETA,Ks,Kb,Kz,Qthresh,Rs,Rb1,Rb2,Prec,Frac4Rise,Error,BFF
11147098,1.73011e+08,10097.3,1.27439,493.513,0.15,0.013248,1.1,2489.31,106.799,1.04382,1303.53,-0.320019,-0.101372,-0.077106,24.4657,0.05,1.17379,0.143953
