tmp.site,tmp.area,Lb,X1,Wb,POR,ALPHA,BETA,Ks,Kb,Kz,Qthresh,Rs,Rb1,Rb2,Prec,Frac4Rise,Error,BFF
11143250,6.39727e+08,14877.5,100,664.638,0.15,0.020519,1,643.255,10966.7,1.01983,54360.4,-0.125363,-0.046884,-0.078311,24.4657,0.05,15.3614,0.385928
