tmp.site,tmp.area,Lb,X1,Wb,POR,ALPHA,BETA,Ks,Kb,Kz,Qthresh,Rs,Rb1,Rb2,Prec,Frac4Rise,Error,BFF
04069416,2.64179e+09,10079.6,6.34294,2938.71,0.15,0.008666,1.1,801.451,862.653,1.04054,1.30158e+06,-0.071883,-0.037184,-0.034594,57005.1,0.05,0.212436,0.797471
