tmp.site,tmp.area,Lb,X1,Wb,POR,ALPHA,BETA,Ks,Kb,Kz,Qthresh,Rs,Rb1,Rb2,Prec,Frac4Rise,Error,BFF
0136230002,5.33538e+07,12491.5,100,354.277,0.15,0.014041,1,388.935,13335.6,0.977859,11009.6,-0.162292,-0.077419,-0.038204,800.2,0.05,0.332011,0.417889
