tmp.site,tmp.area,Lb,X1,Wb,POR,ALPHA,BETA,Ks,Kb,Kz,Qthresh,Rs,Rb1,Rb2,Prec,Frac4Rise,Error,BFF
03592000,6.81167e+08,3046.8,0.277835,2497.93,0.15,0.007174,1,711.746,24.6678,0.983332,85630,-0.0462,-0.072152,-0.076865,6605.74,0.05,0.587204,0.495054
