tmp.site,tmp.area,Lb,X1,Wb,POR,ALPHA,BETA,Ks,Kb,Kz,Qthresh,Rs,Rb1,Rb2,Prec,Frac4Rise,Error,BFF
09151500,5.41308e+08,8367.65,100,405.641,0.15,0.010262,1,524.029,10930,0.876129,63610.9,-0.143841,-0.05301,-0.089948,22.9978,0.05,2.1702,0.263458
