tmp.site,tmp.area,Lb,X1,Wb,POR,ALPHA,BETA,Ks,Kb,Kz,Qthresh,Rs,Rb1,Rb2,Prec,Frac4Rise,Error,BFF
06708690,3.54828e+08,58421.4,204.022,56.8473,0.15,0.043451,0.9,1783.36,98802.1,1.00702,19327.9,-0.115008,-0.050677,-0.108342,24.4657,0.05,2.00669,0.186563
