tmp.site,tmp.area,Lb,X1,Wb,POR,ALPHA,BETA,Ks,Kb,Kz,Qthresh,Rs,Rb1,Rb2,Prec,Frac4Rise,Error,BFF
08168913,2.90079e+08,79132.8,36.2754,3156.79,0.15,0.012812,0.8,29.6303,2666.07,0.298347,83672.7,-0.013352,-0.006219,-0.009067,8318.34,0.05,0.232819,0.847693
