tmp.site,tmp.area,Lb,X1,Wb,POR,ALPHA,BETA,Ks,Kb,Kz,Qthresh,Rs,Rb1,Rb2,Prec,Frac4Rise,Error,BFF
04294000,2.20149e+09,12118.4,100,2042.22,0.15,0.011611,1,6578.22,22151.8,1.60649,733971,-0.206048,-0.075331,-0.077059,27646.3,0.05,0.392259,0.409692
