tmp.site,tmp.area,Lb,X1,Wb,POR,ALPHA,BETA,Ks,Kb,Kz,Qthresh,Rs,Rb1,Rb2,Prec,Frac4Rise,Error,BFF
07167500,3.34108e+08,16265.6,36.7873,347.339,0.15,0.010939,1.1,1241.93,11058.6,1.0738,24465.7,-0.235002,-0.099798,-0.07694,24.4657,0.05,2.18641,0.182517
