tmp.site,tmp.area,Lb,X1,Wb,POR,ALPHA,BETA,Ks,Kb,Kz,Qthresh,Rs,Rb1,Rb2,Prec,Frac4Rise,Error,BFF
14185800,2.69359e+08,9818.76,100,1177.99,0.15,0.012825,1,1847.54,4904.98,1.21079,112542,-0.206432,-0.059325,-0.018162,9541.63,0.05,0.336032,0.382437
