tmp.site,tmp.area,Lb,X1,Wb,POR,ALPHA,BETA,Ks,Kb,Kz,Qthresh,Rs,Rb1,Rb2,Prec,Frac4Rise,Error,BFF
07010082,1.50478e+07,8211.39,100,55.1118,0.15,0.012756,1,686.713,16172.1,0.916749,20526.7,-0.693147,-0.127916,-0.158161,48.9314,0.05,0.491418,0.08885
