tmp.site,tmp.area,Lb,X1,Wb,POR,ALPHA,BETA,Ks,Kb,Kz,Qthresh,Rs,Rb1,Rb2,Prec,Frac4Rise,Error,BFF
04097170,1.76637e+08,21077.5,100,558.815,0.15,0.011469,1,133.23,7060.76,0.537112,92969.7,-0.058348,-0.020564,-0.012295,2935.89,0.05,0.30097,0.653563
