tmp.site,tmp.area,Lb,X1,Wb,POR,ALPHA,BETA,Ks,Kb,Kz,Qthresh,Rs,Rb1,Rb2,Prec,Frac4Rise,Error,BFF
06711780,4.06628e+07,97277.3,100,49.8626,0.15,0.065939,1,299.108,11993.4,0.836742,7435.13,-0.214772,-0.062235,-0.07102,385.996,0.05,0.410049,0.304589
