tmp.site,tmp.area,Lb,X1,Wb,POR,ALPHA,BETA,Ks,Kb,Kz,Qthresh,Rs,Rb1,Rb2,Prec,Frac4Rise,Error,BFF
0136219503,7.66636e+07,13907.1,100,373.384,0.15,0.016774,1,221.761,17242.2,1.03177,8929.99,-0.088874,-0.066219,-0.0321,867.652,0.05,0.298737,0.521392
