tmp.site,tmp.area,Lb,X1,Wb,POR,ALPHA,BETA,Ks,Kb,Kz,Qthresh,Rs,Rb1,Rb2,Prec,Frac4Rise,Error,BFF
08117995,1.28981e+09,2665.97,0.101025,9.43427,0.15,0.007154,1.1,6011.98,0.074638,1.07877,21177.5,-0.324348,-0.129835,-0.2848,24.4657,0.05,2.60576,0.002477
