tmp.site,tmp.area,Lb,X1,Wb,POR,ALPHA,BETA,Ks,Kb,Kz,Qthresh,Rs,Rb1,Rb2,Prec,Frac4Rise,Error,BFF
08196300,4.55838e+08,20820.6,100,23.4678,0.15,0.00414,1,3866.77,302.473,0.073408,24.4657,-0.975302,-0.002,-0.001,24.4657,0.05,0.284521,1.8e-05
