tmp.site,tmp.area,Lb,X1,Wb,POR,ALPHA,BETA,Ks,Kb,Kz,Qthresh,Rs,Rb1,Rb2,Prec,Frac4Rise,Error,BFF
07372200,4.91839e+09,12832.7,0.495641,4603.54,0.15,0.022597,1.1,4684.29,142.537,1.57072,37148.7,-0.088058,-0.091804,-0.074037,2403.95,0.05,0.521929,0.528567
