tmp.site,tmp.area,Lb,X1,Wb,POR,ALPHA,BETA,Ks,Kb,Kz,Qthresh,Rs,Rb1,Rb2,Prec,Frac4Rise,Error,BFF
08156800,3.18569e+07,11232.7,100,8.67548,0.15,0.001298,1,4826.25,1304.63,1.04129,13230.1,-0.769385,-0.139596,-0.302485,24.4657,0.05,0.491802,0.000214
