tmp.site,tmp.area,Lb,X1,Wb,POR,ALPHA,BETA,Ks,Kb,Kz,Qthresh,Rs,Rb1,Rb2,Prec,Frac4Rise,Error,BFF
05444000,3.78138e+08,31680.9,100,353.874,0.15,0.012103,1,288.181,7192.86,0.902824,44038.3,-0.202733,-0.037205,-0.0225,4159.17,0.05,0.330244,0.442794
