tmp.site,tmp.area,Lb,X1,Wb,POR,ALPHA,BETA,Ks,Kb,Kz,Qthresh,Rs,Rb1,Rb2,Prec,Frac4Rise,Error,BFF
040869416,3.4913e+07,5647.2,128.527,127.01,0.15,0.010809,1,505.947,10002.8,0.967395,3156.08,-0.37188,-0.123897,-0.122029,222.638,0.05,0.427545,0.158119
