tmp.site,tmp.area,Lb,X1,Wb,POR,ALPHA,BETA,Ks,Kb,Kz,Qthresh,Rs,Rb1,Rb2,Prec,Frac4Rise,Error,BFF
08281400,2.44754e+08,27153.4,100,404.266,0.15,0.023791,1,329.198,20932,0.961897,30826.8,-0.069419,-0.034446,-0.032584,2869.09,0.05,0.344769,0.474929
