tmp.site,tmp.area,Lb,X1,Wb,POR,ALPHA,BETA,Ks,Kb,Kz,Qthresh,Rs,Rb1,Rb2,Prec,Frac4Rise,Error,BFF
09046490,1.09556e+08,12101.4,293.353,295.656,0.15,0.008592,1,82.2015,17600.3,0.663573,7266.32,-0.070868,-0.032568,-0.031661,481.975,0.05,0.343375,0.448926
