tmp.site,tmp.area,Lb,X1,Wb,POR,ALPHA,BETA,Ks,Kb,Kz,Qthresh,Rs,Rb1,Rb2,Prec,Frac4Rise,Error,BFF
07022000,1.84718e+12,37860.5,100,52107.1,0.15,0.00973,1,32697.3,7646.26,1.96168,1.79334e+08,-0.037054,-0.021696,-0.022434,1.26243e+07,0.05,0.311408,0.607178
