tmp.site,tmp.area,Lb,X1,Wb,POR,ALPHA,BETA,Ks,Kb,Kz,Qthresh,Rs,Rb1,Rb2,Prec,Frac4Rise,Error,BFF
04107850,3.96268e+09,33200.6,13055.4,3764.98,0.15,0.00871,10.1,772.669,2563.85,0.664388,2.4955e+06,-0.04461,-0.025715,-0.020323,167590,0.05,0.127321,0.783298
