tmp.site,tmp.area,Lb,X1,Wb,POR,ALPHA,BETA,Ks,Kb,Kz,Qthresh,Rs,Rb1,Rb2,Prec,Frac4Rise,Error,BFF
10311400,2.48121e+09,18557.9,100,1483.95,0.15,0.012812,1,2156.64,20469.4,0.993483,780456,-0.133541,-0.040212,-0.075941,24.4657,0.05,4.87784,0.533111
