tmp.site,tmp.area,Lb,X1,Wb,POR,ALPHA,BETA,Ks,Kb,Kz,Qthresh,Rs,Rb1,Rb2,Prec,Frac4Rise,Error,BFF
08178500,1.137e+08,36525,11.9315,151.813,0.15,0.005348,0.9,300.851,491.879,0.252016,12722.2,-0.240113,-0.009654,-0.087483,73.3971,0.05,2.22072,0.27861
