tmp.site,tmp.area,Lb,X1,Wb,POR,ALPHA,BETA,Ks,Kb,Kz,Qthresh,Rs,Rb1,Rb2,Prec,Frac4Rise,Error,BFF
09332100,1.08262e+09,51800,6.09708,121.423,0.15,0.011689,0.9,1667.71,2126.79,0.841537,73886.5,-0.161661,-0.047123,-0.076893,24.4657,0.05,2.06212,0.209237
