tmp.site,tmp.area,Lb,X1,Wb,POR,ALPHA,BETA,Ks,Kb,Kz,Qthresh,Rs,Rb1,Rb2,Prec,Frac4Rise,Error,BFF
02256500,8.05486e+08,18600.2,100,1214.64,0.15,0.019041,1,1978.43,28544.7,0.965445,557818,-0.086368,-0.061532,-0.091728,24.4657,0.05,4.96108,0.462408
