tmp.site,tmp.area,Lb,X1,Wb,POR,ALPHA,BETA,Ks,Kb,Kz,Qthresh,Rs,Rb1,Rb2,Prec,Frac4Rise,Error,BFF
01117430,1.88292e+08,26361.2,100,570.136,0.15,0.028543,1,396.961,18223.7,0.919273,23416.1,-0.14405,-0.032064,-0.035224,1844.71,0.05,0.312864,0.581379
