tmp.site,tmp.area,Lb,X1,Wb,POR,ALPHA,BETA,Ks,Kb,Kz,Qthresh,Rs,Rb1,Rb2,Prec,Frac4Rise,Error,BFF
07344500,9.58296e+08,11024.7,2.84468,788.927,0.15,0.01084,1.1,4248.73,597.327,0.966735,36698.6,-0.131299,-0.127444,-0.102364,244.657,0.05,0.633037,0.194217
