tmp.site,tmp.area,Lb,X1,Wb,POR,ALPHA,BETA,Ks,Kb,Kz,Qthresh,Rs,Rb1,Rb2,Prec,Frac4Rise,Error,BFF
06634620,2.5097e+09,31385.8,100,184.373,0.15,0.04532,1,2999.19,25172.7,0.94485,3327.34,-0.105726,-0.050099,-0.064506,88.0766,0.05,0.605947,0.226661
