tmp.site,tmp.area,Lb,X1,Wb,POR,ALPHA,BETA,Ks,Kb,Kz,Qthresh,Rs,Rb1,Rb2,Prec,Frac4Rise,Error,BFF
05313500,1.72493e+09,20289.2,141.158,594.19,0.15,0.009846,1.1,1108.79,19563.8,0.640579,10764.9,-0.115199,-0.053964,-0.040999,146.794,0.05,0.66962,0.256915
