tmp.site,tmp.area,Lb,X1,Wb,POR,ALPHA,BETA,Ks,Kb,Kz,Qthresh,Rs,Rb1,Rb2,Prec,Frac4Rise,Error,BFF
03292480,1.50219e+07,2797.51,100,244.734,0.15,0.021463,1,456.142,8581.15,0.723425,3938.98,-0.329986,-0.087036,-0.122031,46.4849,0.05,0.488305,0.346647
