tmp.site,tmp.area,Lb,X1,Wb,POR,ALPHA,BETA,Ks,Kb,Kz,Qthresh,Rs,Rb1,Rb2,Prec,Frac4Rise,Error,BFF
07134180,6.08647e+10,30671.4,15.647,706.118,0.15,0.008117,0.9,7307.31,446.417,1.31716,354753,-0.058892,-0.057653,-0.097542,616.732,0.05,0.870989,0.162458
