tmp.site,tmp.area,Lb,X1,Wb,POR,ALPHA,BETA,Ks,Kb,Kz,Qthresh,Rs,Rb1,Rb2,Prec,Frac4Rise,Error,BFF
08105886,5.56847e+06,9718.43,5297.36,59.2802,0.15,0.015501,5.4,25.4697,15992.7,0.309274,1834.93,-0.143841,-0.109533,-0.051942,56.2711,0.05,0.349362,0.255253
