tmp.site,tmp.area,Lb,X1,Wb,POR,ALPHA,BETA,Ks,Kb,Kz,Qthresh,Rs,Rb1,Rb2,Prec,Frac4Rise,Error,BFF
10243700,8.23616e+07,55690.9,21954.3,249.714,0.15,0.017157,10,88.0175,556.054,0.214831,11670.1,-0.077075,-0.014825,-0.00864,921.281,0.05,0.252857,0.549867
