tmp.site,tmp.area,Lb,X1,Wb,POR,ALPHA,BETA,Ks,Kb,Kz,Qthresh,Rs,Rb1,Rb2,Prec,Frac4Rise,Error,BFF
03400800,1.44521e+08,9579.76,99.8968,410.598,0.15,0.009515,0.9,57.8587,8938.41,0.933409,36698.6,-0.011117,-0.068022,-0.098511,929.697,0.05,0.812784,0.265601
