tmp.site,tmp.area,Lb,X1,Wb,POR,ALPHA,BETA,Ks,Kb,Kz,Qthresh,Rs,Rb1,Rb2,Prec,Frac4Rise,Error,BFF
12465400,8.46926e+08,144735,51.7597,41.5446,0.15,0.098294,0.9,2415.6,15578.3,0.905085,17713.2,-0.081207,-0.034859,-0.069177,24.4657,0.05,7.40158,0.188009
