tmp.site,tmp.area,Lb,X1,Wb,POR,ALPHA,BETA,Ks,Kb,Kz,Qthresh,Rs,Rb1,Rb2,Prec,Frac4Rise,Error,BFF
12424000,1.7845e+09,9187.03,100,859.915,0.15,0.008502,1,1495.73,7767.98,0.927914,14679.4,-0.129029,-0.069629,-0.029721,538.246,0.05,0.445852,0.278848
