tmp.site,tmp.area,Lb,X1,Wb,POR,ALPHA,BETA,Ks,Kb,Kz,Qthresh,Rs,Rb1,Rb2,Prec,Frac4Rise,Error,BFF
14309000,2.02019e+08,33524.3,793.771,302.803,0.15,0.014967,5,186.457,13886.8,0.42396,225819,-0.066766,-0.046374,-0.019342,1467.94,0.05,0.421994,0.434684
