tmp.site,tmp.area,Lb,X1,Wb,POR,ALPHA,BETA,Ks,Kb,Kz,Qthresh,Rs,Rb1,Rb2,Prec,Frac4Rise,Error,BFF
06406000,4.37708e+08,1.02953e+06,100,52.1309,0.15,0.036473,1,1670.14,21933.4,0.956178,34252,-0.120704,-0.033524,-0.033195,48.9314,0.05,1.06172,0.173116
