tmp.site,tmp.area,Lb,X1,Wb,POR,ALPHA,BETA,Ks,Kb,Kz,Qthresh,Rs,Rb1,Rb2,Prec,Frac4Rise,Error,BFF
02322700,5.51667e+08,7814.32,7.95764,66845.9,0.15,0.002962,0.8,5427.81,10.4603,0.646551,753544,-0.055738,-0.003693,-0.004435,42325.7,0.05,0.161946,0.825691
