tmp.site,tmp.area,Lb,X1,Wb,POR,ALPHA,BETA,Ks,Kb,Kz,Qthresh,Rs,Rb1,Rb2,Prec,Frac4Rise,Error,BFF
03194700,6.88937e+08,7432.04,100,1545.64,0.15,0.012788,1,4444.81,17049.6,1.16369,29358.9,-0.218369,-0.086735,-0.077043,3425.2,0.05,0.389374,0.417489
