tmp.site,tmp.area,Lb,X1,Wb,POR,ALPHA,BETA,Ks,Kb,Kz,Qthresh,Rs,Rb1,Rb2,Prec,Frac4Rise,Error,BFF
02336300,2.24811e+08,4632.97,176.591,743.754,0.15,0.010606,1,3915.15,5649.7,0.890313,77067,-0.692745,-0.106416,-0.094579,2128.52,0.05,0.397674,0.236664
