tmp.site,tmp.area,Lb,X1,Wb,POR,ALPHA,BETA,Ks,Kb,Kz,Qthresh,Rs,Rb1,Rb2,Prec,Frac4Rise,Error,BFF
07134990,4.53248e+08,19189.1,139.044,81.9233,0.15,0.05421,0.9,1337.43,43560.8,0.903666,32050.1,-0.138457,-0.072196,-0.192561,24.4657,0.05,7.46499,0.26279
