tmp.site,tmp.area,Lb,X1,Wb,POR,ALPHA,BETA,Ks,Kb,Kz,Qthresh,Rs,Rb1,Rb2,Prec,Frac4Rise,Error,BFF
07053810,4.94688e+08,18903,22.9979,665.152,0.15,0.009864,1.2,1966.52,6531.74,1.01602,28380.2,-0.167565,-0.096681,-0.066311,442.829,0.05,0.483032,0.303123
