tmp.site,tmp.area,Lb,X1,Wb,POR,ALPHA,BETA,Ks,Kb,Kz,Qthresh,Rs,Rb1,Rb2,Prec,Frac4Rise,Error,BFF
14152500,1.86738e+08,19544.5,3861.82,674.768,0.15,0.011248,2.7,1172.14,57238.1,1.00022,26912.3,-0.20133,-0.064327,-0.022692,2177.45,0.05,0.305238,0.40547
