tmp.site,tmp.area,Lb,X1,Wb,POR,ALPHA,BETA,Ks,Kb,Kz,Qthresh,Rs,Rb1,Rb2,Prec,Frac4Rise,Error,BFF
03566535,1.91659e+08,4919.73,100,914.839,0.15,0.011264,1,1691.51,28806.9,0.883781,369628,-0.215255,-0.097773,-0.267683,24.4657,0.05,7.35015,0.371629
