tmp.site,tmp.area,Lb,X1,Wb,POR,ALPHA,BETA,Ks,Kb,Kz,Qthresh,Rs,Rb1,Rb2,Prec,Frac4Rise,Error,BFF
12181000,3.57677e+09,28507.9,100,4451.28,0.15,0.009306,1,1352.46,9195.08,1.47339,7.36418e+06,-0.060402,-0.027112,-0.030693,489314,0.05,0.20481,0.754698
