tmp.site,tmp.area,Lb,X1,Wb,POR,ALPHA,BETA,Ks,Kb,Kz,Qthresh,Rs,Rb1,Rb2,Prec,Frac4Rise,Error,BFF
03473000,7.84766e+08,10535.2,100,1276.03,0.15,0.008701,1,1573.92,7769.99,0.903831,251997,-0.172506,-0.061477,-0.030474,18593.9,0.05,0.273876,0.489847
