tmp.site,tmp.area,Lb,X1,Wb,POR,ALPHA,BETA,Ks,Kb,Kz,Qthresh,Rs,Rb1,Rb2,Prec,Frac4Rise,Error,BFF
03324112,2.92669e+09,3445.5,131.805,2355.4,0.15,0.008196,1,2766.81,6046.61,1.00438,77311.7,-0.068503,-0.089756,-0.085324,7608.1,0.05,0.750846,0.309136
