tmp.site,tmp.area,Lb,X1,Wb,POR,ALPHA,BETA,Ks,Kb,Kz,Qthresh,Rs,Rb1,Rb2,Prec,Frac4Rise,Error,BFF
02343805,2.12638e+10,9922.61,57.8714,5832.91,0.15,0.01002,0.9,15509.3,11362.9,2.35242,1.03925e+07,-0.090683,-0.061132,-0.077045,296035,0.05,0.367,0.465845
