tmp.site,tmp.area,Lb,X1,Wb,POR,ALPHA,BETA,Ks,Kb,Kz,Qthresh,Rs,Rb1,Rb2,Prec,Frac4Rise,Error,BFF
01581830,1.98911e+07,10958.3,232.512,255.477,0.15,0.013054,1.4,310.041,5659.99,0.425095,16881.3,-0.383522,-0.033099,-0.027448,453.007,0.05,0.225034,0.599004
