tmp.site,tmp.area,Lb,X1,Wb,POR,ALPHA,BETA,Ks,Kb,Kz,Qthresh,Rs,Rb1,Rb2,Prec,Frac4Rise,Error,BFF
05476750,5.84301e+09,41326.1,100,2206,0.15,0.019194,1,2103.7,31169.8,0.908646,169303,-0.074321,-0.03391,-0.030732,6605.74,0.05,0.376666,0.541166
