tmp.site,tmp.area,Lb,X1,Wb,POR,ALPHA,BETA,Ks,Kb,Kz,Qthresh,Rs,Rb1,Rb2,Prec,Frac4Rise,Error,BFF
11458433,3.70368e+07,20920.1,0.22363,103.076,0.15,0.03865,1,469.235,37.9846,0.849407,13676.3,-0.207525,-0.066273,-0.074809,24.4657,0.05,0.745757,0.202084
