tmp.site,tmp.area,Lb,X1,Wb,POR,ALPHA,BETA,Ks,Kb,Kz,Qthresh,Rs,Rb1,Rb2,Prec,Frac4Rise,Error,BFF
05464695,1.76378e+08,9437.54,3742.65,416.173,0.15,0.011725,3.7,741.904,12352.9,0.498656,7706.7,-0.146315,-0.10085,-0.049974,556.766,0.05,0.380134,0.248483
