tmp.site,tmp.area,Lb,X1,Wb,POR,ALPHA,BETA,Ks,Kb,Kz,Qthresh,Rs,Rb1,Rb2,Prec,Frac4Rise,Error,BFF
03324500,1.44262e+09,5819.46,96.6303,795.46,0.15,0.006946,1,517.732,4927.41,0.906131,1.25998e+06,-0.032364,-0.113806,-0.102336,3425.2,0.05,0.593382,0.127468
