tmp.site,tmp.area,Lb,X1,Wb,POR,ALPHA,BETA,Ks,Kb,Kz,Qthresh,Rs,Rb1,Rb2,Prec,Frac4Rise,Error,BFF
11109395,1.60061e+08,212747,92.2305,615.248,0.15,0.03931,0.8,1146.55,6.54141,0.853684,2446.57,-0.143841,-0.013667,-0.022836,200.619,0.05,0.385938,0.415811
