tmp.site,tmp.area,Lb,X1,Wb,POR,ALPHA,BETA,Ks,Kb,Kz,Qthresh,Rs,Rb1,Rb2,Prec,Frac4Rise,Error,BFF
01334500,1.32089e+09,51765.6,76.1249,1271.05,0.15,0.006506,1.5,4404.98,23815.3,1.16191,533353,-0.252633,-0.054428,-0.040093,25689,0.05,0.292027,0.541375
