tmp.site,tmp.area,Lb,X1,Wb,POR,ALPHA,BETA,Ks,Kb,Kz,Qthresh,Rs,Rb1,Rb2,Prec,Frac4Rise,Error,BFF
10172700,6.47497e+07,75343.6,1018.49,123.778,0.15,0.014488,1.6,39.7807,4658.34,0.032648,4085.77,-0.091161,-0.009852,-0.007511,244.657,0.05,0.245195,0.619289
