tmp.site,tmp.area,Lb,X1,Wb,POR,ALPHA,BETA,Ks,Kb,Kz,Qthresh,Rs,Rb1,Rb2,Prec,Frac4Rise,Error,BFF
01116905,4.14398e+07,13104,100,419.272,0.15,0.037242,1,417.938,10893.5,0.66717,4645.55,-0.311849,-0.047564,-0.055873,273.184,0.05,0.380838,0.505319
