tmp.site,tmp.area,Lb,X1,Wb,POR,ALPHA,BETA,Ks,Kb,Kz,Qthresh,Rs,Rb1,Rb2,Prec,Frac4Rise,Error,BFF
06339500,3.18569e+09,4519.13,2501.24,1407.63,0.15,0.008035,1.3,1652.69,38779.5,0.698833,24367.9,-0.143841,-0.095467,-0.058418,51.378,0.05,1.25696,0.108877
