tmp.site,tmp.area,Lb,X1,Wb,POR,ALPHA,BETA,Ks,Kb,Kz,Qthresh,Rs,Rb1,Rb2,Prec,Frac4Rise,Error,BFF
13239000,3.72958e+08,15083.2,100,1082.8,0.15,0.01028,1,254.351,11216.2,0.919294,159027,-0.040461,-0.039659,-0.055215,244.657,0.05,1.54843,0.463611
