tmp.site,tmp.area,Lb,X1,Wb,POR,ALPHA,BETA,Ks,Kb,Kz,Qthresh,Rs,Rb1,Rb2,Prec,Frac4Rise,Error,BFF
05127000,3.18569e+09,25321.2,100,1425.2,0.15,0.009124,1,411.606,5682.49,0.942557,1.21105e+06,-0.017343,-0.037961,-0.060813,2446.57,0.05,9.56829,0.504843
