tmp.site,tmp.area,Lb,X1,Wb,POR,ALPHA,BETA,Ks,Kb,Kz,Qthresh,Rs,Rb1,Rb2,Prec,Frac4Rise,Error,BFF
053813595,4.11808e+09,27080,87.396,1427.5,0.15,0.006051,2,1410.22,4599,1.56647,354141,-0.061863,-0.083438,-0.050133,30337.5,0.05,0.320512,0.372721
