tmp.site,tmp.area,Lb,X1,Wb,POR,ALPHA,BETA,Ks,Kb,Kz,Qthresh,Rs,Rb1,Rb2,Prec,Frac4Rise,Error,BFF
03010820,3.02511e+09,31593.8,76.9913,2673.38,0.15,0.015159,1.1,5466.96,36727.8,1.93115,1.13032e+06,-0.159617,-0.062239,-0.05358,21121,0.05,0.345518,0.541031
