tmp.site,tmp.area,Lb,X1,Wb,POR,ALPHA,BETA,Ks,Kb,Kz,Qthresh,Rs,Rb1,Rb2,Prec,Frac4Rise,Error,BFF
04252500,7.35557e+08,23797.9,5.71266,1023.29,0.15,0.009157,1,2738.5,1216,1.1294,738865,-0.158845,-0.052981,-0.055407,13580.9,0.05,0.391292,0.44957
