tmp.site,tmp.area,Lb,X1,Wb,POR,ALPHA,BETA,Ks,Kb,Kz,Qthresh,Rs,Rb1,Rb2,Prec,Frac4Rise,Error,BFF
06038800,2.83086e+09,29725.2,229.694,6308.48,0.15,0.013053,1,320.776,981.473,0.396419,2.43923e+06,-0.027745,-0.016495,-0.015437,107649,0.05,0.230896,0.712692
