tmp.site,tmp.area,Lb,X1,Wb,POR,ALPHA,BETA,Ks,Kb,Kz,Qthresh,Rs,Rb1,Rb2,Prec,Frac4Rise,Error,BFF
02492343,2.22998e+08,21999.6,15.709,313.835,0.15,0.012901,1.5,2803,3080.93,0.553404,17370.7,-0.228499,-0.123086,-0.070768,415.917,0.05,0.46547,0.211454
