tmp.site,tmp.area,Lb,X1,Wb,POR,ALPHA,BETA,Ks,Kb,Kz,Qthresh,Rs,Rb1,Rb2,Prec,Frac4Rise,Error,BFF
03208000,1.01528e+09,43999.9,24.723,631.014,0.15,0.009178,1,3020.12,22074.9,0.548571,249550,-0.099838,-0.084371,-0.096513,513.78,0.05,0.627448,0.345263
