tmp.site,tmp.area,Lb,X1,Wb,POR,ALPHA,BETA,Ks,Kb,Kz,Qthresh,Rs,Rb1,Rb2,Prec,Frac4Rise,Error,BFF
06803300,2.74539e+07,18528.1,100,69.981,0.15,0.09094,1,673.651,65672.3,1.01457,2701.99,-0.345497,-0.122991,-0.160974,24.4657,0.05,1.58699,0.31725
