tmp.site,tmp.area,Lb,X1,Wb,POR,ALPHA,BETA,Ks,Kb,Kz,Qthresh,Rs,Rb1,Rb2,Prec,Frac4Rise,Error,BFF
04189000,8.96136e+08,28430.6,97.5954,672.231,0.15,0.007494,1.5,3948.91,73243.4,1.07973,58717.7,-0.229872,-0.135202,-0.072689,782.903,0.05,0.439239,0.327526
