tmp.site,tmp.area,Lb,X1,Wb,POR,ALPHA,BETA,Ks,Kb,Kz,Qthresh,Rs,Rb1,Rb2,Prec,Frac4Rise,Error,BFF
06154400,5.87927e+08,62749.4,100,87.1039,0.15,0.06844,1,29.0981,92109.6,0.918923,28404.7,-0.143841,-0.061468,-0.131527,24.4657,0.05,6.50841,0.443465
