tmp.site,tmp.area,Lb,X1,Wb,POR,ALPHA,BETA,Ks,Kb,Kz,Qthresh,Rs,Rb1,Rb2,Prec,Frac4Rise,Error,BFF
04082400,1.37528e+10,15889.4,100,5508.62,0.15,0.011633,1,9844.3,10783.2,0.970751,7.04613e+06,-0.153007,-0.038799,-0.109091,84406.7,0.05,1.00298,0.622052
