tmp.site,tmp.area,Lb,X1,Wb,POR,ALPHA,BETA,Ks,Kb,Kz,Qthresh,Rs,Rb1,Rb2,Prec,Frac4Rise,Error,BFF
05440700,2.0694e+10,23799.5,119.287,17677.5,0.15,0.007775,1.5,1435.19,10278.7,1.08869,1.2135e+07,-0.041691,-0.021943,-0.018265,357199,0.05,0.240473,0.852661
