tmp.site,tmp.area,Lb,X1,Wb,POR,ALPHA,BETA,Ks,Kb,Kz,Qthresh,Rs,Rb1,Rb2,Prec,Frac4Rise,Error,BFF
07325000,5.07897e+09,25458.6,17.3117,384.888,0.15,0.004307,1,1186.14,2678.2,1.03356,88076.6,-0.129173,-0.069987,-0.08245,244.657,0.05,1.65496,0.171121
