tmp.site,tmp.area,Lb,X1,Wb,POR,ALPHA,BETA,Ks,Kb,Kz,Qthresh,Rs,Rb1,Rb2,Prec,Frac4Rise,Error,BFF
03014500,5.02458e+08,16358.8,100,1943.97,0.15,0.016975,1,140.298,16444.5,0.986011,915018,-0.020411,-0.039055,-0.104382,2691.23,0.05,1.17058,0.788447
