tmp.site,tmp.area,Lb,X1,Wb,POR,ALPHA,BETA,Ks,Kb,Kz,Qthresh,Rs,Rb1,Rb2,Prec,Frac4Rise,Error,BFF
03010655,2.55632e+08,13224.7,0.810234,639.821,0.15,0.015926,1.6,694.344,96.3834,1.18413,25052.9,-0.118865,-0.069187,-0.041622,1516.87,0.05,0.346738,0.519814
