tmp.site,tmp.area,Lb,X1,Wb,POR,ALPHA,BETA,Ks,Kb,Kz,Qthresh,Rs,Rb1,Rb2,Prec,Frac4Rise,Error,BFF
03111548,2.53042e+08,55468.4,141.52,300.663,0.15,0.014387,3.8,561.449,10120.3,0.919269,75599.1,-0.346574,-0.053874,-0.035672,3180.54,0.05,0.295068,0.497072
