tmp.site,tmp.area,Lb,X1,Wb,POR,ALPHA,BETA,Ks,Kb,Kz,Qthresh,Rs,Rb1,Rb2,Prec,Frac4Rise,Error,BFF
12381400,1.49183e+08,30265.7,4.86187,342.197,0.15,0.019344,1,99.6342,676.01,0.707164,38900.5,-0.091161,-0.020333,-0.020534,1223.29,0.05,0.264406,0.616398
