tmp.site,tmp.area,Lb,X1,Wb,POR,ALPHA,BETA,Ks,Kb,Kz,Qthresh,Rs,Rb1,Rb2,Prec,Frac4Rise,Error,BFF
07103980,2.64179e+07,13054.6,344.302,87.4166,0.15,0.018375,1,277.796,3203.82,0.246923,4770.81,-0.158378,-0.07547,-0.046757,63.2683,0.05,0.343787,0.298025
