tmp.site,tmp.area,Lb,X1,Wb,POR,ALPHA,BETA,Ks,Kb,Kz,Qthresh,Rs,Rb1,Rb2,Prec,Frac4Rise,Error,BFF
10329000,2.66769e+09,121482,531.586,2343.44,0.15,0.040448,0.9,3106.35,54.0271,0.65146,13554,-0.058892,-0.031399,-0.020815,1255.09,0.05,0.298876,0.27181
