tmp.site,tmp.area,Lb,X1,Wb,POR,ALPHA,BETA,Ks,Kb,Kz,Qthresh,Rs,Rb1,Rb2,Prec,Frac4Rise,Error,BFF
02321898,2.12379e+09,18550.3,100,969.483,0.15,0.011242,1,771.999,8145.3,0.958154,55292.5,-0.040021,-0.043017,-0.018578,6103.46,0.05,0.399029,0.363972
