tmp.site,tmp.area,Lb,X1,Wb,POR,ALPHA,BETA,Ks,Kb,Kz,Qthresh,Rs,Rb1,Rb2,Prec,Frac4Rise,Error,BFF
06741510,1.37528e+09,9765.95,100,327.237,0.15,0.008748,1,197.902,8633.31,0.905713,9052.31,-0.088463,-0.057745,-0.071419,489.314,0.05,0.707069,0.284862
