tmp.site,tmp.area,Lb,X1,Wb,POR,ALPHA,BETA,Ks,Kb,Kz,Qthresh,Rs,Rb1,Rb2,Prec,Frac4Rise,Error,BFF
07311700,2.42682e+09,26410.4,13.9707,240.406,0.15,0.004133,0.9,783.842,2241.61,1.12852,83183.4,-0.190308,-0.08177,-0.102273,132.115,0.05,1.33998,0.183913
