tmp.site,tmp.area,Lb,X1,Wb,POR,ALPHA,BETA,Ks,Kb,Kz,Qthresh,Rs,Rb1,Rb2,Prec,Frac4Rise,Error,BFF
04282581,3.57418e+07,3870.33,167.905,147.289,0.15,0.01454,1,422.345,15598.4,0.996268,391.451,-0.159781,-0.140485,-0.136671,24.4657,0.05,0.634804,0.128727
