tmp.site,tmp.area,Lb,X1,Wb,POR,ALPHA,BETA,Ks,Kb,Kz,Qthresh,Rs,Rb1,Rb2,Prec,Frac4Rise,Error,BFF
14141500,5.98287e+07,8898.04,745.077,604.81,0.15,0.012355,1.2,719.448,21477.4,24.048,26423,-0.202733,-0.073402,-0.021617,2691.23,0.05,0.330865,0.385926
