tmp.site,tmp.area,Lb,X1,Wb,POR,ALPHA,BETA,Ks,Kb,Kz,Qthresh,Rs,Rb1,Rb2,Prec,Frac4Rise,Error,BFF
11153650,2.18077e+08,61953.7,63.8917,42.7502,0.15,0.058948,1,1454.11,6934.47,1.0258,31756.5,-0.111787,-0.037416,-0.048368,24.4657,0.05,4.36732,0.11787
