tmp.site,tmp.area,Lb,X1,Wb,POR,ALPHA,BETA,Ks,Kb,Kz,Qthresh,Rs,Rb1,Rb2,Prec,Frac4Rise,Error,BFF
07165565,1.41931e+07,6404.3,100,50.2404,0.15,0.017371,1,714.537,10369,0.919487,1712.6,-0.490415,-0.132254,-0.191446,24.4657,0.05,2.72181,0.069343
