tmp.site,tmp.area,Lb,X1,Wb,POR,ALPHA,BETA,Ks,Kb,Kz,Qthresh,Rs,Rb1,Rb2,Prec,Frac4Rise,Error,BFF
06871500,8.83186e+08,257109,6.00276,59.1872,0.15,0.099515,0.9,905.141,588.391,1.32156,31805.4,-0.143841,-0.044877,-0.075414,24.4657,0.05,20.3932,0.219372
