tmp.site,tmp.area,Lb,X1,Wb,POR,ALPHA,BETA,Ks,Kb,Kz,Qthresh,Rs,Rb1,Rb2,Prec,Frac4Rise,Error,BFF
01388500,9.19446e+08,21407.2,45.7804,1129.81,0.15,0.01101,1.8,2826.62,5557.31,0.626656,102756,-0.18216,-0.069699,-0.044382,9262.48,0.05,0.365563,0.468763
