tmp.site,tmp.area,Lb,X1,Wb,POR,ALPHA,BETA,Ks,Kb,Kz,Qthresh,Rs,Rb1,Rb2,Prec,Frac4Rise,Error,BFF
11351950,6.41022e+09,9913.21,100,667.049,0.15,0.006579,1,1369.6,7804.86,0.919339,132115,-0.04899,-0.07801,-0.117609,1957.26,0.05,2.09764,0.100638
