tmp.site,tmp.area,Lb,X1,Wb,POR,ALPHA,BETA,Ks,Kb,Kz,Qthresh,Rs,Rb1,Rb2,Prec,Frac4Rise,Error,BFF
02105500,1.25666e+10,12480.1,79.3415,2921.14,0.15,0.009239,1,5989.48,10107.4,1.6403,2.427e+06,-0.102871,-0.0701,-0.067737,111564,0.05,0.369146,0.360108
