tmp.site,tmp.area,Lb,X1,Wb,POR,ALPHA,BETA,Ks,Kb,Kz,Qthresh,Rs,Rb1,Rb2,Prec,Frac4Rise,Error,BFF
12117500,3.13389e+08,35685.9,17807.7,1745.51,0.15,0.008655,10.1,260.978,3708.46,0.757639,724185,-0.046187,-0.031446,-0.019585,45261.6,0.05,0.237543,0.674717
