tmp.site,tmp.area,Lb,X1,Wb,POR,ALPHA,BETA,Ks,Kb,Kz,Qthresh,Rs,Rb1,Rb2,Prec,Frac4Rise,Error,BFF
01423000,8.59876e+08,11682.7,744.269,1668.85,0.15,0.011259,1.1,2877.53,90420,20.1592,58615,-0.204386,-0.064999,-0.03424,6361.09,0.05,0.334792,0.478022
