tmp.site,tmp.area,Lb,X1,Wb,POR,ALPHA,BETA,Ks,Kb,Kz,Qthresh,Rs,Rb1,Rb2,Prec,Frac4Rise,Error,BFF
09504000,9.07273e+09,94960.5,100,1140.62,0.15,0.004472,1,1665.16,18.4391,0.936493,183493,-0.202733,-0.084507,-0.012331,13921,0.05,0.146362,0.412512
