tmp.site,tmp.area,Lb,X1,Wb,POR,ALPHA,BETA,Ks,Kb,Kz,Qthresh,Rs,Rb1,Rb2,Prec,Frac4Rise,Error,BFF
05216800,5.43898e+07,8214.96,592.834,233.495,0.15,0.017034,1.2,363.221,4479.07,0.464899,11743.5,-0.115249,-0.054567,-0.034051,342.52,0.05,0.474567,0.28943
