tmp.site,tmp.area,Lb,X1,Wb,POR,ALPHA,BETA,Ks,Kb,Kz,Qthresh,Rs,Rb1,Rb2,Prec,Frac4Rise,Error,BFF
03425290,1.65759e+08,6394.18,100,544.152,0.15,0.013258,1,1789.87,15222.7,0.889505,4684.7,-0.293239,-0.12054,-0.10715,300.635,0.05,0.676138,0.255894
