tmp.site,tmp.area,Lb,X1,Wb,POR,ALPHA,BETA,Ks,Kb,Kz,Qthresh,Rs,Rb1,Rb2,Prec,Frac4Rise,Error,BFF
02090504,6.29367e+08,13193.4,263.62,619.957,0.15,0.005379,4.8,1392.56,6210,0.878268,66791.4,-0.138997,-0.103273,-0.054864,5675.31,0.05,0.37884,0.306812
