tmp.site,tmp.area,Lb,X1,Wb,POR,ALPHA,BETA,Ks,Kb,Kz,Qthresh,Rs,Rb1,Rb2,Prec,Frac4Rise,Error,BFF
10154200,4.19578e+08,101656,100,447.237,0.15,0.006256,1,18.7972,87488.1,1.02316,120127,-0.062566,-0.035009,-0.021458,8073.69,0.05,0.28009,0.612158
