tmp.site,tmp.area,Lb,X1,Wb,POR,ALPHA,BETA,Ks,Kb,Kz,Qthresh,Rs,Rb1,Rb2,Prec,Frac4Rise,Error,BFF
08164370,1.4219e+09,5465,123.986,762.394,0.15,0.00481,1,4671,6528.84,0.571477,183493,-0.317439,-0.144916,-0.124239,24.4657,0.05,1.96421,0.062494
