tmp.site,tmp.area,Lb,X1,Wb,POR,ALPHA,BETA,Ks,Kb,Kz,Qthresh,Rs,Rb1,Rb2,Prec,Frac4Rise,Error,BFF
06814500,1.41931e+09,17378.9,41.5779,490.71,0.15,0.003909,1.2,1774.08,4645.67,1.00192,146794,-0.182046,-0.103649,-0.078919,1854.09,0.05,0.504394,0.162269
