tmp.site,tmp.area,Lb,X1,Wb,POR,ALPHA,BETA,Ks,Kb,Kz,Qthresh,Rs,Rb1,Rb2,Prec,Frac4Rise,Error,BFF
01513500,1.02071e+10,91979.9,221.825,3099.27,0.15,0.009137,2,8920.3,72592.7,2.01886,924706,-0.150811,-0.056296,-0.031517,87915.1,0.05,0.325322,0.556659
