tmp.site,tmp.area,Lb,X1,Wb,POR,ALPHA,BETA,Ks,Kb,Kz,Qthresh,Rs,Rb1,Rb2,Prec,Frac4Rise,Error,BFF
08053000,4.33305e+09,16934.3,24.2164,1357.54,0.15,0.002779,0.9,502.29,1277.96,0.878658,1.00309e+06,-0.025459,-0.061087,-0.103481,4110.24,0.05,1.09354,0.220685
