tmp.site,tmp.area,Lb,X1,Wb,POR,ALPHA,BETA,Ks,Kb,Kz,Qthresh,Rs,Rb1,Rb2,Prec,Frac4Rise,Error,BFF
06110020,8.26206e+08,51101.9,100,124.404,0.15,0.032785,1,740.653,4778.92,0.922856,34496.7,-0.050604,-0.026081,-0.019555,627.57,0.05,0.503479,0.158382
