tmp.site,tmp.area,Lb,X1,Wb,POR,ALPHA,BETA,Ks,Kb,Kz,Qthresh,Rs,Rb1,Rb2,Prec,Frac4Rise,Error,BFF
02485735,8.10666e+09,11747.8,5.15177,3090.28,0.15,0.009612,0.9,8888.72,1734.61,2.75301,440383,-0.148446,-0.077864,-0.145624,29603.5,0.05,0.804368,0.369512
