tmp.site,tmp.area,Lb,X1,Wb,POR,ALPHA,BETA,Ks,Kb,Kz,Qthresh,Rs,Rb1,Rb2,Prec,Frac4Rise,Error,BFF
06914500,1.32866e+09,4026.19,100,1278.86,0.15,0.009634,1,4930.69,11476.3,0.97438,222638,-0.209068,-0.140485,-0.121853,24.4657,0.05,3.62137,0.163368
