tmp.site,tmp.area,Lb,X1,Wb,POR,ALPHA,BETA,Ks,Kb,Kz,Qthresh,Rs,Rb1,Rb2,Prec,Frac4Rise,Error,BFF
03266000,1.68349e+09,12917.6,100,1029.35,0.15,0.008393,1,3456.76,11679,0.929486,183493,-0.154343,-0.102575,-0.051757,4893.14,0.05,0.373549,0.262708
