tmp.site,tmp.area,Lb,X1,Wb,POR,ALPHA,BETA,Ks,Kb,Kz,Qthresh,Rs,Rb1,Rb2,Prec,Frac4Rise,Error,BFF
11070365,1.45039e+09,11129.9,2.65663,9.40598,0.15,0.002596,1,22973.7,11.1018,1.65576,18104.6,-0.33452,-0.198612,-0.303342,24.4657,0.05,0.308324,8.5e-05
