tmp.site,tmp.area,Lb,X1,Wb,POR,ALPHA,BETA,Ks,Kb,Kz,Qthresh,Rs,Rb1,Rb2,Prec,Frac4Rise,Error,BFF
04019300,4.22168e+07,3889.15,210.904,139.797,0.15,0.015063,1,405.448,2365.18,0.64412,827.92,-0.138046,-0.095868,-0.089406,24.4657,0.05,3.46427,0.113197
