tmp.site,tmp.area,Lb,X1,Wb,POR,ALPHA,BETA,Ks,Kb,Kz,Qthresh,Rs,Rb1,Rb2,Prec,Frac4Rise,Error,BFF
07050700,6.37137e+08,12459.2,0.162932,863.495,0.15,0.014642,1.4,1805.92,18.6348,1.15948,27890.9,-0.150189,-0.084816,-0.051251,824.544,0.05,0.455523,0.356124
