tmp.site,tmp.area,Lb,X1,Wb,POR,ALPHA,BETA,Ks,Kb,Kz,Qthresh,Rs,Rb1,Rb2,Prec,Frac4Rise,Error,BFF
02365500,9.06237e+09,27665.4,13.402,2931.94,0.15,0.008205,4.1,5913.42,71.1211,0.946595,2.31446e+06,-0.100222,-0.052436,-0.03315,190025,0.05,0.338771,0.468686
