tmp.site,tmp.area,Lb,X1,Wb,POR,ALPHA,BETA,Ks,Kb,Kz,Qthresh,Rs,Rb1,Rb2,Prec,Frac4Rise,Error,BFF
08380500,2.17559e+08,5871.05,499.648,357.337,0.15,0.024174,1.1,276.177,21575.8,0.392579,13211.5,-0.136962,-0.048158,-0.036731,244.657,0.05,0.394544,0.451733
