tmp.site,tmp.area,Lb,X1,Wb,POR,ALPHA,BETA,Ks,Kb,Kz,Qthresh,Rs,Rb1,Rb2,Prec,Frac4Rise,Error,BFF
06610732,3.34108e+08,20929.2,100,312.93,0.15,0.012397,1,402.462,13446,0.973425,30092.8,-0.278446,-0.045296,-0.033573,1340.13,0.05,0.38845,0.398265
