tmp.site,tmp.area,Lb,X1,Wb,POR,ALPHA,BETA,Ks,Kb,Kz,Qthresh,Rs,Rb1,Rb2,Prec,Frac4Rise,Error,BFF
11070270,2.41646e+08,1514.45,20.8441,17.8002,0.15,0.003449,1,6053.2,13.4314,0.950259,4488.97,-0.38588,-0.228134,-0.155524,24.4657,0.05,0.258005,0.000202
