tmp.site,tmp.area,Lb,X1,Wb,POR,ALPHA,BETA,Ks,Kb,Kz,Qthresh,Rs,Rb1,Rb2,Prec,Frac4Rise,Error,BFF
10270800,3.47058e+07,18732.3,15.9513,559.208,0.15,0.007731,0.9,49.6734,817.816,0.213486,22753.1,-0.058892,-0.019662,-0.024198,1185.12,0.05,0.397316,0.640165
