tmp.site,tmp.area,Lb,X1,Wb,POR,ALPHA,BETA,Ks,Kb,Kz,Qthresh,Rs,Rb1,Rb2,Prec,Frac4Rise,Error,BFF
10149000,3.88498e+07,18130.3,205.119,1382.85,0.15,0.018976,3.7,82.0346,465.133,0.195478,79024.3,-0.034285,-0.010051,-0.009104,1125.42,0.05,0.448284,0.713081
