tmp.site,tmp.area,Lb,X1,Wb,POR,ALPHA,BETA,Ks,Kb,Kz,Qthresh,Rs,Rb1,Rb2,Prec,Frac4Rise,Error,BFF
01379000,1.43485e+08,9275.82,100,495.127,0.15,0.025375,1,774.586,13980.7,0.948809,4159.17,-0.134864,-0.074815,-0.070304,489.314,0.05,0.391242,0.411409
