tmp.site,tmp.area,Lb,X1,Wb,POR,ALPHA,BETA,Ks,Kb,Kz,Qthresh,Rs,Rb1,Rb2,Prec,Frac4Rise,Error,BFF
07241520,3.54518e+10,11037.9,100,1458.9,0.15,0.010854,1,12603.3,8833.44,0.907202,415917,-0.203167,-0.076317,-0.105322,2627.13,0.05,0.614561,0.252762
