tmp.site,tmp.area,Lb,X1,Wb,POR,ALPHA,BETA,Ks,Kb,Kz,Qthresh,Rs,Rb1,Rb2,Prec,Frac4Rise,Error,BFF
02056900,2.97849e+08,12235.6,529.979,605.212,0.15,0.016214,1.2,657.573,24653.3,0.67253,95416.3,-0.303068,-0.050288,-0.038756,3131.61,0.05,0.33023,0.465467
