tmp.site,tmp.area,Lb,X1,Wb,POR,ALPHA,BETA,Ks,Kb,Kz,Qthresh,Rs,Rb1,Rb2,Prec,Frac4Rise,Error,BFF
06900050,9.19446e+08,27056.3,48.0836,527.012,0.15,0.006674,1.3,3638.32,22145.4,0.930165,45995.5,-0.225058,-0.13834,-0.076708,555.323,0.05,0.483018,0.178419
