tmp.site,tmp.area,Lb,X1,Wb,POR,ALPHA,BETA,Ks,Kb,Kz,Qthresh,Rs,Rb1,Rb2,Prec,Frac4Rise,Error,BFF
02358754,4.61018e+10,34075.8,14795,16331.8,0.15,0.00425,10.1,4547.05,71.8343,1.3573,1.44837e+07,-0.040021,-0.026345,-0.015443,1.43858e+06,0.05,0.287761,0.555065
