tmp.site,tmp.area,Lb,X1,Wb,POR,ALPHA,BETA,Ks,Kb,Kz,Qthresh,Rs,Rb1,Rb2,Prec,Frac4Rise,Error,BFF
03323000,1.37787e+09,7815.3,242.12,825.45,0.15,0.010571,1.1,4592.85,18935,0.872389,24465.7,-0.149398,-0.121106,-0.080824,1467.94,0.05,0.507984,0.152905
