tmp.site,tmp.area,Lb,X1,Wb,POR,ALPHA,BETA,Ks,Kb,Kz,Qthresh,Rs,Rb1,Rb2,Prec,Frac4Rise,Error,BFF
07185765,1.10074e+09,12331.8,30.7562,1416.55,0.15,0.01309,5.9,1196.93,116.218,0.943594,154134,-0.099707,-0.042521,-0.020925,7682.23,0.05,0.327213,0.517673
