tmp.site,tmp.area,Lb,X1,Wb,POR,ALPHA,BETA,Ks,Kb,Kz,Qthresh,Rs,Rb1,Rb2,Prec,Frac4Rise,Error,BFF
04201429,7.74406e+06,4111.99,100,65.363,0.15,0.072773,1,392.83,25163.7,0.578701,78.7796,-0.332075,-0.099601,-0.199996,24.4657,0.05,0.618479,0.337358
