tmp.site,tmp.area,Lb,X1,Wb,POR,ALPHA,BETA,Ks,Kb,Kz,Qthresh,Rs,Rb1,Rb2,Prec,Frac4Rise,Error,BFF
01407290,1.66277e+07,8046.94,100,202.913,0.15,0.011069,1,437.732,4240.37,0.509652,18080.2,-0.403686,-0.058511,-0.048649,660.599,0.05,0.293468,0.451797
