tmp.site,tmp.area,Lb,X1,Wb,POR,ALPHA,BETA,Ks,Kb,Kz,Qthresh,Rs,Rb1,Rb2,Prec,Frac4Rise,Error,BFF
07055875,1.74565e+08,4537.8,100,937.621,0.15,0.018585,1,1577.43,11879.2,0.904253,24436.4,-0.151371,-0.086398,-0.08414,24.4657,0.05,0.475467,0.402578
