tmp.site,tmp.area,Lb,X1,Wb,POR,ALPHA,BETA,Ks,Kb,Kz,Qthresh,Rs,Rb1,Rb2,Prec,Frac4Rise,Error,BFF
09065100,8.80596e+07,12693.8,494.273,304.085,0.15,0.008239,1.1,278.015,46988.6,0.895058,14116.7,-0.124966,-0.038326,-0.029075,244.657,0.05,0.411042,0.305491
