tmp.site,tmp.area,Lb,X1,Wb,POR,ALPHA,BETA,Ks,Kb,Kz,Qthresh,Rs,Rb1,Rb2,Prec,Frac4Rise,Error,BFF
05479000,3.3877e+09,17000.5,100,2556.59,0.15,0.019823,1,2714.06,19127.3,0.969643,29358.9,-0.091161,-0.046857,-0.041606,2446.57,0.05,0.469271,0.527268
