tmp.site,tmp.area,Lb,X1,Wb,POR,ALPHA,BETA,Ks,Kb,Kz,Qthresh,Rs,Rb1,Rb2,Prec,Frac4Rise,Error,BFF
13297350,1.6291e+07,23734.1,100,31.4695,0.15,0.02637,1,240.021,323.601,0.224875,733.971,-0.111572,-0.028182,-0.016012,24.4657,0.05,0.804294,0.183114
