tmp.site,tmp.area,Lb,X1,Wb,POR,ALPHA,BETA,Ks,Kb,Kz,Qthresh,Rs,Rb1,Rb2,Prec,Frac4Rise,Error,BFF
01466500,6.08647e+06,726.725,100,1275.3,0.15,0.002515,1,21.705,76.1304,0.131115,2446.57,-0.155602,-0.017802,-0.007918,203.065,0.05,0.187085,0.718742
