tmp.site,tmp.area,Lb,X1,Wb,POR,ALPHA,BETA,Ks,Kb,Kz,Qthresh,Rs,Rb1,Rb2,Prec,Frac4Rise,Error,BFF
03234500,1.32892e+10,9831.59,100,3765.67,0.15,0.009026,1,8009.28,7923.71,2.0512,743758,-0.137216,-0.080448,-0.040109,77801,0.05,0.373956,0.345055
