tmp.site,tmp.area,Lb,X1,Wb,POR,ALPHA,BETA,Ks,Kb,Kz,Qthresh,Rs,Rb1,Rb2,Prec,Frac4Rise,Error,BFF
01447500,2.37502e+08,26629.5,227.686,659.219,0.15,0.012385,1.3,1184.24,52435.9,1.50832,34252,-0.202733,-0.051648,-0.039606,3669.86,0.05,0.315632,0.540746
