tmp.site,tmp.area,Lb,X1,Wb,POR,ALPHA,BETA,Ks,Kb,Kz,Qthresh,Rs,Rb1,Rb2,Prec,Frac4Rise,Error,BFF
06441110,7.66636e+08,4330.98,49.8615,30.1158,0.15,0.000541,0.9,66659.7,45.397,1.02323,73397.1,-0.301375,-0.112488,-0.264789,24.4657,0.05,0.394278,3e-05
