tmp.site,tmp.area,Lb,X1,Wb,POR,ALPHA,BETA,Ks,Kb,Kz,Qthresh,Rs,Rb1,Rb2,Prec,Frac4Rise,Error,BFF
06402995,1.77155e+08,63353.1,161.036,42.7483,0.15,0.037464,0.9,607.45,42322.3,1.0394,464.849,-0.140519,-0.052653,-0.063129,38.0687,0.05,0.656314,0.221833
