tmp.site,tmp.area,Lb,X1,Wb,POR,ALPHA,BETA,Ks,Kb,Kz,Qthresh,Rs,Rb1,Rb2,Prec,Frac4Rise,Error,BFF
09071295,1.57212e+07,7914.98,100,108.773,0.15,0.008895,1,177.65,3007.76,0.468476,1419.01,-0.133369,-0.056731,-0.041304,24.4657,0.05,0.728718,0.075118
