tmp.site,tmp.area,Lb,X1,Wb,POR,ALPHA,BETA,Ks,Kb,Kz,Qthresh,Rs,Rb1,Rb2,Prec,Frac4Rise,Error,BFF
03400986,3.08209e+08,7513.06,100,1115.99,0.15,0.029948,1,809.758,14989.6,0.875812,46240.2,-0.121178,-0.064871,-0.077522,4036.84,0.05,0.484602,0.553957
