tmp.site,tmp.area,Lb,X1,Wb,POR,ALPHA,BETA,Ks,Kb,Kz,Qthresh,Rs,Rb1,Rb2,Prec,Frac4Rise,Error,BFF
02159500,9.09086e+08,9919.14,0.483762,1066.3,0.15,0.009966,1.5,2028.05,27.0392,1.11252,1.09362e+06,-0.129841,-0.069031,-0.052525,17615.3,0.05,0.265319,0.50136
