tmp.site,tmp.area,Lb,X1,Wb,POR,ALPHA,BETA,Ks,Kb,Kz,Qthresh,Rs,Rb1,Rb2,Prec,Frac4Rise,Error,BFF
01121000,7.40737e+07,19073.3,12.2051,259.166,0.15,0.029955,1,988.342,2110.91,1.01702,101043,-0.314304,-0.061451,-0.073369,237.317,0.05,0.54938,0.268016
