tmp.site,tmp.area,Lb,X1,Wb,POR,ALPHA,BETA,Ks,Kb,Kz,Qthresh,Rs,Rb1,Rb2,Prec,Frac4Rise,Error,BFF
01103025,2.16523e+07,10850.2,6.02701,168.114,0.15,0.02033,1,220.454,650.836,0.494135,10373.5,-0.252944,-0.054873,-0.05585,446.157,0.05,0.335854,0.529909
