tmp.site,tmp.area,Lb,X1,Wb,POR,ALPHA,BETA,Ks,Kb,Kz,Qthresh,Rs,Rb1,Rb2,Prec,Frac4Rise,Error,BFF
0209722970,1.20952e+07,6781,100,52.0467,0.15,0.017948,1,705.445,10337.5,1.00174,4232.57,-0.596087,-0.13472,-0.182391,24.4657,0.05,0.62479,0.089351
