tmp.site,tmp.area,Lb,X1,Wb,POR,ALPHA,BETA,Ks,Kb,Kz,Qthresh,Rs,Rb1,Rb2,Prec,Frac4Rise,Error,BFF
02338523,4.35118e+07,23172.2,100,177.618,0.15,0.020102,1,191.363,11348.4,0.628454,42325.7,-0.339944,-0.042914,-0.041806,463.038,0.05,0.306326,0.503147
