tmp.site,tmp.area,Lb,X1,Wb,POR,ALPHA,BETA,Ks,Kb,Kz,Qthresh,Rs,Rb1,Rb2,Prec,Frac4Rise,Error,BFF
05536195,2.33099e+08,11189.1,336.46,414.725,0.15,0.01303,1.2,1204.12,48388.5,1.20163,19841.7,-0.22789,-0.087933,-0.067266,1125.42,0.05,0.40745,0.370759
