tmp.site,tmp.area,Lb,X1,Wb,POR,ALPHA,BETA,Ks,Kb,Kz,Qthresh,Rs,Rb1,Rb2,Prec,Frac4Rise,Error,BFF
02074500,2.87489e+08,9603.42,90.5488,583.75,0.15,0.010049,8.4,692.429,123.642,1.50545,132115,-0.3511,-0.05802,-0.037443,4012.38,0.05,0.29771,0.464216
