tmp.site,tmp.area,Lb,X1,Wb,POR,ALPHA,BETA,Ks,Kb,Kz,Qthresh,Rs,Rb1,Rb2,Prec,Frac4Rise,Error,BFF
01382800,2.173e+08,9231.46,108.077,664.82,0.15,0.013587,1.2,1210.5,11366.9,0.951179,28869.5,-0.219609,-0.077072,-0.057556,2267.97,0.05,0.341742,0.442488
