tmp.site,tmp.area,Lb,X1,Wb,POR,ALPHA,BETA,Ks,Kb,Kz,Qthresh,Rs,Rb1,Rb2,Prec,Frac4Rise,Error,BFF
02301150,1.88033e+08,45480,100,326.24,0.15,0.06732,1,76.4848,27935.9,0.756501,143066,-0.102705,-0.026897,-0.038784,188.386,0.05,0.417061,0.61873
