tmp.site,tmp.area,Lb,X1,Wb,POR,ALPHA,BETA,Ks,Kb,Kz,Qthresh,Rs,Rb1,Rb2,Prec,Frac4Rise,Error,BFF
02461192,3.5027e+07,8048.03,100,301.371,0.15,0.013446,1,969.143,5697.93,0.953435,35719.9,-1.06677,-0.134498,-0.073925,2415.84,0.05,0.309494,0.339961
