tmp.site,tmp.area,Lb,X1,Wb,POR,ALPHA,BETA,Ks,Kb,Kz,Qthresh,Rs,Rb1,Rb2,Prec,Frac4Rise,Error,BFF
04166300,4.53248e+07,9490.54,1520.64,204.343,0.15,0.024371,1.3,316.208,93109.1,0.109218,10764.9,-0.303797,-0.077614,-0.053511,244.657,0.05,0.366314,0.388725
