tmp.site,tmp.area,Lb,X1,Wb,POR,ALPHA,BETA,Ks,Kb,Kz,Qthresh,Rs,Rb1,Rb2,Prec,Frac4Rise,Error,BFF
09390500,1.77673e+08,29734,37.9601,69.7134,0.15,0.024574,0.9,630.362,2109.26,0.867515,24221.1,-0.093768,-0.066774,-0.096042,24.4657,0.05,1.19309,0.137883
