tmp.site,tmp.area,Lb,X1,Wb,POR,ALPHA,BETA,Ks,Kb,Kz,Qthresh,Rs,Rb1,Rb2,Prec,Frac4Rise,Error,BFF
08158813,5.28358e+07,31548.9,167.545,162.54,0.15,0.089417,0.9,597.768,29025.6,0.764649,6777,-0.207472,-0.047691,-0.06727,24.4657,0.05,3.17682,0.206488
