tmp.site,tmp.area,Lb,X1,Wb,POR,ALPHA,BETA,Ks,Kb,Kz,Qthresh,Rs,Rb1,Rb2,Prec,Frac4Rise,Error,BFF
01660400,9.06496e+07,12464.7,100,221.911,0.15,0.022078,1,961.377,14744.5,0.931114,80736.9,-0.320302,-0.076697,-0.096799,29.3589,0.05,0.629576,0.254948
