tmp.site,tmp.area,Lb,X1,Wb,POR,ALPHA,BETA,Ks,Kb,Kz,Qthresh,Rs,Rb1,Rb2,Prec,Frac4Rise,Error,BFF
11148900,4.19578e+08,42053.4,40.5411,719.789,0.15,0.015225,1,2836.6,15644.6,0.957864,36493.1,-0.213735,-0.068956,-0.089338,24.4657,0.05,2.62433,0.287474
