tmp.site,tmp.area,Lb,X1,Wb,POR,ALPHA,BETA,Ks,Kb,Kz,Qthresh,Rs,Rb1,Rb2,Prec,Frac4Rise,Error,BFF
07326500,9.42756e+09,5961.11,88.969,1779.32,0.15,0.004941,1,2499.09,2177.49,0.989118,474635,-0.077075,-0.05748,-0.054909,3425.2,0.05,0.597642,0.249143
