tmp.site,tmp.area,Lb,X1,Wb,POR,ALPHA,BETA,Ks,Kb,Kz,Qthresh,Rs,Rb1,Rb2,Prec,Frac4Rise,Error,BFF
06441500,8.15069e+09,9074.29,40.6036,1269.7,0.15,0.008915,1,6333.21,14253.5,1.18414,159027,-0.20212,-0.122477,-0.183465,24.4657,0.05,13.0121,0.236247
