tmp.site,tmp.area,Lb,X1,Wb,POR,ALPHA,BETA,Ks,Kb,Kz,Qthresh,Rs,Rb1,Rb2,Prec,Frac4Rise,Error,BFF
01209005,8.96136e+07,70980,100,95.3012,0.15,0.008519,1,365.3,809.016,0.925937,22679.7,-0.061234,-0.066517,-0.040027,1030.01,0.05,0.325379,0.161492
