tmp.site,tmp.area,Lb,X1,Wb,POR,ALPHA,BETA,Ks,Kb,Kz,Qthresh,Rs,Rb1,Rb2,Prec,Frac4Rise,Error,BFF
08089000,6.16702e+10,13302.2,0.25814,2400.05,0.15,0.009304,1,15661.8,78.6663,1.03441,621429,-0.122561,-0.114179,-0.133002,244.657,0.05,1.12287,0.252522
