tmp.site,tmp.area,Lb,X1,Wb,POR,ALPHA,BETA,Ks,Kb,Kz,Qthresh,Rs,Rb1,Rb2,Prec,Frac4Rise,Error,BFF
14179000,2.79719e+08,5182.67,100,2730.63,0.15,0.00431,1,213.696,1197.28,1.04266,266676,-0.162437,-0.054476,-0.011186,24343.4,0.05,0.26494,0.467797
