tmp.site,tmp.area,Lb,X1,Wb,POR,ALPHA,BETA,Ks,Kb,Kz,Qthresh,Rs,Rb1,Rb2,Prec,Frac4Rise,Error,BFF
04127917,5.20588e+08,30886.4,8849.85,637.415,0.15,0.005379,4.5,454.551,4384.51,0.710743,207225,-0.111572,-0.057008,-0.023713,12232.9,0.05,0.350926,0.33332
