tmp.site,tmp.area,Lb,X1,Wb,POR,ALPHA,BETA,Ks,Kb,Kz,Qthresh,Rs,Rb1,Rb2,Prec,Frac4Rise,Error,BFF
06340000,1.4219e+09,3352.91,761.139,883.443,0.15,0.011721,1.4,989.458,5335.79,0.234388,24465.7,-0.125657,-0.07047,-0.041796,97.8629,0.05,1.0489,0.225157
