tmp.site,tmp.area,Lb,X1,Wb,POR,ALPHA,BETA,Ks,Kb,Kz,Qthresh,Rs,Rb1,Rb2,Prec,Frac4Rise,Error,BFF
07182260,4.74745e+09,16838.4,47.8233,1444.66,0.15,0.00674,1.4,3715.87,3378.21,1.79897,225574,-0.132582,-0.082365,-0.054545,3187.88,0.05,0.460209,0.277828
