tmp.site,tmp.area,Lb,X1,Wb,POR,ALPHA,BETA,Ks,Kb,Kz,Qthresh,Rs,Rb1,Rb2,Prec,Frac4Rise,Error,BFF
02205000,3.31518e+06,1810.8,278.867,134.134,0.15,0.019754,1,186.092,5491.98,0.21626,1883.86,-0.346574,-0.060573,-0.056671,24.4657,0.05,0.36541,0.393018
