tmp.site,tmp.area,Lb,X1,Wb,POR,ALPHA,BETA,Ks,Kb,Kz,Qthresh,Rs,Rb1,Rb2,Prec,Frac4Rise,Error,BFF
02096846,1.95285e+07,28600.1,100,32.9477,0.15,0.075438,1,478.142,49148.1,0.962395,14973,-0.346574,-0.104655,-0.099093,24.4657,0.05,0.649214,0.226443
