tmp.site,tmp.area,Lb,X1,Wb,POR,ALPHA,BETA,Ks,Kb,Kz,Qthresh,Rs,Rb1,Rb2,Prec,Frac4Rise,Error,BFF
09085100,1.55762e+10,56517,6908.77,3704.86,0.15,0.005096,3.1,1348.54,711.283,0.870917,3.30287e+06,-0.050042,-0.019738,-0.012411,240009,0.05,0.19729,0.503623
