tmp.site,tmp.area,Lb,X1,Wb,POR,ALPHA,BETA,Ks,Kb,Kz,Qthresh,Rs,Rb1,Rb2,Prec,Frac4Rise,Error,BFF
04193500,1.63946e+10,26018,80.0861,21386.7,0.15,0.01303,1,76933.6,67306.8,2.48656,171260,-0.150205,-0.092813,-0.097171,15168.7,0.05,0.448942,0.494398
