tmp.site,tmp.area,Lb,X1,Wb,POR,ALPHA,BETA,Ks,Kb,Kz,Qthresh,Rs,Rb1,Rb2,Prec,Frac4Rise,Error,BFF
10325000,2.90079e+10,102820,11.7844,689.722,0.15,0.023124,0.9,5672.98,5588.75,1.01938,888105,-0.063484,-0.034018,-0.061303,24.4657,0.05,19.7483,0.116758
