tmp.site,tmp.area,Lb,X1,Wb,POR,ALPHA,BETA,Ks,Kb,Kz,Qthresh,Rs,Rb1,Rb2,Prec,Frac4Rise,Error,BFF
02053800,2.82309e+08,15641.4,100,517.081,0.15,0.011035,1,932.208,8774.46,0.913993,80736.9,-0.236847,-0.060251,-0.034758,3498.6,0.05,0.310567,0.434627
