tmp.site,tmp.area,Lb,X1,Wb,POR,ALPHA,BETA,Ks,Kb,Kz,Qthresh,Rs,Rb1,Rb2,Prec,Frac4Rise,Error,BFF
12178000,3.04324e+09,49781.6,14.631,2504.39,0.15,0.006779,0.9,1157.54,4590.55,1.52115,1.91322e+06,-0.043506,-0.031345,-0.04079,213830,0.05,0.307785,0.675779
