tmp.site,tmp.area,Lb,X1,Wb,POR,ALPHA,BETA,Ks,Kb,Kz,Qthresh,Rs,Rb1,Rb2,Prec,Frac4Rise,Error,BFF
13047500,8.52106e+08,156754,53848.5,746.723,0.15,0.004042,10.1,886.774,809.46,0.890008,560265,-0.068601,-0.023165,-0.011378,50888.7,0.05,0.2924,0.383122
