tmp.site,tmp.area,Lb,X1,Wb,POR,ALPHA,BETA,Ks,Kb,Kz,Qthresh,Rs,Rb1,Rb2,Prec,Frac4Rise,Error,BFF
08074760,3.88498e+07,16087.5,8853.8,479.875,0.15,0.004835,10,218.888,1427.54,0.739895,57983.7,-0.290768,-0.121221,-0.062525,4085.77,0.05,0.259813,0.381551
