tmp.site,tmp.area,Lb,X1,Wb,POR,ALPHA,BETA,Ks,Kb,Kz,Qthresh,Rs,Rb1,Rb2,Prec,Frac4Rise,Error,BFF
03106000,9.22036e+08,8975.81,1.2478,1403.9,0.15,0.013727,1.2,4161.46,160.822,1.23165,36698.6,-0.228799,-0.083262,-0.062134,3180.54,0.05,0.394266,0.414265
