tmp.site,tmp.area,Lb,X1,Wb,POR,ALPHA,BETA,Ks,Kb,Kz,Qthresh,Rs,Rb1,Rb2,Prec,Frac4Rise,Error,BFF
09134100,1.92695e+09,8672.59,77.9388,1501.7,0.15,0.020411,0.9,1717.37,16286.3,0.99624,352306,-0.084295,-0.058906,-0.095834,1556.22,0.05,0.60412,0.498074
