tmp.site,tmp.area,Lb,X1,Wb,POR,ALPHA,BETA,Ks,Kb,Kz,Qthresh,Rs,Rb1,Rb2,Prec,Frac4Rise,Error,BFF
07377500,3.75548e+08,2585.54,141.301,2158.39,0.15,0.004713,1.3,2870.25,146.729,0.897197,121839,-0.379174,-0.192004,-0.031907,8807.66,0.05,0.286867,0.228259
