tmp.site,tmp.area,Lb,X1,Wb,POR,ALPHA,BETA,Ks,Kb,Kz,Qthresh,Rs,Rb1,Rb2,Prec,Frac4Rise,Error,BFF
07047950,2.03573e+09,21789.8,100,2941.46,0.15,0.023299,1,2499,35702.4,0.932818,2.83802e+06,-0.066766,-0.055009,-0.117575,24.4657,0.05,54.4796,0.557045
