tmp.site,tmp.area,Lb,X1,Wb,POR,ALPHA,BETA,Ks,Kb,Kz,Qthresh,Rs,Rb1,Rb2,Prec,Frac4Rise,Error,BFF
09174600,1.92436e+09,10226.1,100,1095.3,0.15,0.018705,1,944.902,13634.3,0.930576,211983,-0.081373,-0.041041,-0.092475,834.281,0.05,0.739735,0.583537
