tmp.site,tmp.area,Lb,X1,Wb,POR,ALPHA,BETA,Ks,Kb,Kz,Qthresh,Rs,Rb1,Rb2,Prec,Frac4Rise,Error,BFF
02244040,1.70421e+10,7870.33,100,5809.24,0.15,0.01172,1,13217.2,14206.9,1.29168,1.49486e+07,-0.13427,-0.039001,-0.152595,41525.7,0.05,2.26644,0.523222
