tmp.site,tmp.area,Lb,X1,Wb,POR,ALPHA,BETA,Ks,Kb,Kz,Qthresh,Rs,Rb1,Rb2,Prec,Frac4Rise,Error,BFF
10317500,2.14969e+09,154649,100,80.1071,0.15,0.010654,1,2300.61,1282.62,1.01257,8300.24,-0.106044,-0.03908,-0.035374,733.971,0.05,0.596577,0.126283
