tmp.site,tmp.area,Lb,X1,Wb,POR,ALPHA,BETA,Ks,Kb,Kz,Qthresh,Rs,Rb1,Rb2,Prec,Frac4Rise,Error,BFF
09185600,6.58012e+10,59260,12207.2,6231.46,0.15,0.00639,5.4,7812.15,287.775,0.353957,5.26282e+06,-0.037754,-0.024626,-0.016095,484421,0.05,0.209776,0.493453
