tmp.site,tmp.area,Lb,X1,Wb,POR,ALPHA,BETA,Ks,Kb,Kz,Qthresh,Rs,Rb1,Rb2,Prec,Frac4Rise,Error,BFF
11136100,3.49648e+08,43920,100,33.3938,0.15,0.015786,1,428.289,1563.14,0.874371,1419.01,-0.168236,-0.090988,-0.033538,39.1451,0.05,0.502032,0.074008
