tmp.site,tmp.area,Lb,X1,Wb,POR,ALPHA,BETA,Ks,Kb,Kz,Qthresh,Rs,Rb1,Rb2,Prec,Frac4Rise,Error,BFF
05357335,2.10566e+08,4476.68,100,1104.14,0.15,0.011948,1,89.3927,1925.05,0.692499,18838.6,-0.045486,-0.021937,-0.024726,1228.18,0.05,0.420789,0.608598
