tmp.site,tmp.area,Lb,X1,Wb,POR,ALPHA,BETA,Ks,Kb,Kz,Qthresh,Rs,Rb1,Rb2,Prec,Frac4Rise,Error,BFF
08088610,6.11134e+10,3981.23,11.2803,3373.09,0.15,0.004494,1.1,977.541,263.841,0.844746,579837,-0.021289,-0.112403,-0.087592,4505.85,0.05,1.84326,0.273049
