tmp.site,tmp.area,Lb,X1,Wb,POR,ALPHA,BETA,Ks,Kb,Kz,Qthresh,Rs,Rb1,Rb2,Prec,Frac4Rise,Error,BFF
04122500,1.76378e+09,138107,100,914.224,0.15,0.008316,1,541.954,3174.86,0.917417,924804,-0.057806,-0.020569,-0.009781,89544.5,0.05,0.269083,0.594462
