tmp.site,tmp.area,Lb,X1,Wb,POR,ALPHA,BETA,Ks,Kb,Kz,Qthresh,Rs,Rb1,Rb2,Prec,Frac4Rise,Error,BFF
01540500,2.90597e+10,11592.4,100,8146.52,0.15,0.010901,1,12774.4,8968.27,3.17064,2.5689e+06,-0.111572,-0.060136,-0.029371,276463,0.05,0.33664,0.454593
