tmp.site,tmp.area,Lb,X1,Wb,POR,ALPHA,BETA,Ks,Kb,Kz,Qthresh,Rs,Rb1,Rb2,Prec,Frac4Rise,Error,BFF
07016500,2.09271e+09,5095.74,100,1588.57,0.15,0.006041,1,4739.4,4348.36,1.13165,83183.4,-0.153934,-0.132114,-0.03869,5871.77,0.05,0.413538,0.176647
