tmp.site,tmp.area,Lb,X1,Wb,POR,ALPHA,BETA,Ks,Kb,Kz,Qthresh,Rs,Rb1,Rb2,Prec,Frac4Rise,Error,BFF
02394820,1.09038e+08,18800.4,100,280.531,0.15,0.013636,1,504.677,10636.3,0.931561,14273.8,-0.229798,-0.065744,-0.048753,1244.42,0.05,0.326559,0.398715
