tmp.site,tmp.area,Lb,X1,Wb,POR,ALPHA,BETA,Ks,Kb,Kz,Qthresh,Rs,Rb1,Rb2,Prec,Frac4Rise,Error,BFF
09108250,1.63169e+08,39613.7,100,201.308,0.15,0.010742,1,54.0988,12298.6,0.607813,53349.9,-0.059893,-0.021916,-0.021639,2342.23,0.05,0.193763,0.63709
