tmp.site,tmp.area,Lb,X1,Wb,POR,ALPHA,BETA,Ks,Kb,Kz,Qthresh,Rs,Rb1,Rb2,Prec,Frac4Rise,Error,BFF
11467200,1.62651e+08,9084.63,276.459,769.927,0.15,0.019263,1.1,2323.71,11784.2,0.923341,6874.87,-0.224719,-0.070499,-0.043157,24.4657,0.05,2.65935,0.219846
