tmp.site,tmp.area,Lb,X1,Wb,POR,ALPHA,BETA,Ks,Kb,Kz,Qthresh,Rs,Rb1,Rb2,Prec,Frac4Rise,Error,BFF
02195320,2.74539e+08,37957.2,89.3655,323.78,0.15,0.012092,1.1,1380.48,35663,1.0814,8416.21,-0.163261,-0.079721,-0.066131,120.249,0.05,0.502773,0.326678
