tmp.site,tmp.area,Lb,X1,Wb,POR,ALPHA,BETA,Ks,Kb,Kz,Qthresh,Rs,Rb1,Rb2,Prec,Frac4Rise,Error,BFF
06354890,5.93107e+08,5434.88,100,50.2982,0.15,0.010353,1,1589.48,2838.3,0.93511,342.52,-0.189648,-0.214757,-0.097718,24.4657,0.05,0.618551,0.075153
