tmp.site,tmp.area,Lb,X1,Wb,POR,ALPHA,BETA,Ks,Kb,Kz,Qthresh,Rs,Rb1,Rb2,Prec,Frac4Rise,Error,BFF
01377000,1.50219e+08,16119.6,100,295.04,0.15,0.013749,1,171.581,12728.5,0.936109,184846,-0.073372,-0.055182,-0.053497,2691.23,0.05,0.346665,0.445296
