tmp.site,tmp.area,Lb,X1,Wb,POR,ALPHA,BETA,Ks,Kb,Kz,Qthresh,Rs,Rb1,Rb2,Prec,Frac4Rise,Error,BFF
05497150,1.21988e+09,12021.3,5.39404,798.856,0.15,0.010262,1.4,4478.01,855.13,0.913627,69482.6,-0.23107,-0.142231,-0.070181,633.246,0.05,0.46227,0.193476
