tmp.site,tmp.area,Lb,X1,Wb,POR,ALPHA,BETA,Ks,Kb,Kz,Qthresh,Rs,Rb1,Rb2,Prec,Frac4Rise,Error,BFF
04057800,1.18362e+08,23660,7868.53,326.251,0.15,0.011646,4.7,238.613,5617.23,0.451947,12722.2,-0.138626,-0.051156,-0.033678,1321.15,0.05,0.453644,0.358337
