tmp.site,tmp.area,Lb,X1,Wb,POR,ALPHA,BETA,Ks,Kb,Kz,Qthresh,Rs,Rb1,Rb2,Prec,Frac4Rise,Error,BFF
12101470,2.44236e+09,12567.6,88.8939,3224.75,0.15,0.010056,0.9,2229.97,15500.6,2.19984,1.70399e+06,-0.11639,-0.049926,-0.056672,188166,0.05,0.313038,0.584482
