tmp.site,tmp.area,Lb,X1,Wb,POR,ALPHA,BETA,Ks,Kb,Kz,Qthresh,Rs,Rb1,Rb2,Prec,Frac4Rise,Error,BFF
05544200,1.91918e+08,43369.8,77.9194,207.167,0.15,0.012421,0.9,163.421,17910,0.94284,128445,-0.048943,-0.037227,-0.055059,2935.89,0.05,0.385115,0.568019
