tmp.site,tmp.area,Lb,X1,Wb,POR,ALPHA,BETA,Ks,Kb,Kz,Qthresh,Rs,Rb1,Rb2,Prec,Frac4Rise,Error,BFF
03288190,1.19916e+07,11841.6,100,49.4809,0.15,0.043369,1,231.885,13500.3,0.656544,9345.9,-0.173684,-0.088615,-0.107546,24.4657,0.05,1.39323,0.209173
