tmp.site,tmp.area,Lb,X1,Wb,POR,ALPHA,BETA,Ks,Kb,Kz,Qthresh,Rs,Rb1,Rb2,Prec,Frac4Rise,Error,BFF
09484550,5.12818e+08,401498,6.25099,14.0328,0.15,0.026489,0.9,431.201,483.289,0.152159,3963.45,-0.143841,-0.009615,-0.029326,36.6986,0.05,0.627003,0.177852
