tmp.site,tmp.area,Lb,X1,Wb,POR,ALPHA,BETA,Ks,Kb,Kz,Qthresh,Rs,Rb1,Rb2,Prec,Frac4Rise,Error,BFF
05061200,1.60579e+08,16551.1,100,36.5154,0.15,0.004466,1,296.579,4008.77,0.907028,5137.8,-0.115674,-0.086781,-0.130103,244.657,0.05,0.576384,0.050081
