tmp.site,tmp.area,Lb,X1,Wb,POR,ALPHA,BETA,Ks,Kb,Kz,Qthresh,Rs,Rb1,Rb2,Prec,Frac4Rise,Error,BFF
03282060,7.21053e+09,15759.1,6.37044,4128.82,0.15,0.013726,1.1,12127.9,1436.85,2.902,337627,-0.110262,-0.079761,-0.06563,30826.8,0.05,0.370721,0.465115
