tmp.site,tmp.area,Lb,X1,Wb,POR,ALPHA,BETA,Ks,Kb,Kz,Qthresh,Rs,Rb1,Rb2,Prec,Frac4Rise,Error,BFF
01478137,3.47058e+06,6704.59,0.210477,75.6766,0.15,0.010327,1.2,140.61,8.89285,0.277022,3278.41,-0.445577,-0.064925,-0.054781,63.6109,0.05,0.305187,0.418404
