tmp.site,tmp.area,Lb,X1,Wb,POR,ALPHA,BETA,Ks,Kb,Kz,Qthresh,Rs,Rb1,Rb2,Prec,Frac4Rise,Error,BFF
11293200,8.59876e+08,100007,30.4339,71.3604,0.15,0.008996,0.8,1357.93,2931.71,0.64183,20795.9,-0.091161,-0.008734,-0.01778,1737.07,0.05,0.851369,0.082215
