tmp.site,tmp.area,Lb,X1,Wb,POR,ALPHA,BETA,Ks,Kb,Kz,Qthresh,Rs,Rb1,Rb2,Prec,Frac4Rise,Error,BFF
09498501,9.66066e+07,28636,100,44.6331,0.15,0.018071,1,106.506,17731,0.904392,1125.42,-0.202733,-0.09289,-0.043998,24.4657,0.05,1.77893,0.064453
