tmp.site,tmp.area,Lb,X1,Wb,POR,ALPHA,BETA,Ks,Kb,Kz,Qthresh,Rs,Rb1,Rb2,Prec,Frac4Rise,Error,BFF
06614800,3.98858e+06,2130.95,3.59336,234.391,0.15,0.011213,4.9,139.186,3.8562,0.162532,1100.96,-0.143841,-0.031501,-0.011872,44.0383,0.05,0.365255,0.400631
