tmp.site,tmp.area,Lb,X1,Wb,POR,ALPHA,BETA,Ks,Kb,Kz,Qthresh,Rs,Rb1,Rb2,Prec,Frac4Rise,Error,BFF
02054530,7.27787e+08,12643.6,3877.43,1080.9,0.15,0.007841,10.1,1627.5,2418.62,0.949159,135051,-0.192955,-0.06971,-0.033633,8024.75,0.05,0.301769,0.393934
