tmp.site,tmp.area,Lb,X1,Wb,POR,ALPHA,BETA,Ks,Kb,Kz,Qthresh,Rs,Rb1,Rb2,Prec,Frac4Rise,Error,BFF
11405120,1.30794e+07,8736.33,100,249.242,0.15,0.006136,1,16.2773,366.04,0.246623,25933.7,-0.012341,-0.033259,-0.061001,242.211,0.05,0.456395,0.224755
