tmp.site,tmp.area,Lb,X1,Wb,POR,ALPHA,BETA,Ks,Kb,Kz,Qthresh,Rs,Rb1,Rb2,Prec,Frac4Rise,Error,BFF
05592575,1.14477e+08,15789.6,76.6086,166.063,0.15,0.013881,1,649.999,50513.6,1.09647,95298.9,-0.398754,-0.14818,-0.179982,24.4657,0.05,1.37521,0.140029
