tmp.site,tmp.area,Lb,X1,Wb,POR,ALPHA,BETA,Ks,Kb,Kz,Qthresh,Rs,Rb1,Rb2,Prec,Frac4Rise,Error,BFF
03364500,2.36725e+08,13943.8,89.2604,471.14,0.15,0.011773,1,1605.69,31468.2,1.05382,197438,-0.263843,-0.089525,-0.115985,24.4657,0.05,1.4023,0.32565
