tmp.site,tmp.area,Lb,X1,Wb,POR,ALPHA,BETA,Ks,Kb,Kz,Qthresh,Rs,Rb1,Rb2,Prec,Frac4Rise,Error,BFF
09302000,9.81605e+09,14140.9,100,1711.18,0.15,0.009741,1,1989.83,11046.2,0.994375,990861,-0.091161,-0.047643,-0.058611,3428.87,0.05,0.636907,0.509548
