tmp.site,tmp.area,Lb,X1,Wb,POR,ALPHA,BETA,Ks,Kb,Kz,Qthresh,Rs,Rb1,Rb2,Prec,Frac4Rise,Error,BFF
05561500,1.43485e+07,6934.28,365.474,58.6511,0.15,0.05447,0.9,568.708,74008.3,1.0486,11205.3,-0.380908,-0.103761,-0.184629,24.4657,0.05,6.42571,0.19673
