tmp.site,tmp.area,Lb,X1,Wb,POR,ALPHA,BETA,Ks,Kb,Kz,Qthresh,Rs,Rb1,Rb2,Prec,Frac4Rise,Error,BFF
06101200,2.11861e+09,2238.81,0.090354,5.80189,0.15,0.023615,1.1,38023.8,0.021086,1.54765,21432,-0.080454,-0.086196,-0.132157,24.4657,0.05,0.195533,2.8e-05
