tmp.site,tmp.area,Lb,X1,Wb,POR,ALPHA,BETA,Ks,Kb,Kz,Qthresh,Rs,Rb1,Rb2,Prec,Frac4Rise,Error,BFF
01362487,6.47497e+07,17720.8,32.3029,361.642,0.15,0.01568,1.4,935.994,8199.18,1.03929,5919.72,-0.290574,-0.089417,-0.055938,384.454,0.05,0.381017,0.422801
