tmp.site,tmp.area,Lb,X1,Wb,POR,ALPHA,BETA,Ks,Kb,Kz,Qthresh,Rs,Rb1,Rb2,Prec,Frac4Rise,Error,BFF
06862700,1.49183e+10,174460,8.29121,128.986,0.15,0.026953,0.9,12867.6,484.938,1.28511,41591.7,-0.143841,-0.048949,-0.089486,24.4657,0.05,20.1768,0.218232
