tmp.site,tmp.area,Lb,X1,Wb,POR,ALPHA,BETA,Ks,Kb,Kz,Qthresh,Rs,Rb1,Rb2,Prec,Frac4Rise,Error,BFF
01553025,1.68246e+10,18084.5,1.31925,5717,0.15,0.009426,1.8,9623.23,49.3657,3.01548,2.96035e+06,-0.065158,-0.052539,-0.03297,198055,0.05,0.279515,0.553462
