tmp.site,tmp.area,Lb,X1,Wb,POR,ALPHA,BETA,Ks,Kb,Kz,Qthresh,Rs,Rb1,Rb2,Prec,Frac4Rise,Error,BFF
06140500,1.46464e+10,53823.5,100,1470.51,0.15,0.024282,1,576.497,26201.4,0.901352,125020,-0.042222,-0.039846,-0.055268,489.314,0.05,2.67601,0.626293
