tmp.site,tmp.area,Lb,X1,Wb,POR,ALPHA,BETA,Ks,Kb,Kz,Qthresh,Rs,Rb1,Rb2,Prec,Frac4Rise,Error,BFF
05447500,2.59776e+09,13555,100,1674.42,0.15,0.010646,1,2187.96,10040.5,0.921724,114989,-0.140883,-0.046265,-0.028563,12232.9,0.05,0.362026,0.488219
