tmp.site,tmp.area,Lb,X1,Wb,POR,ALPHA,BETA,Ks,Kb,Kz,Qthresh,Rs,Rb1,Rb2,Prec,Frac4Rise,Error,BFF
02011460,1.5773e+08,17684.4,39.613,387.349,0.15,0.014546,1.5,872.968,8469.15,0.944028,10520.3,-0.178337,-0.089133,-0.050737,594.517,0.05,0.368282,0.406453
