tmp.site,tmp.area,Lb,X1,Wb,POR,ALPHA,BETA,Ks,Kb,Kz,Qthresh,Rs,Rb1,Rb2,Prec,Frac4Rise,Error,BFF
02479155,1.36233e+08,25734.7,52.0086,340.671,0.15,0.008733,1.5,2162.04,9904.7,0.968225,12232.9,-0.360929,-0.107061,-0.068326,1272.22,0.05,0.402429,0.269719
