tmp.site,tmp.area,Lb,X1,Wb,POR,ALPHA,BETA,Ks,Kb,Kz,Qthresh,Rs,Rb1,Rb2,Prec,Frac4Rise,Error,BFF
02394000,2.90597e+09,11840.4,100,3733.92,0.15,0.007868,1,91.6827,8685.78,1.02199,2.59337e+06,-0.00432,-0.05451,-0.119902,56613.7,0.05,1.8861,0.709442
