tmp.site,tmp.area,Lb,X1,Wb,POR,ALPHA,BETA,Ks,Kb,Kz,Qthresh,Rs,Rb1,Rb2,Prec,Frac4Rise,Error,BFF
02234344,1.34679e+08,33352.4,100,294.322,0.15,0.019022,1,237.023,25916,0.951916,21285.2,-0.175721,-0.040636,-0.028375,1463.05,0.05,0.333245,0.547225
