tmp.site,tmp.area,Lb,X1,Wb,POR,ALPHA,BETA,Ks,Kb,Kz,Qthresh,Rs,Rb1,Rb2,Prec,Frac4Rise,Error,BFF
05242300,1.89587e+10,39998.1,9.35629,4386.85,0.15,0.008498,0.9,1128.92,720.194,1.07118,7.87796e+06,-0.039775,-0.021666,-0.025283,121595,0.05,0.469734,0.610477
