tmp.site,tmp.area,Lb,X1,Wb,POR,ALPHA,BETA,Ks,Kb,Kz,Qthresh,Rs,Rb1,Rb2,Prec,Frac4Rise,Error,BFF
02412000,1.16031e+09,16145.8,0.260335,1247.94,0.15,0.009816,1.3,3734.72,24.1619,0.953017,736418,-0.234003,-0.061745,-0.046652,4403.83,0.05,0.36513,0.425364
