tmp.site,tmp.area,Lb,X1,Wb,POR,ALPHA,BETA,Ks,Kb,Kz,Qthresh,Rs,Rb1,Rb2,Prec,Frac4Rise,Error,BFF
01580520,4.24758e+08,19466.5,100,881.465,0.15,0.010585,1,1730.74,7903.7,0.975235,459955,-0.390381,-0.040824,-0.038729,9346.39,0.05,0.271206,0.547356
