tmp.site,tmp.area,Lb,X1,Wb,POR,ALPHA,BETA,Ks,Kb,Kz,Qthresh,Rs,Rb1,Rb2,Prec,Frac4Rise,Error,BFF
01449360,1.2924e+08,12430.3,100,505.099,0.15,0.016798,1,271.815,8192.2,0.971997,66302.1,-0.22099,-0.039748,-0.019953,3914.51,0.05,0.28012,0.563622
