tmp.site,tmp.area,Lb,X1,Wb,POR,ALPHA,BETA,Ks,Kb,Kz,Qthresh,Rs,Rb1,Rb2,Prec,Frac4Rise,Error,BFF
11201095,3.31518e+08,152866,100,68.1028,0.15,0.012721,1,867.446,12377.4,1.00488,46484.9,-0.10302,-0.02823,-0.028932,606.138,0.05,0.575318,0.239128
