tmp.site,tmp.area,Lb,X1,Wb,POR,ALPHA,BETA,Ks,Kb,Kz,Qthresh,Rs,Rb1,Rb2,Prec,Frac4Rise,Error,BFF
07024000,1.77932e+08,4264.41,100,562.345,0.15,0.00442,1,396.947,2360.35,0.986045,24221.1,-0.368665,-0.167807,-0.064916,2079.59,0.05,0.380938,0.155001
