tmp.site,tmp.area,Lb,X1,Wb,POR,ALPHA,BETA,Ks,Kb,Kz,Qthresh,Rs,Rb1,Rb2,Prec,Frac4Rise,Error,BFF
14139800,4.06628e+07,9563.53,100,439.433,0.15,0.008831,1,371.061,6280.98,0.928443,20891,-0.194946,-0.079973,-0.022298,1810.46,0.05,0.349506,0.351336
