tmp.site,tmp.area,Lb,X1,Wb,POR,ALPHA,BETA,Ks,Kb,Kz,Qthresh,Rs,Rb1,Rb2,Prec,Frac4Rise,Error,BFF
02474600,8.90956e+08,7796.67,170.804,1077.1,0.15,0.013785,1.1,3240.16,16296.4,1.07961,1.3236e+06,-0.15612,-0.101339,-0.071759,1076.49,0.05,0.610665,0.232919
