tmp.site,tmp.area,Lb,X1,Wb,POR,ALPHA,BETA,Ks,Kb,Kz,Qthresh,Rs,Rb1,Rb2,Prec,Frac4Rise,Error,BFF
09118450,8.65056e+08,4.30431e+06,100,198.754,0.15,0.073482,1,6012.83,788.292,0.97083,75354.4,-0.100335,-0.026914,-0.023434,2062.46,0.05,0.408702,0.346351
