tmp.site,tmp.area,Lb,X1,Wb,POR,ALPHA,BETA,Ks,Kb,Kz,Qthresh,Rs,Rb1,Rb2,Prec,Frac4Rise,Error,BFF
02369800,2.27142e+08,10346.7,100,608.074,0.15,0.009877,1,1142.7,6790.82,0.891398,66057.4,-0.272281,-0.073998,-0.037275,5553.72,0.05,0.316621,0.417096
