tmp.site,tmp.area,Lb,X1,Wb,POR,ALPHA,BETA,Ks,Kb,Kz,Qthresh,Rs,Rb1,Rb2,Prec,Frac4Rise,Error,BFF
04096590,2.84899e+08,27975.6,100,142.308,0.15,0.016814,1,113.518,15694.1,0.950689,97128.9,-0.022579,-0.038911,-0.036584,1245.6,0.05,0.378254,0.333741
