tmp.site,tmp.area,Lb,X1,Wb,POR,ALPHA,BETA,Ks,Kb,Kz,Qthresh,Rs,Rb1,Rb2,Prec,Frac4Rise,Error,BFF
05270700,3.44986e+10,219883,72.0248,20086.4,0.15,0.010907,1,10321.2,89127.1,1.01088,8.61193e+06,-0.05268,-0.022256,-0.022335,305821,0.05,0.376367,0.746513
