tmp.site,tmp.area,Lb,X1,Wb,POR,ALPHA,BETA,Ks,Kb,Kz,Qthresh,Rs,Rb1,Rb2,Prec,Frac4Rise,Error,BFF
03058000,2.61589e+08,5984.02,0.467646,619.788,0.15,0.008228,1,131.781,99.0197,1.28184,322947,-0.021773,-0.097878,-0.124578,48.9314,0.05,1.4306,0.288075
