tmp.site,tmp.area,Lb,X1,Wb,POR,ALPHA,BETA,Ks,Kb,Kz,Qthresh,Rs,Rb1,Rb2,Prec,Frac4Rise,Error,BFF
11376140,3.44468e+08,1.57526e+06,100,15.4451,0.15,0.030775,1,145.321,98377.5,0.699477,15168.7,-0.091161,-0.016806,-0.009302,831.834,0.05,0.844027,0.123959
