tmp.site,tmp.area,Lb,X1,Wb,POR,ALPHA,BETA,Ks,Kb,Kz,Qthresh,Rs,Rb1,Rb2,Prec,Frac4Rise,Error,BFF
13135000,6.7521e+10,1.19277e+06,100,2228.66,0.15,0.004823,1,5829.04,73.8149,0.881635,1.27956e+07,-0.034496,-0.020741,-0.02192,1.1083e+06,0.05,0.154872,0.659359
