tmp.site,tmp.area,Lb,X1,Wb,POR,ALPHA,BETA,Ks,Kb,Kz,Qthresh,Rs,Rb1,Rb2,Prec,Frac4Rise,Error,BFF
06821150,6.06057e+08,18300.4,21.9635,257.766,0.15,0.005221,0.9,132.025,4365.76,0.908217,24465.7,-0.011591,-0.094668,-0.155938,66.0574,0.05,2.40514,0.085169
