tmp.site,tmp.area,Lb,X1,Wb,POR,ALPHA,BETA,Ks,Kb,Kz,Qthresh,Rs,Rb1,Rb2,Prec,Frac4Rise,Error,BFF
01306500,6.34547e+07,23184.2,31.45,1111.34,0.15,0.004358,1.3,221.219,725.495,0.199828,68504,-0.169852,-0.011416,-0.01078,5137.8,0.05,0.123747,0.85715
