tmp.site,tmp.area,Lb,X1,Wb,POR,ALPHA,BETA,Ks,Kb,Kz,Qthresh,Rs,Rb1,Rb2,Prec,Frac4Rise,Error,BFF
06119600,1.39082e+09,3206.74,179.586,1482.6,0.15,0.015726,0.9,1575.5,6150.65,0.411909,152666,-0.091161,-0.040291,-0.046899,932.78,0.05,0.419563,0.38169
