tmp.site,tmp.area,Lb,X1,Wb,POR,ALPHA,BETA,Ks,Kb,Kz,Qthresh,Rs,Rb1,Rb2,Prec,Frac4Rise,Error,BFF
14377100,9.84195e+08,11840.7,100,1748.84,0.15,0.009619,1,3562.52,7036.44,1.36301,81960.1,-0.126866,-0.063436,-0.024309,4501.69,0.05,0.363117,0.323937
