tmp.site,tmp.area,Lb,X1,Wb,POR,ALPHA,BETA,Ks,Kb,Kz,Qthresh,Rs,Rb1,Rb2,Prec,Frac4Rise,Error,BFF
09277500,9.14266e+08,16865.6,924.512,2395.6,0.15,0.003923,8.1,10.3532,7300.16,0.812272,320501,-0.066766,-0.028945,-0.021336,9394.83,0.05,0.280609,0.803373
