tmp.site,tmp.area,Lb,X1,Wb,POR,ALPHA,BETA,Ks,Kb,Kz,Qthresh,Rs,Rb1,Rb2,Prec,Frac4Rise,Error,BFF
10352500,5.82747e+08,122102,1.25633,151.184,0.15,0.011732,0.9,1440.94,743.552,0.197385,20306.5,-0.111572,-0.039421,-0.055773,24.4657,0.05,1.4041,0.225412
