tmp.site,tmp.area,Lb,X1,Wb,POR,ALPHA,BETA,Ks,Kb,Kz,Qthresh,Rs,Rb1,Rb2,Prec,Frac4Rise,Error,BFF
02173051,2.09012e+09,18041.5,102.753,5378.14,0.15,0.009117,1,491.101,20462,1.06973,484421,-0.037721,-0.033365,-0.033325,37987.9,0.05,0.311044,0.871793
