tmp.site,tmp.area,Lb,X1,Wb,POR,ALPHA,BETA,Ks,Kb,Kz,Qthresh,Rs,Rb1,Rb2,Prec,Frac4Rise,Error,BFF
08159000,8.31386e+08,9240.56,100,413.525,0.15,0.013653,1,1779.93,15297.3,0.932454,36698.6,-0.265978,-0.077844,-0.132909,24.4657,0.05,13.2543,0.117254
