tmp.site,tmp.area,Lb,X1,Wb,POR,ALPHA,BETA,Ks,Kb,Kz,Qthresh,Rs,Rb1,Rb2,Prec,Frac4Rise,Error,BFF
08095200,2.96813e+09,10839.5,100,723.759,0.15,0.007682,1,1724.72,11686.6,0.981516,73206.3,-0.190684,-0.079106,-0.071288,24.4657,0.05,1.82063,0.142496
