tmp.site,tmp.area,Lb,X1,Wb,POR,ALPHA,BETA,Ks,Kb,Kz,Qthresh,Rs,Rb1,Rb2,Prec,Frac4Rise,Error,BFF
04024000,8.88366e+09,4495.79,0.137,15366.7,0.15,0.004601,1.6,1088.41,2.8621,0.991209,3.86558e+06,-0.067773,-0.044721,-0.034793,77311.7,0.05,0.24535,0.829996
