tmp.site,tmp.area,Lb,X1,Wb,POR,ALPHA,BETA,Ks,Kb,Kz,Qthresh,Rs,Rb1,Rb2,Prec,Frac4Rise,Error,BFF
08114000,1.16827e+11,15433.6,100,7388.19,0.15,0.010977,1,22293.9,13013.8,0.864264,2.06491e+06,-0.105655,-0.056104,-0.051396,78290.3,0.05,0.433595,0.371712
