tmp.site,tmp.area,Lb,X1,Wb,POR,ALPHA,BETA,Ks,Kb,Kz,Qthresh,Rs,Rb1,Rb2,Prec,Frac4Rise,Error,BFF
01115187,3.72958e+07,17160.3,100,407.604,0.15,0.069932,1,292.088,38781.4,0.834932,46729.5,-0.249285,-0.065259,-0.083348,29.3589,0.05,0.435765,0.483825
