tmp.site,tmp.area,Lb,X1,Wb,POR,ALPHA,BETA,Ks,Kb,Kz,Qthresh,Rs,Rb1,Rb2,Prec,Frac4Rise,Error,BFF
07276000,5.64617e+08,22923.4,10630.9,485.244,0.15,0.005241,7.3,569.867,5097.31,1.33873,92969.7,-0.109433,-0.195164,-0.076042,7829.03,0.05,0.38464,0.120877
