tmp.site,tmp.area,Lb,X1,Wb,POR,ALPHA,BETA,Ks,Kb,Kz,Qthresh,Rs,Rb1,Rb2,Prec,Frac4Rise,Error,BFF
09471380,4.08441e+08,101029,119.709,13.926,0.15,0.017662,0.9,629.861,18189.3,0.550113,7021.66,-0.143841,-0.021037,-0.039792,24.4657,0.05,0.95705,0.058679
