tmp.site,tmp.area,Lb,X1,Wb,POR,ALPHA,BETA,Ks,Kb,Kz,Qthresh,Rs,Rb1,Rb2,Prec,Frac4Rise,Error,BFF
03294550,6.31957e+07,4823.22,100,91.3015,0.15,0.012408,1,1001.09,18545,1.03289,10618.1,-0.459265,-0.137295,-0.219354,24.4657,0.05,2.81551,0.061501
