tmp.site,tmp.area,Lb,X1,Wb,POR,ALPHA,BETA,Ks,Kb,Kz,Qthresh,Rs,Rb1,Rb2,Prec,Frac4Rise,Error,BFF
02091000,2.08235e+08,9752.58,100,407.313,0.15,0.012193,1,1055.06,12044.4,0.905357,125264,-0.296493,-0.07249,-0.065904,685.04,0.05,0.403542,0.336492
