tmp.site,tmp.area,Lb,X1,Wb,POR,ALPHA,BETA,Ks,Kb,Kz,Qthresh,Rs,Rb1,Rb2,Prec,Frac4Rise,Error,BFF
03075850,2.66769e+06,1107.04,474.187,255.516,0.15,0.069372,0.9,183.148,10310.8,0.243241,293.589,-0.316317,-0.067124,-0.093297,24.4657,0.05,0.472434,0.404493
