tmp.site,tmp.area,Lb,X1,Wb,POR,ALPHA,BETA,Ks,Kb,Kz,Qthresh,Rs,Rb1,Rb2,Prec,Frac4Rise,Error,BFF
03195500,1.40377e+09,4246.82,0.026,2277.4,0.15,0.008124,1,802.829,3.32444,1.91121,200619,-0.044548,-0.084363,-0.095429,3425.2,0.05,0.552304,0.403102
