tmp.site,tmp.area,Lb,X1,Wb,POR,ALPHA,BETA,Ks,Kb,Kz,Qthresh,Rs,Rb1,Rb2,Prec,Frac4Rise,Error,BFF
01573684,1.34679e+07,9470.38,100,111.013,0.15,0.012353,1,295.356,8443.37,0.517116,1825.88,-0.446081,-0.069144,-0.041497,102.756,0.05,0.324385,0.337299
