tmp.site,tmp.area,Lb,X1,Wb,POR,ALPHA,BETA,Ks,Kb,Kz,Qthresh,Rs,Rb1,Rb2,Prec,Frac4Rise,Error,BFF
07332307,1.27427e+08,17937,154.774,246.323,0.15,0.044726,0.9,321.719,20429.8,0.852248,43940.4,-0.294999,-0.058839,-0.143334,24.4657,0.05,33.0102,0.326392
