tmp.site,tmp.area,Lb,X1,Wb,POR,ALPHA,BETA,Ks,Kb,Kz,Qthresh,Rs,Rb1,Rb2,Prec,Frac4Rise,Error,BFF
01629500,3.55346e+09,6912.01,100,3084.28,0.15,0.009101,1,1242.78,2833.08,0.966284,937037,-0.118009,-0.057916,-0.025625,57494.4,0.05,0.268542,0.477811
