tmp.site,tmp.area,Lb,X1,Wb,POR,ALPHA,BETA,Ks,Kb,Kz,Qthresh,Rs,Rb1,Rb2,Prec,Frac4Rise,Error,BFF
05403000,1.27168e+09,9943.27,100,1156.99,0.15,0.010668,1,2307.44,8838.06,0.962936,452616,-0.109052,-0.066201,-0.080818,2201.91,0.05,0.644266,0.361794
