tmp.site,tmp.area,Lb,X1,Wb,POR,ALPHA,BETA,Ks,Kb,Kz,Qthresh,Rs,Rb1,Rb2,Prec,Frac4Rise,Error,BFF
08171400,1.41672e+09,118124,45307.4,1004.53,0.15,0.01078,8.6,438.272,2440.51,0.650606,379219,-0.113677,-0.019403,-0.011569,16907,0.05,0.231991,0.583666
