tmp.site,tmp.area,Lb,X1,Wb,POR,ALPHA,BETA,Ks,Kb,Kz,Qthresh,Rs,Rb1,Rb2,Prec,Frac4Rise,Error,BFF
02203000,1.43744e+09,6567.48,100,2550.14,0.15,0.038849,1,2109.27,16117.1,0.968498,5871.77,-0.108691,-0.071725,-0.094568,303.375,0.05,0.535579,0.497367
