tmp.site,tmp.area,Lb,X1,Wb,POR,ALPHA,BETA,Ks,Kb,Kz,Qthresh,Rs,Rb1,Rb2,Prec,Frac4Rise,Error,BFF
01637500,1.7327e+08,22711.4,100,487.714,0.15,0.016038,1,1166.98,33057.4,1.00172,28135.6,-0.293554,-0.058248,-0.061994,342.52,0.05,0.404087,0.447468
