tmp.site,tmp.area,Lb,X1,Wb,POR,ALPHA,BETA,Ks,Kb,Kz,Qthresh,Rs,Rb1,Rb2,Prec,Frac4Rise,Error,BFF
02086799,1.28722e+07,17824.2,60.8054,43.7685,0.15,0.008615,1.1,782.75,26252.5,1.18352,2851.72,-0.434551,-0.206308,-0.155401,31.8054,0.05,0.504733,0.06284
