tmp.site,tmp.area,Lb,X1,Wb,POR,ALPHA,BETA,Ks,Kb,Kz,Qthresh,Rs,Rb1,Rb2,Prec,Frac4Rise,Error,BFF
05488110,3.19346e+10,33058.3,47.3036,8763.24,0.15,0.009168,0.9,1343.19,21221,1.04181,841621,-0.016843,-0.038206,-0.07248,73397.1,0.05,0.686561,0.708585
