tmp.site,tmp.area,Lb,X1,Wb,POR,ALPHA,BETA,Ks,Kb,Kz,Qthresh,Rs,Rb1,Rb2,Prec,Frac4Rise,Error,BFF
08016600,2.12897e+08,8192.18,14.8377,382.533,0.15,0.008526,1.1,2842.28,5402.28,0.815402,733.971,-0.287929,-0.220108,-0.12304,244.657,0.05,0.535216,0.103946
