tmp.site,tmp.area,Lb,X1,Wb,POR,ALPHA,BETA,Ks,Kb,Kz,Qthresh,Rs,Rb1,Rb2,Prec,Frac4Rise,Error,BFF
03061500,3.00439e+08,7758.53,100,674.172,0.15,0.012423,1,2337.95,19923.1,0.919297,29358.9,-0.255413,-0.097092,-0.106897,228.999,0.05,0.504396,0.315043
