tmp.site,tmp.area,Lb,X1,Wb,POR,ALPHA,BETA,Ks,Kb,Kz,Qthresh,Rs,Rb1,Rb2,Prec,Frac4Rise,Error,BFF
04224775,2.3025e+08,12734.8,7.16678,483.738,0.15,0.010567,2.5,1014.61,327.734,0.896002,17884.4,-0.253475,-0.075431,-0.039887,1874.07,0.05,0.334249,0.436605
