tmp.site,tmp.area,Lb,X1,Wb,POR,ALPHA,BETA,Ks,Kb,Kz,Qthresh,Rs,Rb1,Rb2,Prec,Frac4Rise,Error,BFF
03364000,4.42111e+09,7324.64,100,3354.81,0.15,0.006431,1,6292.1,5138.92,1.26721,376772,-0.165681,-0.074858,-0.026099,35032.5,0.05,0.349357,0.376907
