tmp.site,tmp.area,Lb,X1,Wb,POR,ALPHA,BETA,Ks,Kb,Kz,Qthresh,Rs,Rb1,Rb2,Prec,Frac4Rise,Error,BFF
02086500,4.35118e+08,6621.05,100,580.71,0.15,0.018846,1,1004.31,14492.5,0.932912,102756,-0.111572,-0.078006,-0.256524,24.4657,0.05,14.6525,0.308063
