tmp.site,tmp.area,Lb,X1,Wb,POR,ALPHA,BETA,Ks,Kb,Kz,Qthresh,Rs,Rb1,Rb2,Prec,Frac4Rise,Error,BFF
03126910,1.81299e+08,6254.82,110.556,453.677,0.15,0.009776,0.9,199.726,11189.9,0.906956,223861,-0.04024,-0.076847,-0.103277,1233.39,0.05,0.42773,0.322979
