tmp.site,tmp.area,Lb,X1,Wb,POR,ALPHA,BETA,Ks,Kb,Kz,Qthresh,Rs,Rb1,Rb2,Prec,Frac4Rise,Error,BFF
14018500,4.29161e+09,12254,456.588,2494.65,0.15,0.0186,0.9,2616.11,91135.7,1.18396,30582.1,-0.114603,-0.048311,-0.062753,807.369,0.05,0.420864,0.568463
