tmp.site,tmp.area,Lb,X1,Wb,POR,ALPHA,BETA,Ks,Kb,Kz,Qthresh,Rs,Rb1,Rb2,Prec,Frac4Rise,Error,BFF
06601000,4.50658e+08,38438,111.699,264.864,0.15,0.011922,0.9,317.464,24559.5,0.936139,122818,-0.20089,-0.03588,-0.054488,361.359,0.05,0.720709,0.454827
