tmp.site,tmp.area,Lb,X1,Wb,POR,ALPHA,BETA,Ks,Kb,Kz,Qthresh,Rs,Rb1,Rb2,Prec,Frac4Rise,Error,BFF
04271500,6.29367e+08,21758.6,55.3171,631.939,0.15,0.010737,1.2,1439.94,9113.27,1.11403,54313.9,-0.143841,-0.062309,-0.049088,4893.14,0.05,0.381957,0.408267
