tmp.site,tmp.area,Lb,X1,Wb,POR,ALPHA,BETA,Ks,Kb,Kz,Qthresh,Rs,Rb1,Rb2,Prec,Frac4Rise,Error,BFF
01391102,1.12146e+08,11356.1,376.276,446.879,0.15,0.023406,1,574.21,20227.3,0.870778,46484.9,-0.278102,-0.053068,-0.047113,4134.71,0.05,0.296091,0.471414
