tmp.site,tmp.area,Lb,X1,Wb,POR,ALPHA,BETA,Ks,Kb,Kz,Qthresh,Rs,Rb1,Rb2,Prec,Frac4Rise,Error,BFF
07010030,5.20588e+06,3002.59,100,31.7963,0.15,0.048818,1,602.547,24867.9,0.723402,2510.43,-0.788038,-0.147503,-0.224303,24.4657,0.05,1.64545,0.10779
