tmp.site,tmp.area,Lb,X1,Wb,POR,ALPHA,BETA,Ks,Kb,Kz,Qthresh,Rs,Rb1,Rb2,Prec,Frac4Rise,Error,BFF
14138850,1.2406e+08,7254.33,100,1038.89,0.15,0.00682,1,865.637,3540.17,1.67917,84162.1,-0.205801,-0.087871,-0.018531,8771.2,0.05,0.340843,0.327392
