tmp.site,tmp.area,Lb,X1,Wb,POR,ALPHA,BETA,Ks,Kb,Kz,Qthresh,Rs,Rb1,Rb2,Prec,Frac4Rise,Error,BFF
10163000,1.74306e+09,25583.2,62.4407,3570.43,0.15,0.020453,0.9,944.53,5739.2,1.00308,464849,-0.069034,-0.045197,-0.118342,244.657,0.05,14.8192,0.71279
