tmp.site,tmp.area,Lb,X1,Wb,POR,ALPHA,BETA,Ks,Kb,Kz,Qthresh,Rs,Rb1,Rb2,Prec,Frac4Rise,Error,BFF
05463500,7.84766e+08,51242.5,49.9295,512.697,0.15,0.010209,1.4,1222.64,14656.8,0.945862,51378,-0.149559,-0.054856,-0.036949,1003.09,0.05,0.416129,0.42025
