tmp.site,tmp.area,Lb,X1,Wb,POR,ALPHA,BETA,Ks,Kb,Kz,Qthresh,Rs,Rb1,Rb2,Prec,Frac4Rise,Error,BFF
02011490,1.26909e+07,13973,5860.91,166.143,0.15,0.005606,7.2,49.3391,2329.77,0.356752,9468.23,-0.138587,-0.062668,-0.035063,464.849,0.05,0.282251,0.477335
