tmp.site,tmp.area,Lb,X1,Wb,POR,ALPHA,BETA,Ks,Kb,Kz,Qthresh,Rs,Rb1,Rb2,Prec,Frac4Rise,Error,BFF
07218000,6.26777e+08,123814,33.4028,67.0461,0.15,0.028211,0.9,2051.33,5021.89,1.30368,733.971,-0.143841,-0.058144,-0.071809,48.9314,0.05,0.924808,0.209672
