tmp.site,tmp.area,Lb,X1,Wb,POR,ALPHA,BETA,Ks,Kb,Kz,Qthresh,Rs,Rb1,Rb2,Prec,Frac4Rise,Error,BFF
08073500,7.17427e+08,3434.02,100,722.772,0.15,0.011197,1,1776.64,8575.72,0.968062,192301,-0.097714,-0.110946,-0.161392,244.657,0.05,0.772038,0.147761
