tmp.site,tmp.area,Lb,X1,Wb,POR,ALPHA,BETA,Ks,Kb,Kz,Qthresh,Rs,Rb1,Rb2,Prec,Frac4Rise,Error,BFF
06638090,2.21185e+09,64170.3,52.324,648.763,0.15,0.008871,1,1057.3,31756.4,0.278565,85630,-0.085891,-0.032131,-0.033413,1262.77,0.05,0.435625,0.585986
