tmp.site,tmp.area,Lb,X1,Wb,POR,ALPHA,BETA,Ks,Kb,Kz,Qthresh,Rs,Rb1,Rb2,Prec,Frac4Rise,Error,BFF
08401900,7.38147e+08,3617.19,0.1933,49.4051,0.15,0.001787,0.9,39713.4,0.046411,0.357805,12722.2,-1.50108,-0.243455,-0.423474,24.4657,0.05,0.163809,6e-06
