tmp.site,tmp.area,Lb,X1,Wb,POR,ALPHA,BETA,Ks,Kb,Kz,Qthresh,Rs,Rb1,Rb2,Prec,Frac4Rise,Error,BFF
01402000,6.68217e+08,40032.1,106.592,551.255,0.15,0.007658,1.5,2010.27,35248.2,1.49132,242455,-0.191327,-0.086966,-0.061273,5871.77,0.05,0.360428,0.374228
