tmp.site,tmp.area,Lb,X1,Wb,POR,ALPHA,BETA,Ks,Kb,Kz,Qthresh,Rs,Rb1,Rb2,Prec,Frac4Rise,Error,BFF
0351706800,5.33538e+08,24395.2,23.1749,529.741,0.15,0.008452,3.7,1106.26,270.805,1.35971,213573,-0.250981,-0.066262,-0.0404,4198.32,0.05,0.342483,0.403116
