tmp.site,tmp.area,Lb,X1,Wb,POR,ALPHA,BETA,Ks,Kb,Kz,Qthresh,Rs,Rb1,Rb2,Prec,Frac4Rise,Error,BFF
03283500,9.37576e+08,7000.96,0.145438,1496.93,0.15,0.010669,1.1,7040.39,17.3538,1.04869,11743.5,-0.228314,-0.096647,-0.075903,1370.08,0.05,0.44601,0.310224
