tmp.site,tmp.area,Lb,X1,Wb,POR,ALPHA,BETA,Ks,Kb,Kz,Qthresh,Rs,Rb1,Rb2,Prec,Frac4Rise,Error,BFF
11176400,3.36698e+08,4960.82,186.668,405.802,0.15,0.020565,1,1147.53,6635.74,1.12888,69881.4,-0.184816,-0.078092,-0.075688,24.4657,0.05,3.25706,0.135925
