tmp.site,tmp.area,Lb,X1,Wb,POR,ALPHA,BETA,Ks,Kb,Kz,Qthresh,Rs,Rb1,Rb2,Prec,Frac4Rise,Error,BFF
01415000,8.59876e+07,16349,300.925,341.156,0.15,0.021422,1.2,417.597,75554.2,2.12213,7584.37,-0.202733,-0.066736,-0.048482,464.849,0.05,0.346469,0.497035
