tmp.site,tmp.area,Lb,X1,Wb,POR,ALPHA,BETA,Ks,Kb,Kz,Qthresh,Rs,Rb1,Rb2,Prec,Frac4Rise,Error,BFF
08290000,8.14292e+09,19746,68.6226,1752.13,0.15,0.013974,0.9,1741.06,12469.8,1.11789,714399,-0.066025,-0.049755,-0.117338,1100.96,0.05,2.7109,0.5612
