tmp.site,tmp.area,Lb,X1,Wb,POR,ALPHA,BETA,Ks,Kb,Kz,Qthresh,Rs,Rb1,Rb2,Prec,Frac4Rise,Error,BFF
06863000,1.56254e+10,31787,81.5161,237.963,0.15,0.03394,0.9,14373.2,4434.81,1.18968,77801,-0.202733,-0.075569,-0.136872,24.4657,0.05,53.0982,0.189935
