tmp.site,tmp.area,Lb,X1,Wb,POR,ALPHA,BETA,Ks,Kb,Kz,Qthresh,Rs,Rb1,Rb2,Prec,Frac4Rise,Error,BFF
07086000,1.10592e+09,16986.8,4609.78,1714.73,0.15,0.005064,3.2,808.262,1342.56,0.259661,113521,-0.060266,-0.038749,-0.01798,12232.9,0.05,0.36494,0.33474
