tmp.site,tmp.area,Lb,X1,Wb,POR,ALPHA,BETA,Ks,Kb,Kz,Qthresh,Rs,Rb1,Rb2,Prec,Frac4Rise,Error,BFF
04046000,7.25197e+07,11919.5,100,226.887,0.15,0.011786,1,149.817,2294.96,0.748789,17860,-0.102408,-0.039612,-0.017365,1441.67,0.05,0.347631,0.389995
