tmp.site,tmp.area,Lb,X1,Wb,POR,ALPHA,BETA,Ks,Kb,Kz,Qthresh,Rs,Rb1,Rb2,Prec,Frac4Rise,Error,BFF
07222500,1.35456e+09,3029.53,102.955,121.396,0.15,0.007345,1,4270.08,1754.69,1.05213,31805.4,-0.255413,-0.153725,-0.137227,24.4657,0.05,6.16871,0.017794
