tmp.site,tmp.area,Lb,X1,Wb,POR,ALPHA,BETA,Ks,Kb,Kz,Qthresh,Rs,Rb1,Rb2,Prec,Frac4Rise,Error,BFF
04207200,2.173e+08,6362.56,100,580.316,0.15,0.013588,1,2120.31,7676.37,0.954349,22019.1,-0.272167,-0.101631,-0.082482,2373.17,0.05,0.407148,0.288127
