tmp.site,tmp.area,Lb,X1,Wb,POR,ALPHA,BETA,Ks,Kb,Kz,Qthresh,Rs,Rb1,Rb2,Prec,Frac4Rise,Error,BFF
07147070,1.10333e+09,3887,100,951.314,0.15,0.005739,1,2865.64,3114.59,0.892256,73397.1,-0.176032,-0.134459,-0.067977,318.054,0.05,0.517677,0.124299
