tmp.site,tmp.area,Lb,X1,Wb,POR,ALPHA,BETA,Ks,Kb,Kz,Qthresh,Rs,Rb1,Rb2,Prec,Frac4Rise,Error,BFF
11162630,7.01887e+07,50250.3,100,83.106,0.15,0.06625,1,574.795,27932,0.885581,18080.2,-0.200334,-0.062872,-0.072644,24.4657,0.05,1.57394,0.257665
