tmp.site,tmp.area,Lb,X1,Wb,POR,ALPHA,BETA,Ks,Kb,Kz,Qthresh,Rs,Rb1,Rb2,Prec,Frac4Rise,Error,BFF
11475560,1.68349e+07,13144.5,4321.02,295.569,0.15,0.017834,4,299.163,36994.9,0.115748,2422.11,-0.132346,-0.059925,-0.017491,112.542,0.05,0.33587,0.360962
