tmp.site,tmp.area,Lb,X1,Wb,POR,ALPHA,BETA,Ks,Kb,Kz,Qthresh,Rs,Rb1,Rb2,Prec,Frac4Rise,Error,BFF
06153800,2.31149e+10,14004.5,2369.94,2206.06,0.15,0.013748,2.7,5049.06,953.538,0.578789,286249,-0.046051,-0.060208,-0.035115,12832.8,0.05,0.363368,0.326587
