tmp.site,tmp.area,Lb,X1,Wb,POR,ALPHA,BETA,Ks,Kb,Kz,Qthresh,Rs,Rb1,Rb2,Prec,Frac4Rise,Error,BFF
03262500,2.24293e+09,19488.7,49.8073,1045.65,0.15,0.009511,2.3,4152.99,2945.12,1.11111,332734,-0.182119,-0.121823,-0.057367,12016.6,0.05,0.376448,0.287618
