tmp.site,tmp.area,Lb,X1,Wb,POR,ALPHA,BETA,Ks,Kb,Kz,Qthresh,Rs,Rb1,Rb2,Prec,Frac4Rise,Error,BFF
06440200,6.65627e+08,3241.26,100,123.892,0.15,0.00973,1,2418.95,11258,0.866898,3841.12,-0.215304,-0.169448,-0.253148,24.4657,0.05,1.76664,0.024463
