tmp.site,tmp.area,Lb,X1,Wb,POR,ALPHA,BETA,Ks,Kb,Kz,Qthresh,Rs,Rb1,Rb2,Prec,Frac4Rise,Error,BFF
08091000,6.68683e+10,8344.5,0.217151,5711,0.15,0.013965,1,18571.5,58.2872,1.1231,60919.6,-0.122429,-0.099883,-0.124577,1223.29,0.05,0.945427,0.422045
