tmp.site,tmp.area,Lb,X1,Wb,POR,ALPHA,BETA,Ks,Kb,Kz,Qthresh,Rs,Rb1,Rb2,Prec,Frac4Rise,Error,BFF
11273400,2.05878e+10,1.43114e+07,100,1006.81,0.15,0.039956,1,44054.9,76.2839,0.98327,929697,-0.087945,-0.031821,-0.025861,3563.92,0.05,1.18839,0.280922
