tmp.site,tmp.area,Lb,X1,Wb,POR,ALPHA,BETA,Ks,Kb,Kz,Qthresh,Rs,Rb1,Rb2,Prec,Frac4Rise,Error,BFF
01589352,1.7068e+08,19261.4,46.7012,346.299,0.15,0.005025,1.5,1812.03,4328.21,0.983309,67036.1,-0.571447,-0.105549,-0.078845,3523.06,0.05,0.339882,0.293766
