tmp.site,tmp.area,Lb,X1,Wb,POR,ALPHA,BETA,Ks,Kb,Kz,Qthresh,Rs,Rb1,Rb2,Prec,Frac4Rise,Error,BFF
10113500,6.81167e+08,81242.7,37919.7,907.045,0.15,0.009048,10.1,162.633,1392.25,0.397603,229978,-0.077075,-0.010438,-0.004769,10520.3,0.05,0.182556,0.64487
