tmp.site,tmp.area,Lb,X1,Wb,POR,ALPHA,BETA,Ks,Kb,Kz,Qthresh,Rs,Rb1,Rb2,Prec,Frac4Rise,Error,BFF
01302050,1.76119e+06,135520,100,12.9942,0.15,0.018915,1,93.0306,2648.42,0.406054,2079.59,-0.210333,-0.019769,-0.030498,183.493,0.05,0.638162,0.24882
