tmp.site,tmp.area,Lb,X1,Wb,POR,ALPHA,BETA,Ks,Kb,Kz,Qthresh,Rs,Rb1,Rb2,Prec,Frac4Rise,Error,BFF
01374701,2.08235e+08,36359.7,47.6953,512.326,0.15,0.018721,0.9,538.554,5019.03,1.2589,347413,-0.084605,-0.038678,-0.062271,2334.15,0.05,0.725116,0.45339
