tmp.site,tmp.area,Lb,X1,Wb,POR,ALPHA,BETA,Ks,Kb,Kz,Qthresh,Rs,Rb1,Rb2,Prec,Frac4Rise,Error,BFF
13014500,1.61097e+09,90528.6,21969.7,584.057,0.15,0.008331,5.3,496.137,1369.27,0.673254,364539,-0.052603,-0.025576,-0.011976,29358.9,0.05,0.268884,0.32005
