tmp.site,tmp.area,Lb,X1,Wb,POR,ALPHA,BETA,Ks,Kb,Kz,Qthresh,Rs,Rb1,Rb2,Prec,Frac4Rise,Error,BFF
11463170,3.39288e+07,10420.6,100,224.83,0.15,0.010258,1,374.543,5025.55,0.893119,2201.91,-0.202733,-0.093033,-0.026337,73.3971,0.05,0.389284,0.136755
