tmp.site,tmp.area,Lb,X1,Wb,POR,ALPHA,BETA,Ks,Kb,Kz,Qthresh,Rs,Rb1,Rb2,Prec,Frac4Rise,Error,BFF
01172500,1.42708e+08,11015.1,100,558.842,0.15,0.03465,1,518.457,17591.8,0.890228,140678,-0.081666,-0.054543,-0.067176,415.917,0.05,0.434164,0.500099
