tmp.site,tmp.area,Lb,X1,Wb,POR,ALPHA,BETA,Ks,Kb,Kz,Qthresh,Rs,Rb1,Rb2,Prec,Frac4Rise,Error,BFF
01403540,1.42708e+07,6753.15,100,158.806,0.15,0.020804,1,400.325,8216.34,0.746905,5627.11,-0.458145,-0.088749,-0.07512,112.542,0.05,0.403838,0.306191
