tmp.site,tmp.area,Lb,X1,Wb,POR,ALPHA,BETA,Ks,Kb,Kz,Qthresh,Rs,Rb1,Rb2,Prec,Frac4Rise,Error,BFF
11241500,7.61457e+07,5698.36,73.3789,713.591,0.15,0.006882,1,149.255,13.5208,0.033436,12477.5,-0.055613,-0.024372,-0.02309,244.657,0.05,1.24818,0.065335
