tmp.site,tmp.area,Lb,X1,Wb,POR,ALPHA,BETA,Ks,Kb,Kz,Qthresh,Rs,Rb1,Rb2,Prec,Frac4Rise,Error,BFF
01589230,1.914e+07,16771.1,100,89.6571,0.15,0.01137,1,240.679,13163.4,0.754353,5137.8,-0.606779,-0.083953,-0.071733,323.29,0.05,0.36982,0.30014
