tmp.site,tmp.area,Lb,X1,Wb,POR,ALPHA,BETA,Ks,Kb,Kz,Qthresh,Rs,Rb1,Rb2,Prec,Frac4Rise,Error,BFF
07343200,3.53533e+09,12649.9,36.6237,1278.48,0.15,0.009013,1,8376.89,21163.3,5.95945,34252,-0.18043,-0.160424,-0.166242,24.4657,0.05,1.41683,0.140438
