tmp.site,tmp.area,Lb,X1,Wb,POR,ALPHA,BETA,Ks,Kb,Kz,Qthresh,Rs,Rb1,Rb2,Prec,Frac4Rise,Error,BFF
02300018,1.31053e+08,6134.78,221.095,350.979,0.15,0.009152,1.2,747.099,10218.6,0.475699,33028.7,-0.172271,-0.128749,-0.08201,210.405,0.05,0.606694,0.165243
