tmp.site,tmp.area,Lb,X1,Wb,POR,ALPHA,BETA,Ks,Kb,Kz,Qthresh,Rs,Rb1,Rb2,Prec,Frac4Rise,Error,BFF
10075000,1.02823e+10,60595.1,79.0369,1567.57,0.15,0.009289,0.8,322.892,15639.2,1.03087,396345,-0.034496,-0.025061,-0.053211,20795.9,0.05,0.644126,0.610295
