tmp.site,tmp.area,Lb,X1,Wb,POR,ALPHA,BETA,Ks,Kb,Kz,Qthresh,Rs,Rb1,Rb2,Prec,Frac4Rise,Error,BFF
01417500,1.18621e+09,9070.22,179.577,1308.56,0.15,0.008664,1.1,1317.95,14940,1.09576,457509,-0.09185,-0.06423,-0.053916,10275.6,0.05,0.408411,0.384366
