tmp.site,tmp.area,Lb,X1,Wb,POR,ALPHA,BETA,Ks,Kb,Kz,Qthresh,Rs,Rb1,Rb2,Prec,Frac4Rise,Error,BFF
02202680,7.69226e+09,12648.5,100,3954.08,0.15,0.010562,1,2971.41,10647.1,0.934297,288695,-0.072105,-0.044369,-0.044033,21138.4,0.05,0.449963,0.528585
