tmp.site,tmp.area,Lb,X1,Wb,POR,ALPHA,BETA,Ks,Kb,Kz,Qthresh,Rs,Rb1,Rb2,Prec,Frac4Rise,Error,BFF
08127000,1.16549e+09,13858.6,100,173.183,0.15,0.014366,1,3245.74,13610.9,1.00088,85630,-0.217188,-0.090729,-0.185509,24.4657,0.05,37.5483,0.058267
