tmp.site,tmp.area,Lb,X1,Wb,POR,ALPHA,BETA,Ks,Kb,Kz,Qthresh,Rs,Rb1,Rb2,Prec,Frac4Rise,Error,BFF
02432500,3.52238e+08,18713.7,14.1114,525.782,0.15,0.009945,0.9,1155.27,3323.58,0.683527,33713.8,-0.18112,-0.037627,-0.050338,2446.57,0.05,0.373773,0.51515
