tmp.site,tmp.area,Lb,X1,Wb,POR,ALPHA,BETA,Ks,Kb,Kz,Qthresh,Rs,Rb1,Rb2,Prec,Frac4Rise,Error,BFF
05454300,2.54078e+08,22671.8,53.9503,348.351,0.15,0.011693,1.1,954.064,13287.1,1.25091,11254.2,-0.244851,-0.066159,-0.057047,146.794,0.05,0.545255,0.351045
