tmp.site,tmp.area,Lb,X1,Wb,POR,ALPHA,BETA,Ks,Kb,Kz,Qthresh,Rs,Rb1,Rb2,Prec,Frac4Rise,Error,BFF
02356638,7.32967e+08,51655.7,125.749,170.388,0.15,0.006063,0.9,91.3002,86134.8,0.903316,48686.8,-0.099679,-0.04095,-0.103336,71.2442,0.05,0.835668,0.556164
