tmp.site,tmp.area,Lb,X1,Wb,POR,ALPHA,BETA,Ks,Kb,Kz,Qthresh,Rs,Rb1,Rb2,Prec,Frac4Rise,Error,BFF
06186500,2.57704e+09,11767.6,102.579,115918,0.15,0.02569,1.9,3905.5,1144.9,1.12131,1.55357e+06,-0.032269,-0.009858,-0.007199,41591.7,0.05,0.380728,0.652594
