tmp.site,tmp.area,Lb,X1,Wb,POR,ALPHA,BETA,Ks,Kb,Kz,Qthresh,Rs,Rb1,Rb2,Prec,Frac4Rise,Error,BFF
09036000,2.31804e+08,58332.6,100,196.532,0.15,0.008272,1,301.201,5069.23,0.850341,34252,-0.111572,-0.02756,-0.007972,3498.6,0.05,0.31719,0.24109
