tmp.site,tmp.area,Lb,X1,Wb,POR,ALPHA,BETA,Ks,Kb,Kz,Qthresh,Rs,Rb1,Rb2,Prec,Frac4Rise,Error,BFF
06866900,1.80263e+09,45777.6,95.8258,93.0263,0.15,0.072162,1,3592.09,27870.1,1.13089,39145.1,-0.151993,-0.066593,-0.09375,24.4657,0.05,8.02011,0.167312
