tmp.site,tmp.area,Lb,X1,Wb,POR,ALPHA,BETA,Ks,Kb,Kz,Qthresh,Rs,Rb1,Rb2,Prec,Frac4Rise,Error,BFF
01410787,4.24758e+06,3366.06,100,101.491,0.15,0.029873,1,173.921,5066.08,0.291288,1149.89,-0.346574,-0.067917,-0.078223,24.4657,0.05,0.521254,0.372275
