tmp.site,tmp.area,Lb,X1,Wb,POR,ALPHA,BETA,Ks,Kb,Kz,Qthresh,Rs,Rb1,Rb2,Prec,Frac4Rise,Error,BFF
06680500,6.34547e+10,34318.4,85.9429,1686.96,0.15,0.009934,1,6865.02,187.712,2.00271,946823,-0.063733,-0.017873,-0.017404,49469.7,0.05,0.276856,0.62451
