tmp.site,tmp.area,Lb,X1,Wb,POR,ALPHA,BETA,Ks,Kb,Kz,Qthresh,Rs,Rb1,Rb2,Prec,Frac4Rise,Error,BFF
05367500,2.82309e+09,23947.8,10958,4160.49,0.15,0.00674,4.7,1065.02,4477.16,0.769235,494207,-0.097078,-0.036257,-0.025305,52613.5,0.05,0.313674,0.595847
