tmp.site,tmp.area,Lb,X1,Wb,POR,ALPHA,BETA,Ks,Kb,Kz,Qthresh,Rs,Rb1,Rb2,Prec,Frac4Rise,Error,BFF
04094000,1.71457e+08,80897.4,100,280.513,0.15,0.002423,1,16.151,35022.3,0.965849,77801,-0.208588,-0.077531,-0.024778,5382.46,0.05,0.286252,0.451961
