tmp.site,tmp.area,Lb,X1,Wb,POR,ALPHA,BETA,Ks,Kb,Kz,Qthresh,Rs,Rb1,Rb2,Prec,Frac4Rise,Error,BFF
01613000,1.05257e+10,17576.2,3.20457,3779.5,0.15,0.009163,2.2,10523.2,86.0499,2.97239,746204,-0.134334,-0.070126,-0.039876,78290.3,0.05,0.333194,0.470546
