tmp.site,tmp.area,Lb,X1,Wb,POR,ALPHA,BETA,Ks,Kb,Kz,Qthresh,Rs,Rb1,Rb2,Prec,Frac4Rise,Error,BFF
09306290,6.55267e+09,9520.82,78.5651,3693.35,0.15,0.005643,1,1136.38,4734.33,0.159538,1.26977e+06,-0.068569,-0.026262,-0.025639,30826.8,0.05,0.288785,0.672088
