tmp.site,tmp.area,Lb,X1,Wb,POR,ALPHA,BETA,Ks,Kb,Kz,Qthresh,Rs,Rb1,Rb2,Prec,Frac4Rise,Error,BFF
05291000,1.03082e+09,11144.9,143.723,475.2,0.15,0.006693,1.1,961.398,7372.53,0.933488,23731.7,-0.143841,-0.06178,-0.045402,24.4657,0.05,2.01269,0.199576
