tmp.site,tmp.area,Lb,X1,Wb,POR,ALPHA,BETA,Ks,Kb,Kz,Qthresh,Rs,Rb1,Rb2,Prec,Frac4Rise,Error,BFF
05078230,6.57857e+08,4777.18,133.678,902.011,0.15,0.003845,1,909.446,2315.83,1.48094,21260.7,-0.10993,-0.060625,-0.059252,24.4657,0.05,4.04175,0.218287
