tmp.site,tmp.area,Lb,X1,Wb,POR,ALPHA,BETA,Ks,Kb,Kz,Qthresh,Rs,Rb1,Rb2,Prec,Frac4Rise,Error,BFF
07343000,7.14837e+08,2031.13,100,1158.86,0.15,0.007582,1,8917.87,8517.2,0.96177,327841,-0.346574,-0.176035,-0.201187,24.4657,0.05,5.69065,0.072729
