tmp.site,tmp.area,Lb,X1,Wb,POR,ALPHA,BETA,Ks,Kb,Kz,Qthresh,Rs,Rb1,Rb2,Prec,Frac4Rise,Error,BFF
03042000,4.99868e+08,20016.2,7.67308,892.814,0.15,0.012106,1.5,2439.47,1405.18,1.17892,97862.9,-0.244297,-0.074397,-0.049878,6361.09,0.05,0.363317,0.466458
