tmp.site,tmp.area,Lb,X1,Wb,POR,ALPHA,BETA,Ks,Kb,Kz,Qthresh,Rs,Rb1,Rb2,Prec,Frac4Rise,Error,BFF
14148000,2.39315e+09,7290.26,100,7525.78,0.15,0.003359,1,322.278,1360.17,1.23464,1.67345e+06,-0.055789,-0.041414,-0.016114,130892,0.05,0.264369,0.521655
