tmp.site,tmp.area,Lb,X1,Wb,POR,ALPHA,BETA,Ks,Kb,Kz,Qthresh,Rs,Rb1,Rb2,Prec,Frac4Rise,Error,BFF
11467510,4.16988e+08,11401.1,3.59494,932.16,0.15,0.010121,1.2,2214.66,338.418,1.50334,489.314,-0.20522,-0.077743,-0.036663,24.4657,0.05,0.676323,0.229171
