tmp.site,tmp.area,Lb,X1,Wb,POR,ALPHA,BETA,Ks,Kb,Kz,Qthresh,Rs,Rb1,Rb2,Prec,Frac4Rise,Error,BFF
12194000,7.0888e+09,41998.1,18.5247,4473.86,0.15,0.006391,1.3,1979.92,1030.43,3.52579,9.05231e+06,-0.083527,-0.033744,-0.029186,1.02078e+06,0.05,0.192189,0.667924
