tmp.site,tmp.area,Lb,X1,Wb,POR,ALPHA,BETA,Ks,Kb,Kz,Qthresh,Rs,Rb1,Rb2,Prec,Frac4Rise,Error,BFF
08067500,1.6809e+08,10358.2,21.4304,276.544,0.15,0.007707,1,1770.25,7423.22,1.09194,14190.1,-0.247285,-0.16305,-0.194872,24.4657,0.05,2.90944,0.097446
