tmp.site,tmp.area,Lb,X1,Wb,POR,ALPHA,BETA,Ks,Kb,Kz,Qthresh,Rs,Rb1,Rb2,Prec,Frac4Rise,Error,BFF
02362240,5.54257e+07,22196.3,5.4049,145.962,0.15,0.04433,1.1,134.808,705.434,1.19524,81960.1,-0.402243,-0.061324,-0.055582,826.99,0.05,0.339304,0.421932
