tmp.site,tmp.area,Lb,X1,Wb,POR,ALPHA,BETA,Ks,Kb,Kz,Qthresh,Rs,Rb1,Rb2,Prec,Frac4Rise,Error,BFF
08183500,5.47264e+09,27328.6,3.93165,969.456,0.15,0.009268,1.1,2545.79,177.133,0.144571,1.05203e+06,-0.134132,-0.053802,-0.04716,12232.9,0.05,0.396065,0.343514
