tmp.site,tmp.area,Lb,X1,Wb,POR,ALPHA,BETA,Ks,Kb,Kz,Qthresh,Rs,Rb1,Rb2,Prec,Frac4Rise,Error,BFF
01643500,1.62651e+08,29324.9,100,253.216,0.15,0.015846,1,424.507,18968.2,0.8744,50644,-0.405465,-0.051789,-0.042744,1304.02,0.05,0.335391,0.42551
