tmp.site,tmp.area,Lb,X1,Wb,POR,ALPHA,BETA,Ks,Kb,Kz,Qthresh,Rs,Rb1,Rb2,Prec,Frac4Rise,Error,BFF
02381090,1.59543e+08,35382,100,489.92,0.15,0.016186,1,437.876,12188.5,0.900074,101565,-0.318164,-0.037538,-0.027164,7316.72,0.05,0.237352,0.593738
