tmp.site,tmp.area,Lb,X1,Wb,POR,ALPHA,BETA,Ks,Kb,Kz,Qthresh,Rs,Rb1,Rb2,Prec,Frac4Rise,Error,BFF
08105505,1.49701e+08,23139.3,100,145.355,0.15,0.063837,1,1623.88,26137,1.01779,50888.7,-0.248353,-0.056937,-0.110384,24.4657,0.05,8.79725,0.195174
