tmp.site,tmp.area,Lb,X1,Wb,POR,ALPHA,BETA,Ks,Kb,Kz,Qthresh,Rs,Rb1,Rb2,Prec,Frac4Rise,Error,BFF
01407760,1.67313e+07,17250.5,100,81.5528,0.15,0.034704,1,607.516,8973.36,0.718194,8318.34,-0.495862,-0.079687,-0.0863,232.424,0.05,0.430073,0.271874
