tmp.site,tmp.area,Lb,X1,Wb,POR,ALPHA,BETA,Ks,Kb,Kz,Qthresh,Rs,Rb1,Rb2,Prec,Frac4Rise,Error,BFF
11389500,3.1313e+10,30607.8,6782.77,7943.33,0.15,0.006353,10.1,4998.08,44.5546,1.32372,2.51997e+07,-0.046276,-0.026254,-0.017931,384112,0.05,0.333363,0.499154
