tmp.site,tmp.area,Lb,X1,Wb,POR,ALPHA,BETA,Ks,Kb,Kz,Qthresh,Rs,Rb1,Rb2,Prec,Frac4Rise,Error,BFF
01349711,1.28722e+07,6691.68,100,200.359,0.15,0.019113,1,183.603,7851.8,0.58721,1419.01,-0.1348,-0.076806,-0.037887,150.709,0.05,0.360886,0.411498
