tmp.site,tmp.area,Lb,X1,Wb,POR,ALPHA,BETA,Ks,Kb,Kz,Qthresh,Rs,Rb1,Rb2,Prec,Frac4Rise,Error,BFF
10256501,2.82309e+07,31552,100,107.48,0.15,0.007635,1,54.3224,526.559,0.276886,13211.5,-0.111572,-0.030341,-0.009356,526.722,0.05,0.333186,0.324637
