tmp.site,tmp.area,Lb,X1,Wb,POR,ALPHA,BETA,Ks,Kb,Kz,Qthresh,Rs,Rb1,Rb2,Prec,Frac4Rise,Error,BFF
03138500,3.89793e+09,24302,143.648,1715.5,0.15,0.007321,2.5,5079.19,4346.29,1.031,763330,-0.134872,-0.067514,-0.039261,39145.1,0.05,0.380858,0.435797
