tmp.site,tmp.area,Lb,X1,Wb,POR,ALPHA,BETA,Ks,Kb,Kz,Qthresh,Rs,Rb1,Rb2,Prec,Frac4Rise,Error,BFF
02054500,6.57857e+08,13008.1,100,819.595,0.15,0.010728,1,1422.24,7525,1.01867,132115,-0.202733,-0.063975,-0.035033,7486.51,0.05,0.313392,0.423722
