tmp.site,tmp.area,Lb,X1,Wb,POR,ALPHA,BETA,Ks,Kb,Kz,Qthresh,Rs,Rb1,Rb2,Prec,Frac4Rise,Error,BFF
02092500,4.35118e+08,4894.72,0.065447,1126.32,0.15,0.015038,1,2811.83,6.25489,1.10523,4159.17,-0.119003,-0.083624,-0.084443,366.986,0.05,0.509513,0.362918
