tmp.site,tmp.area,Lb,X1,Wb,POR,ALPHA,BETA,Ks,Kb,Kz,Qthresh,Rs,Rb1,Rb2,Prec,Frac4Rise,Error,BFF
08385522,1.53016e+10,14840.9,6544.77,840.44,0.15,0.003844,9.5,1079.02,682.684,0.764432,110096,-0.064446,-0.141321,-0.034134,3669.86,0.05,0.359064,0.246274
