tmp.site,tmp.area,Lb,X1,Wb,POR,ALPHA,BETA,Ks,Kb,Kz,Qthresh,Rs,Rb1,Rb2,Prec,Frac4Rise,Error,BFF
10141000,5.38977e+09,17470.1,125.981,3070.54,0.15,0.017741,0.9,2572.28,30606.1,1.05919,1.30892e+06,-0.091161,-0.051104,-0.104922,2446.57,0.05,1.00846,0.623263
