tmp.site,tmp.area,Lb,X1,Wb,POR,ALPHA,BETA,Ks,Kb,Kz,Qthresh,Rs,Rb1,Rb2,Prec,Frac4Rise,Error,BFF
02350600,5.10228e+08,11333.9,100,744.093,0.15,0.011118,1,2016.21,9287.34,0.887885,75232.1,-0.202733,-0.055497,-0.05178,5387.84,0.05,0.364724,0.429469
