tmp.site,tmp.area,Lb,X1,Wb,POR,ALPHA,BETA,Ks,Kb,Kz,Qthresh,Rs,Rb1,Rb2,Prec,Frac4Rise,Error,BFF
021622845,2.19631e+07,8406.31,100,441.409,0.15,0.011151,1,470.312,4649.02,0.473907,20893.7,-0.385026,-0.046684,-0.024109,1949.26,0.05,0.260875,0.566524
