tmp.site,tmp.area,Lb,X1,Wb,POR,ALPHA,BETA,Ks,Kb,Kz,Qthresh,Rs,Rb1,Rb2,Prec,Frac4Rise,Error,BFF
06872500,5.99582e+09,27229.2,18.9132,480.991,0.15,0.010071,1.1,2552.47,141.341,1.23395,234871,-0.143841,-0.06539,-0.059115,464.849,0.05,0.889649,0.187458
