tmp.site,tmp.area,Lb,X1,Wb,POR,ALPHA,BETA,Ks,Kb,Kz,Qthresh,Rs,Rb1,Rb2,Prec,Frac4Rise,Error,BFF
02300082,4.61018e+07,4807.6,21.5464,216.661,0.15,0.026014,1,364.14,3711.66,1.2083,6067.5,-0.28178,-0.094325,-0.110613,75.9416,0.05,0.509078,0.32368
