tmp.site,tmp.area,Lb,X1,Wb,POR,ALPHA,BETA,Ks,Kb,Kz,Qthresh,Rs,Rb1,Rb2,Prec,Frac4Rise,Error,BFF
03335960,2.70654e+07,13435,14.4875,99.9661,0.15,0.090686,1,694.495,4165.29,0.911345,7224.24,-0.26169,-0.096184,-0.114612,24.4657,0.05,0.795076,0.299714
