tmp.site,tmp.area,Lb,X1,Wb,POR,ALPHA,BETA,Ks,Kb,Kz,Qthresh,Rs,Rb1,Rb2,Prec,Frac4Rise,Error,BFF
02423414,1.21729e+08,8111.07,100,507.383,0.15,0.015587,1,887.386,11725.1,0.943442,212362,-0.139275,-0.068016,-0.110323,1076.25,0.05,0.728678,0.444061
