tmp.site,tmp.area,Lb,X1,Wb,POR,ALPHA,BETA,Ks,Kb,Kz,Qthresh,Rs,Rb1,Rb2,Prec,Frac4Rise,Error,BFF
01175670,2.28178e+07,9474.78,100,281.783,0.15,0.03721,1,244.914,17504.2,0.555469,24710.4,-0.187905,-0.052138,-0.075525,53.8246,0.05,0.446095,0.520074
