tmp.site,tmp.area,Lb,X1,Wb,POR,ALPHA,BETA,Ks,Kb,Kz,Qthresh,Rs,Rb1,Rb2,Prec,Frac4Rise,Error,BFF
07010094,1.60579e+06,1920.45,100,46.7739,0.15,0.017498,1,269.212,2854.15,0.244484,954.163,-0.591395,-0.094559,-0.130821,24.4657,0.05,0.54444,0.197371
