tmp.site,tmp.area,Lb,X1,Wb,POR,ALPHA,BETA,Ks,Kb,Kz,Qthresh,Rs,Rb1,Rb2,Prec,Frac4Rise,Error,BFF
05129115,2.34394e+09,63179.4,25.9404,1043.47,0.15,0.010564,1,290.559,3146.72,1.23081,464849,-0.040605,-0.019554,-0.021455,5455.85,0.05,0.612561,0.507373
