tmp.site,tmp.area,Lb,X1,Wb,POR,ALPHA,BETA,Ks,Kb,Kz,Qthresh,Rs,Rb1,Rb2,Prec,Frac4Rise,Error,BFF
01646000,1.49701e+08,10601.2,138.343,332.23,0.15,0.010857,1,870.667,13486.2,0.992715,132115,-0.458145,-0.066328,-0.065901,1003.09,0.05,0.391662,0.346286
