tmp.site,tmp.area,Lb,X1,Wb,POR,ALPHA,BETA,Ks,Kb,Kz,Qthresh,Rs,Rb1,Rb2,Prec,Frac4Rise,Error,BFF
09484500,5.67207e+08,262.301,0.143287,511.214,0.15,3.2e-05,1.1,2887.39,0.004867,1.21069,43549,-0.299418,-0.119766,-0.194158,24.4657,0.05,0.233642,1.6e-05
