tmp.site,tmp.area,Lb,X1,Wb,POR,ALPHA,BETA,Ks,Kb,Kz,Qthresh,Rs,Rb1,Rb2,Prec,Frac4Rise,Error,BFF
02303350,5.95697e+07,8846.53,100,347.21,0.15,0.06303,1,236.984,31578.6,0.969454,26912.3,-0.128683,-0.101696,-0.161336,24.4657,0.05,1.65501,0.459743
