tmp.site,tmp.area,Lb,X1,Wb,POR,ALPHA,BETA,Ks,Kb,Kz,Qthresh,Rs,Rb1,Rb2,Prec,Frac4Rise,Error,BFF
11449235,7.07067e+07,9842.05,58.9975,328.994,0.15,0.011429,1,630.368,13324.6,1.11132,79768,-0.187953,-0.090043,-0.094832,24.4657,0.05,9.39887,0.286764
