tmp.site,tmp.area,Lb,X1,Wb,POR,ALPHA,BETA,Ks,Kb,Kz,Qthresh,Rs,Rb1,Rb2,Prec,Frac4Rise,Error,BFF
01545500,7.70521e+09,18815.4,0.625769,3918.74,0.15,0.014497,1.3,8365.02,84.4345,2.44008,1.45326e+06,-0.135415,-0.064812,-0.044776,46484.9,0.05,0.363339,0.48762
