tmp.site,tmp.area,Lb,X1,Wb,POR,ALPHA,BETA,Ks,Kb,Kz,Qthresh,Rs,Rb1,Rb2,Prec,Frac4Rise,Error,BFF
10301500,6.73397e+09,46860.2,105.363,935.698,0.15,0.004168,0.9,3209.39,26863,0.948364,403684,-0.091161,-0.041112,-0.056798,24.4657,0.05,8.45039,0.456344
