tmp.site,tmp.area,Lb,X1,Wb,POR,ALPHA,BETA,Ks,Kb,Kz,Qthresh,Rs,Rb1,Rb2,Prec,Frac4Rise,Error,BFF
07170060,1.64205e+09,27831.2,18.4707,236.528,0.15,0.0067,0.9,78.8132,2412.12,1.06116,24465.7,-0.004398,-0.09134,-0.21555,52.4056,0.05,5.17668,0.034048
