tmp.site,tmp.area,Lb,X1,Wb,POR,ALPHA,BETA,Ks,Kb,Kz,Qthresh,Rs,Rb1,Rb2,Prec,Frac4Rise,Error,BFF
07155590,7.50838e+09,24827.7,100,13.6299,0.15,0.000877,1,19354.9,75.2865,0.877022,7339.71,-0.346574,-0.159119,-0.147711,24.4657,0.05,0.229815,4.8e-05
