tmp.site,tmp.area,Lb,X1,Wb,POR,ALPHA,BETA,Ks,Kb,Kz,Qthresh,Rs,Rb1,Rb2,Prec,Frac4Rise,Error,BFF
11044350,5.46487e+07,5440.48,482.436,482.823,0.15,0.02593,1,380.212,8112.6,0.097455,11572.3,-0.143353,-0.038442,-0.040006,36.6986,0.05,0.56795,0.408408
