tmp.site,tmp.area,Lb,X1,Wb,POR,ALPHA,BETA,Ks,Kb,Kz,Qthresh,Rs,Rb1,Rb2,Prec,Frac4Rise,Error,BFF
06289000,4.71378e+08,115989,47584.3,496.227,0.15,0.012752,9.9,260.668,2366.73,0.447711,161474,-0.058892,-0.017148,-0.011473,9786.29,0.05,0.221412,0.475227
