tmp.site,tmp.area,Lb,X1,Wb,POR,ALPHA,BETA,Ks,Kb,Kz,Qthresh,Rs,Rb1,Rb2,Prec,Frac4Rise,Error,BFF
02390050,7.17427e+08,24652.2,100,1382.83,0.15,0.008751,1,2280.65,7611.13,0.954394,500177,-0.297519,-0.037384,-0.034021,28174.7,0.05,0.259365,0.578507
