tmp.site,tmp.area,Lb,X1,Wb,POR,ALPHA,BETA,Ks,Kb,Kz,Qthresh,Rs,Rb1,Rb2,Prec,Frac4Rise,Error,BFF
04148140,2.57445e+08,15762.2,100,395.329,0.15,0.026179,1,378.964,22216.3,0.984356,66727.8,-0.105659,-0.059444,-0.056338,1003.09,0.05,0.409753,0.499292
