tmp.site,tmp.area,Lb,X1,Wb,POR,ALPHA,BETA,Ks,Kb,Kz,Qthresh,Rs,Rb1,Rb2,Prec,Frac4Rise,Error,BFF
06847900,1.52809e+09,21970,54.1145,37.1139,0.15,0.099644,0.9,3921.43,8040.44,0.820176,17811,-0.129676,-0.055011,-0.11431,24.4657,0.05,6.77584,0.120492
