tmp.site,tmp.area,Lb,X1,Wb,POR,ALPHA,BETA,Ks,Kb,Kz,Qthresh,Rs,Rb1,Rb2,Prec,Frac4Rise,Error,BFF
12138160,2.43977e+08,24126.7,100,1103.72,0.15,0.009502,1,156.116,5564.08,0.966567,464849,-0.024395,-0.034532,-0.056011,44953.3,0.05,0.318746,0.539572
