tmp.site,tmp.area,Lb,X1,Wb,POR,ALPHA,BETA,Ks,Kb,Kz,Qthresh,Rs,Rb1,Rb2,Prec,Frac4Rise,Error,BFF
0142400103,5.23178e+07,24248.9,174.323,178.343,0.15,0.033172,1.1,650.572,39064.3,0.632663,2446.57,-0.259553,-0.069298,-0.055772,122.329,0.05,0.566311,0.250084
