tmp.site,tmp.area,Lb,X1,Wb,POR,ALPHA,BETA,Ks,Kb,Kz,Qthresh,Rs,Rb1,Rb2,Prec,Frac4Rise,Error,BFF
02303420,3.03029e+08,13235.9,345.934,814.136,0.15,0.061619,0.9,262.515,66406.2,1.00654,128934,-0.077839,-0.058348,-0.133634,24.4657,0.05,3.54532,0.550475
