tmp.site,tmp.area,Lb,X1,Wb,POR,ALPHA,BETA,Ks,Kb,Kz,Qthresh,Rs,Rb1,Rb2,Prec,Frac4Rise,Error,BFF
04062000,1.63428e+09,180449,48688.2,551.546,0.15,0.038962,10.1,357.539,2690.28,1.08867,516227,-0.01389,-0.021848,-0.003274,19817.2,0.05,0.376193,0.354005
