tmp.site,tmp.area,Lb,X1,Wb,POR,ALPHA,BETA,Ks,Kb,Kz,Qthresh,Rs,Rb1,Rb2,Prec,Frac4Rise,Error,BFF
10259000,2.24034e+07,8897.45,100,160.177,0.15,0.023558,1,68.6418,2760.41,0.1089,6679.14,-0.143841,-0.019691,-0.023637,48.9314,0.05,0.387727,0.525352
