tmp.site,tmp.area,Lb,X1,Wb,POR,ALPHA,BETA,Ks,Kb,Kz,Qthresh,Rs,Rb1,Rb2,Prec,Frac4Rise,Error,BFF
14309500,2.2507e+08,9494.13,301.19,717.999,0.15,0.011389,1.1,1375.53,11437.9,19.8734,11816.9,-0.177803,-0.077243,-0.019091,1125.42,0.05,0.352885,0.249811
