tmp.site,tmp.area,Lb,X1,Wb,POR,ALPHA,BETA,Ks,Kb,Kz,Qthresh,Rs,Rb1,Rb2,Prec,Frac4Rise,Error,BFF
09398000,2.03314e+09,10124.4,100,242.316,0.15,0.008574,1,4752.52,93.5768,0.901301,15658.1,-0.143841,-0.100538,-0.057639,244.412,0.05,0.689429,0.057646
