tmp.site,tmp.area,Lb,X1,Wb,POR,ALPHA,BETA,Ks,Kb,Kz,Qthresh,Rs,Rb1,Rb2,Prec,Frac4Rise,Error,BFF
13307000,1.61589e+10,4746.42,1766.27,27803.7,0.15,0.002507,10.1,309.921,108.777,1.06229,6.0675e+06,-0.050042,-0.021964,-0.015982,213830,0.05,0.239992,0.790568
