tmp.site,tmp.area,Lb,X1,Wb,POR,ALPHA,BETA,Ks,Kb,Kz,Qthresh,Rs,Rb1,Rb2,Prec,Frac4Rise,Error,BFF
05419000,6.37137e+08,41971.5,153.987,454.835,0.15,0.006329,1.9,1131.88,10511.7,0.334671,151687,-0.202733,-0.05788,-0.03821,4648.49,0.05,0.373983,0.365059
