tmp.site,tmp.area,Lb,X1,Wb,POR,ALPHA,BETA,Ks,Kb,Kz,Qthresh,Rs,Rb1,Rb2,Prec,Frac4Rise,Error,BFF
10129300,7.66636e+08,51107.9,13346.8,464.718,0.15,0.004338,6.2,141.613,1149.63,0.686633,120127,-0.077075,-0.040771,-0.017277,10764.9,0.05,0.241884,0.391992
