tmp.site,tmp.area,Lb,X1,Wb,POR,ALPHA,BETA,Ks,Kb,Kz,Qthresh,Rs,Rb1,Rb2,Prec,Frac4Rise,Error,BFF
05405000,1.5773e+09,9310.86,739.082,2516.01,0.15,0.00634,1.7,1365.8,562.392,0.266375,215298,-0.072946,-0.056685,-0.043361,22997.8,0.05,0.29893,0.440406
