tmp.site,tmp.area,Lb,X1,Wb,POR,ALPHA,BETA,Ks,Kb,Kz,Qthresh,Rs,Rb1,Rb2,Prec,Frac4Rise,Error,BFF
01422779,5.77567e+07,6051.67,649.402,387.862,0.15,0.023474,1.2,330.147,46704.5,1.12583,7479.66,-0.196288,-0.065999,-0.045178,606.358,0.05,0.342676,0.482669
