tmp.site,tmp.area,Lb,X1,Wb,POR,ALPHA,BETA,Ks,Kb,Kz,Qthresh,Rs,Rb1,Rb2,Prec,Frac4Rise,Error,BFF
04108600,1.84925e+08,12723.2,100,374.29,0.15,0.010761,1,181.73,8093.79,0.960262,76978.9,-0.174552,-0.057523,-0.024995,2935.89,0.05,0.286524,0.507412
