tmp.site,tmp.area,Lb,X1,Wb,POR,ALPHA,BETA,Ks,Kb,Kz,Qthresh,Rs,Rb1,Rb2,Prec,Frac4Rise,Error,BFF
07144910,3.03029e+08,1.17875e+06,2.68038,41.7208,0.15,0.050914,1,2247.07,6.63349,1.33829,26912.3,-0.157625,-0.047548,-0.040199,523.566,0.05,0.412959,0.344912
