tmp.site,tmp.area,Lb,X1,Wb,POR,ALPHA,BETA,Ks,Kb,Kz,Qthresh,Rs,Rb1,Rb2,Prec,Frac4Rise,Error,BFF
02086849,5.67207e+07,9757.52,100,242.149,0.15,0.007834,1,368.212,5780.38,1.01452,33273.4,-0.336255,-0.117349,-0.083549,1688.13,0.05,0.296941,0.295963
