tmp.site,tmp.area,Lb,X1,Wb,POR,ALPHA,BETA,Ks,Kb,Kz,Qthresh,Rs,Rb1,Rb2,Prec,Frac4Rise,Error,BFF
02367900,1.32089e+09,11973.5,100,1474.46,0.15,0.007589,1,2962.97,8316.47,0.947455,481975,-0.155864,-0.067511,-0.030676,26667.6,0.05,0.332177,0.408299
