tmp.site,tmp.area,Lb,X1,Wb,POR,ALPHA,BETA,Ks,Kb,Kz,Qthresh,Rs,Rb1,Rb2,Prec,Frac4Rise,Error,BFF
08063562,1.036e+09,13095.5,24.54,781.469,0.15,0.011049,1,3897.07,7218.71,1.00064,18902.2,-0.270716,-0.100348,-0.132001,24.4657,0.05,3.08246,0.189951
