tmp.site,tmp.area,Lb,X1,Wb,POR,ALPHA,BETA,Ks,Kb,Kz,Qthresh,Rs,Rb1,Rb2,Prec,Frac4Rise,Error,BFF
05412500,4.00153e+09,79701.6,103.943,999.218,0.15,0.005517,2.3,3170.74,6171.13,1.50747,650788,-0.127329,-0.050738,-0.031803,22019.1,0.05,0.370423,0.39583
