tmp.site,tmp.area,Lb,X1,Wb,POR,ALPHA,BETA,Ks,Kb,Kz,Qthresh,Rs,Rb1,Rb2,Prec,Frac4Rise,Error,BFF
07383500,6.99297e+08,31587.5,60.9864,986.796,0.15,0.015986,0.9,2217.96,28328.9,0.968665,17370.7,-0.077157,-0.051488,-0.115874,1516.87,0.05,0.580649,0.347564
