tmp.site,tmp.area,Lb,X1,Wb,POR,ALPHA,BETA,Ks,Kb,Kz,Qthresh,Rs,Rb1,Rb2,Prec,Frac4Rise,Error,BFF
02319500,1.80522e+10,50794,11035.1,4657.82,0.15,0.00731,10,1074.29,3291.75,0.885124,2.32424e+06,-0.025669,-0.021454,-0.011744,205023,0.05,0.369823,0.453573
