tmp.site,tmp.area,Lb,X1,Wb,POR,ALPHA,BETA,Ks,Kb,Kz,Qthresh,Rs,Rb1,Rb2,Prec,Frac4Rise,Error,BFF
03111585,9.86785e+07,7998.68,100,252.247,0.15,0.026334,1,1527.66,14397.4,0.885577,105203,-0.277685,-0.074602,-0.126792,24.4657,0.05,0.740348,0.261924
