tmp.site,tmp.area,Lb,X1,Wb,POR,ALPHA,BETA,Ks,Kb,Kz,Qthresh,Rs,Rb1,Rb2,Prec,Frac4Rise,Error,BFF
13325000,2.66769e+07,11853.6,100,327.774,0.15,0.017521,1,343.844,8902.1,0.452545,24260.2,-0.134132,-0.030603,-0.039793,146.794,0.05,0.422889,0.560212
