tmp.site,tmp.area,Lb,X1,Wb,POR,ALPHA,BETA,Ks,Kb,Kz,Qthresh,Rs,Rb1,Rb2,Prec,Frac4Rise,Error,BFF
02304500,1.61615e+09,7861,100,4702.75,0.15,0.073829,1,1454.33,12304.9,0.911324,12232.9,-0.062429,-0.059643,-0.215488,24.4657,0.05,103.744,0.579607
