tmp.site,tmp.area,Lb,X1,Wb,POR,ALPHA,BETA,Ks,Kb,Kz,Qthresh,Rs,Rb1,Rb2,Prec,Frac4Rise,Error,BFF
10129900,4.50658e+07,2594.9,320.417,262.625,0.15,0.012952,1,93.4622,2665.17,0.120213,2960.35,-0.083132,-0.035613,-0.031883,254.443,0.05,0.383372,0.419918
