tmp.site,tmp.area,Lb,X1,Wb,POR,ALPHA,BETA,Ks,Kb,Kz,Qthresh,Rs,Rb1,Rb2,Prec,Frac4Rise,Error,BFF
03229000,4.89508e+08,5338.45,233.803,744.935,0.15,0.010939,1,4015.2,19881.8,0.985944,44038.3,-0.220835,-0.113745,-0.103186,244.657,0.05,0.558881,0.204388
