tmp.site,tmp.area,Lb,X1,Wb,POR,ALPHA,BETA,Ks,Kb,Kz,Qthresh,Rs,Rb1,Rb2,Prec,Frac4Rise,Error,BFF
09473000,1.39082e+09,842444,100,176.111,0.15,0.03242,1,420.438,6741.72,0.939376,68504,-0.202733,-0.046752,-0.058282,24.4657,0.05,14.1034,0.266548
