tmp.site,tmp.area,Lb,X1,Wb,POR,ALPHA,BETA,Ks,Kb,Kz,Qthresh,Rs,Rb1,Rb2,Prec,Frac4Rise,Error,BFF
08014800,3.10799e+08,13258.9,62.7845,445.879,0.15,0.007239,2.5,2633.98,1530.48,1.85861,44038.3,-0.297144,-0.126574,-0.059916,1790.43,0.05,0.408069,0.199366
