tmp.site,tmp.area,Lb,X1,Wb,POR,ALPHA,BETA,Ks,Kb,Kz,Qthresh,Rs,Rb1,Rb2,Prec,Frac4Rise,Error,BFF
04128990,1.49442e+08,98777.6,31714.7,472.916,0.15,0.012879,10,269.928,360.182,0.296589,185939,-0.123576,-0.028877,-0.019708,11009.6,0.05,0.15781,0.703771
