tmp.site,tmp.area,Lb,X1,Wb,POR,ALPHA,BETA,Ks,Kb,Kz,Qthresh,Rs,Rb1,Rb2,Prec,Frac4Rise,Error,BFF
04062011,2.64179e+09,73872.7,20260.6,1881.17,0.15,0.006729,9.9,1018.61,129.848,0.057848,1.10585e+06,-0.066449,-0.03793,-0.022497,60430.3,0.05,0.133011,0.673356
