tmp.site,tmp.area,Lb,X1,Wb,POR,ALPHA,BETA,Ks,Kb,Kz,Qthresh,Rs,Rb1,Rb2,Prec,Frac4Rise,Error,BFF
01581649,2.36984e+07,17156,19.9995,109.332,0.15,0.017122,1.5,280.446,3235.86,1.21923,29848.2,-0.284657,-0.096092,-0.069453,205.512,0.05,0.349589,0.305181
