tmp.site,tmp.area,Lb,X1,Wb,POR,ALPHA,BETA,Ks,Kb,Kz,Qthresh,Rs,Rb1,Rb2,Prec,Frac4Rise,Error,BFF
03443000,7.66636e+08,21242.3,100,1831.86,0.15,0.010143,1,2564.42,7996.54,0.905558,555372,-0.26603,-0.040327,-0.025924,48686.8,0.05,0.228102,0.602854
