tmp.site,tmp.area,Lb,X1,Wb,POR,ALPHA,BETA,Ks,Kb,Kz,Qthresh,Rs,Rb1,Rb2,Prec,Frac4Rise,Error,BFF
03292550,5.85337e+07,4165.31,220.872,282.245,0.15,0.012229,1,1311.7,14660.2,0.818643,3383.12,-0.495705,-0.113672,-0.106135,343.156,0.05,0.451117,0.181828
