tmp.site,tmp.area,Lb,X1,Wb,POR,ALPHA,BETA,Ks,Kb,Kz,Qthresh,Rs,Rb1,Rb2,Prec,Frac4Rise,Error,BFF
02271500,2.82309e+08,38622.9,100,262.223,0.15,0.02486,1,123.248,27466.2,1.00346,14434.8,-0.077075,-0.038098,-0.032101,709.506,0.05,0.395657,0.510428
