tmp.site,tmp.area,Lb,X1,Wb,POR,ALPHA,BETA,Ks,Kb,Kz,Qthresh,Rs,Rb1,Rb2,Prec,Frac4Rise,Error,BFF
02335757,2.66769e+08,11889.9,44.5488,638.431,0.15,0.008988,1.2,3694.55,5235.15,1.08621,313161,-0.499286,-0.098604,-0.075098,2302.22,0.05,0.396319,0.313292
