tmp.site,tmp.area,Lb,X1,Wb,POR,ALPHA,BETA,Ks,Kb,Kz,Qthresh,Rs,Rb1,Rb2,Prec,Frac4Rise,Error,BFF
08065800,8.31386e+08,3924.82,100,585.14,0.15,0.009481,1,3829.85,12397.9,0.933378,33694.2,-0.25053,-0.199709,-0.159556,24.4657,0.05,1.59573,0.065115
