tmp.site,tmp.area,Lb,X1,Wb,POR,ALPHA,BETA,Ks,Kb,Kz,Qthresh,Rs,Rb1,Rb2,Prec,Frac4Rise,Error,BFF
06630465,1.19398e+08,12101.1,2120.01,261.8,0.15,0.006858,2.1,140.336,4742.48,0.046027,24465.7,-0.063578,-0.052988,-0.026609,866.086,0.05,0.3995,0.139357
