tmp.site,tmp.area,Lb,X1,Wb,POR,ALPHA,BETA,Ks,Kb,Kz,Qthresh,Rs,Rb1,Rb2,Prec,Frac4Rise,Error,BFF
11097000,3.96268e+08,977.884,0.050946,42.7192,0.15,0.001344,1.2,2788.7,0.006999,1.17968,58473.1,-0.094621,-0.088087,-0.160106,24.4657,0.05,2.48507,0.001381
