tmp.site,tmp.area,Lb,X1,Wb,POR,ALPHA,BETA,Ks,Kb,Kz,Qthresh,Rs,Rb1,Rb2,Prec,Frac4Rise,Error,BFF
09185100,3.67778e+08,25046.4,147.28,37.3756,0.15,0.031714,0.9,1573.92,39533.6,0.910724,22826.8,-0.195124,-0.054472,-0.119281,24.4657,0.05,0.947174,0.156339
