tmp.site,tmp.area,Lb,X1,Wb,POR,ALPHA,BETA,Ks,Kb,Kz,Qthresh,Rs,Rb1,Rb2,Prec,Frac4Rise,Error,BFF
09242500,1.16031e+09,13564.1,100,1326.67,0.15,0.008464,1,584.967,12300.9,0.883404,68504,-0.091161,-0.036407,-0.026478,7233.04,0.05,0.471763,0.441395
