tmp.site,tmp.area,Lb,X1,Wb,POR,ALPHA,BETA,Ks,Kb,Kz,Qthresh,Rs,Rb1,Rb2,Prec,Frac4Rise,Error,BFF
07029270,7.09657e+08,29333.9,60.5605,615.849,0.15,0.00859,1.3,3354.7,14823.1,1.40964,63610.9,-0.293893,-0.099239,-0.07084,6850.4,0.05,0.416674,0.288977
