tmp.site,tmp.area,Lb,X1,Wb,POR,ALPHA,BETA,Ks,Kb,Kz,Qthresh,Rs,Rb1,Rb2,Prec,Frac4Rise,Error,BFF
13137300,1.46852e+08,21963.1,12.8246,320.52,0.15,0.013036,1.1,102.631,1430.36,0.593194,32539.4,-0.050706,-0.02533,-0.022947,325.639,0.05,0.375791,0.528158
