tmp.site,tmp.area,Lb,X1,Wb,POR,ALPHA,BETA,Ks,Kb,Kz,Qthresh,Rs,Rb1,Rb2,Prec,Frac4Rise,Error,BFF
09209400,9.9067e+09,15877.8,320.72,4190.15,0.15,0.004925,5.8,1109.65,392.276,0.890622,1.17661e+06,-0.057522,-0.02684,-0.017441,75354.4,0.05,0.318799,0.664329
