tmp.site,tmp.area,Lb,X1,Wb,POR,ALPHA,BETA,Ks,Kb,Kz,Qthresh,Rs,Rb1,Rb2,Prec,Frac4Rise,Error,BFF
06892360,1.38305e+08,6393.65,100,274.707,0.15,0.013534,1,786.461,13736.7,0.94966,15614.8,-0.237027,-0.108021,-0.100849,24.4657,0.05,0.573823,0.189603
