tmp.site,tmp.area,Lb,X1,Wb,POR,ALPHA,BETA,Ks,Kb,Kz,Qthresh,Rs,Rb1,Rb2,Prec,Frac4Rise,Error,BFF
02438000,7.17427e+08,25083.4,118.56,1023.38,0.15,0.00937,2.4,4249.87,8370.09,0.732041,105203,-0.341109,-0.086316,-0.045031,8318.34,0.05,0.34864,0.38978
