tmp.site,tmp.area,Lb,X1,Wb,POR,ALPHA,BETA,Ks,Kb,Kz,Qthresh,Rs,Rb1,Rb2,Prec,Frac4Rise,Error,BFF
04085200,3.28928e+08,10254.6,100,426.329,0.15,0.008668,1,659.518,7057.81,0.986558,24129.1,-0.168236,-0.081193,-0.032162,2006.19,0.05,0.366381,0.296217
