tmp.site,tmp.area,Lb,X1,Wb,POR,ALPHA,BETA,Ks,Kb,Kz,Qthresh,Rs,Rb1,Rb2,Prec,Frac4Rise,Error,BFF
01104455,1.24319e+06,2033.12,182.918,89.4219,0.15,0.01693,1.1,211.732,3277.05,0.167085,489.314,-0.50825,-0.064701,-0.0556,24.4657,0.05,0.399691,0.355619
