tmp.site,tmp.area,Lb,X1,Wb,POR,ALPHA,BETA,Ks,Kb,Kz,Qthresh,Rs,Rb1,Rb2,Prec,Frac4Rise,Error,BFF
11162737,5.69797e+06,5511.61,100,119.368,0.15,0.012377,1,235.656,3721.28,0.464027,464.849,-0.20703,-0.090261,-0.075059,24.4657,0.05,1.19102,0.12921
