tmp.site,tmp.area,Lb,X1,Wb,POR,ALPHA,BETA,Ks,Kb,Kz,Qthresh,Rs,Rb1,Rb2,Prec,Frac4Rise,Error,BFF
05247500,9.73836e+09,14798,0.121549,6249.79,0.15,0.007583,1,157.479,18.969,0.885441,1.02756e+06,-0.041941,-0.031059,-0.031141,56070.5,0.05,0.20625,0.863564
