tmp.site,tmp.area,Lb,X1,Wb,POR,ALPHA,BETA,Ks,Kb,Kz,Qthresh,Rs,Rb1,Rb2,Prec,Frac4Rise,Error,BFF
07328500,1.37425e+10,24813.7,30.966,1992.51,0.15,0.008439,1,5322.84,7662.06,1.36723,1.22329e+06,-0.125657,-0.053484,-0.055498,3698.97,0.05,0.552978,0.449399
