tmp.site,tmp.area,Lb,X1,Wb,POR,ALPHA,BETA,Ks,Kb,Kz,Qthresh,Rs,Rb1,Rb2,Prec,Frac4Rise,Error,BFF
05454220,1.51255e+08,23049.2,25.8874,606.083,0.15,0.034872,1.1,1027.53,3756.08,1.00367,2250.85,-0.232146,-0.058389,-0.049434,146.794,0.05,0.496442,0.358833
