tmp.site,tmp.area,Lb,X1,Wb,POR,ALPHA,BETA,Ks,Kb,Kz,Qthresh,Rs,Rb1,Rb2,Prec,Frac4Rise,Error,BFF
03076500,7.64046e+08,6790.09,100,1493.81,0.15,0.029154,1,1716.66,13420.8,0.902358,173707,-0.12184,-0.068146,-0.070967,10764.9,0.05,0.35612,0.484828
