tmp.site,tmp.area,Lb,X1,Wb,POR,ALPHA,BETA,Ks,Kb,Kz,Qthresh,Rs,Rb1,Rb2,Prec,Frac4Rise,Error,BFF
07295500,4.29938e+09,12476.8,2.17495,16.5428,0.15,0.006729,0.9,28558.8,4.42934,1.03389,9541.63,-0.202733,-0.093019,-0.143329,24.4657,0.05,1.36164,0.003459
