tmp.site,tmp.area,Lb,X1,Wb,POR,ALPHA,BETA,Ks,Kb,Kz,Qthresh,Rs,Rb1,Rb2,Prec,Frac4Rise,Error,BFF
03535400,2.24811e+08,11804.7,100,604.153,0.15,0.009597,1,1149.32,7169.2,0.959358,53824.6,-0.293893,-0.075724,-0.02925,5088.87,0.05,0.282409,0.420528
