tmp.site,tmp.area,Lb,X1,Wb,POR,ALPHA,BETA,Ks,Kb,Kz,Qthresh,Rs,Rb1,Rb2,Prec,Frac4Rise,Error,BFF
06899900,3.05619e+08,23970.6,92.6287,306.159,0.15,0.008806,1.1,1823.95,81390.5,1.92496,3131.61,-0.28075,-0.15135,-0.118384,24.4657,0.05,0.607307,0.179995
