tmp.site,tmp.area,Lb,X1,Wb,POR,ALPHA,BETA,Ks,Kb,Kz,Qthresh,Rs,Rb1,Rb2,Prec,Frac4Rise,Error,BFF
02460500,2.16264e+08,12502.4,5181.49,990.075,0.15,0.009753,10.1,1625.39,4890.09,0.917315,197793,-0.314472,-0.087316,-0.051056,12663.5,0.05,0.256188,0.463618
