tmp.site,tmp.area,Lb,X1,Wb,POR,ALPHA,BETA,Ks,Kb,Kz,Qthresh,Rs,Rb1,Rb2,Prec,Frac4Rise,Error,BFF
02469500,2.97849e+08,9650.21,100,540.556,0.15,0.011342,1,2726.48,8612.73,1.01213,34252,-0.356675,-0.094014,-0.057859,440.383,0.05,0.434346,0.206143
