tmp.site,tmp.area,Lb,X1,Wb,POR,ALPHA,BETA,Ks,Kb,Kz,Qthresh,Rs,Rb1,Rb2,Prec,Frac4Rise,Error,BFF
06716500,3.80728e+08,10134.8,4.21082,1697.64,0.15,0.005172,2.7,131.609,38.1804,1.11026,92235.7,-0.094621,-0.01985,-0.012258,4599.55,0.05,0.21308,0.671963
