tmp.site,tmp.area,Lb,X1,Wb,POR,ALPHA,BETA,Ks,Kb,Kz,Qthresh,Rs,Rb1,Rb2,Prec,Frac4Rise,Error,BFF
01439590,1.88292e+07,18043,100,150.735,0.15,0.029617,1,187.576,45527.8,0.61387,37921.9,-0.218786,-0.067333,-0.106452,24.4657,0.05,0.588562,0.476915
