tmp.site,tmp.area,Lb,X1,Wb,POR,ALPHA,BETA,Ks,Kb,Kz,Qthresh,Rs,Rb1,Rb2,Prec,Frac4Rise,Error,BFF
08331510,4.76713e+10,21480.8,66.334,2680.08,0.15,0.008729,0.9,2442.37,15005.3,1.0025,1.56581e+06,-0.076785,-0.045746,-0.108373,1028.51,0.05,1.28746,0.614087
