tmp.site,tmp.area,Lb,X1,Wb,POR,ALPHA,BETA,Ks,Kb,Kz,Qthresh,Rs,Rb1,Rb2,Prec,Frac4Rise,Error,BFF
02266496,4.50658e+08,34814.8,100,543.499,0.15,0.042233,1,119.455,37930.4,0.955502,11254.2,-0.081469,-0.045867,-0.073856,24.4657,0.05,2.63116,0.66074
