tmp.site,tmp.area,Lb,X1,Wb,POR,ALPHA,BETA,Ks,Kb,Kz,Qthresh,Rs,Rb1,Rb2,Prec,Frac4Rise,Error,BFF
06914000,8.65056e+08,5405.41,100,787.349,0.15,0.009124,1,3190.34,19304.8,0.956903,97862.9,-0.20387,-0.154527,-0.129337,24.4657,0.05,1.42325,0.136105
