tmp.site,tmp.area,Lb,X1,Wb,POR,ALPHA,BETA,Ks,Kb,Kz,Qthresh,Rs,Rb1,Rb2,Prec,Frac4Rise,Error,BFF
02207448,2.12379e+08,10161.4,0.095204,519.615,0.15,0.017254,1,824.173,15.0587,1.08272,85874.7,-0.192461,-0.069226,-0.070761,1117.1,0.05,0.401185,0.443435
