tmp.site,tmp.area,Lb,X1,Wb,POR,ALPHA,BETA,Ks,Kb,Kz,Qthresh,Rs,Rb1,Rb2,Prec,Frac4Rise,Error,BFF
01350480,4.68788e+07,21920.2,100,137.809,0.15,0.098635,1,1144.89,19608.5,0.947472,905.231,-0.279446,-0.063266,-0.050843,100.309,0.05,0.580749,0.253257
