tmp.site,tmp.area,Lb,X1,Wb,POR,ALPHA,BETA,Ks,Kb,Kz,Qthresh,Rs,Rb1,Rb2,Prec,Frac4Rise,Error,BFF
04101590,1.19505e+08,25610.9,12.8091,1250.73,0.15,0.011356,0.8,163.014,1542.09,0.199829,100065,-0.069412,-0.010922,-0.016065,4781.09,0.05,0.197615,0.83851
