tmp.site,tmp.area,Lb,X1,Wb,POR,ALPHA,BETA,Ks,Kb,Kz,Qthresh,Rs,Rb1,Rb2,Prec,Frac4Rise,Error,BFF
14210000,1.73788e+09,10462.3,100,4543.65,0.15,0.007359,1,3087.88,1512.82,1.51457,1.77376e+06,-0.116882,-0.044132,-0.015632,156091,0.05,0.272273,0.505783
