tmp.site,tmp.area,Lb,X1,Wb,POR,ALPHA,BETA,Ks,Kb,Kz,Qthresh,Rs,Rb1,Rb2,Prec,Frac4Rise,Error,BFF
04074950,1.19916e+09,75517.5,100,728.944,0.15,0.009061,1,457.22,2992.77,0.906244,481975,-0.043506,-0.025995,-0.019031,39879.1,0.05,0.227208,0.577943
