tmp.site,tmp.area,Lb,X1,Wb,POR,ALPHA,BETA,Ks,Kb,Kz,Qthresh,Rs,Rb1,Rb2,Prec,Frac4Rise,Error,BFF
07037300,4.89508e+08,6884.07,100,927.859,0.15,0.010397,1,789.593,9374.47,1.03811,142880,-0.096032,-0.093157,-0.051054,2018.52,0.05,0.350305,0.327525
