tmp.site,tmp.area,Lb,X1,Wb,POR,ALPHA,BETA,Ks,Kb,Kz,Qthresh,Rs,Rb1,Rb2,Prec,Frac4Rise,Error,BFF
01144500,1.05982e+10,10811.8,100,6953.96,0.15,0.026817,1,6887.44,11450.7,2.37781,1.76611e+07,-0.095987,-0.0497,-0.081645,136120,0.05,0.540405,0.543156
