tmp.site,tmp.area,Lb,X1,Wb,POR,ALPHA,BETA,Ks,Kb,Kz,Qthresh,Rs,Rb1,Rb2,Prec,Frac4Rise,Error,BFF
111626182,1.036e+07,5678.68,3.31712,223.542,0.15,0.017564,1,44.5098,125.889,0.311826,2397.64,-0.035421,-0.045033,-0.048456,45.0658,0.05,0.841844,0.519471
