tmp.site,tmp.area,Lb,X1,Wb,POR,ALPHA,BETA,Ks,Kb,Kz,Qthresh,Rs,Rb1,Rb2,Prec,Frac4Rise,Error,BFF
03316000,2.34394e+08,9165.96,100,549.086,0.15,0.01511,1,2177.7,14566.2,1.05103,85630,-0.23941,-0.098043,-0.091166,244.657,0.05,1.48564,0.213988
