tmp.site,tmp.area,Lb,X1,Wb,POR,ALPHA,BETA,Ks,Kb,Kz,Qthresh,Rs,Rb1,Rb2,Prec,Frac4Rise,Error,BFF
11440530,3.10799e+06,1666,207.57,97.8096,0.15,0.019476,1,66.5435,2481.22,0.168102,391.451,-0.13898,-0.041761,-0.039401,24.4657,0.05,0.385558,0.378204
