tmp.site,tmp.area,Lb,X1,Wb,POR,ALPHA,BETA,Ks,Kb,Kz,Qthresh,Rs,Rb1,Rb2,Prec,Frac4Rise,Error,BFF
034315005,3.32606e+10,28273.6,3.66013,7296.58,0.15,0.011046,0.9,9220.72,1929.77,2.87688,6.76428e+06,-0.093595,-0.042059,-0.064008,570051,0.05,0.302545,0.635698
