tmp.site,tmp.area,Lb,X1,Wb,POR,ALPHA,BETA,Ks,Kb,Kz,Qthresh,Rs,Rb1,Rb2,Prec,Frac4Rise,Error,BFF
06834000,3.36698e+09,405784,0.953562,139.042,0.15,0.025833,0.9,2241.86,11.0395,1.23521,102756,-0.089208,-0.028848,-0.033114,890.968,0.05,0.542468,0.397947
