tmp.site,tmp.area,Lb,X1,Wb,POR,ALPHA,BETA,Ks,Kb,Kz,Qthresh,Rs,Rb1,Rb2,Prec,Frac4Rise,Error,BFF
08065350,3.60293e+10,23556,23.179,3816.51,0.15,0.009261,0.9,16228.9,4416.04,1.30637,1.55602e+06,-0.115434,-0.053851,-0.07303,110830,0.05,0.46662,0.294081
