tmp.site,tmp.area,Lb,X1,Wb,POR,ALPHA,BETA,Ks,Kb,Kz,Qthresh,Rs,Rb1,Rb2,Prec,Frac4Rise,Error,BFF
07243500,5.19034e+09,6115.69,100,1625.04,0.15,0.011988,1,5106.17,10299.3,1.03302,220191,-0.089353,-0.099822,-0.085652,269.123,0.05,0.632236,0.201279
