tmp.site,tmp.area,Lb,X1,Wb,POR,ALPHA,BETA,Ks,Kb,Kz,Qthresh,Rs,Rb1,Rb2,Prec,Frac4Rise,Error,BFF
06098800,1.36441e+09,25530.6,100,586.982,0.15,0.012217,1,803.551,36159.9,0.904967,91501.8,-0.098193,-0.042011,-0.072034,400.455,0.05,0.616482,0.592548
