tmp.site,tmp.area,Lb,X1,Wb,POR,ALPHA,BETA,Ks,Kb,Kz,Qthresh,Rs,Rb1,Rb2,Prec,Frac4Rise,Error,BFF
01518420,1.92436e+08,21414.7,87.1256,384.718,0.15,0.010777,1.5,1108.96,18615.9,1.19302,24955,-0.287554,-0.081987,-0.050668,435.49,0.05,0.328934,0.408995
