tmp.site,tmp.area,Lb,X1,Wb,POR,ALPHA,BETA,Ks,Kb,Kz,Qthresh,Rs,Rb1,Rb2,Prec,Frac4Rise,Error,BFF
02344500,7.04477e+08,6026.8,202.923,1097.11,0.15,0.013187,1,3228.24,10823.9,0.823652,389005,-0.154401,-0.079573,-0.072251,2935.89,0.05,0.412314,0.314056
