tmp.site,tmp.area,Lb,X1,Wb,POR,ALPHA,BETA,Ks,Kb,Kz,Qthresh,Rs,Rb1,Rb2,Prec,Frac4Rise,Error,BFF
07191222,1.53068e+08,8878.05,0.466276,330.813,0.15,0.014427,1,363.35,32.7087,1.13115,24955,-0.152045,-0.06653,-0.072055,24.4657,0.05,2.81659,0.239137
