tmp.site,tmp.area,Lb,X1,Wb,POR,ALPHA,BETA,Ks,Kb,Kz,Qthresh,Rs,Rb1,Rb2,Prec,Frac4Rise,Error,BFF
02045500,1.49442e+09,16626.2,0.727216,1081.36,0.15,0.008402,1.1,4710.32,152.477,0.908395,606750,-0.205876,-0.073297,-0.064802,3425.2,0.05,0.411653,0.375679
