tmp.site,tmp.area,Lb,X1,Wb,POR,ALPHA,BETA,Ks,Kb,Kz,Qthresh,Rs,Rb1,Rb2,Prec,Frac4Rise,Error,BFF
14163150,2.66769e+09,13874.7,100,105734,0.15,0.000287,1,1984.1,17.9098,1.38479,2.44657e+06,-0.066766,-0.043531,-0.047183,142146,0.05,0.289833,0.343706
