tmp.site,tmp.area,Lb,X1,Wb,POR,ALPHA,BETA,Ks,Kb,Kz,Qthresh,Rs,Rb1,Rb2,Prec,Frac4Rise,Error,BFF
12100500,1.23542e+09,7609.97,80.3287,1094.51,0.15,0.003757,1.1,563.224,1749.27,0.916295,132115,-0.11368,-0.105308,-0.084564,12722.2,0.05,0.396957,0.168249
