tmp.site,tmp.area,Lb,X1,Wb,POR,ALPHA,BETA,Ks,Kb,Kz,Qthresh,Rs,Rb1,Rb2,Prec,Frac4Rise,Error,BFF
06794000,1.75342e+09,28046.6,23.2762,661.557,0.15,0.002858,1,242.927,1694.38,0.9679,229978,-0.117165,-0.04539,-0.04841,3669.86,0.05,0.467788,0.465852
