tmp.site,tmp.area,Lb,X1,Wb,POR,ALPHA,BETA,Ks,Kb,Kz,Qthresh,Rs,Rb1,Rb2,Prec,Frac4Rise,Error,BFF
01486000,1.24319e+07,6398.43,32.936,143.087,0.15,0.014117,1.5,208.155,2233.58,0.529627,2446.57,-0.255413,-0.068687,-0.040898,24.4657,0.05,0.417482,0.412972
