tmp.site,tmp.area,Lb,X1,Wb,POR,ALPHA,BETA,Ks,Kb,Kz,Qthresh,Rs,Rb1,Rb2,Prec,Frac4Rise,Error,BFF
02055000,9.94555e+08,21631.9,253.52,912.606,0.15,0.0097,4,2132.91,3178.49,0.374045,200619,-0.171964,-0.064006,-0.036632,10390.8,0.05,0.331771,0.433195
