tmp.site,tmp.area,Lb,X1,Wb,POR,ALPHA,BETA,Ks,Kb,Kz,Qthresh,Rs,Rb1,Rb2,Prec,Frac4Rise,Error,BFF
06403700,2.65707e+10,5227.16,125.773,1630.72,0.15,0.004603,1.5,2242.41,61.2764,0.154075,347413,-0.062122,-0.050213,-0.033641,5464.17,0.05,0.339538,0.34506
