tmp.site,tmp.area,Lb,X1,Wb,POR,ALPHA,BETA,Ks,Kb,Kz,Qthresh,Rs,Rb1,Rb2,Prec,Frac4Rise,Error,BFF
07176000,1.6708e+10,10698.8,100,1629.56,0.15,0.011469,1,4116.95,18076.1,1.49457,340073,-0.044351,-0.085303,-0.142881,562.711,0.05,1.28653,0.124336
