tmp.site,tmp.area,Lb,X1,Wb,POR,ALPHA,BETA,Ks,Kb,Kz,Qthresh,Rs,Rb1,Rb2,Prec,Frac4Rise,Error,BFF
03260015,1.655e+07,9079.75,186.62,56.5228,0.15,0.031678,0.9,742.927,60627.8,1.00955,11988.2,-0.629046,-0.100967,-0.20738,24.4657,0.05,0.856143,0.18814
