tmp.site,tmp.area,Lb,X1,Wb,POR,ALPHA,BETA,Ks,Kb,Kz,Qthresh,Rs,Rb1,Rb2,Prec,Frac4Rise,Error,BFF
04176356,1.07744e+08,31713.6,100,232.748,0.15,0.026153,1,1104.12,5500.44,0.955616,15823.2,-0.204763,-0.075802,-0.021855,1272.09,0.05,0.409179,0.327998
