tmp.site,tmp.area,Lb,X1,Wb,POR,ALPHA,BETA,Ks,Kb,Kz,Qthresh,Rs,Rb1,Rb2,Prec,Frac4Rise,Error,BFF
09507980,8.57286e+08,31864.4,100,201.794,0.15,0.021039,1,2759.86,3432.76,0.894495,88076.6,-0.143841,-0.060046,-0.077119,24.4657,0.05,19.9798,0.140642
