tmp.site,tmp.area,Lb,X1,Wb,POR,ALPHA,BETA,Ks,Kb,Kz,Qthresh,Rs,Rb1,Rb2,Prec,Frac4Rise,Error,BFF
04232730,2.03314e+09,20480.2,55.4984,1835.22,0.15,0.01149,0.9,930.911,20735.8,0.905889,1.32604e+06,-0.051004,-0.046209,-0.113539,12281.8,0.05,0.960382,0.695386
