tmp.site,tmp.area,Lb,X1,Wb,POR,ALPHA,BETA,Ks,Kb,Kz,Qthresh,Rs,Rb1,Rb2,Prec,Frac4Rise,Error,BFF
03289500,1.22506e+09,30452.1,44.7951,1272.36,0.15,0.010355,1.3,5056.76,23373.6,1.22029,154134,-0.193253,-0.093918,-0.064882,2299.78,0.05,0.404295,0.432651
