tmp.site,tmp.area,Lb,X1,Wb,POR,ALPHA,BETA,Ks,Kb,Kz,Qthresh,Rs,Rb1,Rb2,Prec,Frac4Rise,Error,BFF
05366000,1.3183e+09,19387.1,313.487,898.006,0.15,0.005022,4.6,1470.28,6494.85,0.888153,278909,-0.163247,-0.079724,-0.034242,12232.9,0.05,0.382726,0.329608
