tmp.site,tmp.area,Lb,X1,Wb,POR,ALPHA,BETA,Ks,Kb,Kz,Qthresh,Rs,Rb1,Rb2,Prec,Frac4Rise,Error,BFF
08075605,1.28204e+07,13631.9,5361.17,150.345,0.15,0.016006,10.1,204.605,1447.8,0.727154,10251.1,-0.148133,-0.139463,-0.072824,557.158,0.05,0.235458,0.293503
