tmp.site,tmp.area,Lb,X1,Wb,POR,ALPHA,BETA,Ks,Kb,Kz,Qthresh,Rs,Rb1,Rb2,Prec,Frac4Rise,Error,BFF
06360500,1.26625e+10,6708.45,0.392713,1810.76,0.15,0.013518,1,5438.95,78.1559,0.989502,112542,-0.143254,-0.090321,-0.133064,24.4657,0.05,9.42136,0.31045
