tmp.site,tmp.area,Lb,X1,Wb,POR,ALPHA,BETA,Ks,Kb,Kz,Qthresh,Rs,Rb1,Rb2,Prec,Frac4Rise,Error,BFF
12442500,9.19446e+09,20326.4,119.82,3398.48,0.15,0.007958,1.2,1238.02,9566.92,0.862159,1.7126e+06,-0.05268,-0.027672,-0.021661,53824.6,0.05,0.308652,0.577348
