tmp.site,tmp.area,Lb,X1,Wb,POR,ALPHA,BETA,Ks,Kb,Kz,Qthresh,Rs,Rb1,Rb2,Prec,Frac4Rise,Error,BFF
04220045,3.78138e+08,28158.7,100,513.979,0.15,0.029093,1,390.448,26082.2,1.01611,71684.5,-0.106587,-0.044897,-0.071617,110.096,0.05,0.629179,0.505306
