tmp.site,tmp.area,Lb,X1,Wb,POR,ALPHA,BETA,Ks,Kb,Kz,Qthresh,Rs,Rb1,Rb2,Prec,Frac4Rise,Error,BFF
06409000,2.04868e+08,722172,100,250.728,0.15,0.048954,1,5572.86,189.317,0.584066,24465.7,-0.118194,-0.014081,-0.015554,1027.56,0.05,0.371051,0.56534
