tmp.site,tmp.area,Lb,X1,Wb,POR,ALPHA,BETA,Ks,Kb,Kz,Qthresh,Rs,Rb1,Rb2,Prec,Frac4Rise,Error,BFF
12096865,9.09086e+07,11003.8,100,623.197,0.15,0.007576,1,9.66114,2566.41,0.618078,99575.5,-0.089999,-0.031563,-0.012342,6728.07,0.05,0.298645,0.516065
