tmp.site,tmp.area,Lb,X1,Wb,POR,ALPHA,BETA,Ks,Kb,Kz,Qthresh,Rs,Rb1,Rb2,Prec,Frac4Rise,Error,BFF
01104460,5.69797e+07,12954.7,100,323.126,0.15,0.025083,1,240.131,13638.7,0.662751,69238,-0.079167,-0.042902,-0.04416,956.609,0.05,0.346115,0.572015
