tmp.site,tmp.area,Lb,X1,Wb,POR,ALPHA,BETA,Ks,Kb,Kz,Qthresh,Rs,Rb1,Rb2,Prec,Frac4Rise,Error,BFF
09246500,5.74977e+08,71343.4,1.55601,46.2633,0.15,0.02257,0.9,1575.33,49.7863,0.793398,14581.6,-0.013511,-0.050776,-0.108369,24.4657,0.05,25.1296,0.032385
