tmp.site,tmp.area,Lb,X1,Wb,POR,ALPHA,BETA,Ks,Kb,Kz,Qthresh,Rs,Rb1,Rb2,Prec,Frac4Rise,Error,BFF
08108700,1.01136e+11,12381.5,107.477,7372.81,0.15,0.010778,1,27672.9,12054.9,0.751485,1.22329e+06,-0.133779,-0.059713,-0.057844,44772.3,0.05,0.428485,0.35123
