tmp.site,tmp.area,Lb,X1,Wb,POR,ALPHA,BETA,Ks,Kb,Kz,Qthresh,Rs,Rb1,Rb2,Prec,Frac4Rise,Error,BFF
14151000,4.81738e+08,4110.25,26.5539,1620.62,0.15,0.005094,0.9,189.923,615.057,0.914135,592070,-0.013059,-0.06326,-0.084085,6605.74,0.05,0.599027,0.202646
