tmp.site,tmp.area,Lb,X1,Wb,POR,ALPHA,BETA,Ks,Kb,Kz,Qthresh,Rs,Rb1,Rb2,Prec,Frac4Rise,Error,BFF
05540130,3.18569e+08,16201,67.5992,576.727,0.15,0.010491,1.4,1494.37,10607.8,1.11962,88076.6,-0.220837,-0.080966,-0.061827,6605.74,0.05,0.358726,0.436262
