tmp.site,tmp.area,Lb,X1,Wb,POR,ALPHA,BETA,Ks,Kb,Kz,Qthresh,Rs,Rb1,Rb2,Prec,Frac4Rise,Error,BFF
14173500,9.63476e+08,87933.1,117.507,619.406,0.15,0.00673,1.2,2474.54,72639.7,1.41182,36698.6,-0.143841,-0.069899,-0.047482,3425.2,0.05,0.32411,0.350523
