tmp.site,tmp.area,Lb,X1,Wb,POR,ALPHA,BETA,Ks,Kb,Kz,Qthresh,Rs,Rb1,Rb2,Prec,Frac4Rise,Error,BFF
06430500,1.2406e+09,8.14328e+06,100,102.601,0.15,0.042899,1,2080.35,3847.22,0.968119,91257.1,-0.058892,-0.019025,-0.031227,1321.15,0.05,0.530412,0.614494
