tmp.site,tmp.area,Lb,X1,Wb,POR,ALPHA,BETA,Ks,Kb,Kz,Qthresh,Rs,Rb1,Rb2,Prec,Frac4Rise,Error,BFF
10297500,1.28722e+09,44485.3,100,648.757,0.15,0.02032,1,224.826,25379.1,0.986861,114989,-0.041443,-0.030203,-0.035371,2324.24,0.05,0.494086,0.60857
