tmp.site,tmp.area,Lb,X1,Wb,POR,ALPHA,BETA,Ks,Kb,Kz,Qthresh,Rs,Rb1,Rb2,Prec,Frac4Rise,Error,BFF
13057940,1.47111e+09,22199.4,320.071,529.586,0.15,0.022195,1,935.429,1811.5,1.13711,171260,-0.102336,-0.026088,-0.024496,1712.6,0.05,0.510724,0.247958
