tmp.site,tmp.area,Lb,X1,Wb,POR,ALPHA,BETA,Ks,Kb,Kz,Qthresh,Rs,Rb1,Rb2,Prec,Frac4Rise,Error,BFF
072632962,2.25329e+07,3063.5,231.002,201.37,0.15,0.030943,0.9,220.458,17243.8,0.541874,31071.5,-0.128149,-0.090845,-0.146558,24.4657,0.05,1.68622,0.244654
