tmp.site,tmp.area,Lb,X1,Wb,POR,ALPHA,BETA,Ks,Kb,Kz,Qthresh,Rs,Rb1,Rb2,Prec,Frac4Rise,Error,BFF
07083710,6.16417e+08,30764.5,100,485.796,0.15,0.009586,1,438.304,9228.33,0.955847,169303,-0.092764,-0.032821,-0.01617,11254.2,0.05,0.368108,0.431421
