tmp.site,tmp.area,Lb,X1,Wb,POR,ALPHA,BETA,Ks,Kb,Kz,Qthresh,Rs,Rb1,Rb2,Prec,Frac4Rise,Error,BFF
01368050,3.93678e+08,6658.22,15.1687,1430.08,0.15,0.016495,1,3347.72,1303.45,1.32317,45173.5,-0.228176,-0.061195,-0.061354,3547.53,0.05,0.359295,0.468102
