tmp.site,tmp.area,Lb,X1,Wb,POR,ALPHA,BETA,Ks,Kb,Kz,Qthresh,Rs,Rb1,Rb2,Prec,Frac4Rise,Error,BFF
14185600,8.41746e+07,116178,38576.1,362.48,0.15,0.019876,10,551.592,1260.71,0.277894,18700.4,-0.235459,-0.030289,-0.008544,1892.08,0.05,0.380859,0.277461
