tmp.site,tmp.area,Lb,X1,Wb,POR,ALPHA,BETA,Ks,Kb,Kz,Qthresh,Rs,Rb1,Rb2,Prec,Frac4Rise,Error,BFF
03052450,5.62027e+08,5727.66,100,1967.94,0.15,0.025913,1,3206.05,17180.3,0.950382,43304.3,-0.244882,-0.071156,-0.10619,383.084,0.05,0.379474,0.498045
