tmp.site,tmp.area,Lb,X1,Wb,POR,ALPHA,BETA,Ks,Kb,Kz,Qthresh,Rs,Rb1,Rb2,Prec,Frac4Rise,Error,BFF
02357150,1.47888e+09,15743.6,226.836,1951.93,0.15,0.009286,1,318.05,20491,1.00196,396345,-0.077219,-0.024451,-0.024206,18553.1,0.05,0.259924,0.725
