tmp.site,tmp.area,Lb,X1,Wb,POR,ALPHA,BETA,Ks,Kb,Kz,Qthresh,Rs,Rb1,Rb2,Prec,Frac4Rise,Error,BFF
05122000,3.18569e+10,24637.5,100,1542.57,0.15,0.010236,1,2162.27,11227.4,0.986736,440383,-0.086448,-0.034997,-0.047489,122.329,0.05,1.52052,0.358892
