tmp.site,tmp.area,Lb,X1,Wb,POR,ALPHA,BETA,Ks,Kb,Kz,Qthresh,Rs,Rb1,Rb2,Prec,Frac4Rise,Error,BFF
11362500,1.20383e+10,12858.3,44.4867,7289.12,0.15,0.002657,0.9,267.631,1846.93,1.10066,1.32604e+06,-0.043506,-0.046062,-0.072767,12477.5,0.05,1.53992,0.628488
