tmp.site,tmp.area,Lb,X1,Wb,POR,ALPHA,BETA,Ks,Kb,Kz,Qthresh,Rs,Rb1,Rb2,Prec,Frac4Rise,Error,BFF
09385700,2.18854e+09,90645,83.1976,45.8706,0.15,0.047102,0.9,1034.81,2105.79,1.16158,8624.65,-0.074541,-0.036713,-0.138916,24.4657,0.05,20.2688,0.201392
