tmp.site,tmp.area,Lb,X1,Wb,POR,ALPHA,BETA,Ks,Kb,Kz,Qthresh,Rs,Rb1,Rb2,Prec,Frac4Rise,Error,BFF
02205865,5.43898e+07,5392.94,100,280.681,0.15,0.01181,1,1241.37,12504,0.925418,43059.7,-0.583884,-0.11225,-0.12321,179.309,0.05,0.467739,0.222651
