tmp.site,tmp.area,Lb,X1,Wb,POR,ALPHA,BETA,Ks,Kb,Kz,Qthresh,Rs,Rb1,Rb2,Prec,Frac4Rise,Error,BFF
06340010,4.86918e+09,8694.94,3314.49,1271.72,0.15,0.008993,3.5,1683.48,3613.15,0.704333,53824.6,-0.052894,-0.085707,-0.039137,2666.76,0.05,0.422163,0.210146
