tmp.site,tmp.area,Lb,X1,Wb,POR,ALPHA,BETA,Ks,Kb,Kz,Qthresh,Rs,Rb1,Rb2,Prec,Frac4Rise,Error,BFF
04177720,9.71246e+07,23409,100,202.769,0.15,0.02069,1,296.942,46036.4,0.97708,17884.4,-0.155223,-0.07874,-0.068418,288.695,0.05,0.399174,0.451378
