tmp.site,tmp.area,Lb,X1,Wb,POR,ALPHA,BETA,Ks,Kb,Kz,Qthresh,Rs,Rb1,Rb2,Prec,Frac4Rise,Error,BFF
01621050,3.70368e+07,15431,100,155.862,0.15,0.020112,1,158.53,11072.3,0.560337,4624.02,-0.275528,-0.040899,-0.038891,102.756,0.05,0.344668,0.480861
