tmp.site,tmp.area,Lb,X1,Wb,POR,ALPHA,BETA,Ks,Kb,Kz,Qthresh,Rs,Rb1,Rb2,Prec,Frac4Rise,Error,BFF
0214183365,8.78006e+07,24494.1,100,312.346,0.15,0.012836,1,499.906,6421.09,0.925566,51152.9,-0.374393,-0.062374,-0.040715,3110.08,0.05,0.260805,0.46636
