tmp.site,tmp.area,Lb,X1,Wb,POR,ALPHA,BETA,Ks,Kb,Kz,Qthresh,Rs,Rb1,Rb2,Prec,Frac4Rise,Error,BFF
02405500,4.99868e+08,8037,0.111677,1205.78,0.15,0.016565,1.2,3094.65,17.1891,1.45812,6361.09,-0.253459,-0.098976,-0.066845,587.177,0.05,0.420915,0.393945
