tmp.site,tmp.area,Lb,X1,Wb,POR,ALPHA,BETA,Ks,Kb,Kz,Qthresh,Rs,Rb1,Rb2,Prec,Frac4Rise,Error,BFF
13335050,8.36566e+08,105588,100,407.802,0.15,0.027179,1,2463.31,264.758,0.990801,113521,-0.075085,-0.032412,-0.011477,6116.43,0.05,0.437092,0.345938
