tmp.site,tmp.area,Lb,X1,Wb,POR,ALPHA,BETA,Ks,Kb,Kz,Qthresh,Rs,Rb1,Rb2,Prec,Frac4Rise,Error,BFF
08121000,1.02719e+10,2771.52,100,189.05,0.15,0.007772,1,9307.23,7747.42,0.881829,56271.1,-0.168236,-0.17013,-0.203345,24.4657,0.05,2.9871,0.0211
