tmp.site,tmp.area,Lb,X1,Wb,POR,ALPHA,BETA,Ks,Kb,Kz,Qthresh,Rs,Rb1,Rb2,Prec,Frac4Rise,Error,BFF
01109070,2.74539e+07,12071,100,193,0.15,0.040748,1,210.272,32192.9,0.767604,54313.9,-0.213754,-0.072463,-0.113417,24.4657,0.05,0.563166,0.449785
