tmp.site,tmp.area,Lb,X1,Wb,POR,ALPHA,BETA,Ks,Kb,Kz,Qthresh,Rs,Rb1,Rb2,Prec,Frac4Rise,Error,BFF
01667500,1.21211e+09,12814.8,100,1462.05,0.15,0.012779,1,3318.91,11819.6,0.903831,313161,-0.296349,-0.054731,-0.051105,5580.87,0.05,0.35712,0.444844
