tmp.site,tmp.area,Lb,X1,Wb,POR,ALPHA,BETA,Ks,Kb,Kz,Qthresh,Rs,Rb1,Rb2,Prec,Frac4Rise,Error,BFF
06078200,5.33667e+10,87483.9,100,8806.67,0.15,0.00942,1,2551.8,1239.37,0.893528,9.4193e+06,-0.027034,-0.01888,-0.011977,707059,0.05,0.255633,0.679029
