tmp.site,tmp.area,Lb,X1,Wb,POR,ALPHA,BETA,Ks,Kb,Kz,Qthresh,Rs,Rb1,Rb2,Prec,Frac4Rise,Error,BFF
06449500,2.67546e+09,911647,100,234.134,0.15,0.035425,1,1655.42,206.501,0.975805,308268,-0.084745,-0.022132,-0.023718,10764.9,0.05,0.345331,0.51289
