tmp.site,tmp.area,Lb,X1,Wb,POR,ALPHA,BETA,Ks,Kb,Kz,Qthresh,Rs,Rb1,Rb2,Prec,Frac4Rise,Error,BFF
06026500,1.97253e+10,18478.1,2.53482,6067.5,0.15,0.005861,1,82.7012,487.243,1.04458,4.06131e+06,-0.043506,-0.030482,-0.030502,64100.2,0.05,0.312857,0.796857
