tmp.site,tmp.area,Lb,X1,Wb,POR,ALPHA,BETA,Ks,Kb,Kz,Qthresh,Rs,Rb1,Rb2,Prec,Frac4Rise,Error,BFF
01350212,1.04895e+09,8362.67,100,2041.54,0.15,0.011702,1,4089.17,28462.5,0.902382,36478.4,-0.183327,-0.080772,-0.105215,2593.37,0.05,0.491306,0.530678
