tmp.site,tmp.area,Lb,X1,Wb,POR,ALPHA,BETA,Ks,Kb,Kz,Qthresh,Rs,Rb1,Rb2,Prec,Frac4Rise,Error,BFF
10172800,1.08521e+07,10073.5,100,177.772,0.15,0.009186,1,88.2829,353.684,0.126497,3914.51,-0.063192,-0.016641,-0.005919,377.922,0.05,0.267818,0.405527
