tmp.site,tmp.area,Lb,X1,Wb,POR,ALPHA,BETA,Ks,Kb,Kz,Qthresh,Rs,Rb1,Rb2,Prec,Frac4Rise,Error,BFF
07026040,4.85623e+09,117319,61.6507,905.437,0.15,0.003724,1.7,3349.75,16812,0.837192,861193,-0.127638,-0.094932,-0.063638,70950.6,0.05,0.375315,0.268448
