tmp.site,tmp.area,Lb,X1,Wb,POR,ALPHA,BETA,Ks,Kb,Kz,Qthresh,Rs,Rb1,Rb2,Prec,Frac4Rise,Error,BFF
01406000,2.09012e+07,20614.6,29.2003,177.768,0.15,0.018281,1.4,404.027,7745.46,0.808417,28624.9,-0.296148,-0.073847,-0.056636,244.657,0.05,0.327222,0.466088
