tmp.site,tmp.area,Lb,X1,Wb,POR,ALPHA,BETA,Ks,Kb,Kz,Qthresh,Rs,Rb1,Rb2,Prec,Frac4Rise,Error,BFF
02307000,9.06496e+07,24717.6,100,261.178,0.15,0.028619,1,286.071,34725.2,0.923373,20306.5,-0.180001,-0.059386,-0.064685,97.9607,0.05,0.62523,0.459138
