tmp.site,tmp.area,Lb,X1,Wb,POR,ALPHA,BETA,Ks,Kb,Kz,Qthresh,Rs,Rb1,Rb2,Prec,Frac4Rise,Error,BFF
03349000,2.22221e+09,11888,3182.91,1855.95,0.15,0.007134,10.1,4701.51,1965.12,0.869082,347413,-0.174153,-0.084478,-0.035675,22508.5,0.05,0.341059,0.351813
