tmp.site,tmp.area,Lb,X1,Wb,POR,ALPHA,BETA,Ks,Kb,Kz,Qthresh,Rs,Rb1,Rb2,Prec,Frac4Rise,Error,BFF
0422027430,2.0435e+07,1836.45,201.617,152.364,0.15,0.022869,1,147.22,8050.41,0.706965,2177.45,-0.258798,-0.0804,-0.07561,154.134,0.05,0.408492,0.326622
