tmp.site,tmp.area,Lb,X1,Wb,POR,ALPHA,BETA,Ks,Kb,Kz,Qthresh,Rs,Rb1,Rb2,Prec,Frac4Rise,Error,BFF
01474500,4.90285e+09,35848.7,25.2011,2589.36,0.15,0.010434,1.1,9514.25,7523.51,1.2624,1.71749e+06,-0.252572,-0.058629,-0.052967,31228,0.05,0.360459,0.459492
