tmp.site,tmp.area,Lb,X1,Wb,POR,ALPHA,BETA,Ks,Kb,Kz,Qthresh,Rs,Rb1,Rb2,Prec,Frac4Rise,Error,BFF
12020800,6.99297e+07,9514.21,100,630.189,0.15,0.012437,1,647.463,12960.5,1.01432,325394,-0.195212,-0.061353,-0.09505,1317.48,0.05,0.655755,0.407662
