tmp.site,tmp.area,Lb,X1,Wb,POR,ALPHA,BETA,Ks,Kb,Kz,Qthresh,Rs,Rb1,Rb2,Prec,Frac4Rise,Error,BFF
06715000,2.23516e+08,16112.2,785.841,446.929,0.15,0.010203,1.2,282.073,8131.41,0.360204,31805.4,-0.084343,-0.020425,-0.014435,2446.57,0.05,0.280321,0.351899
