tmp.site,tmp.area,Lb,X1,Wb,POR,ALPHA,BETA,Ks,Kb,Kz,Qthresh,Rs,Rb1,Rb2,Prec,Frac4Rise,Error,BFF
08175800,1.2779e+10,12743.8,365.19,4309.57,0.15,0.006364,1.3,5324.02,3255.48,0.24699,2.20306e+06,-0.096343,-0.049982,-0.036607,27646.3,0.05,0.343366,0.406074
