tmp.site,tmp.area,Lb,X1,Wb,POR,ALPHA,BETA,Ks,Kb,Kz,Qthresh,Rs,Rb1,Rb2,Prec,Frac4Rise,Error,BFF
05412400,9.01316e+08,12143.7,1643.17,1149.87,0.15,0.009051,10,746.882,1702.92,1.22177,96639.6,-0.112975,-0.053679,-0.02896,9248.04,0.05,0.307899,0.476659
