tmp.site,tmp.area,Lb,X1,Wb,POR,ALPHA,BETA,Ks,Kb,Kz,Qthresh,Rs,Rb1,Rb2,Prec,Frac4Rise,Error,BFF
09057500,1.54622e+09,30395.9,22.3868,1112.42,0.15,0.008245,0.9,237.155,1291.27,0.978791,1.08138e+06,-0.012005,-0.035792,-0.072354,7829.03,0.05,1.18535,0.511244
