tmp.site,tmp.area,Lb,X1,Wb,POR,ALPHA,BETA,Ks,Kb,Kz,Qthresh,Rs,Rb1,Rb2,Prec,Frac4Rise,Error,BFF
04292500,1.77673e+09,36778.7,36.0725,1236.49,0.15,0.008554,1.3,4154.97,9514.71,1.19861,1.25754e+06,-0.186539,-0.065513,-0.052103,41102.4,0.05,0.336705,0.468486
