tmp.site,tmp.area,Lb,X1,Wb,POR,ALPHA,BETA,Ks,Kb,Kz,Qthresh,Rs,Rb1,Rb2,Prec,Frac4Rise,Error,BFF
06906000,6.91527e+08,15992.4,0.918909,439.296,0.15,0.008265,1.2,3165.59,263.514,1.88672,11939.3,-0.215695,-0.15291,-0.100944,48.9314,0.05,0.737732,0.131441
