tmp.site,tmp.area,Lb,X1,Wb,POR,ALPHA,BETA,Ks,Kb,Kz,Qthresh,Rs,Rb1,Rb2,Prec,Frac4Rise,Error,BFF
02302500,2.84899e+08,24888.3,199.498,305.597,0.15,0.015466,1,753.894,92901.5,1.33155,46484.9,-0.168236,-0.078911,-0.093502,24.4657,0.05,1.03425,0.34321
