tmp.site,tmp.area,Lb,X1,Wb,POR,ALPHA,BETA,Ks,Kb,Kz,Qthresh,Rs,Rb1,Rb2,Prec,Frac4Rise,Error,BFF
08059350,2.69359e+08,27678.1,100,689.9,0.15,0.005476,1,346.828,175.037,0.965299,228999,-0.066159,-0.088736,-0.234235,24.4657,0.05,472.903,0.352719
