tmp.site,tmp.area,Lb,X1,Wb,POR,ALPHA,BETA,Ks,Kb,Kz,Qthresh,Rs,Rb1,Rb2,Prec,Frac4Rise,Error,BFF
07075300,3.83318e+08,12642.1,0.084436,819.799,0.15,0.018235,1,1816.71,23.21,1.02088,41591.7,-0.150933,-0.080536,-0.099645,24.4657,0.05,1.80508,0.364053
