tmp.site,tmp.area,Lb,X1,Wb,POR,ALPHA,BETA,Ks,Kb,Kz,Qthresh,Rs,Rb1,Rb2,Prec,Frac4Rise,Error,BFF
11252975,4.68529e+09,91335.2,100,859.399,0.15,0.005791,1,1057.11,382.982,0.954293,699719,-0.034496,-0.044243,-0.039291,15174.9,0.05,0.481922,0.445292
