tmp.site,tmp.area,Lb,X1,Wb,POR,ALPHA,BETA,Ks,Kb,Kz,Qthresh,Rs,Rb1,Rb2,Prec,Frac4Rise,Error,BFF
02482550,3.48612e+09,17310.9,26.7654,4452.71,0.15,0.007237,1.5,9794.82,5546.21,1.71029,146794,-0.063324,-0.081576,-0.045218,12519.4,0.05,0.377883,0.595824
