tmp.site,tmp.area,Lb,X1,Wb,POR,ALPHA,BETA,Ks,Kb,Kz,Qthresh,Rs,Rb1,Rb2,Prec,Frac4Rise,Error,BFF
03378000,5.90517e+08,6372.45,100,1653.61,0.15,0.06023,1,2904.33,32228.5,0.962257,166367,-0.121335,-0.138429,-0.228568,24.4657,0.05,3.69571,0.285312
