tmp.site,tmp.area,Lb,X1,Wb,POR,ALPHA,BETA,Ks,Kb,Kz,Qthresh,Rs,Rb1,Rb2,Prec,Frac4Rise,Error,BFF
07019090,1.97357e+07,12049.8,100,83.4011,0.15,0.026212,1,382.254,6028.59,0.839646,1394.55,-0.255095,-0.085938,-0.053306,112.542,0.05,0.52823,0.216945
