tmp.site,tmp.area,Lb,X1,Wb,POR,ALPHA,BETA,Ks,Kb,Kz,Qthresh,Rs,Rb1,Rb2,Prec,Frac4Rise,Error,BFF
10251300,8.00306e+09,10700.5,100,24.3807,0.15,0.012797,1,1739.25,6768.94,0.903372,464.849,-0.143841,-0.113719,-0.03702,24.4657,0.05,0.891928,0.037377
