tmp.site,tmp.area,Lb,X1,Wb,POR,ALPHA,BETA,Ks,Kb,Kz,Qthresh,Rs,Rb1,Rb2,Prec,Frac4Rise,Error,BFF
06799315,1.12923e+10,11317.7,2.21238,2606.52,0.15,0.004592,2.6,1184.48,18.8608,0.974812,1.87897e+06,-0.055388,-0.041659,-0.028779,29358.9,0.05,0.378374,0.514871
