tmp.site,tmp.area,Lb,X1,Wb,POR,ALPHA,BETA,Ks,Kb,Kz,Qthresh,Rs,Rb1,Rb2,Prec,Frac4Rise,Error,BFF
02312200,3.75548e+08,75602.1,100,372.39,0.15,0.040149,1,163.339,88402.9,0.972366,129556,-0.085445,-0.04051,-0.066433,24.4657,0.05,1.26162,0.540679
