tmp.site,tmp.area,Lb,X1,Wb,POR,ALPHA,BETA,Ks,Kb,Kz,Qthresh,Rs,Rb1,Rb2,Prec,Frac4Rise,Error,BFF
03153500,2.36466e+09,6030.17,100,2238.11,0.15,0.012652,1,10419.9,13691.5,1.68058,102756,-0.237447,-0.112515,-0.097917,308.513,0.05,0.468101,0.264649
