tmp.site,tmp.area,Lb,X1,Wb,POR,ALPHA,BETA,Ks,Kb,Kz,Qthresh,Rs,Rb1,Rb2,Prec,Frac4Rise,Error,BFF
07177650,2.10048e+07,4440.55,100,69.0404,0.15,0.039909,1,594.599,14498.9,0.921551,3523.06,-0.346574,-0.143367,-0.138528,24.4657,0.05,1.16969,0.106472
