tmp.site,tmp.area,Lb,X1,Wb,POR,ALPHA,BETA,Ks,Kb,Kz,Qthresh,Rs,Rb1,Rb2,Prec,Frac4Rise,Error,BFF
01429500,1.67313e+08,24053.7,70.4704,423.255,0.15,0.014403,1.5,1153.48,13962.7,0.77722,22019.1,-0.241725,-0.075574,-0.048208,1003.09,0.05,0.358723,0.421604
