tmp.site,tmp.area,Lb,X1,Wb,POR,ALPHA,BETA,Ks,Kb,Kz,Qthresh,Rs,Rb1,Rb2,Prec,Frac4Rise,Error,BFF
12448000,1.35974e+09,16718.1,12.9136,2896.48,0.15,0.008265,1.3,193.906,1730.61,0.895799,308268,-0.052944,-0.029745,-0.021635,8830.17,0.05,0.246073,0.824118
