tmp.site,tmp.area,Lb,X1,Wb,POR,ALPHA,BETA,Ks,Kb,Kz,Qthresh,Rs,Rb1,Rb2,Prec,Frac4Rise,Error,BFF
07076517,3.47058e+09,27847,29.9518,4029.95,0.15,0.022322,0.9,10559.6,22154.1,0.963289,237317,-0.110567,-0.052947,-0.136519,19182.1,0.05,0.660974,0.403773
