tmp.site,tmp.area,Lb,X1,Wb,POR,ALPHA,BETA,Ks,Kb,Kz,Qthresh,Rs,Rb1,Rb2,Prec,Frac4Rise,Error,BFF
01010500,6.98002e+09,8012.58,49.6622,4911.9,0.15,0.005392,1.1,20732.3,1084.72,2.4717,1.34561e+06,-0.106787,-0.062297,-0.050168,64834.1,0.05,0.457054,0.273991
