tmp.site,tmp.area,Lb,X1,Wb,POR,ALPHA,BETA,Ks,Kb,Kz,Qthresh,Rs,Rb1,Rb2,Prec,Frac4Rise,Error,BFF
02032250,1.99429e+08,12386.8,100,498.42,0.15,0.018222,1,925.332,21852.8,0.911708,75109.7,-0.200612,-0.070581,-0.073948,225.085,0.05,0.444809,0.389358
