tmp.site,tmp.area,Lb,X1,Wb,POR,ALPHA,BETA,Ks,Kb,Kz,Qthresh,Rs,Rb1,Rb2,Prec,Frac4Rise,Error,BFF
14139940,2.66769e+08,25253.8,35.0055,2318.17,0.15,0.009696,0.9,148.403,10220,0.981035,70559.1,-0.025939,-0.058947,-0.098223,5178.41,0.05,0.809695,0.85496
