tmp.site,tmp.area,Lb,X1,Wb,POR,ALPHA,BETA,Ks,Kb,Kz,Qthresh,Rs,Rb1,Rb2,Prec,Frac4Rise,Error,BFF
06607500,9.1323e+09,18216.8,100,2951.21,0.15,0.013552,1,2635.95,13717.2,0.91852,844067,-0.111572,-0.035221,-0.079731,244.657,0.05,22.5511,0.53499
