tmp.site,tmp.area,Lb,X1,Wb,POR,ALPHA,BETA,Ks,Kb,Kz,Qthresh,Rs,Rb1,Rb2,Prec,Frac4Rise,Error,BFF
02442500,6.39727e+08,8366.95,100,1301.4,0.15,0.006249,1,2791.08,5717.5,0.938372,102756,-0.300396,-0.079864,-0.026111,10764.9,0.05,0.327671,0.389312
