tmp.site,tmp.area,Lb,X1,Wb,POR,ALPHA,BETA,Ks,Kb,Kz,Qthresh,Rs,Rb1,Rb2,Prec,Frac4Rise,Error,BFF
07280400,3.05619e+08,4188.39,100,767.378,0.15,0.006319,1,3391.52,2290.21,0.918659,23024.7,-0.490415,-0.146405,-0.040357,1834.93,0.05,0.434881,0.146222
