tmp.site,tmp.area,Lb,X1,Wb,POR,ALPHA,BETA,Ks,Kb,Kz,Qthresh,Rs,Rb1,Rb2,Prec,Frac4Rise,Error,BFF
02458502,9.50526e+07,8323.05,100,460.911,0.15,0.009667,1,1048.06,5687.97,0.934977,41591.7,-0.346574,-0.116991,-0.058203,3914.51,0.05,0.264501,0.361281
