tmp.site,tmp.area,Lb,X1,Wb,POR,ALPHA,BETA,Ks,Kb,Kz,Qthresh,Rs,Rb1,Rb2,Prec,Frac4Rise,Error,BFF
03143500,2.18077e+09,9384.25,100,1650.02,0.15,0.014661,1,4003.43,11422.6,0.957965,134561,-0.099835,-0.066652,-0.063139,3914.51,0.05,0.955242,0.375492
