tmp.site,tmp.area,Lb,X1,Wb,POR,ALPHA,BETA,Ks,Kb,Kz,Qthresh,Rs,Rb1,Rb2,Prec,Frac4Rise,Error,BFF
01127500,2.31286e+08,13400.8,100,659.751,0.15,0.021089,1,1182.8,20362.7,0.959362,18373.8,-0.202733,-0.063818,-0.073323,1379.7,0.05,0.403266,0.463434
