tmp.site,tmp.area,Lb,X1,Wb,POR,ALPHA,BETA,Ks,Kb,Kz,Qthresh,Rs,Rb1,Rb2,Prec,Frac4Rise,Error,BFF
01626000,3.28928e+08,20300,100,558.04,0.15,0.008703,1,446.286,9802.5,0.910599,95171.6,-0.171472,-0.057005,-0.016742,5700.51,0.05,0.318735,0.443086
