tmp.site,tmp.area,Lb,X1,Wb,POR,ALPHA,BETA,Ks,Kb,Kz,Qthresh,Rs,Rb1,Rb2,Prec,Frac4Rise,Error,BFF
04099510,2.74539e+08,23344.5,100,362.049,0.15,0.020337,1,119.453,12030.8,0.872101,15413.4,-0.066766,-0.035509,-0.02101,1761.53,0.05,0.344606,0.545374
