tmp.site,tmp.area,Lb,X1,Wb,POR,ALPHA,BETA,Ks,Kb,Kz,Qthresh,Rs,Rb1,Rb2,Prec,Frac4Rise,Error,BFF
03572900,3.65188e+08,12561.4,100,1097.46,0.15,0.020484,1,1982.91,34314,0.922219,660574,-0.25845,-0.073884,-0.104121,24.4657,0.05,0.528605,0.483472
