tmp.site,tmp.area,Lb,X1,Wb,POR,ALPHA,BETA,Ks,Kb,Kz,Qthresh,Rs,Rb1,Rb2,Prec,Frac4Rise,Error,BFF
06343000,8.05486e+08,1445.86,195.955,593.595,0.15,0.008182,1.1,1463.94,5038.01,1.0753,2250.85,-0.202733,-0.156483,-0.085298,24.4657,0.05,1.11202,0.082199
