tmp.site,tmp.area,Lb,X1,Wb,POR,ALPHA,BETA,Ks,Kb,Kz,Qthresh,Rs,Rb1,Rb2,Prec,Frac4Rise,Error,BFF
08176500,1.34628e+10,80040.7,80.5554,1303.35,0.15,0.004848,1.8,3276.32,3901.12,1.57055,3.86558e+06,-0.152193,-0.054384,-0.036755,23487.1,0.05,0.360438,0.40459
