tmp.site,tmp.area,Lb,X1,Wb,POR,ALPHA,BETA,Ks,Kb,Kz,Qthresh,Rs,Rb1,Rb2,Prec,Frac4Rise,Error,BFF
11292900,8.18436e+08,96222.9,100,488.977,0.15,0.007056,1,277.117,998.493,0.901624,362093,-0.019716,-0.032389,-0.046473,5627.11,0.05,0.77102,0.275908
