tmp.site,tmp.area,Lb,X1,Wb,POR,ALPHA,BETA,Ks,Kb,Kz,Qthresh,Rs,Rb1,Rb2,Prec,Frac4Rise,Error,BFF
14015000,2.47862e+08,11391.6,100,429.391,0.15,0.030876,1,324.607,21488.4,1.02929,202821,-0.132431,-0.061432,-0.106546,24.4657,0.05,15.8502,0.507261
