tmp.site,tmp.area,Lb,X1,Wb,POR,ALPHA,BETA,Ks,Kb,Kz,Qthresh,Rs,Rb1,Rb2,Prec,Frac4Rise,Error,BFF
01374559,2.84899e+07,11262.9,100,250.656,0.15,0.038879,1,205.351,29384.2,0.728913,5871.77,-0.163442,-0.062592,-0.104385,24.4657,0.05,0.500986,0.514193
