tmp.site,tmp.area,Lb,X1,Wb,POR,ALPHA,BETA,Ks,Kb,Kz,Qthresh,Rs,Rb1,Rb2,Prec,Frac4Rise,Error,BFF
01607500,2.66769e+08,21894.6,91.5376,399.781,0.15,0.009442,1.9,1128.5,16966.9,0.980895,19817.2,-0.162711,-0.097034,-0.048554,807.369,0.05,0.383924,0.341464
