tmp.site,tmp.area,Lb,X1,Wb,POR,ALPHA,BETA,Ks,Kb,Kz,Qthresh,Rs,Rb1,Rb2,Prec,Frac4Rise,Error,BFF
08133500,1.52291e+09,1641.71,100,44.477,0.15,0.000502,1,4716.04,4.4692,0.879702,9296.97,-0.202733,-0.15473,-0.138442,24.4657,0.05,0.257824,4.7e-05
