tmp.site,tmp.area,Lb,X1,Wb,POR,ALPHA,BETA,Ks,Kb,Kz,Qthresh,Rs,Rb1,Rb2,Prec,Frac4Rise,Error,BFF
03277130,9.42756e+07,7514.44,100,278.098,0.15,0.027063,1,2227.98,26403.3,0.987976,19599.2,-0.432685,-0.109063,-0.159873,24.4657,0.05,0.945134,0.230064
