tmp.site,tmp.area,Lb,X1,Wb,POR,ALPHA,BETA,Ks,Kb,Kz,Qthresh,Rs,Rb1,Rb2,Prec,Frac4Rise,Error,BFF
12202450,3.10799e+06,4813.51,100,59.1725,0.15,0.02325,1,99.5698,8248.6,0.310496,269.123,-0.295158,-0.081839,-0.06734,24.4657,0.05,0.455246,0.357019
