tmp.site,tmp.area,Lb,X1,Wb,POR,ALPHA,BETA,Ks,Kb,Kz,Qthresh,Rs,Rb1,Rb2,Prec,Frac4Rise,Error,BFF
06800500,1.78709e+10,55214.7,35.2004,1601.09,0.15,0.004235,1.3,2928.87,5246.3,1.13586,1.66315e+06,-0.092767,-0.045787,-0.036576,38166.5,0.05,0.388141,0.46499
