tmp.site,tmp.area,Lb,X1,Wb,POR,ALPHA,BETA,Ks,Kb,Kz,Qthresh,Rs,Rb1,Rb2,Prec,Frac4Rise,Error,BFF
01073785,3.65188e+07,31031.9,100,180.322,0.15,0.032185,1,217.897,67983.8,0.994802,880.766,-0.226824,-0.074038,-0.081539,75.8437,0.05,0.396331,0.481727
