tmp.site,tmp.area,Lb,X1,Wb,POR,ALPHA,BETA,Ks,Kb,Kz,Qthresh,Rs,Rb1,Rb2,Prec,Frac4Rise,Error,BFF
02475500,9.55706e+08,21294.8,59.6677,848.447,0.15,0.010029,1.3,4676.62,14352.6,1.1033,75843.7,-0.235078,-0.10685,-0.067527,1590.27,0.05,0.407788,0.29024
