tmp.site,tmp.area,Lb,X1,Wb,POR,ALPHA,BETA,Ks,Kb,Kz,Qthresh,Rs,Rb1,Rb2,Prec,Frac4Rise,Error,BFF
02411930,7.04477e+08,12402.5,100,938.343,0.15,0.013678,1,2373.22,10858.8,0.977439,645895,-0.240416,-0.061207,-0.059219,760.884,0.05,0.370064,0.41362
