tmp.site,tmp.area,Lb,X1,Wb,POR,ALPHA,BETA,Ks,Kb,Kz,Qthresh,Rs,Rb1,Rb2,Prec,Frac4Rise,Error,BFF
09092570,1.81558e+10,19890.6,100,10401.2,0.15,0.010594,1,1603.34,15298.8,0.910814,6.79119e+06,-0.045395,-0.027144,-0.014553,362093,0.05,0.209586,0.859171
