tmp.site,tmp.area,Lb,X1,Wb,POR,ALPHA,BETA,Ks,Kb,Kz,Qthresh,Rs,Rb1,Rb2,Prec,Frac4Rise,Error,BFF
11348500,3.70627e+09,9843.8,100,1535.26,0.15,0.018096,1,2492.79,16429.7,0.92972,371879,-0.131021,-0.058198,-0.101653,85.63,0.05,1.07889,0.475283
