tmp.site,tmp.area,Lb,X1,Wb,POR,ALPHA,BETA,Ks,Kb,Kz,Qthresh,Rs,Rb1,Rb2,Prec,Frac4Rise,Error,BFF
07128500,8.91215e+09,7519.07,100,240.577,0.15,0.008805,1,4297.21,10081.9,1.00092,2030.65,-0.143841,-0.082909,-0.119309,110.096,0.05,0.924991,0.08273
