tmp.site,tmp.area,Lb,X1,Wb,POR,ALPHA,BETA,Ks,Kb,Kz,Qthresh,Rs,Rb1,Rb2,Prec,Frac4Rise,Error,BFF
13340600,3.35662e+09,54012.2,0.173984,2535.89,0.15,0.005469,1.3,2006.62,22.9843,0.813398,1.44103e+06,-0.08905,-0.028162,-0.022868,133275,0.05,0.217443,0.607275
