tmp.site,tmp.area,Lb,X1,Wb,POR,ALPHA,BETA,Ks,Kb,Kz,Qthresh,Rs,Rb1,Rb2,Prec,Frac4Rise,Error,BFF
03324200,2.21703e+08,4412.49,95.1474,460.987,0.15,0.010774,1.1,2402.22,8168.25,1.10611,4403.83,-0.298579,-0.148892,-0.110723,210.601,0.05,0.556011,0.15386
