tmp.site,tmp.area,Lb,X1,Wb,POR,ALPHA,BETA,Ks,Kb,Kz,Qthresh,Rs,Rb1,Rb2,Prec,Frac4Rise,Error,BFF
06785500,4.89508e+09,70688.4,6.52696,2092.3,0.15,0.00463,0.8,379.118,2377.76,0.968828,1.15723e+06,-0.06331,-0.022749,-0.029197,55537.2,0.05,0.199124,0.875821
