tmp.site,tmp.area,Lb,X1,Wb,POR,ALPHA,BETA,Ks,Kb,Kz,Qthresh,Rs,Rb1,Rb2,Prec,Frac4Rise,Error,BFF
02186645,1.69385e+08,18749.2,100,462.512,0.15,0.011469,1,654.762,8343.95,0.96714,58717.7,-0.346574,-0.05678,-0.042012,3425.2,0.05,0.291467,0.491502
