tmp.site,tmp.area,Lb,X1,Wb,POR,ALPHA,BETA,Ks,Kb,Kz,Qthresh,Rs,Rb1,Rb2,Prec,Frac4Rise,Error,BFF
06866500,2.16031e+10,6741.21,423.453,1576.47,0.15,0.007822,1.3,2638.15,2880.02,0.50174,210405,-0.05268,-0.059638,-0.040702,3523.06,0.05,0.467368,0.241735
