tmp.site,tmp.area,Lb,X1,Wb,POR,ALPHA,BETA,Ks,Kb,Kz,Qthresh,Rs,Rb1,Rb2,Prec,Frac4Rise,Error,BFF
05595000,1.34394e+10,28456,0.398029,4681.42,0.15,0.020496,1,9507.38,137.903,1.40628,242211,-0.095834,-0.065296,-0.070243,18104.6,0.05,0.536603,0.376421
