tmp.site,tmp.area,Lb,X1,Wb,POR,ALPHA,BETA,Ks,Kb,Kz,Qthresh,Rs,Rb1,Rb2,Prec,Frac4Rise,Error,BFF
07263012,2.47862e+09,4966.87,78.8747,1866.24,0.15,0.008284,0.9,1185.44,9284.15,1.36717,14817.7,-0.040021,-0.079442,-0.142425,472.188,0.05,1.07171,0.215747
