tmp.site,tmp.area,Lb,X1,Wb,POR,ALPHA,BETA,Ks,Kb,Kz,Qthresh,Rs,Rb1,Rb2,Prec,Frac4Rise,Error,BFF
06332523,9.32396e+08,43023.1,100,51.7451,0.15,0.078881,1,2498.74,27508.1,0.907998,7095.06,-0.094064,-0.07515,-0.07581,24.4657,0.05,2.27406,0.155119
