tmp.site,tmp.area,Lb,X1,Wb,POR,ALPHA,BETA,Ks,Kb,Kz,Qthresh,Rs,Rb1,Rb2,Prec,Frac4Rise,Error,BFF
04097540,2.74539e+08,21025.7,1220.25,680.785,0.15,0.010709,1,33.5354,96729.1,0.471605,205512,-0.062582,-0.02343,-0.022592,4403.83,0.05,0.295728,0.66314
