tmp.site,tmp.area,Lb,X1,Wb,POR,ALPHA,BETA,Ks,Kb,Kz,Qthresh,Rs,Rb1,Rb2,Prec,Frac4Rise,Error,BFF
01483200,1.05154e+07,8923.26,100,96.5416,0.15,0.018832,1,219.429,10855,0.425849,12183.9,-0.358151,-0.058942,-0.077093,24.4657,0.05,0.457659,0.359794
