tmp.site,tmp.area,Lb,X1,Wb,POR,ALPHA,BETA,Ks,Kb,Kz,Qthresh,Rs,Rb1,Rb2,Prec,Frac4Rise,Error,BFF
14101500,1.08003e+09,18870.8,100,1216.47,0.15,0.006798,1,230.456,7492.48,0.957876,251997,-0.09167,-0.030926,-0.011086,21529.8,0.05,0.316034,0.56619
