tmp.site,tmp.area,Lb,X1,Wb,POR,ALPHA,BETA,Ks,Kb,Kz,Qthresh,Rs,Rb1,Rb2,Prec,Frac4Rise,Error,BFF
11414100,8.21026e+07,16624.8,47.8187,984.921,0.15,0.021145,0.9,19.8663,4878.51,0.982205,276463,-0.007224,-0.044235,-0.12588,1125.42,0.05,2.56204,0.59525
