tmp.site,tmp.area,Lb,X1,Wb,POR,ALPHA,BETA,Ks,Kb,Kz,Qthresh,Rs,Rb1,Rb2,Prec,Frac4Rise,Error,BFF
05336200,6.99297e+07,4064.5,152.986,238.447,0.15,0.008902,1.1,147.574,3325.73,0.979076,5382.46,-0.139374,-0.092661,-0.057335,244.657,0.05,0.803661,0.127685
