tmp.site,tmp.area,Lb,X1,Wb,POR,ALPHA,BETA,Ks,Kb,Kz,Qthresh,Rs,Rb1,Rb2,Prec,Frac4Rise,Error,BFF
04103500,1.1629e+09,21648.7,77.6493,1295.91,0.15,0.01101,0.9,488.32,7788.43,0.90753,682593,-0.061619,-0.029136,-0.03281,21040.5,0.05,0.203071,0.760351
