tmp.site,tmp.area,Lb,X1,Wb,POR,ALPHA,BETA,Ks,Kb,Kz,Qthresh,Rs,Rb1,Rb2,Prec,Frac4Rise,Error,BFF
08205500,8.88107e+09,18020.7,65.5114,637.204,0.15,0.011175,0.9,9546.07,3852.57,1.12096,291142,-0.202733,-0.082736,-0.204812,24.4657,0.05,317.662,0.088573
