tmp.site,tmp.area,Lb,X1,Wb,POR,ALPHA,BETA,Ks,Kb,Kz,Qthresh,Rs,Rb1,Rb2,Prec,Frac4Rise,Error,BFF
03036500,2.324e+10,13807,100,8007.53,0.15,0.012141,1,12499.9,18900.5,3.09984,2.66676e+06,-0.102074,-0.055701,-0.051238,249550,0.05,0.336735,0.528763
