tmp.site,tmp.area,Lb,X1,Wb,POR,ALPHA,BETA,Ks,Kb,Kz,Qthresh,Rs,Rb1,Rb2,Prec,Frac4Rise,Error,BFF
12147470,8.62466e+07,13678.9,100,688.965,0.15,0.01242,1,1251.65,6867.09,1.07929,84406.7,-0.311591,-0.062677,-0.021262,5333.53,0.05,0.288377,0.432274
