tmp.site,tmp.area,Lb,X1,Wb,POR,ALPHA,BETA,Ks,Kb,Kz,Qthresh,Rs,Rb1,Rb2,Prec,Frac4Rise,Error,BFF
11525670,8.67646e+07,46335.9,114.344,197.656,0.15,0.017652,1.1,202.373,23538.1,0.603433,16367.6,-0.145599,-0.033275,-0.027825,44.1117,0.05,0.382203,0.460093
