tmp.site,tmp.area,Lb,X1,Wb,POR,ALPHA,BETA,Ks,Kb,Kz,Qthresh,Rs,Rb1,Rb2,Prec,Frac4Rise,Error,BFF
08277470,2.61589e+08,7147.32,247.707,726.547,0.15,0.02006,1,529.802,17851.4,0.268429,24025.3,-0.120581,-0.039576,-0.039749,628.769,0.05,0.342362,0.545265
