tmp.site,tmp.area,Lb,X1,Wb,POR,ALPHA,BETA,Ks,Kb,Kz,Qthresh,Rs,Rb1,Rb2,Prec,Frac4Rise,Error,BFF
01350000,6.13827e+08,9379.13,3.17086,1514.8,0.15,0.010881,1.4,3939.58,305.923,1.26798,24221.1,-0.223297,-0.075991,-0.04537,2691.23,0.05,0.356357,0.446718
