tmp.site,tmp.area,Lb,X1,Wb,POR,ALPHA,BETA,Ks,Kb,Kz,Qthresh,Rs,Rb1,Rb2,Prec,Frac4Rise,Error,BFF
05106000,4.55838e+08,32291.1,100,264.758,0.15,0.032366,1,226.785,26397.4,0.934809,6850.4,-0.076232,-0.058041,-0.05962,34.252,0.05,1.22777,0.386782
