tmp.site,tmp.area,Lb,X1,Wb,POR,ALPHA,BETA,Ks,Kb,Kz,Qthresh,Rs,Rb1,Rb2,Prec,Frac4Rise,Error,BFF
01409400,1.20952e+08,13330.9,690.139,518.78,0.15,0.013724,1.2,93.1634,34020.4,0.387616,53824.6,-0.063004,-0.036568,-0.028777,4257.03,0.05,0.232481,0.628512
