tmp.site,tmp.area,Lb,X1,Wb,POR,ALPHA,BETA,Ks,Kb,Kz,Qthresh,Rs,Rb1,Rb2,Prec,Frac4Rise,Error,BFF
09304800,2.69877e+09,4367.7,93.2334,6699.44,0.15,0.006192,1.1,244.775,2164.67,0.651245,1.00799e+06,-0.072336,-0.026168,-0.023023,37677.2,0.05,0.196105,0.822086
