tmp.site,tmp.area,Lb,X1,Wb,POR,ALPHA,BETA,Ks,Kb,Kz,Qthresh,Rs,Rb1,Rb2,Prec,Frac4Rise,Error,BFF
02365769,2.13415e+08,8777.65,100,735.473,0.15,0.019004,1,1643.31,12748,0.884876,16049.5,-0.26525,-0.085328,-0.062704,1149.89,0.05,0.390673,0.383813
