tmp.site,tmp.area,Lb,X1,Wb,POR,ALPHA,BETA,Ks,Kb,Kz,Qthresh,Rs,Rb1,Rb2,Prec,Frac4Rise,Error,BFF
01589330,1.42967e+07,2599.54,565.586,151.921,0.15,0.013589,1,629.762,11848.1,0.261288,978.629,-0.725351,-0.149278,-0.107678,80.7369,0.05,0.401966,0.133214
