tmp.site,tmp.area,Lb,X1,Wb,POR,ALPHA,BETA,Ks,Kb,Kz,Qthresh,Rs,Rb1,Rb2,Prec,Frac4Rise,Error,BFF
02366000,9.99735e+08,30081.1,100,2177.26,0.15,0.006157,1,815.609,170.798,0.884642,746204,-0.043506,-0.054669,-0.010996,62387.6,0.05,0.155656,0.486839
