tmp.site,tmp.area,Lb,X1,Wb,POR,ALPHA,BETA,Ks,Kb,Kz,Qthresh,Rs,Rb1,Rb2,Prec,Frac4Rise,Error,BFF
06716100,1.48665e+08,13462.1,2933.14,943.096,0.15,0.013485,1.9,216.881,16469.2,0.186757,28380.2,-0.078348,-0.020971,-0.013287,1789.08,0.05,0.247272,0.522412
