tmp.site,tmp.area,Lb,X1,Wb,POR,ALPHA,BETA,Ks,Kb,Kz,Qthresh,Rs,Rb1,Rb2,Prec,Frac4Rise,Error,BFF
02082950,4.58428e+08,10979.6,11.0301,578.129,0.15,0.010484,1.1,1778.97,1933.59,1.11881,322947,-0.269498,-0.08042,-0.0673,406.62,0.05,0.414573,0.343564
