tmp.site,tmp.area,Lb,X1,Wb,POR,ALPHA,BETA,Ks,Kb,Kz,Qthresh,Rs,Rb1,Rb2,Prec,Frac4Rise,Error,BFF
06884025,7.12765e+09,10703.8,180.42,1279.54,0.15,0.004335,2.2,295.817,1481.61,0.808436,374325,-0.105764,-0.087388,-0.052716,7682.23,0.05,0.403086,0.295039
