tmp.site,tmp.area,Lb,X1,Wb,POR,ALPHA,BETA,Ks,Kb,Kz,Qthresh,Rs,Rb1,Rb2,Prec,Frac4Rise,Error,BFF
11403200,4.59205e+09,41179.2,100,846.36,0.15,0.003274,1,562.559,340.249,1.01185,332734,-0.030474,-0.056194,-0.027928,12722.2,0.05,0.413769,0.142999
