tmp.site,tmp.area,Lb,X1,Wb,POR,ALPHA,BETA,Ks,Kb,Kz,Qthresh,Rs,Rb1,Rb2,Prec,Frac4Rise,Error,BFF
02079500,2.03728e+10,11769.1,100,4394.61,0.15,0.009898,1,4161.45,12876,1.56481,1.48018e+07,-0.049482,-0.053878,-0.172857,48540,0.05,3.84385,0.558467
