tmp.site,tmp.area,Lb,X1,Wb,POR,ALPHA,BETA,Ks,Kb,Kz,Qthresh,Rs,Rb1,Rb2,Prec,Frac4Rise,Error,BFF
02011400,4.06628e+08,11728.2,100,668.071,0.15,0.01055,1,1110.54,8489.12,0.913827,48931.4,-0.19261,-0.071467,-0.023527,4208.1,0.05,0.345552,0.400637
