tmp.site,tmp.area,Lb,X1,Wb,POR,ALPHA,BETA,Ks,Kb,Kz,Qthresh,Rs,Rb1,Rb2,Prec,Frac4Rise,Error,BFF
05431022,1.09038e+08,24056.7,208.685,138.998,0.15,0.023914,0.9,72.1428,75518.7,0.986194,56026.5,-0.031791,-0.06675,-0.225958,24.4657,0.05,9.17147,0.428734
