tmp.site,tmp.area,Lb,X1,Wb,POR,ALPHA,BETA,Ks,Kb,Kz,Qthresh,Rs,Rb1,Rb2,Prec,Frac4Rise,Error,BFF
08098290,7.88289e+10,18553.5,6.60736,10872,0.15,0.026404,1,24471.1,2170.11,1.23986,719292,-0.126129,-0.073282,-0.088479,13198.8,0.05,0.491455,0.375306
