tmp.site,tmp.area,Lb,X1,Wb,POR,ALPHA,BETA,Ks,Kb,Kz,Qthresh,Rs,Rb1,Rb2,Prec,Frac4Rise,Error,BFF
03323500,1.86738e+09,16247.1,100,545.47,0.15,0.006597,1,1121.56,16784.6,0.974989,193279,-0.058892,-0.106008,-0.095785,2691.23,0.05,0.590086,0.138884
