tmp.site,tmp.area,Lb,X1,Wb,POR,ALPHA,BETA,Ks,Kb,Kz,Qthresh,Rs,Rb1,Rb2,Prec,Frac4Rise,Error,BFF
02167582,2.97849e+08,9322.86,100,433.318,0.15,0.012214,1,1596.28,7815.84,0.933517,90278.5,-0.253622,-0.098916,-0.064277,1088.72,0.05,0.422496,0.257118
