tmp.site,tmp.area,Lb,X1,Wb,POR,ALPHA,BETA,Ks,Kb,Kz,Qthresh,Rs,Rb1,Rb2,Prec,Frac4Rise,Error,BFF
02081500,4.32528e+08,5802.59,100,739.633,0.15,0.010863,1,4028.76,9517.7,0.972332,88810.5,-0.326712,-0.108714,-0.101007,66.0574,0.05,0.555469,0.211911
