tmp.site,tmp.area,Lb,X1,Wb,POR,ALPHA,BETA,Ks,Kb,Kz,Qthresh,Rs,Rb1,Rb2,Prec,Frac4Rise,Error,BFF
06797500,3.62598e+09,47224.2,101.202,520.29,0.15,0.006393,1.8,317.411,23415.8,1.21419,181046,-0.083527,-0.051726,-0.033298,2397.64,0.05,0.375683,0.417256
