tmp.site,tmp.area,Lb,X1,Wb,POR,ALPHA,BETA,Ks,Kb,Kz,Qthresh,Rs,Rb1,Rb2,Prec,Frac4Rise,Error,BFF
11517000,1.74306e+09,361434,0.147918,569.877,0.15,0.020367,0.9,317.841,194.581,1.04082,327841,-0.091916,-0.030742,-0.059563,2079.59,0.05,0.689547,0.625931
