tmp.site,tmp.area,Lb,X1,Wb,POR,ALPHA,BETA,Ks,Kb,Kz,Qthresh,Rs,Rb1,Rb2,Prec,Frac4Rise,Error,BFF
14159130,1.46593e+08,219556,100,552.297,0.15,0.008744,1,85.4237,1575.71,0.436566,190588,-0.069566,-0.017877,-0.003331,18013.4,0.05,0.124862,0.696456
