tmp.site,tmp.area,Lb,X1,Wb,POR,ALPHA,BETA,Ks,Kb,Kz,Qthresh,Rs,Rb1,Rb2,Prec,Frac4Rise,Error,BFF
11316670,9.24626e+08,79513.5,23346.1,309.534,0.15,0.00692,9,482.636,140.929,0.277608,26912.3,-0.042857,-0.045517,-0.005078,2691.23,0.05,0.419063,0.154565
