tmp.site,tmp.area,Lb,X1,Wb,POR,ALPHA,BETA,Ks,Kb,Kz,Qthresh,Rs,Rb1,Rb2,Prec,Frac4Rise,Error,BFF
01137940,7.45917e+08,15592.8,127.137,1373.26,0.15,0.008884,3.3,4137.95,3243.7,1.14163,1.02829e+06,-0.254048,-0.069571,-0.045609,30941.8,0.05,0.352596,0.469814
