tmp.site,tmp.area,Lb,X1,Wb,POR,ALPHA,BETA,Ks,Kb,Kz,Qthresh,Rs,Rb1,Rb2,Prec,Frac4Rise,Error,BFF
14162200,2.27142e+08,46313.8,26.4671,358.784,0.15,0.003558,0.9,56.2315,2113.48,0.798656,149241,-0.008138,-0.058767,-0.103007,6116.43,0.05,0.460003,0.112461
