tmp.site,tmp.area,Lb,X1,Wb,POR,ALPHA,BETA,Ks,Kb,Kz,Qthresh,Rs,Rb1,Rb2,Prec,Frac4Rise,Error,BFF
05436500,1.35456e+09,14983.9,5753.88,1861.79,0.15,0.006262,10.1,1341.56,69.36,1.16787,839174,-0.122065,-0.041805,-0.028916,26667.6,0.05,0.26168,0.535394
