tmp.site,tmp.area,Lb,X1,Wb,POR,ALPHA,BETA,Ks,Kb,Kz,Qthresh,Rs,Rb1,Rb2,Prec,Frac4Rise,Error,BFF
02264100,1.15772e+08,26806,100,193.959,0.15,0.025045,1,213.78,27481.5,0.976085,6948.26,-0.148231,-0.046371,-0.062894,48.9314,0.05,5.57156,0.466741
