tmp.site,tmp.area,Lb,X1,Wb,POR,ALPHA,BETA,Ks,Kb,Kz,Qthresh,Rs,Rb1,Rb2,Prec,Frac4Rise,Error,BFF
01066000,3.35144e+09,14493.7,12.9525,9445.01,0.15,0.008039,1.3,810.598,1289.37,1.13881,3.57199e+06,-0.044873,-0.034135,-0.027902,97618.2,0.05,0.245476,0.847063
