tmp.site,tmp.area,Lb,X1,Wb,POR,ALPHA,BETA,Ks,Kb,Kz,Qthresh,Rs,Rb1,Rb2,Prec,Frac4Rise,Error,BFF
06824500,1.26391e+10,845472,0.189893,1353.1,0.15,0.068402,0.9,421.444,946.525,0.903611,184227,-0.120222,-0.036092,-0.095009,24.4657,0.05,18.8246,0.583652
