tmp.site,tmp.area,Lb,X1,Wb,POR,ALPHA,BETA,Ks,Kb,Kz,Qthresh,Rs,Rb1,Rb2,Prec,Frac4Rise,Error,BFF
12052210,1.27945e+08,20298.4,5596.58,665.583,0.15,0.013114,3.1,350.506,6517.06,0.810133,67036.1,-0.110132,-0.051386,-0.019505,5871.77,0.05,0.295657,0.448165
