tmp.site,tmp.area,Lb,X1,Wb,POR,ALPHA,BETA,Ks,Kb,Kz,Qthresh,Rs,Rb1,Rb2,Prec,Frac4Rise,Error,BFF
07050152,9.24626e+07,26741.1,100,378.225,0.15,0.014111,1,273.635,11446.4,0.76214,14905,-0.068039,-0.036575,-0.02161,1711.25,0.05,0.320918,0.46956
