tmp.site,tmp.area,Lb,X1,Wb,POR,ALPHA,BETA,Ks,Kb,Kz,Qthresh,Rs,Rb1,Rb2,Prec,Frac4Rise,Error,BFF
05403500,1.31312e+09,6803.8,541.122,2349.79,0.15,0.003811,10,217.425,393.892,0.856651,188386,-0.072669,-0.051654,-0.028683,14679.4,0.05,0.378249,0.502087
