tmp.site,tmp.area,Lb,X1,Wb,POR,ALPHA,BETA,Ks,Kb,Kz,Qthresh,Rs,Rb1,Rb2,Prec,Frac4Rise,Error,BFF
03606500,5.30948e+08,3158.36,100,1489.59,0.15,0.0051,1,1474.15,1536.03,0.876935,115723,-0.237944,-0.115564,-0.047726,9137.94,0.05,0.330817,0.279059
