tmp.site,tmp.area,Lb,X1,Wb,POR,ALPHA,BETA,Ks,Kb,Kz,Qthresh,Rs,Rb1,Rb2,Prec,Frac4Rise,Error,BFF
12340500,1.55943e+10,10080.9,4.17569,17327.3,0.15,0.004812,1.2,98.972,239.763,1.28575,4.94207e+06,-0.05268,-0.023681,-0.020601,159027,0.05,0.265188,0.871063
