tmp.site,tmp.area,Lb,X1,Wb,POR,ALPHA,BETA,Ks,Kb,Kz,Qthresh,Rs,Rb1,Rb2,Prec,Frac4Rise,Error,BFF
01116000,1.62651e+08,40854.9,43.551,370.905,0.15,0.017115,0.9,162.446,11165.1,1.19581,325394,-0.025647,-0.040359,-0.085473,2299.78,0.05,0.93767,0.625824
