tmp.site,tmp.area,Lb,X1,Wb,POR,ALPHA,BETA,Ks,Kb,Kz,Qthresh,Rs,Rb1,Rb2,Prec,Frac4Rise,Error,BFF
01450020,2.87489e+08,11923.8,100,693.965,0.15,0.014007,1,836.008,11381.2,0.894535,2348.71,-0.134931,-0.052585,-0.054738,232.424,0.05,0.426015,0.486532
