tmp.site,tmp.area,Lb,X1,Wb,POR,ALPHA,BETA,Ks,Kb,Kz,Qthresh,Rs,Rb1,Rb2,Prec,Frac4Rise,Error,BFF
06910800,4.58428e+08,6001.28,100,517.235,0.15,0.012629,1,1709.29,13770.7,0.946162,36698.6,-0.194494,-0.116514,-0.10818,24.4657,0.05,0.894417,0.172648
