tmp.site,tmp.area,Lb,X1,Wb,POR,ALPHA,BETA,Ks,Kb,Kz,Qthresh,Rs,Rb1,Rb2,Prec,Frac4Rise,Error,BFF
09219000,7.38147e+08,9186.22,95.7186,685.28,0.15,0.003769,1,141.694,1203.87,0.933004,70950.6,-0.125657,-0.052529,-0.051187,244.657,0.05,2.02579,0.238592
