tmp.site,tmp.area,Lb,X1,Wb,POR,ALPHA,BETA,Ks,Kb,Kz,Qthresh,Rs,Rb1,Rb2,Prec,Frac4Rise,Error,BFF
02312600,2.57704e+09,67686.6,175.528,1007.49,0.15,0.023507,0.9,263.398,46864.7,0.959291,543139,-0.030709,-0.023527,-0.040053,24.4657,0.05,9.03924,0.527044
