tmp.site,tmp.area,Lb,X1,Wb,POR,ALPHA,BETA,Ks,Kb,Kz,Qthresh,Rs,Rb1,Rb2,Prec,Frac4Rise,Error,BFF
02142900,4.24758e+07,10800.8,50.0181,148.462,0.15,0.011945,1,648.251,5442.81,1.00088,3400.73,-0.503655,-0.1,-0.099995,168.813,0.05,0.459742,0.204074
