tmp.site,tmp.area,Lb,X1,Wb,POR,ALPHA,BETA,Ks,Kb,Kz,Qthresh,Rs,Rb1,Rb2,Prec,Frac4Rise,Error,BFF
023362095,8.44336e+06,8417.49,100,61.6802,0.15,0.016369,1,456.917,5416.54,0.759891,5457.81,-0.472999,-0.121324,-0.112894,85.63,0.05,0.43757,0.172661
