tmp.site,tmp.area,Lb,X1,Wb,POR,ALPHA,BETA,Ks,Kb,Kz,Qthresh,Rs,Rb1,Rb2,Prec,Frac4Rise,Error,BFF
01115190,1.26909e+07,3624.71,2.00559,195.609,0.15,0.023331,1,246.053,136.903,0.86998,22606.3,-0.220093,-0.070241,-0.073756,24.4657,0.05,0.408724,0.42455
