tmp.site,tmp.area,Lb,X1,Wb,POR,ALPHA,BETA,Ks,Kb,Kz,Qthresh,Rs,Rb1,Rb2,Prec,Frac4Rise,Error,BFF
02307359,7.76996e+07,15008.9,100,259.084,0.15,0.067976,1,1023.75,19009.3,0.98717,49420.7,-0.095946,-0.065483,-0.136209,24.4657,0.05,2.15845,0.216319
