tmp.site,tmp.area,Lb,X1,Wb,POR,ALPHA,BETA,Ks,Kb,Kz,Qthresh,Rs,Rb1,Rb2,Prec,Frac4Rise,Error,BFF
04121494,7.25197e+06,35570.4,9369.17,126.37,0.15,0.012302,10.1,169.858,2.26362,0.112113,11278.7,-0.267479,-0.021129,-0.011556,865.842,0.05,0.100785,0.83081
