tmp.site,tmp.area,Lb,X1,Wb,POR,ALPHA,BETA,Ks,Kb,Kz,Qthresh,Rs,Rb1,Rb2,Prec,Frac4Rise,Error,BFF
07119700,2.82335e+10,10524,117.597,1834.21,0.15,0.011512,0.9,1490.68,13747.6,1.03606,1.56091e+06,-0.08111,-0.040152,-0.056424,5627.11,0.05,0.539076,0.59474
