tmp.site,tmp.area,Lb,X1,Wb,POR,ALPHA,BETA,Ks,Kb,Kz,Qthresh,Rs,Rb1,Rb2,Prec,Frac4Rise,Error,BFF
01379780,2.37243e+07,7151.04,100,230.806,0.15,0.02842,1,125.172,9876.65,0.510683,3792.19,-0.083487,-0.051911,-0.081799,24.4657,0.05,1.26857,0.532651
