tmp.site,tmp.area,Lb,X1,Wb,POR,ALPHA,BETA,Ks,Kb,Kz,Qthresh,Rs,Rb1,Rb2,Prec,Frac4Rise,Error,BFF
05288500,4.94688e+10,25360.1,100,11083.3,0.15,0.00592,1,3189.44,12672.1,1.01367,1.39944e+07,-0.065919,-0.023418,-0.023323,256890,0.05,0.249215,0.736178
