tmp.site,tmp.area,Lb,X1,Wb,POR,ALPHA,BETA,Ks,Kb,Kz,Qthresh,Rs,Rb1,Rb2,Prec,Frac4Rise,Error,BFF
02473500,6.16417e+08,22935.4,100,496.784,0.15,0.008906,1,3153.6,28084.4,1.00307,28135.6,-0.145088,-0.109845,-0.065946,1272.22,0.05,0.441554,0.214991
