tmp.site,tmp.area,Lb,X1,Wb,POR,ALPHA,BETA,Ks,Kb,Kz,Qthresh,Rs,Rb1,Rb2,Prec,Frac4Rise,Error,BFF
08181800,4.51435e+09,9564.62,79.7231,1676.54,0.15,0.007422,1.1,2532.57,1318.7,1.18784,1.09117e+06,-0.092369,-0.052298,-0.045881,17615.3,0.05,0.364281,0.378643
