tmp.site,tmp.area,Lb,X1,Wb,POR,ALPHA,BETA,Ks,Kb,Kz,Qthresh,Rs,Rb1,Rb2,Prec,Frac4Rise,Error,BFF
03384500,3.72699e+11,7.06389e+06,2.44221,9.33685,0.15,0.01,0.6,13392.4,4.62177e+06,82.2812,1.34561e+08,-0.056733,-0.039613,-0.062224,4.15917e+06,0.05,0.980937,0.002831
