tmp.site,tmp.area,Lb,X1,Wb,POR,ALPHA,BETA,Ks,Kb,Kz,Qthresh,Rs,Rb1,Rb2,Prec,Frac4Rise,Error,BFF
01092000,8.00824e+09,17127.6,100,4223.48,0.15,0.010813,1,5594.65,17802.2,1.52355,2.6423e+06,-0.097078,-0.045546,-0.052765,151687,0.05,0.294903,0.581141
