tmp.site,tmp.area,Lb,X1,Wb,POR,ALPHA,BETA,Ks,Kb,Kz,Qthresh,Rs,Rb1,Rb2,Prec,Frac4Rise,Error,BFF
03335500,1.88214e+10,36752,151.209,3096.47,0.15,0.009242,1.8,7712.46,11468.2,1.75718,1.53826e+06,-0.109681,-0.06192,-0.041121,163857,0.05,0.350196,0.466702
