tmp.site,tmp.area,Lb,X1,Wb,POR,ALPHA,BETA,Ks,Kb,Kz,Qthresh,Rs,Rb1,Rb2,Prec,Frac4Rise,Error,BFF
06911900,2.95259e+08,13076.8,85.9006,309.376,0.15,0.013843,1,1297.84,27861.6,0.909418,142713,-0.257075,-0.115551,-0.135454,24.4657,0.05,2.80464,0.166452
