tmp.site,tmp.area,Lb,X1,Wb,POR,ALPHA,BETA,Ks,Kb,Kz,Qthresh,Rs,Rb1,Rb2,Prec,Frac4Rise,Error,BFF
07180500,2.84899e+08,3024.8,230.479,749.408,0.15,0.011299,1,1523.21,4986,0.347204,44038.3,-0.255259,-0.060526,-0.063151,24.4657,0.05,5.27446,0.21758
