tmp.site,tmp.area,Lb,X1,Wb,POR,ALPHA,BETA,Ks,Kb,Kz,Qthresh,Rs,Rb1,Rb2,Prec,Frac4Rise,Error,BFF
01480300,4.84328e+07,23865.2,17287,740.359,0.15,0.018048,10.1,587.878,1022.11,0.30844,23976.4,-0.3705,-0.072374,-0.039192,905.231,0.05,0.359977,0.334676
