tmp.site,tmp.area,Lb,X1,Wb,POR,ALPHA,BETA,Ks,Kb,Kz,Qthresh,Rs,Rb1,Rb2,Prec,Frac4Rise,Error,BFF
07311800,1.51255e+09,6395.36,165.621,245.817,0.15,0.014247,0.9,3326,9041.75,0.738943,34252,-0.188026,-0.089895,-0.155223,24.4657,0.05,30.4321,0.089941
