tmp.site,tmp.area,Lb,X1,Wb,POR,ALPHA,BETA,Ks,Kb,Kz,Qthresh,Rs,Rb1,Rb2,Prec,Frac4Rise,Error,BFF
08329900,2.2766e+08,10934,48.4807,37.7082,0.15,0.023376,0.9,1863.97,27905.1,1.08742,20423,-0.37909,-0.064977,-0.193689,24.4657,0.05,14.3157,0.073972
