tmp.site,tmp.area,Lb,X1,Wb,POR,ALPHA,BETA,Ks,Kb,Kz,Qthresh,Rs,Rb1,Rb2,Prec,Frac4Rise,Error,BFF
07103987,4.16988e+07,45078.3,100,52.9782,0.15,0.026379,1,109.878,3246.18,0.90347,7070.59,-0.1998,-0.125254,-0.056265,360.943,0.05,0.333623,0.342264
