tmp.site,tmp.area,Lb,X1,Wb,POR,ALPHA,BETA,Ks,Kb,Kz,Qthresh,Rs,Rb1,Rb2,Prec,Frac4Rise,Error,BFF
02016000,1.19398e+09,8213.75,100,1309.19,0.15,0.007481,1,2137.94,4722.83,0.909964,210405,-0.162563,-0.091177,-0.029703,14924.1,0.05,0.353237,0.321
