tmp.site,tmp.area,Lb,X1,Wb,POR,ALPHA,BETA,Ks,Kb,Kz,Qthresh,Rs,Rb1,Rb2,Prec,Frac4Rise,Error,BFF
02321000,4.94688e+08,6631.63,100,758.997,0.15,0.01763,1,1456.79,10611.5,0.915309,10436.6,-0.113039,-0.085685,-0.084551,24.4657,0.05,0.935406,0.278268
