tmp.site,tmp.area,Lb,X1,Wb,POR,ALPHA,BETA,Ks,Kb,Kz,Qthresh,Rs,Rb1,Rb2,Prec,Frac4Rise,Error,BFF
03289300,2.71949e+08,14982,0.370716,637.108,0.15,0.017049,1.2,1532.84,67.8306,1.32431,88076.6,-0.236768,-0.08318,-0.069045,3914.51,0.05,0.361844,0.419665
