tmp.site,tmp.area,Lb,X1,Wb,POR,ALPHA,BETA,Ks,Kb,Kz,Qthresh,Rs,Rb1,Rb2,Prec,Frac4Rise,Error,BFF
03596000,2.77129e+08,9225.13,2692.94,792.571,0.15,0.007545,10.1,1772.03,4197.06,0.895228,61164.3,-0.303068,-0.104373,-0.034946,3914.51,0.05,0.350227,0.300227
