tmp.site,tmp.area,Lb,X1,Wb,POR,ALPHA,BETA,Ks,Kb,Kz,Qthresh,Rs,Rb1,Rb2,Prec,Frac4Rise,Error,BFF
03598185,1.51431e+09,56346.1,12.5287,678.587,0.15,0.010404,0.8,450.668,3118.49,1.01567,467295,-0.044662,-0.030441,-0.037515,38166.5,0.05,0.205272,0.66559
