tmp.site,tmp.area,Lb,X1,Wb,POR,ALPHA,BETA,Ks,Kb,Kz,Qthresh,Rs,Rb1,Rb2,Prec,Frac4Rise,Error,BFF
01443280,3.36698e+07,9634.22,100,277.561,0.15,0.016512,1,248.661,5663.85,0.476169,23805.1,-0.143841,-0.041678,-0.041843,733.971,0.05,0.291691,0.574075
