tmp.site,tmp.area,Lb,X1,Wb,POR,ALPHA,BETA,Ks,Kb,Kz,Qthresh,Rs,Rb1,Rb2,Prec,Frac4Rise,Error,BFF
08105872,1.12923e+08,5239.54,317.449,319.586,0.15,0.024521,0.9,439.225,21697.2,0.707603,82694.1,-0.233066,-0.073433,-0.095088,97.8629,0.05,0.576196,0.328361
