tmp.site,tmp.area,Lb,X1,Wb,POR,ALPHA,BETA,Ks,Kb,Kz,Qthresh,Rs,Rb1,Rb2,Prec,Frac4Rise,Error,BFF
06709000,7.12247e+08,190786,100,96.0657,0.15,0.017693,1,2032.88,3958.23,1.02998,46484.9,-0.129139,-0.045444,-0.064871,24.4657,0.05,28.2958,0.219639
