tmp.site,tmp.area,Lb,X1,Wb,POR,ALPHA,BETA,Ks,Kb,Kz,Qthresh,Rs,Rb1,Rb2,Prec,Frac4Rise,Error,BFF
12458000,4.99868e+08,58776.1,74.2481,815.605,0.15,0.011523,2.7,751.455,4120.4,0.887147,168813,-0.091161,-0.034134,-0.020792,17126,0.05,0.253856,0.609849
