tmp.site,tmp.area,Lb,X1,Wb,POR,ALPHA,BETA,Ks,Kb,Kz,Qthresh,Rs,Rb1,Rb2,Prec,Frac4Rise,Error,BFF
02466030,1.50478e+10,8529.26,80.9989,7854.68,0.15,0.015963,1.2,18847.3,7124.9,3.0654,1.85313e+06,-0.200532,-0.083167,-0.060799,156899,0.05,0.340255,0.492777
