tmp.site,tmp.area,Lb,X1,Wb,POR,ALPHA,BETA,Ks,Kb,Kz,Qthresh,Rs,Rb1,Rb2,Prec,Frac4Rise,Error,BFF
01545600,1.19657e+08,15291.8,100,371.092,0.15,0.017384,1,390.733,18235.7,0.915755,13456.1,-0.118127,-0.060547,-0.042599,512.018,0.05,0.330724,0.466309
