tmp.site,tmp.area,Lb,X1,Wb,POR,ALPHA,BETA,Ks,Kb,Kz,Qthresh,Rs,Rb1,Rb2,Prec,Frac4Rise,Error,BFF
0212427947,6.47497e+06,4899.19,100,64.7837,0.15,0.014823,1,136.387,5130.32,0.41554,5627.11,-0.362874,-0.080839,-0.080992,24.4657,0.05,0.520806,0.224194
