tmp.site,tmp.area,Lb,X1,Wb,POR,ALPHA,BETA,Ks,Kb,Kz,Qthresh,Rs,Rb1,Rb2,Prec,Frac4Rise,Error,BFF
01543700,4.71378e+08,6303.21,0.091937,1276.59,0.15,0.012415,1.6,1869.33,3.69849,1.09116,112970,-0.174345,-0.073303,-0.044376,2272.94,0.05,0.322363,0.484607
