tmp.site,tmp.area,Lb,X1,Wb,POR,ALPHA,BETA,Ks,Kb,Kz,Qthresh,Rs,Rb1,Rb2,Prec,Frac4Rise,Error,BFF
08178980,1.22247e+09,141612,100,277.516,0.15,0.018829,1,1380.55,5521.34,0.955784,1957.26,-0.077075,-0.028745,-0.040979,197.365,0.05,0.685936,0.232193
