tmp.site,tmp.area,Lb,X1,Wb,POR,ALPHA,BETA,Ks,Kb,Kz,Qthresh,Rs,Rb1,Rb2,Prec,Frac4Rise,Error,BFF
04195500,1.10851e+09,14698.1,16.9967,1039.91,0.15,0.013578,1.2,4415.05,7028.38,1.0447,24287.1,-0.222128,-0.133758,-0.091492,660.574,0.05,0.470017,0.337925
