tmp.site,tmp.area,Lb,X1,Wb,POR,ALPHA,BETA,Ks,Kb,Kz,Qthresh,Rs,Rb1,Rb2,Prec,Frac4Rise,Error,BFF
03085500,6.65627e+08,25531,90.0714,796.176,0.15,0.011441,1.7,2533.59,8528.03,1.20338,132604,-0.296088,-0.063539,-0.044255,7584.37,0.05,0.328141,0.455627
