tmp.site,tmp.area,Lb,X1,Wb,POR,ALPHA,BETA,Ks,Kb,Kz,Qthresh,Rs,Rb1,Rb2,Prec,Frac4Rise,Error,BFF
0208773375,2.94482e+08,8193.63,85.7496,404.854,0.15,0.009663,1,1491.89,11807.1,1.01276,31805.4,-0.258447,-0.102756,-0.101943,1401.89,0.05,0.449925,0.236007
