tmp.site,tmp.area,Lb,X1,Wb,POR,ALPHA,BETA,Ks,Kb,Kz,Qthresh,Rs,Rb1,Rb2,Prec,Frac4Rise,Error,BFF
03340500,2.87955e+10,34760.5,1.25861,4774.59,0.15,0.008285,1.8,9911.91,78.9224,1.41869,2.51997e+06,-0.082058,-0.054294,-0.036181,244657,0.05,0.325448,0.522093
