tmp.site,tmp.area,Lb,X1,Wb,POR,ALPHA,BETA,Ks,Kb,Kz,Qthresh,Rs,Rb1,Rb2,Prec,Frac4Rise,Error,BFF
04018000,4.42888e+08,30896.9,10183.5,462.983,0.15,0.009424,4.6,202.122,7462.79,0.579776,85630,-0.059282,-0.038099,-0.022107,4893.14,0.05,0.397911,0.324125
