tmp.site,tmp.area,Lb,X1,Wb,POR,ALPHA,BETA,Ks,Kb,Kz,Qthresh,Rs,Rb1,Rb2,Prec,Frac4Rise,Error,BFF
0344878100,2.69359e+08,30739,3726.1,474.337,0.15,0.014491,10.1,475.006,13777.8,1.01772,213238,-0.378657,-0.047303,-0.033148,8197.73,0.05,0.271281,0.546789
