tmp.site,tmp.area,Lb,X1,Wb,POR,ALPHA,BETA,Ks,Kb,Kz,Qthresh,Rs,Rb1,Rb2,Prec,Frac4Rise,Error,BFF
03431700,6.29367e+07,11548.8,100,216.377,0.15,0.029815,1,1133.95,16781.8,1.02191,11180.8,-0.402682,-0.099713,-0.087038,146.794,0.05,0.508654,0.255383
