tmp.site,tmp.area,Lb,X1,Wb,POR,ALPHA,BETA,Ks,Kb,Kz,Qthresh,Rs,Rb1,Rb2,Prec,Frac4Rise,Error,BFF
11468900,1.8363e+08,9342.48,100,658.136,0.15,0.015925,1,1421.88,3952.04,1.07343,12208.4,-0.159784,-0.075549,-0.022633,875.897,0.05,0.364812,0.192153
