tmp.site,tmp.area,Lb,X1,Wb,POR,ALPHA,BETA,Ks,Kb,Kz,Qthresh,Rs,Rb1,Rb2,Prec,Frac4Rise,Error,BFF
09330000,1.94508e+09,245061,26.7341,62.1932,0.15,0.042749,1.1,3173.14,8.90347,1.17673,202331,-0.066766,-0.015373,-0.014922,10764.9,0.05,0.217361,0.711842
