tmp.site,tmp.area,Lb,X1,Wb,POR,ALPHA,BETA,Ks,Kb,Kz,Qthresh,Rs,Rb1,Rb2,Prec,Frac4Rise,Error,BFF
01387500,3.10799e+08,11951.4,256.354,793.293,0.15,0.018,1.1,1339.13,29976.9,1.09473,41591.7,-0.220916,-0.061931,-0.051197,3180.54,0.05,0.354548,0.444787
