tmp.site,tmp.area,Lb,X1,Wb,POR,ALPHA,BETA,Ks,Kb,Kz,Qthresh,Rs,Rb1,Rb2,Prec,Frac4Rise,Error,BFF
11421790,5.56847e+07,10142.7,100,469.225,0.15,0.003511,1,20.1242,56.2259,0.100198,31805.4,-0.100545,-0.024387,-0.023013,831.834,0.05,0.375765,0.181273
