tmp.site,tmp.area,Lb,X1,Wb,POR,ALPHA,BETA,Ks,Kb,Kz,Qthresh,Rs,Rb1,Rb2,Prec,Frac4Rise,Error,BFF
06077200,2.81532e+09,64965.9,100,424.147,0.15,0.00531,1,353.161,1937.95,1.02119,168813,-0.058892,-0.031321,-0.024526,11009.6,0.05,0.328885,0.376734
