tmp.site,tmp.area,Lb,X1,Wb,POR,ALPHA,BETA,Ks,Kb,Kz,Qthresh,Rs,Rb1,Rb2,Prec,Frac4Rise,Error,BFF
09073005,3.91088e+07,9389.86,177.836,789.279,0.15,0.008779,1,50.3836,26.9971,0.122049,12599.8,-0.03327,-0.039465,-0.037987,24.4657,0.05,6.04931,0.167375
