tmp.site,tmp.area,Lb,X1,Wb,POR,ALPHA,BETA,Ks,Kb,Kz,Qthresh,Rs,Rb1,Rb2,Prec,Frac4Rise,Error,BFF
07159100,4.09451e+10,9257.58,22.0088,2049.39,0.15,0.006325,1.2,7285.05,1884.73,1.12473,726632,-0.140454,-0.083526,-0.059799,3136.75,0.05,0.522045,0.29625
