tmp.site,tmp.area,Lb,X1,Wb,POR,ALPHA,BETA,Ks,Kb,Kz,Qthresh,Rs,Rb1,Rb2,Prec,Frac4Rise,Error,BFF
06803555,2.71949e+09,15163.6,222.293,1179.94,0.15,0.002667,4.5,1515.15,1135.6,0.929227,318054,-0.14296,-0.075224,-0.044386,8807.66,0.05,0.361541,0.31019
