tmp.site,tmp.area,Lb,X1,Wb,POR,ALPHA,BETA,Ks,Kb,Kz,Qthresh,Rs,Rb1,Rb2,Prec,Frac4Rise,Error,BFF
13213100,1.52032e+11,17373.2,100,46406.2,0.15,0.00516,1,649.344,5321.27,0.961189,2.71569e+07,-0.040021,-0.020391,-0.020044,1.26243e+06,0.05,0.232752,0.886105
