tmp.site,tmp.area,Lb,X1,Wb,POR,ALPHA,BETA,Ks,Kb,Kz,Qthresh,Rs,Rb1,Rb2,Prec,Frac4Rise,Error,BFF
02336635,8.15846e+07,4454.48,575.481,556.398,0.15,0.019294,1.1,1227.51,20219,0.371988,63121.5,-0.680402,-0.077653,-0.061605,922.357,0.05,0.394012,0.336694
