tmp.site,tmp.area,Lb,X1,Wb,POR,ALPHA,BETA,Ks,Kb,Kz,Qthresh,Rs,Rb1,Rb2,Prec,Frac4Rise,Error,BFF
09520280,1.42449e+11,11397.6,100,469.594,0.15,0.009588,1,21969.2,2328.05,0.945223,58717.7,-0.124231,-0.109875,-0.199334,24.4657,0.05,53.1828,0.024593
