tmp.site,tmp.area,Lb,X1,Wb,POR,ALPHA,BETA,Ks,Kb,Kz,Qthresh,Rs,Rb1,Rb2,Prec,Frac4Rise,Error,BFF
01570000,1.21729e+09,62630.7,391.842,1020.29,0.15,0.008413,4.2,3078.86,23663.1,0.075941,261783,-0.200571,-0.062812,-0.037478,17860,0.05,0.298561,0.474127
