tmp.site,tmp.area,Lb,X1,Wb,POR,ALPHA,BETA,Ks,Kb,Kz,Qthresh,Rs,Rb1,Rb2,Prec,Frac4Rise,Error,BFF
0242354750,6.63037e+07,8249.86,100,314.797,0.15,0.013063,1,560.043,7211.8,0.894244,15144.3,-0.295234,-0.098877,-0.044273,1098.39,0.05,0.33428,0.343951
