tmp.site,tmp.area,Lb,X1,Wb,POR,ALPHA,BETA,Ks,Kb,Kz,Qthresh,Rs,Rb1,Rb2,Prec,Frac4Rise,Error,BFF
02397410,1.69126e+08,11726.6,100,452.767,0.15,0.009346,1,466.291,6422.51,0.960782,55292.5,-0.202733,-0.070094,-0.025427,2495.5,0.05,0.323083,0.397902
