tmp.site,tmp.area,Lb,X1,Wb,POR,ALPHA,BETA,Ks,Kb,Kz,Qthresh,Rs,Rb1,Rb2,Prec,Frac4Rise,Error,BFF
03084800,4.66198e+07,59279.5,100,125.074,0.15,0.048984,1,791.566,7470.17,0.731739,37882.7,-0.477862,-0.049585,-0.059349,624.365,0.05,0.586318,0.273427
