tmp.site,tmp.area,Lb,X1,Wb,POR,ALPHA,BETA,Ks,Kb,Kz,Qthresh,Rs,Rb1,Rb2,Prec,Frac4Rise,Error,BFF
13135520,1.036e+08,20707.5,3824.56,447.774,0.15,0.011006,2.5,264.471,3400.69,0.392748,39145.1,-0.065723,-0.022059,-0.012021,2519.97,0.05,0.227231,0.392254
