tmp.site,tmp.area,Lb,X1,Wb,POR,ALPHA,BETA,Ks,Kb,Kz,Qthresh,Rs,Rb1,Rb2,Prec,Frac4Rise,Error,BFF
07109500,1.61978e+10,2420.44,50.6776,10183.4,0.15,0.004432,0.9,265.803,707.028,0.983961,954163,-0.047655,-0.035207,-0.038812,39879.1,0.05,0.334347,0.647332
