tmp.site,tmp.area,Lb,X1,Wb,POR,ALPHA,BETA,Ks,Kb,Kz,Qthresh,Rs,Rb1,Rb2,Prec,Frac4Rise,Error,BFF
09087500,4.66198e+08,5528.34,100,1042.33,0.15,0.008944,1,326.541,6503.89,0.91657,4770.81,-0.08817,-0.051718,-0.070892,342.52,0.05,0.667957,0.419884
