tmp.site,tmp.area,Lb,X1,Wb,POR,ALPHA,BETA,Ks,Kb,Kz,Qthresh,Rs,Rb1,Rb2,Prec,Frac4Rise,Error,BFF
12099600,3.98858e+07,13106.6,100,240.449,0.15,0.013145,1,314.069,7927.43,0.734435,7436.6,-0.202733,-0.055961,-0.033345,807.369,0.05,0.312218,0.459654
