tmp.site,tmp.area,Lb,X1,Wb,POR,ALPHA,BETA,Ks,Kb,Kz,Qthresh,Rs,Rb1,Rb2,Prec,Frac4Rise,Error,BFF
03155000,3.92642e+09,16252.1,4.85051,2445.19,0.15,0.012294,1.1,10862.7,1764.06,2.39879,149241,-0.196454,-0.106792,-0.087481,2691.23,0.05,0.460935,0.359621
