tmp.site,tmp.area,Lb,X1,Wb,POR,ALPHA,BETA,Ks,Kb,Kz,Qthresh,Rs,Rb1,Rb2,Prec,Frac4Rise,Error,BFF
02026000,9.45087e+09,4005.78,8.61579,9613.04,0.15,0.005374,2.7,4375.4,182.111,1.84742,2.51997e+06,-0.137783,-0.063662,-0.04061,127222,0.05,0.314895,0.668277
