tmp.site,tmp.area,Lb,X1,Wb,POR,ALPHA,BETA,Ks,Kb,Kz,Qthresh,Rs,Rb1,Rb2,Prec,Frac4Rise,Error,BFF
08074500,2.46308e+08,10954.2,42.6176,421.193,0.15,0.007098,1,3016.24,9265.02,1.09623,122329,-0.379113,-0.1319,-0.133734,244.657,0.05,0.593881,0.172027
