tmp.site,tmp.area,Lb,X1,Wb,POR,ALPHA,BETA,Ks,Kb,Kz,Qthresh,Rs,Rb1,Rb2,Prec,Frac4Rise,Error,BFF
03280902,1.09038e+09,7946.6,287.404,22899.2,0.15,0.006084,0.9,287.549,56390.8,0.931843,98763.2,-0.017566,-0.076981,-0.1231,5452.92,0.05,3.70701,0.968032
