tmp.site,tmp.area,Lb,X1,Wb,POR,ALPHA,BETA,Ks,Kb,Kz,Qthresh,Rs,Rb1,Rb2,Prec,Frac4Rise,Error,BFF
12202300,9.79016e+06,26056.2,112.828,99.2638,0.15,0.016845,1.4,209.54,37372.9,0.649045,587.177,-0.181896,-0.073904,-0.042239,39.1451,0.05,0.373825,0.396726
