tmp.site,tmp.area,Lb,X1,Wb,POR,ALPHA,BETA,Ks,Kb,Kz,Qthresh,Rs,Rb1,Rb2,Prec,Frac4Rise,Error,BFF
03277500,1.20693e+09,13294.2,0.122946,1496.12,0.15,0.009002,1,6840.89,42.7142,0.682025,235605,-0.19384,-0.085797,-0.088393,1223.29,0.05,0.461116,0.378841
