tmp.site,tmp.area,Lb,X1,Wb,POR,ALPHA,BETA,Ks,Kb,Kz,Qthresh,Rs,Rb1,Rb2,Prec,Frac4Rise,Error,BFF
08193000,1.05723e+10,8751.67,92.2068,1537.37,0.15,0.009995,0.9,4477.87,5860.42,0.831653,415917,-0.122986,-0.106294,-0.27204,24.4657,0.05,615.516,0.197393
