tmp.site,tmp.area,Lb,X1,Wb,POR,ALPHA,BETA,Ks,Kb,Kz,Qthresh,Rs,Rb1,Rb2,Prec,Frac4Rise,Error,BFF
14174000,1.25355e+10,13133.6,100,10450.5,0.15,0.009913,1,3794.23,1899.44,3.49975,5.65158e+06,-0.065875,-0.043382,-0.010713,577391,0.05,0.326728,0.436484
