tmp.site,tmp.area,Lb,X1,Wb,POR,ALPHA,BETA,Ks,Kb,Kz,Qthresh,Rs,Rb1,Rb2,Prec,Frac4Rise,Error,BFF
01589290,8.36566e+06,7381.52,12.9121,71.0218,0.15,0.010565,1,333.563,1004.27,0.744669,2030.65,-0.554074,-0.102109,-0.108541,56.2711,0.05,0.427614,0.17659
