tmp.site,tmp.area,Lb,X1,Wb,POR,ALPHA,BETA,Ks,Kb,Kz,Qthresh,Rs,Rb1,Rb2,Prec,Frac4Rise,Error,BFF
10245970,4.81738e+07,117673,203.049,55.9498,0.15,0.022717,0.9,7.24281,98003.3,0.539336,3890.05,-0.090724,-0.021523,-0.035265,24.4657,0.05,1.06934,0.61437
