tmp.site,tmp.area,Lb,X1,Wb,POR,ALPHA,BETA,Ks,Kb,Kz,Qthresh,Rs,Rb1,Rb2,Prec,Frac4Rise,Error,BFF
09470800,2.17041e+07,225225,100,33.7782,0.15,0.083699,1,216.184,75677.4,0.741868,2935.89,-0.11136,-0.036734,-0.04589,24.4657,0.05,0.724882,0.193069
