tmp.site,tmp.area,Lb,X1,Wb,POR,ALPHA,BETA,Ks,Kb,Kz,Qthresh,Rs,Rb1,Rb2,Prec,Frac4Rise,Error,BFF
12306500,1.47629e+09,14942.5,100,1775.11,0.15,0.007614,1,312.774,10109.1,0.908429,147284,-0.075452,-0.032848,-0.017772,10055.4,0.05,0.291341,0.494548
