tmp.site,tmp.area,Lb,X1,Wb,POR,ALPHA,BETA,Ks,Kb,Kz,Qthresh,Rs,Rb1,Rb2,Prec,Frac4Rise,Error,BFF
03329000,9.78757e+09,10580.5,100,2700.39,0.15,0.00707,1,5069.48,9521.6,1.72169,636109,-0.098941,-0.089332,-0.054435,59696.3,0.05,0.399371,0.285506
