tmp.site,tmp.area,Lb,X1,Wb,POR,ALPHA,BETA,Ks,Kb,Kz,Qthresh,Rs,Rb1,Rb2,Prec,Frac4Rise,Error,BFF
05062000,2.52524e+09,3864.95,398.668,3129.48,0.15,0.028847,1.2,1456.31,1989.04,0.333501,234871,-0.091161,-0.048137,-0.032032,489.314,0.05,0.775408,0.254641
