tmp.site,tmp.area,Lb,X1,Wb,POR,ALPHA,BETA,Ks,Kb,Kz,Qthresh,Rs,Rb1,Rb2,Prec,Frac4Rise,Error,BFF
08018500,3.51461e+09,6647.4,100,6276.25,0.15,0.038878,1,6547.97,16873.1,0.972941,52112,-0.156913,-0.088797,-0.154372,24.4657,0.05,2.03028,0.42843
