tmp.site,tmp.area,Lb,X1,Wb,POR,ALPHA,BETA,Ks,Kb,Kz,Qthresh,Rs,Rb1,Rb2,Prec,Frac4Rise,Error,BFF
03146000,3.00439e+08,19387.4,44.6408,466.211,0.15,0.011685,1.4,2204.14,16114,1.15045,11743.5,-0.262876,-0.125471,-0.072655,562.711,0.05,0.446727,0.287729
