tmp.site,tmp.area,Lb,X1,Wb,POR,ALPHA,BETA,Ks,Kb,Kz,Qthresh,Rs,Rb1,Rb2,Prec,Frac4Rise,Error,BFF
02294650,1.0101e+09,26046.7,329.965,1128.92,0.15,0.05655,0.9,339.544,94593.2,1.23699,68748.7,-0.066766,-0.040726,-0.059404,660.574,0.05,0.492799,0.56244
