tmp.site,tmp.area,Lb,X1,Wb,POR,ALPHA,BETA,Ks,Kb,Kz,Qthresh,Rs,Rb1,Rb2,Prec,Frac4Rise,Error,BFF
11370500,1.6752e+10,38955,100,15343.3,0.15,0.010252,1,372.058,3792.55,1.09741,9.85968e+06,-0.007449,-0.02757,-0.018261,692624,0.05,0.51333,0.775086
