tmp.site,tmp.area,Lb,X1,Wb,POR,ALPHA,BETA,Ks,Kb,Kz,Qthresh,Rs,Rb1,Rb2,Prec,Frac4Rise,Error,BFF
09513780,1.76896e+08,14422.8,100,110.933,0.15,0.028362,1,1792.48,10661.3,0.870161,7339.71,-0.202733,-0.09388,-0.103776,24.4657,0.05,7.20381,0.088473
