tmp.site,tmp.area,Lb,X1,Wb,POR,ALPHA,BETA,Ks,Kb,Kz,Qthresh,Rs,Rb1,Rb2,Prec,Frac4Rise,Error,BFF
02343940,1.66277e+08,17679.3,100,352.979,0.15,0.014673,1,425.49,13887,0.915281,20379.9,-0.237811,-0.059433,-0.028232,1695.2,0.05,0.359222,0.412794
