tmp.site,tmp.area,Lb,X1,Wb,POR,ALPHA,BETA,Ks,Kb,Kz,Qthresh,Rs,Rb1,Rb2,Prec,Frac4Rise,Error,BFF
06605850,4.0093e+09,37711.1,37.0212,1616.89,0.15,0.012945,1.1,2256.81,11794.2,1.08409,21520,-0.091161,-0.04067,-0.035064,2446.57,0.05,0.400481,0.519424
