tmp.site,tmp.area,Lb,X1,Wb,POR,ALPHA,BETA,Ks,Kb,Kz,Qthresh,Rs,Rb1,Rb2,Prec,Frac4Rise,Error,BFF
06623800,1.88292e+08,52151.8,22661.5,243.092,0.15,0.006741,8.8,197.353,1646.77,0.747109,74865.1,-0.111572,-0.034693,-0.015218,2935.89,0.05,0.347863,0.164665
