tmp.site,tmp.area,Lb,X1,Wb,POR,ALPHA,BETA,Ks,Kb,Kz,Qthresh,Rs,Rb1,Rb2,Prec,Frac4Rise,Error,BFF
03145483,2.02537e+08,5648.75,173.097,525.766,0.15,0.012465,1.1,1717.13,16014.7,1.07924,20575.7,-0.34499,-0.110544,-0.087313,538.686,0.05,0.424382,0.266742
