tmp.site,tmp.area,Lb,X1,Wb,POR,ALPHA,BETA,Ks,Kb,Kz,Qthresh,Rs,Rb1,Rb2,Prec,Frac4Rise,Error,BFF
14147200,3.10799e+08,42615.8,100,712.124,0.15,0.008606,1,699.346,5948.06,0.936881,230337,-0.229073,-0.038964,-0.005349,23101,0.05,0.240471,0.508473
