tmp.site,tmp.area,Lb,X1,Wb,POR,ALPHA,BETA,Ks,Kb,Kz,Qthresh,Rs,Rb1,Rb2,Prec,Frac4Rise,Error,BFF
11276500,1.18362e+09,7246.16,43.6442,2861.68,0.15,0.010507,1.1,61.6703,962.686,1.38975,283802,-0.026184,-0.038384,-0.030368,3914.51,0.05,1.32404,0.432314
