tmp.site,tmp.area,Lb,X1,Wb,POR,ALPHA,BETA,Ks,Kb,Kz,Qthresh,Rs,Rb1,Rb2,Prec,Frac4Rise,Error,BFF
09357000,1.38564e+10,115871,27.7252,1011.4,0.15,0.0109,1.1,512.55,1877.81,1.10902,1.15723e+06,-0.018487,-0.023153,-0.021964,36412.3,0.05,0.240393,0.62895
