tmp.site,tmp.area,Lb,X1,Wb,POR,ALPHA,BETA,Ks,Kb,Kz,Qthresh,Rs,Rb1,Rb2,Prec,Frac4Rise,Error,BFF
08159200,1.03545e+11,14243.9,100,3591.59,0.15,0.009964,1,9282.61,10170,1.00151,291142,-0.07155,-0.051596,-0.066005,31560.8,0.05,0.477069,0.429613
