tmp.site,tmp.area,Lb,X1,Wb,POR,ALPHA,BETA,Ks,Kb,Kz,Qthresh,Rs,Rb1,Rb2,Prec,Frac4Rise,Error,BFF
03424860,6.52677e+09,12281,0.051626,8478.64,0.15,0.007602,0.9,519.455,11.5162,1.56067,802622,-0.03288,-0.045694,-0.091575,94036.4,0.05,0.682604,0.827652
