tmp.site,tmp.area,Lb,X1,Wb,POR,ALPHA,BETA,Ks,Kb,Kz,Qthresh,Rs,Rb1,Rb2,Prec,Frac4Rise,Error,BFF
08200000,2.47603e+08,96602.9,100,184.813,0.15,0.021182,1,185.395,65879,0.937741,39145.1,-0.246526,-0.034236,-0.060205,24.4657,0.05,7.82477,0.348774
