tmp.site,tmp.area,Lb,X1,Wb,POR,ALPHA,BETA,Ks,Kb,Kz,Qthresh,Rs,Rb1,Rb2,Prec,Frac4Rise,Error,BFF
08023000,2.49934e+08,12396.5,47.4965,225.229,0.15,0.010607,1,1858.84,13645.2,0.752575,8807.66,-0.248473,-0.142103,-0.145699,24.4657,0.05,2.07089,0.103331
