tmp.site,tmp.area,Lb,X1,Wb,POR,ALPHA,BETA,Ks,Kb,Kz,Qthresh,Rs,Rb1,Rb2,Prec,Frac4Rise,Error,BFF
09429100,4.71896e+11,48751,43.4492,10448,0.15,0.007848,0.8,5797.05,13262.5,0.999675,1.80068e+07,-0.050508,-0.018517,-0.049871,357199,0.05,0.311049,0.851718
