tmp.site,tmp.area,Lb,X1,Wb,POR,ALPHA,BETA,Ks,Kb,Kz,Qthresh,Rs,Rb1,Rb2,Prec,Frac4Rise,Error,BFF
07017260,6.83757e+08,5432.51,100,1057.48,0.15,0.007167,1,2967.16,3870.95,0.950191,100309,-0.197532,-0.118849,-0.033109,6300.41,0.05,0.428249,0.211869
