tmp.site,tmp.area,Lb,X1,Wb,POR,ALPHA,BETA,Ks,Kb,Kz,Qthresh,Rs,Rb1,Rb2,Prec,Frac4Rise,Error,BFF
10308200,7.14837e+08,17144.4,269.092,1037.32,0.15,0.011829,1.1,664.165,19760.8,0.960447,119882,-0.091161,-0.029885,-0.024977,6214.29,0.05,0.278052,0.540927
