tmp.site,tmp.area,Lb,X1,Wb,POR,ALPHA,BETA,Ks,Kb,Kz,Qthresh,Rs,Rb1,Rb2,Prec,Frac4Rise,Error,BFF
07104905,6.08647e+08,94152.2,100,237.289,0.15,0.014885,1,593.148,773.213,0.880903,99575.5,-0.122509,-0.051089,-0.058073,2117.65,0.05,0.313459,0.450113
