tmp.site,tmp.area,Lb,X1,Wb,POR,ALPHA,BETA,Ks,Kb,Kz,Qthresh,Rs,Rb1,Rb2,Prec,Frac4Rise,Error,BFF
08088000,5.87228e+10,5172.55,100,2546.99,0.15,0.005106,1,14362.5,10047.7,0.997542,408577,-0.178337,-0.094464,-0.115387,24.4657,0.05,9.93855,0.18629
