tmp.site,tmp.area,Lb,X1,Wb,POR,ALPHA,BETA,Ks,Kb,Kz,Qthresh,Rs,Rb1,Rb2,Prec,Frac4Rise,Error,BFF
14070900,1.38564e+07,16975.4,144.323,345.443,0.15,0.013246,2,63.6871,1968.55,0.415506,37921.9,-0.057308,-0.018995,-0.015883,2365.03,0.05,0.328222,0.635483
