tmp.site,tmp.area,Lb,X1,Wb,POR,ALPHA,BETA,Ks,Kb,Kz,Qthresh,Rs,Rb1,Rb2,Prec,Frac4Rise,Error,BFF
09479350,5.15796e+10,64179.7,100,16.939,0.15,0.096267,1,6891.45,877.106,0.074012,122.329,-0.574098,-0.18812,-0.224402,122.329,0.05,0.924508,0.009648
