tmp.site,tmp.area,Lb,X1,Wb,POR,ALPHA,BETA,Ks,Kb,Kz,Qthresh,Rs,Rb1,Rb2,Prec,Frac4Rise,Error,BFF
09430020,1.17844e+09,53648.5,100,109.724,0.15,0.016581,1,513.294,4041.36,0.902457,33762.7,-0.050338,-0.036754,-0.034039,547.274,0.05,0.621453,0.159616
