tmp.site,tmp.area,Lb,X1,Wb,POR,ALPHA,BETA,Ks,Kb,Kz,Qthresh,Rs,Rb1,Rb2,Prec,Frac4Rise,Error,BFF
06646000,3.60008e+08,23812.4,182.317,502.804,0.15,0.007988,1.4,99.6194,89520.9,0.634883,20551.2,-0.111099,-0.048697,-0.029963,486.134,0.05,0.341932,0.604961
