tmp.site,tmp.area,Lb,X1,Wb,POR,ALPHA,BETA,Ks,Kb,Kz,Qthresh,Rs,Rb1,Rb2,Prec,Frac4Rise,Error,BFF
14013700,2.40092e+08,20960.5,100,396.502,0.15,0.010557,1,61.8205,13906.2,0.930002,46484.9,-0.081259,-0.055105,-0.022974,4539.37,0.05,0.340765,0.497225
