tmp.site,tmp.area,Lb,X1,Wb,POR,ALPHA,BETA,Ks,Kb,Kz,Qthresh,Rs,Rb1,Rb2,Prec,Frac4Rise,Error,BFF
05378500,1.53327e+11,26435.9,100,23557.8,0.15,0.00259,1,1620.77,5313.48,1.06299,2.47104e+07,-0.033721,-0.023377,-0.025245,1.67101e+06,0.05,0.295006,0.631532
