tmp.site,tmp.area,Lb,X1,Wb,POR,ALPHA,BETA,Ks,Kb,Kz,Qthresh,Rs,Rb1,Rb2,Prec,Frac4Rise,Error,BFF
04273500,1.57471e+09,16005.5,100,1782.74,0.15,0.011505,1,930.959,13111.7,0.922393,1.98172e+06,-0.092798,-0.035297,-0.041868,48931.4,0.05,0.232635,0.705333
