tmp.site,tmp.area,Lb,X1,Wb,POR,ALPHA,BETA,Ks,Kb,Kz,Qthresh,Rs,Rb1,Rb2,Prec,Frac4Rise,Error,BFF
13339500,6.29367e+08,33729.6,57.6041,794.683,0.15,0.012041,1.2,1413.54,11144.2,0.992264,75843.7,-0.129408,-0.041676,-0.031842,5137.8,0.05,0.309121,0.522455
