tmp.site,tmp.area,Lb,X1,Wb,POR,ALPHA,BETA,Ks,Kb,Kz,Qthresh,Rs,Rb1,Rb2,Prec,Frac4Rise,Error,BFF
09419740,9.79016e+06,13981.8,100,339.066,0.15,0.021852,1,2807.33,80.499,0.023598,24.4657,-1.24516,-0.002,-0.001,24.4657,0.05,20.1421,0.015764
