tmp.site,tmp.area,Lb,X1,Wb,POR,ALPHA,BETA,Ks,Kb,Kz,Qthresh,Rs,Rb1,Rb2,Prec,Frac4Rise,Error,BFF
13075000,9.14266e+08,2.8197e+06,100,203.142,0.15,0.026114,1,832.356,1728.31,0.919119,184471,-0.066766,-0.020305,-0.021731,4991.01,0.05,0.344341,0.603812
