tmp.site,tmp.area,Lb,X1,Wb,POR,ALPHA,BETA,Ks,Kb,Kz,Qthresh,Rs,Rb1,Rb2,Prec,Frac4Rise,Error,BFF
03612000,6.31957e+08,15342.3,100,1509.16,0.15,0.021112,1,4017.48,43241.1,1.00087,20551.2,-0.150553,-0.097934,-0.14332,97.8629,0.05,0.95451,0.378699
