tmp.site,tmp.area,Lb,X1,Wb,POR,ALPHA,BETA,Ks,Kb,Kz,Qthresh,Rs,Rb1,Rb2,Prec,Frac4Rise,Error,BFF
06470000,7.30377e+09,145748,100,1127.09,0.15,0.023797,1,596.98,87393.4,0.956731,352306,-0.060821,-0.043717,-0.061278,97.8629,0.05,1.5854,0.493433
