tmp.site,tmp.area,Lb,X1,Wb,POR,ALPHA,BETA,Ks,Kb,Kz,Qthresh,Rs,Rb1,Rb2,Prec,Frac4Rise,Error,BFF
02151500,2.26624e+09,23495.7,0.544146,1728.79,0.15,0.009647,1.3,2780.3,77.6413,1.06514,1.25509e+06,-0.126136,-0.049206,-0.041429,67887.5,0.05,0.225462,0.611279
