tmp.site,tmp.area,Lb,X1,Wb,POR,ALPHA,BETA,Ks,Kb,Kz,Qthresh,Rs,Rb1,Rb2,Prec,Frac4Rise,Error,BFF
04282586,2.57186e+07,2276.24,210.957,132.056,0.15,0.011369,1.1,222.361,9323.1,0.961221,1100.96,-0.139549,-0.18783,-0.112731,24.4657,0.05,0.480126,0.083687
