tmp.site,tmp.area,Lb,X1,Wb,POR,ALPHA,BETA,Ks,Kb,Kz,Qthresh,Rs,Rb1,Rb2,Prec,Frac4Rise,Error,BFF
10319900,2.32581e+09,11961.1,4.45552,1258.13,0.15,0.035548,1,515.19,720.926,1.15084,97862.9,-0.083527,-0.041683,-0.047989,325.394,0.05,0.444978,0.654201
