tmp.site,tmp.area,Lb,X1,Wb,POR,ALPHA,BETA,Ks,Kb,Kz,Qthresh,Rs,Rb1,Rb2,Prec,Frac4Rise,Error,BFF
03360000,2.14969e+09,72389.8,54.1649,1396.02,0.15,0.010531,1.3,7861.1,39561.5,1.28044,63610.9,-0.107238,-0.083766,-0.053935,5871.77,0.05,0.452169,0.348052
