tmp.site,tmp.area,Lb,X1,Wb,POR,ALPHA,BETA,Ks,Kb,Kz,Qthresh,Rs,Rb1,Rb2,Prec,Frac4Rise,Error,BFF
06317000,1.53431e+10,4534.78,100,1558.07,0.15,0.008776,1,1490.04,4439.17,0.921603,452616,-0.127351,-0.053524,-0.103792,24.4657,0.05,148.902,0.437018
