tmp.site,tmp.area,Lb,X1,Wb,POR,ALPHA,BETA,Ks,Kb,Kz,Qthresh,Rs,Rb1,Rb2,Prec,Frac4Rise,Error,BFF
02353500,1.60579e+09,31383.5,26.0489,967.799,0.15,0.01006,1,1730.32,5906.26,1.01092,907678,-0.120581,-0.043266,-0.0471,14189.4,0.05,0.377851,0.492115
