tmp.site,tmp.area,Lb,X1,Wb,POR,ALPHA,BETA,Ks,Kb,Kz,Qthresh,Rs,Rb1,Rb2,Prec,Frac4Rise,Error,BFF
02154790,1.43485e+08,32810.3,974.956,288.477,0.15,0.015515,5.6,221.275,6392.9,1.72834,139455,-0.370958,-0.046723,-0.031185,3131.61,0.05,0.264285,0.529374
