tmp.site,tmp.area,Lb,X1,Wb,POR,ALPHA,BETA,Ks,Kb,Kz,Qthresh,Rs,Rb1,Rb2,Prec,Frac4Rise,Error,BFF
01189995,1.49442e+09,12983.2,100,2092.77,0.15,0.009153,1,2531.99,8844.5,0.926338,562711,-0.141712,-0.045406,-0.032104,44527.6,0.05,0.272123,0.564096
