tmp.site,tmp.area,Lb,X1,Wb,POR,ALPHA,BETA,Ks,Kb,Kz,Qthresh,Rs,Rb1,Rb2,Prec,Frac4Rise,Error,BFF
02041000,4.09218e+08,8396.85,100,626.488,0.15,0.011832,1,2020.62,12876.1,0.955817,344967,-0.240852,-0.072071,-0.078713,292.928,0.05,0.4512,0.33839
