tmp.site,tmp.area,Lb,X1,Wb,POR,ALPHA,BETA,Ks,Kb,Kz,Qthresh,Rs,Rb1,Rb2,Prec,Frac4Rise,Error,BFF
07336820,1.22424e+11,4736.01,100,21667,0.15,0.009364,1,10725.5,13009,0.955435,1.81697e+06,-0.057139,-0.051585,-0.067657,134407,0.05,0.433972,0.565318
