tmp.site,tmp.area,Lb,X1,Wb,POR,ALPHA,BETA,Ks,Kb,Kz,Qthresh,Rs,Rb1,Rb2,Prec,Frac4Rise,Error,BFF
11354500,1.92436e+09,157584,10.396,457.688,0.15,0.011103,0.8,597.605,904.169,1.07531,259337,-0.032073,-0.016086,-0.031283,22748.7,0.05,0.438172,0.305524
