tmp.site,tmp.area,Lb,X1,Wb,POR,ALPHA,BETA,Ks,Kb,Kz,Qthresh,Rs,Rb1,Rb2,Prec,Frac4Rise,Error,BFF
01644280,1.97098e+08,5784.08,100,548.436,0.15,0.011859,1,1959.75,10460.6,1.01366,8724.23,-0.398795,-0.11759,-0.091659,919.691,0.05,0.421746,0.25931
