tmp.site,tmp.area,Lb,X1,Wb,POR,ALPHA,BETA,Ks,Kb,Kz,Qthresh,Rs,Rb1,Rb2,Prec,Frac4Rise,Error,BFF
04187100,3.31518e+08,11881.2,52.8209,438.987,0.15,0.009296,1,2434.31,23268.4,1.13426,20918.2,-0.24166,-0.124234,-0.159356,40.1238,0.05,1.14694,0.211386
