tmp.site,tmp.area,Lb,X1,Wb,POR,ALPHA,BETA,Ks,Kb,Kz,Qthresh,Rs,Rb1,Rb2,Prec,Frac4Rise,Error,BFF
01654107,3.08209e+06,6336.1,100,34.9253,0.15,0.015681,1,299.922,9411.65,0.43047,1957.26,-0.765397,-0.0924,-0.069041,24.4657,0.05,0.521918,0.178328
