tmp.site,tmp.area,Lb,X1,Wb,POR,ALPHA,BETA,Ks,Kb,Kz,Qthresh,Rs,Rb1,Rb2,Prec,Frac4Rise,Error,BFF
12457000,1.53068e+09,31192.4,60.1779,2156.79,0.15,0.00819,3.7,1174.94,461.001,1.11067,782903,-0.069881,-0.03223,-0.019175,67770,0.05,0.261137,0.594422
