tmp.site,tmp.area,Lb,X1,Wb,POR,ALPHA,BETA,Ks,Kb,Kz,Qthresh,Rs,Rb1,Rb2,Prec,Frac4Rise,Error,BFF
02051000,1.45039e+08,29202.3,52.4761,172.071,0.15,0.018927,1.1,1689.41,12363.1,1.14844,49665.4,-0.401739,-0.090387,-0.075689,139.455,0.05,0.497775,0.237604
