tmp.site,tmp.area,Lb,X1,Wb,POR,ALPHA,BETA,Ks,Kb,Kz,Qthresh,Rs,Rb1,Rb2,Prec,Frac4Rise,Error,BFF
02344872,2.05645e+09,92630.1,92.7123,1018.63,0.15,0.014205,1.2,4211.55,71510.5,1.18384,59510.4,-0.218385,-0.081693,-0.060571,6309.71,0.05,0.373253,0.367133
