tmp.site,tmp.area,Lb,X1,Wb,POR,ALPHA,BETA,Ks,Kb,Kz,Qthresh,Rs,Rb1,Rb2,Prec,Frac4Rise,Error,BFF
07359002,4.01448e+09,12676.1,100,2787.84,0.15,0.016542,1,6316.72,17012.6,1.3918,1.09851e+06,-0.07608,-0.06213,-0.105201,24710.4,0.05,0.663225,0.431525
