tmp.site,tmp.area,Lb,X1,Wb,POR,ALPHA,BETA,Ks,Kb,Kz,Qthresh,Rs,Rb1,Rb2,Prec,Frac4Rise,Error,BFF
08206600,1.16368e+10,5602.9,100,1707.51,0.15,0.01059,1,3386.96,11636.4,0.903713,362093,-0.160033,-0.08741,-0.169538,24.4657,0.05,10.6889,0.254792
