tmp.site,tmp.area,Lb,X1,Wb,POR,ALPHA,BETA,Ks,Kb,Kz,Qthresh,Rs,Rb1,Rb2,Prec,Frac4Rise,Error,BFF
06884000,6.08647e+09,2762.68,0.907375,2402.72,0.15,0.003438,3.5,696.43,0.190693,0.725047,440383,-0.103726,-0.085379,-0.051225,7095.06,0.05,0.403192,0.285748
