tmp.site,tmp.area,Lb,X1,Wb,POR,ALPHA,BETA,Ks,Kb,Kz,Qthresh,Rs,Rb1,Rb2,Prec,Frac4Rise,Error,BFF
03303300,1.03082e+08,8049.11,1.22594,453.499,0.15,0.022916,1,870.158,282.301,2.57691,10030.9,-0.182425,-0.099789,-0.131386,24.4657,0.05,2.54269,0.370493
