tmp.site,tmp.area,Lb,X1,Wb,POR,ALPHA,BETA,Ks,Kb,Kz,Qthresh,Rs,Rb1,Rb2,Prec,Frac4Rise,Error,BFF
02236000,7.9409e+09,38510.6,100,13689.8,0.15,0.027667,1,2055.67,8508.91,0.992933,7.68223e+06,-0.055,-0.026573,-0.060041,46484.9,0.05,0.987549,0.72798
