tmp.site,tmp.area,Lb,X1,Wb,POR,ALPHA,BETA,Ks,Kb,Kz,Qthresh,Rs,Rb1,Rb2,Prec,Frac4Rise,Error,BFF
08084800,1.23801e+09,3471.62,116.835,321.828,0.15,0.004749,1,1255.04,5972.19,1.04491,10985.1,-0.202733,-0.144975,-0.137566,24.4657,0.05,5.51426,0.048035
