tmp.site,tmp.area,Lb,X1,Wb,POR,ALPHA,BETA,Ks,Kb,Kz,Qthresh,Rs,Rb1,Rb2,Prec,Frac4Rise,Error,BFF
12323250,3.23101e+08,2.80147e+06,4.14328,109.953,0.15,0.033867,0.8,1010,313.244,1.57757,38166.5,-0.079303,-0.021062,-0.014524,2984.82,0.05,0.269123,0.561593
