tmp.site,tmp.area,Lb,X1,Wb,POR,ALPHA,BETA,Ks,Kb,Kz,Qthresh,Rs,Rb1,Rb2,Prec,Frac4Rise,Error,BFF
08227000,1.54104e+09,281045,100,77.0834,0.15,0.020266,1,1856.99,1886.45,0.98114,75843.7,-0.125657,-0.023793,-0.019889,3425.2,0.05,0.538991,0.227529
