tmp.site,tmp.area,Lb,X1,Wb,POR,ALPHA,BETA,Ks,Kb,Kz,Qthresh,Rs,Rb1,Rb2,Prec,Frac4Rise,Error,BFF
03571000,1.04118e+09,11962.2,100,1376.04,0.15,0.009265,1,3038.02,9235.89,0.974185,83760.8,-0.149301,-0.078218,-0.026329,8807.66,0.05,0.360639,0.347607
