tmp.site,tmp.area,Lb,X1,Wb,POR,ALPHA,BETA,Ks,Kb,Kz,Qthresh,Rs,Rb1,Rb2,Prec,Frac4Rise,Error,BFF
11136600,1.06708e+08,21403.2,100,7.29621,0.15,0.003804,1,2919.25,516.969,0.913758,782.903,-0.208075,-0.092272,-0.109796,24.4657,0.05,0.485371,0.000951
