tmp.site,tmp.area,Lb,X1,Wb,POR,ALPHA,BETA,Ks,Kb,Kz,Qthresh,Rs,Rb1,Rb2,Prec,Frac4Rise,Error,BFF
01376500,6.63037e+07,18525.8,100,196.714,0.15,0.049094,1,922.583,16614.6,0.927982,44527.6,-0.361423,-0.061694,-0.099744,146.794,0.05,0.618285,0.28592
