tmp.site,tmp.area,Lb,X1,Wb,POR,ALPHA,BETA,Ks,Kb,Kz,Qthresh,Rs,Rb1,Rb2,Prec,Frac4Rise,Error,BFF
04117500,9.97145e+08,13925.2,100,982.814,0.15,0.007263,1,435.076,6815.95,0.956785,278909,-0.060773,-0.054566,-0.025186,14679.4,0.05,0.338176,0.448543
