tmp.site,tmp.area,Lb,X1,Wb,POR,ALPHA,BETA,Ks,Kb,Kz,Qthresh,Rs,Rb1,Rb2,Prec,Frac4Rise,Error,BFF
14034500,2.50711e+08,35323.8,7.18956,195.113,0.15,0.005739,0.9,96.9405,916.683,1.22081,10275.6,-0.031546,-0.048278,-0.068393,24.4657,0.05,8.45012,0.367067
