tmp.site,tmp.area,Lb,X1,Wb,POR,ALPHA,BETA,Ks,Kb,Kz,Qthresh,Rs,Rb1,Rb2,Prec,Frac4Rise,Error,BFF
08017300,2.03832e+08,1799.04,100,485.786,0.15,0.00863,1,2584.67,15241.7,0.883379,17370.7,-0.305838,-0.149441,-0.327853,24.4657,0.05,2.17724,0.052339
