tmp.site,tmp.area,Lb,X1,Wb,POR,ALPHA,BETA,Ks,Kb,Kz,Qthresh,Rs,Rb1,Rb2,Prec,Frac4Rise,Error,BFF
06803000,4.32528e+08,7271.84,100,332.083,0.15,0.007877,1,520.486,6229.14,0.92686,24465.7,-0.143841,-0.095727,-0.05182,391.451,0.05,0.466225,0.182137
