tmp.site,tmp.area,Lb,X1,Wb,POR,ALPHA,BETA,Ks,Kb,Kz,Qthresh,Rs,Rb1,Rb2,Prec,Frac4Rise,Error,BFF
0214297160,1.15772e+07,9189.38,273.41,35.9456,0.15,0.057823,0.9,401.257,41269.4,0.49183,3571.99,-0.346574,-0.08,-0.135782,24.4657,0.05,0.837547,0.252635
