tmp.site,tmp.area,Lb,X1,Wb,POR,ALPHA,BETA,Ks,Kb,Kz,Qthresh,Rs,Rb1,Rb2,Prec,Frac4Rise,Error,BFF
07035000,2.34394e+08,5329.75,100,750.727,0.15,0.01489,1,2120.61,14696.2,0.990832,3718.79,-0.284658,-0.117924,-0.08754,217.598,0.05,0.49501,0.299734
