tmp.site,tmp.area,Lb,X1,Wb,POR,ALPHA,BETA,Ks,Kb,Kz,Qthresh,Rs,Rb1,Rb2,Prec,Frac4Rise,Error,BFF
08020700,1.96321e+08,2657.83,215.474,717.986,0.15,0.016969,0.9,1845.07,11588.6,0.65455,151687,-0.346574,-0.081073,-0.129685,24.4657,0.05,2.20748,0.27842
