tmp.site,tmp.area,Lb,X1,Wb,POR,ALPHA,BETA,Ks,Kb,Kz,Qthresh,Rs,Rb1,Rb2,Prec,Frac4Rise,Error,BFF
01053600,3.04842e+09,29147.2,100,2768.27,0.15,0.00744,1,602.392,5201.67,0.933004,2.66676e+06,-0.030312,-0.028983,-0.018574,218337,0.05,0.298944,0.601982
