tmp.site,tmp.area,Lb,X1,Wb,POR,ALPHA,BETA,Ks,Kb,Kz,Qthresh,Rs,Rb1,Rb2,Prec,Frac4Rise,Error,BFF
13210810,4.66198e+08,201461,100,136.894,0.15,0.020077,1,839.764,546.305,0.91154,66546.7,-0.065685,-0.028009,-0.039734,3302.87,0.05,0.407229,0.334284
