tmp.site,tmp.area,Lb,X1,Wb,POR,ALPHA,BETA,Ks,Kb,Kz,Qthresh,Rs,Rb1,Rb2,Prec,Frac4Rise,Error,BFF
06897000,2.46049e+08,15254.4,162.713,272.413,0.15,0.011041,1,1364.72,85554,1.06812,19009.9,-0.244445,-0.142286,-0.144449,24.4657,0.05,1.32047,0.17225
