tmp.site,tmp.area,Lb,X1,Wb,POR,ALPHA,BETA,Ks,Kb,Kz,Qthresh,Rs,Rb1,Rb2,Prec,Frac4Rise,Error,BFF
07052345,6.75987e+08,10258.1,100,891.243,0.15,0.009539,1,1228.8,8568.82,0.980726,41347.1,-0.135787,-0.078376,-0.032923,3400.73,0.05,0.365634,0.310537
