tmp.site,tmp.area,Lb,X1,Wb,POR,ALPHA,BETA,Ks,Kb,Kz,Qthresh,Rs,Rb1,Rb2,Prec,Frac4Rise,Error,BFF
02032515,6.70807e+08,9811.95,100,1161.24,0.15,0.015223,1,2617.11,12233.2,0.901329,621429,-0.227274,-0.064746,-0.073166,2226.38,0.05,0.452135,0.427779
