tmp.site,tmp.area,Lb,X1,Wb,POR,ALPHA,BETA,Ks,Kb,Kz,Qthresh,Rs,Rb1,Rb2,Prec,Frac4Rise,Error,BFF
01513550,4.79148e+07,13776.5,0.796598,202.442,0.15,0.026381,1.2,281.679,230.251,1.11528,2186.01,-0.246693,-0.088558,-0.063181,176.153,0.05,0.398995,0.449695
