tmp.site,tmp.area,Lb,X1,Wb,POR,ALPHA,BETA,Ks,Kb,Kz,Qthresh,Rs,Rb1,Rb2,Prec,Frac4Rise,Error,BFF
13297355,1.85443e+08,51673.6,15354.2,145.377,0.15,0.015624,9.7,225.435,354.588,0.302955,11743.5,-0.100335,-0.027605,-0.015871,1223.29,0.05,0.370291,0.24259
