tmp.site,tmp.area,Lb,X1,Wb,POR,ALPHA,BETA,Ks,Kb,Kz,Qthresh,Rs,Rb1,Rb2,Prec,Frac4Rise,Error,BFF
08100500,6.06575e+09,6882.33,100,1733.65,0.15,0.011632,1,4084.64,10582.2,0.959115,58717.7,-0.143841,-0.067599,-0.110624,24.4657,0.05,2.49526,0.306837
