tmp.site,tmp.area,Lb,X1,Wb,POR,ALPHA,BETA,Ks,Kb,Kz,Qthresh,Rs,Rb1,Rb2,Prec,Frac4Rise,Error,BFF
09085500,1.42449e+08,27090,100,321.158,0.15,0.009356,1,62.7472,25965.6,0.947977,33273.4,-0.11223,-0.042894,-0.042735,217.256,0.05,0.441746,0.444442
