tmp.site,tmp.area,Lb,X1,Wb,POR,ALPHA,BETA,Ks,Kb,Kz,Qthresh,Rs,Rb1,Rb2,Prec,Frac4Rise,Error,BFF
01478245,1.53327e+08,29733.7,1814.05,301.817,0.15,0.012728,9.7,478.756,5587.87,1.12442,99330.8,-0.445329,-0.055892,-0.036269,3425.2,0.05,0.279331,0.475534
