tmp.site,tmp.area,Lb,X1,Wb,POR,ALPHA,BETA,Ks,Kb,Kz,Qthresh,Rs,Rb1,Rb2,Prec,Frac4Rise,Error,BFF
08317950,1.54363e+09,5511.34,0.276236,15.0224,0.15,0.001402,1,11382.3,0.48573,1.61009,9541.63,-0.251186,-0.077401,-0.181792,24.4657,0.05,2.54678,0.007369
