tmp.site,tmp.area,Lb,X1,Wb,POR,ALPHA,BETA,Ks,Kb,Kz,Qthresh,Rs,Rb1,Rb2,Prec,Frac4Rise,Error,BFF
07099200,1.10851e+10,37192.6,1.03859,4469.1,0.15,0.006509,1,33.7416,245.929,0.974128,1.32115e+06,-0.061994,-0.032555,-0.033578,32906.4,0.05,0.261545,0.942991
