tmp.site,tmp.area,Lb,X1,Wb,POR,ALPHA,BETA,Ks,Kb,Kz,Qthresh,Rs,Rb1,Rb2,Prec,Frac4Rise,Error,BFF
10338000,1.43226e+09,12010.9,133.065,981.76,0.15,0.010098,0.9,428.866,5693.59,0.904598,721739,-0.033169,-0.029553,-0.039301,1394.55,0.05,0.679166,0.364144
