tmp.site,tmp.area,Lb,X1,Wb,POR,ALPHA,BETA,Ks,Kb,Kz,Qthresh,Rs,Rb1,Rb2,Prec,Frac4Rise,Error,BFF
03206600,9.84195e+07,8370.36,6.57516,418.873,0.15,0.022267,1,1045.93,1125.13,1.093,8024.75,-0.202733,-0.089176,-0.101875,44.0383,0.05,0.50837,0.319328
