tmp.site,tmp.area,Lb,X1,Wb,POR,ALPHA,BETA,Ks,Kb,Kz,Qthresh,Rs,Rb1,Rb2,Prec,Frac4Rise,Error,BFF
08211500,4.32114e+10,2505.14,100,2101.25,0.15,0.011816,1,14645.8,37565.8,0.962018,746204,-0.216141,-0.114513,-0.247289,24.4657,0.05,0.615961,0.18194
