tmp.site,tmp.area,Lb,X1,Wb,POR,ALPHA,BETA,Ks,Kb,Kz,Qthresh,Rs,Rb1,Rb2,Prec,Frac4Rise,Error,BFF
02456000,2.0953e+08,10388.9,100,558.739,0.15,0.011516,1,1372.43,8052.76,0.95365,50888.7,-0.295064,-0.092382,-0.035062,2691.23,0.05,0.349159,0.330268
