tmp.site,tmp.area,Lb,X1,Wb,POR,ALPHA,BETA,Ks,Kb,Kz,Qthresh,Rs,Rb1,Rb2,Prec,Frac4Rise,Error,BFF
12108500,7.09657e+07,13200.2,1856.97,471.664,0.15,0.00937,1.6,185.768,14178.6,1.1385,26912.3,-0.218917,-0.043054,-0.01505,2593.37,0.05,0.252692,0.523415
