tmp.site,tmp.area,Lb,X1,Wb,POR,ALPHA,BETA,Ks,Kb,Kz,Qthresh,Rs,Rb1,Rb2,Prec,Frac4Rise,Error,BFF
03152000,1.00233e+09,5328.42,100,1619.66,0.15,0.011857,1,5391.73,16849.7,1.1221,57306,-0.186162,-0.102138,-0.109176,342.52,0.05,0.478434,0.350784
