tmp.site,tmp.area,Lb,X1,Wb,POR,ALPHA,BETA,Ks,Kb,Kz,Qthresh,Rs,Rb1,Rb2,Prec,Frac4Rise,Error,BFF
14325000,4.37708e+08,8229.88,100,1011.82,0.15,0.010659,1,1738.04,3839.1,1.77679,33273.4,-0.174156,-0.079969,-0.01782,3547.53,0.05,0.413195,0.18608
