tmp.site,tmp.area,Lb,X1,Wb,POR,ALPHA,BETA,Ks,Kb,Kz,Qthresh,Rs,Rb1,Rb2,Prec,Frac4Rise,Error,BFF
01576007,8.36566e+07,112752,100,117.382,0.15,0.034742,1,107.124,60319.8,0.990074,51133.3,-0.335161,-0.050963,-0.036154,1321.15,0.05,0.291203,0.511259
