tmp.site,tmp.area,Lb,X1,Wb,POR,ALPHA,BETA,Ks,Kb,Kz,Qthresh,Rs,Rb1,Rb2,Prec,Frac4Rise,Error,BFF
09404120,3.8314e+11,144859,118.993,79670.4,0.15,0.011176,0.8,1783.6,32390.9,1.04617,3.22947e+07,-0.025947,-0.026924,-0.045865,1.32318e+06,0.05,0.469182,0.990649
