tmp.site,tmp.area,Lb,X1,Wb,POR,ALPHA,BETA,Ks,Kb,Kz,Qthresh,Rs,Rb1,Rb2,Prec,Frac4Rise,Error,BFF
01208990,5.43898e+07,31788.4,100,315.496,0.15,0.024325,1,459.346,59079.6,0.925744,733.971,-0.233408,-0.060093,-0.068472,105.203,0.05,0.398242,0.508983
