tmp.site,tmp.area,Lb,X1,Wb,POR,ALPHA,BETA,Ks,Kb,Kz,Qthresh,Rs,Rb1,Rb2,Prec,Frac4Rise,Error,BFF
05123400,3.00439e+09,29176.2,100,318.738,0.15,0.068534,1,2492.15,16163.5,0.930565,143369,-0.077882,-0.04973,-0.109171,24.4657,0.05,17.2757,0.134959
