tmp.site,tmp.area,Lb,X1,Wb,POR,ALPHA,BETA,Ks,Kb,Kz,Qthresh,Rs,Rb1,Rb2,Prec,Frac4Rise,Error,BFF
14188800,2.84199e+08,34335,72.5823,880.912,0.15,0.008654,1.6,2925.69,13003.1,1.55848,44527.6,-0.211847,-0.063342,-0.031684,2275.31,0.05,0.31643,0.459663
