tmp.site,tmp.area,Lb,X1,Wb,POR,ALPHA,BETA,Ks,Kb,Kz,Qthresh,Rs,Rb1,Rb2,Prec,Frac4Rise,Error,BFF
06078500,6.70807e+08,24940.8,99.0118,1861.12,0.15,0.002508,2.6,21.4853,2959.49,0.901173,232424,-0.083647,-0.028724,-0.016706,10275.6,0.05,0.2284,0.611796
