tmp.site,tmp.area,Lb,X1,Wb,POR,ALPHA,BETA,Ks,Kb,Kz,Qthresh,Rs,Rb1,Rb2,Prec,Frac4Rise,Error,BFF
04223000,2.54855e+09,72977.9,128.321,1123.34,0.15,0.008908,1.5,4720.93,98381.2,1.11688,195726,-0.15117,-0.078483,-0.050152,16636.7,0.05,0.350535,0.473751
