tmp.site,tmp.area,Lb,X1,Wb,POR,ALPHA,BETA,Ks,Kb,Kz,Qthresh,Rs,Rb1,Rb2,Prec,Frac4Rise,Error,BFF
14206950,8.15846e+07,10829.9,100,214.102,0.15,0.011737,1,1029.5,6735.42,0.892104,3819.59,-0.289112,-0.100362,-0.073729,402.314,0.05,0.389165,0.217954
