tmp.site,tmp.area,Lb,X1,Wb,POR,ALPHA,BETA,Ks,Kb,Kz,Qthresh,Rs,Rb1,Rb2,Prec,Frac4Rise,Error,BFF
03353415,8.78006e+06,7899.89,76.8591,76.0426,0.15,0.049128,1.1,282.931,22869.5,0.981418,2617.83,-0.30067,-0.150063,-0.095424,24.4657,0.05,0.626503,0.289971
