tmp.site,tmp.area,Lb,X1,Wb,POR,ALPHA,BETA,Ks,Kb,Kz,Qthresh,Rs,Rb1,Rb2,Prec,Frac4Rise,Error,BFF
02053500,1.63946e+08,8559.4,100,308.702,0.15,0.013617,1,901.235,11792.8,0.911988,16538.8,-0.240928,-0.089693,-0.111163,244.657,0.05,0.986772,0.225217
