tmp.site,tmp.area,Lb,X1,Wb,POR,ALPHA,BETA,Ks,Kb,Kz,Qthresh,Rs,Rb1,Rb2,Prec,Frac4Rise,Error,BFF
03298200,5.51667e+08,9254.78,146.994,927.587,0.15,0.011277,1.1,4753.46,22957.5,1.19044,28624.9,-0.31723,-0.12491,-0.094793,2105.08,0.05,0.441382,0.241931
