tmp.site,tmp.area,Lb,X1,Wb,POR,ALPHA,BETA,Ks,Kb,Kz,Qthresh,Rs,Rb1,Rb2,Prec,Frac4Rise,Error,BFF
13346800,4.58428e+07,51353.2,186.574,53.1481,0.15,0.052798,0.9,566.211,96388.8,1.11704,464.849,-0.358959,-0.081656,-0.111206,24.4657,0.05,0.748777,0.281595
