tmp.site,tmp.area,Lb,X1,Wb,POR,ALPHA,BETA,Ks,Kb,Kz,Qthresh,Rs,Rb1,Rb2,Prec,Frac4Rise,Error,BFF
06790500,1.11421e+10,15543.1,100,2235.27,0.15,0.006158,1,961.034,10325.7,0.957734,2.40743e+06,-0.074766,-0.026302,-0.04345,57249.8,0.05,0.332918,0.669771
