tmp.site,tmp.area,Lb,X1,Wb,POR,ALPHA,BETA,Ks,Kb,Kz,Qthresh,Rs,Rb1,Rb2,Prec,Frac4Rise,Error,BFF
06713500,1.0619e+09,4950.9,161.034,675.741,0.15,0.023525,1,1330.68,648.549,0.227059,15658.1,-0.143841,-0.05409,-0.056008,709.506,0.05,0.482292,0.316138
