tmp.site,tmp.area,Lb,X1,Wb,POR,ALPHA,BETA,Ks,Kb,Kz,Qthresh,Rs,Rb1,Rb2,Prec,Frac4Rise,Error,BFF
11212260,2.33099e+06,2159.16,100,27.4415,0.15,0.01,1,415.23,61.5361,0.006123,1003.09,-1.15129,-0.002,-0.001,1003.09,0.05,0.000688,0
