tmp.site,tmp.area,Lb,X1,Wb,POR,ALPHA,BETA,Ks,Kb,Kz,Qthresh,Rs,Rb1,Rb2,Prec,Frac4Rise,Error,BFF
05556500,5.07638e+08,13781.2,20.5066,770.945,0.15,0.013733,1,1702.32,4206.85,1.05258,13211.5,-0.202733,-0.061385,-0.067251,269.123,0.05,0.563956,0.415791
