tmp.site,tmp.area,Lb,X1,Wb,POR,ALPHA,BETA,Ks,Kb,Kz,Qthresh,Rs,Rb1,Rb2,Prec,Frac4Rise,Error,BFF
08178700,3.54828e+08,6582.39,100,38.5202,0.15,0.005465,1,1542.08,14807.5,1.00087,31049.4,-0.284123,-0.107193,-0.208436,24.4657,0.05,1.59337,0.007686
