tmp.site,tmp.area,Lb,X1,Wb,POR,ALPHA,BETA,Ks,Kb,Kz,Qthresh,Rs,Rb1,Rb2,Prec,Frac4Rise,Error,BFF
02146507,1.10333e+08,8729.21,100,471.204,0.15,0.005828,1,1267.39,2108.15,0.890074,81470.8,-0.690192,-0.120233,-0.070824,4893.14,0.05,0.267886,0.31738
