tmp.site,tmp.area,Lb,X1,Wb,POR,ALPHA,BETA,Ks,Kb,Kz,Qthresh,Rs,Rb1,Rb2,Prec,Frac4Rise,Error,BFF
09381800,1.67572e+09,64466,100,62.6677,0.15,0.033065,1,1654.55,16386.7,0.981112,45016.9,-0.156586,-0.049116,-0.171981,24.4657,0.05,39.5172,0.204778
