tmp.site,tmp.area,Lb,X1,Wb,POR,ALPHA,BETA,Ks,Kb,Kz,Qthresh,Rs,Rb1,Rb2,Prec,Frac4Rise,Error,BFF
01350101,8.18436e+08,7962.55,100,1925.53,0.15,0.013314,1,3900.19,18875.7,1.13689,1.89724e+06,-0.183331,-0.073889,-0.246884,24.4657,0.05,10.4605,0.443685
