tmp.site,tmp.area,Lb,X1,Wb,POR,ALPHA,BETA,Ks,Kb,Kz,Qthresh,Rs,Rb1,Rb2,Prec,Frac4Rise,Error,BFF
01417000,9.63476e+08,57173.9,1.70694,428.725,0.15,0.004371,0.9,486.466,28.7404,1.05117,369432,-0.033598,-0.06624,-0.102114,1590.27,0.05,1.95381,0.162358
