tmp.site,tmp.area,Lb,X1,Wb,POR,ALPHA,BETA,Ks,Kb,Kz,Qthresh,Rs,Rb1,Rb2,Prec,Frac4Rise,Error,BFF
05396000,7.84766e+08,5176.03,945.124,1271.93,0.15,0.01409,1.9,1165.44,1543.14,0.16064,119882,-0.146604,-0.103212,-0.047909,2935.89,0.05,0.474886,0.137786
