tmp.site,tmp.area,Lb,X1,Wb,POR,ALPHA,BETA,Ks,Kb,Kz,Qthresh,Rs,Rb1,Rb2,Prec,Frac4Rise,Error,BFF
04265432,1.54881e+09,37333.5,3.15455,1175.53,0.15,0.009987,1.3,3375.53,759.094,0.644922,267508,-0.135967,-0.062917,-0.049355,25689,0.05,0.357313,0.474599
