tmp.site,tmp.area,Lb,X1,Wb,POR,ALPHA,BETA,Ks,Kb,Kz,Qthresh,Rs,Rb1,Rb2,Prec,Frac4Rise,Error,BFF
01541000,8.15846e+08,14993.5,0.143011,1321.82,0.15,0.008755,1.5,4655.8,18.7971,0.954688,80736.9,-0.25157,-0.076801,-0.050963,7339.71,0.05,0.362139,0.445474
