tmp.site,tmp.area,Lb,X1,Wb,POR,ALPHA,BETA,Ks,Kb,Kz,Qthresh,Rs,Rb1,Rb2,Prec,Frac4Rise,Error,BFF
14206241,1.19657e+09,10611.6,2.20543,2885.6,0.15,0.00929,1.1,1487.99,231.413,1.01245,366986,-0.084285,-0.046586,-0.04019,24421.7,0.05,0.381758,0.59704
