tmp.site,tmp.area,Lb,X1,Wb,POR,ALPHA,BETA,Ks,Kb,Kz,Qthresh,Rs,Rb1,Rb2,Prec,Frac4Rise,Error,BFF
02454000,3.47058e+08,12089.5,60.0027,764.524,0.15,0.014587,1,2271.38,17350.8,1.1742,59696.3,-0.261624,-0.091592,-0.093979,244.657,0.05,0.522026,0.355215
