tmp.site,tmp.area,Lb,X1,Wb,POR,ALPHA,BETA,Ks,Kb,Kz,Qthresh,Rs,Rb1,Rb2,Prec,Frac4Rise,Error,BFF
03223000,4.06628e+08,6657.3,100,629.953,0.15,0.012556,1,2557.47,12805.1,0.965609,24465.7,-0.266192,-0.110936,-0.090166,146.794,0.05,0.484682,0.236841
