tmp.site,tmp.area,Lb,X1,Wb,POR,ALPHA,BETA,Ks,Kb,Kz,Qthresh,Rs,Rb1,Rb2,Prec,Frac4Rise,Error,BFF
02336728,8.78006e+07,15847.5,27.0642,269,0.15,0.020373,1,1927.14,2064.51,1.08696,104469,-0.59339,-0.077045,-0.088664,596.963,0.05,0.423011,0.285305
