tmp.site,tmp.area,Lb,X1,Wb,POR,ALPHA,BETA,Ks,Kb,Kz,Qthresh,Rs,Rb1,Rb2,Prec,Frac4Rise,Error,BFF
04143220,2.37761e+08,18830.4,70.6403,172.36,0.15,0.053911,0.9,1628.88,25157,1.29865,85864.9,-0.249783,-0.075712,-0.172825,66.0574,0.05,0.96357,0.259434
