tmp.site,tmp.area,Lb,X1,Wb,POR,ALPHA,BETA,Ks,Kb,Kz,Qthresh,Rs,Rb1,Rb2,Prec,Frac4Rise,Error,BFF
033356848,4.45478e+08,20717,96.1509,565.962,0.15,0.008934,2.1,1421.2,15955.5,1.10671,22667,-0.203514,-0.089237,-0.037456,1296.93,0.05,0.402247,0.396713
