tmp.site,tmp.area,Lb,X1,Wb,POR,ALPHA,BETA,Ks,Kb,Kz,Qthresh,Rs,Rb1,Rb2,Prec,Frac4Rise,Error,BFF
09237500,5.90517e+08,363205,100,146.316,0.15,0.021831,1,180.866,800.595,1.0423,112542,-0.028579,-0.023937,-0.02236,4648.49,0.05,0.341852,0.470771
