tmp.site,tmp.area,Lb,X1,Wb,POR,ALPHA,BETA,Ks,Kb,Kz,Qthresh,Rs,Rb1,Rb2,Prec,Frac4Rise,Error,BFF
0212419274,5.87927e+07,33797.8,100,110.068,0.15,0.013929,1,206.998,26280.1,0.904893,24955,-0.408463,-0.076021,-0.054668,112.542,0.05,0.379288,0.324633
