tmp.site,tmp.area,Lb,X1,Wb,POR,ALPHA,BETA,Ks,Kb,Kz,Qthresh,Rs,Rb1,Rb2,Prec,Frac4Rise,Error,BFF
01442500,6.70807e+08,11468.3,100,1509.17,0.15,0.013092,1,2046.69,11124.2,0.917873,119882,-0.248364,-0.055061,-0.02818,12477.5,0.05,0.307472,0.51857
