tmp.site,tmp.area,Lb,X1,Wb,POR,ALPHA,BETA,Ks,Kb,Kz,Qthresh,Rs,Rb1,Rb2,Prec,Frac4Rise,Error,BFF
02392950,6.60447e+07,9741.57,100,240.813,0.15,0.01993,1,1962.74,7598.64,0.955471,57494.4,-0.552087,-0.102755,-0.093637,390.815,0.05,0.409725,0.260297
