tmp.site,tmp.area,Lb,X1,Wb,POR,ALPHA,BETA,Ks,Kb,Kz,Qthresh,Rs,Rb1,Rb2,Prec,Frac4Rise,Error,BFF
0210382325,6.60447e+07,13458.3,106.074,375.317,0.15,0.032736,0.9,765.509,1514.64,1.15267,64100.2,-0.253386,-0.064891,-0.073117,1642.14,0.05,0.368977,0.343888
