tmp.site,tmp.area,Lb,X1,Wb,POR,ALPHA,BETA,Ks,Kb,Kz,Qthresh,Rs,Rb1,Rb2,Prec,Frac4Rise,Error,BFF
06331000,2.26624e+09,22041.7,100,275.323,0.15,0.003726,1,237.723,13157,0.964141,24465.7,-0.096984,-0.077788,-0.033025,506.44,0.05,0.411426,0.19876
