tmp.site,tmp.area,Lb,X1,Wb,POR,ALPHA,BETA,Ks,Kb,Kz,Qthresh,Rs,Rb1,Rb2,Prec,Frac4Rise,Error,BFF
05593000,7.04218e+09,17643.1,1.85808,3172.98,0.15,0.006637,0.9,648.965,399.891,0.944011,144348,-0.014773,-0.051673,-0.107088,7829.03,0.05,1.37315,0.469851
