tmp.site,tmp.area,Lb,X1,Wb,POR,ALPHA,BETA,Ks,Kb,Kz,Qthresh,Rs,Rb1,Rb2,Prec,Frac4Rise,Error,BFF
02461500,1.35974e+08,9327.95,100,565.64,0.15,0.009514,1,1427,5604.07,0.971126,74375.8,-0.493821,-0.100279,-0.049588,6189.83,0.05,0.273064,0.400432
