tmp.site,tmp.area,Lb,X1,Wb,POR,ALPHA,BETA,Ks,Kb,Kz,Qthresh,Rs,Rb1,Rb2,Prec,Frac4Rise,Error,BFF
06720820,1.137e+08,22772.1,21.2348,59.154,0.15,0.009371,0.9,582.592,1526.93,0.973227,4501.69,-0.111572,-0.068185,-0.116106,163.92,0.05,0.603163,0.113781
