tmp.site,tmp.area,Lb,X1,Wb,POR,ALPHA,BETA,Ks,Kb,Kz,Qthresh,Rs,Rb1,Rb2,Prec,Frac4Rise,Error,BFF
01151500,5.72387e+08,11747.5,100,1090.86,0.15,0.017127,1,1864.49,13242.1,0.97341,51397.6,-0.1171,-0.056077,-0.071488,4957.24,0.05,0.482493,0.482016
