tmp.site,tmp.area,Lb,X1,Wb,POR,ALPHA,BETA,Ks,Kb,Kz,Qthresh,Rs,Rb1,Rb2,Prec,Frac4Rise,Error,BFF
02298527,2.25588e+07,7284.28,100,319.332,0.15,0.050419,1,258.586,17830.9,0.950816,6825.93,-0.150844,-0.089846,-0.101106,24.4657,0.05,0.984312,0.420246
