tmp.site,tmp.area,Lb,X1,Wb,POR,ALPHA,BETA,Ks,Kb,Kz,Qthresh,Rs,Rb1,Rb2,Prec,Frac4Rise,Error,BFF
02295194,1.58766e+09,8332.8,100,2594.39,0.15,0.022428,1,2344.13,8328.03,0.921213,179728,-0.081189,-0.038663,-0.0571,817.008,0.05,0.566951,0.529511
