tmp.site,tmp.area,Lb,X1,Wb,POR,ALPHA,BETA,Ks,Kb,Kz,Qthresh,Rs,Rb1,Rb2,Prec,Frac4Rise,Error,BFF
02355662,1.79486e+10,17779,100,5063.32,0.15,0.00631,1,1771.88,6659.47,1.18284,4.62402e+06,-0.05133,-0.040079,-0.021815,276463,0.05,0.213338,0.573947
