tmp.site,tmp.area,Lb,X1,Wb,POR,ALPHA,BETA,Ks,Kb,Kz,Qthresh,Rs,Rb1,Rb2,Prec,Frac4Rise,Error,BFF
08076700,4.71378e+08,38020.2,12.6394,587.568,0.15,0.02169,0.9,1433.94,56761,2.39821,2.54443e+06,-0.718659,-0.050969,-0.178904,14679.4,0.05,0.446352,0.380595
