tmp.site,tmp.area,Lb,X1,Wb,POR,ALPHA,BETA,Ks,Kb,Kz,Qthresh,Rs,Rb1,Rb2,Prec,Frac4Rise,Error,BFF
07367680,1.61356e+09,5343.95,100,957.305,0.15,0.011882,1,4630.72,18492.1,1.64963,726338,-0.122562,-0.107437,-0.260681,24.4657,0.05,276.313,0.108046
