tmp.site,tmp.area,Lb,X1,Wb,POR,ALPHA,BETA,Ks,Kb,Kz,Qthresh,Rs,Rb1,Rb2,Prec,Frac4Rise,Error,BFF
08158700,3.21159e+08,57226,100,295.632,0.15,0.083922,1,843.446,36589.2,0.936928,709.506,-0.143841,-0.041736,-0.060065,24.4657,0.05,0.972489,0.216399
