tmp.site,tmp.area,Lb,X1,Wb,POR,ALPHA,BETA,Ks,Kb,Kz,Qthresh,Rs,Rb1,Rb2,Prec,Frac4Rise,Error,BFF
021473415,4.32528e+07,5723.8,503.849,206.098,0.15,0.032019,0.9,393.65,39962.7,0.310674,30337.5,-0.299682,-0.083838,-0.115663,24.4657,0.05,0.724038,0.222161
