tmp.site,tmp.area,Lb,X1,Wb,POR,ALPHA,BETA,Ks,Kb,Kz,Qthresh,Rs,Rb1,Rb2,Prec,Frac4Rise,Error,BFF
14020850,1.14218e+09,8819.63,100,1498.42,0.15,0.005198,1,112.198,6308.62,0.919459,80736.9,-0.085334,-0.056152,-0.016387,7486.51,0.05,0.362459,0.341494
