tmp.site,tmp.area,Lb,X1,Wb,POR,ALPHA,BETA,Ks,Kb,Kz,Qthresh,Rs,Rb1,Rb2,Prec,Frac4Rise,Error,BFF
12097850,9.71246e+08,16517.4,100,2020.5,0.15,0.007755,1,1075.76,4108.37,0.995497,780285,-0.096528,-0.043092,-0.02538,83183.4,0.05,0.241973,0.562395
