tmp.site,tmp.area,Lb,X1,Wb,POR,ALPHA,BETA,Ks,Kb,Kz,Qthresh,Rs,Rb1,Rb2,Prec,Frac4Rise,Error,BFF
13210986,6.94117e+07,34892.8,13537.3,144.558,0.15,0.012038,8.8,528.575,539.307,0.49608,7021.66,-0.097919,-0.032008,-0.015239,711.952,0.05,0.235599,0.269808
