tmp.site,tmp.area,Lb,X1,Wb,POR,ALPHA,BETA,Ks,Kb,Kz,Qthresh,Rs,Rb1,Rb2,Prec,Frac4Rise,Error,BFF
10259540,3.87203e+09,1.38329e+07,0.825424,159.045,0.15,0.037296,0.8,5035.6,99.1812,1.31348,200619,-0.077075,-0.010177,-0.013259,9541.63,0.05,0.297156,0.616886
