tmp.site,tmp.area,Lb,X1,Wb,POR,ALPHA,BETA,Ks,Kb,Kz,Qthresh,Rs,Rb1,Rb2,Prec,Frac4Rise,Error,BFF
12443500,9.27216e+09,27018.6,23.4945,3361.25,0.15,0.008995,1.3,1677.32,2337.48,1.25886,1.07649e+06,-0.125869,-0.027705,-0.021365,41347.1,0.05,0.286339,0.669935
