tmp.site,tmp.area,Lb,X1,Wb,POR,ALPHA,BETA,Ks,Kb,Kz,Qthresh,Rs,Rb1,Rb2,Prec,Frac4Rise,Error,BFF
01484695,5.80157e+06,5001.86,20.3897,125.189,0.15,0.020268,1,181.27,1353.76,0.378316,2348.71,-0.237054,-0.063691,-0.072468,24.4657,0.05,0.514841,0.38858
