tmp.site,tmp.area,Lb,X1,Wb,POR,ALPHA,BETA,Ks,Kb,Kz,Qthresh,Rs,Rb1,Rb2,Prec,Frac4Rise,Error,BFF
06412500,9.68656e+08,104496,148.076,203.401,0.15,0.011122,0.9,33.7094,88657.3,0.967851,123307,-0.066235,-0.033063,-0.051814,193.891,0.05,0.590764,0.55666
