tmp.site,tmp.area,Lb,X1,Wb,POR,ALPHA,BETA,Ks,Kb,Kz,Qthresh,Rs,Rb1,Rb2,Prec,Frac4Rise,Error,BFF
08052700,1.95544e+08,3825.89,100,389.134,0.15,0.021579,1,1095.57,17808.8,0.941808,4452.76,-0.202733,-0.151107,-0.238667,24.4657,0.05,5.34436,0.134612
