tmp.site,tmp.area,Lb,X1,Wb,POR,ALPHA,BETA,Ks,Kb,Kz,Qthresh,Rs,Rb1,Rb2,Prec,Frac4Rise,Error,BFF
10328475,1.11628e+09,15425.7,140.463,77.606,0.15,0.098531,0.9,6352.4,14562.6,0.988628,8070.75,-0.153048,-0.048204,-0.108144,24.4657,0.05,3.0627,0.19147
