tmp.site,tmp.area,Lb,X1,Wb,POR,ALPHA,BETA,Ks,Kb,Kz,Qthresh,Rs,Rb1,Rb2,Prec,Frac4Rise,Error,BFF
10262500,3.34108e+09,5.28226e+06,0.189175,1.0583,0.15,0.002754,0.9,63746.5,22.5935,0.955683,41591.7,-0.281896,-0.164252,-0.261205,24.4657,0.05,0.281658,7e-06
