tmp.site,tmp.area,Lb,X1,Wb,POR,ALPHA,BETA,Ks,Kb,Kz,Qthresh,Rs,Rb1,Rb2,Prec,Frac4Rise,Error,BFF
01347000,3.47576e+09,13921.5,1653.94,3439.52,0.15,0.004365,10,1689.79,1167.99,1.39957,1.7811e+06,-0.129564,-0.048731,-0.031941,161963,0.05,0.255419,0.548453
