tmp.site,tmp.area,Lb,X1,Wb,POR,ALPHA,BETA,Ks,Kb,Kz,Qthresh,Rs,Rb1,Rb2,Prec,Frac4Rise,Error,BFF
08178880,8.49516e+08,114932,100,303.16,0.15,0.021631,1,175.363,75922.4,0.948932,146794,-0.151491,-0.031815,-0.045662,24.4657,0.05,4.41612,0.414419
