tmp.site,tmp.area,Lb,X1,Wb,POR,ALPHA,BETA,Ks,Kb,Kz,Qthresh,Rs,Rb1,Rb2,Prec,Frac4Rise,Error,BFF
06901500,1.42449e+09,10956.4,0.562699,925.084,0.15,0.008999,1.3,4171.27,160.919,0.701256,6850.4,-0.220916,-0.151438,-0.078973,318.054,0.05,0.576299,0.219409
