tmp.site,tmp.area,Lb,X1,Wb,POR,ALPHA,BETA,Ks,Kb,Kz,Qthresh,Rs,Rb1,Rb2,Prec,Frac4Rise,Error,BFF
10254050,6.96707e+08,115667,155.884,31.4241,0.15,0.089576,0.9,319.57,52311.8,0.399145,9272.51,-0.143841,-0.028636,-0.0557,24.4657,0.05,1.42123,0.193881
