tmp.site,tmp.area,Lb,X1,Wb,POR,ALPHA,BETA,Ks,Kb,Kz,Qthresh,Rs,Rb1,Rb2,Prec,Frac4Rise,Error,BFF
04135800,3.62598e+08,123353,45150,1528.92,0.15,0.011402,10.1,97.9458,1138.5,0.179537,325394,-0.051589,-0.009348,-0.008038,32050.1,0.05,0.06145,0.899166
