tmp.site,tmp.area,Lb,X1,Wb,POR,ALPHA,BETA,Ks,Kb,Kz,Qthresh,Rs,Rb1,Rb2,Prec,Frac4Rise,Error,BFF
08458995,2.55632e+07,2606.91,1.44558,79.2107,0.15,0.022563,1.1,1164.51,264.652,1.19533,97.8629,-0.310844,-0.223338,-0.157514,24.4657,0.05,0.990012,0.076908
