tmp.site,tmp.area,Lb,X1,Wb,POR,ALPHA,BETA,Ks,Kb,Kz,Qthresh,Rs,Rb1,Rb2,Prec,Frac4Rise,Error,BFF
01478650,1.78709e+08,16915.5,100,428.772,0.15,0.012647,1,940.067,8405.69,0.972841,66057.4,-0.332228,-0.056846,-0.04248,2972.58,0.05,0.294135,0.451362
