tmp.site,tmp.area,Lb,X1,Wb,POR,ALPHA,BETA,Ks,Kb,Kz,Qthresh,Rs,Rb1,Rb2,Prec,Frac4Rise,Error,BFF
05389400,8.83963e+07,38083.2,100,229.099,0.15,0.009906,1,79.3807,2275.78,0.523269,19323.8,-0.143841,-0.026908,-0.018842,1975.66,0.05,0.22232,0.606222
