tmp.site,tmp.area,Lb,X1,Wb,POR,ALPHA,BETA,Ks,Kb,Kz,Qthresh,Rs,Rb1,Rb2,Prec,Frac4Rise,Error,BFF
01346000,1.45039e+09,38192.5,6.15307,1413.93,0.15,0.004341,1.4,485.222,746.561,0.995084,1.145e+06,-0.121457,-0.04468,-0.037313,67525.4,0.05,0.263345,0.582521
