tmp.site,tmp.area,Lb,X1,Wb,POR,ALPHA,BETA,Ks,Kb,Kz,Qthresh,Rs,Rb1,Rb2,Prec,Frac4Rise,Error,BFF
05576250,7.09657e+08,7513.32,100,653.522,0.15,0.010872,1,1388.94,13433.5,0.95433,43304.3,-0.099977,-0.10423,-0.136226,587.128,0.05,1.42772,0.184527
