tmp.site,tmp.area,Lb,X1,Wb,POR,ALPHA,BETA,Ks,Kb,Kz,Qthresh,Rs,Rb1,Rb2,Prec,Frac4Rise,Error,BFF
14159200,4.14398e+08,5473.35,100,4413.25,0.15,0.008103,1,1008.02,480.84,0.95128,496654,-0.112331,-0.041404,-0.00633,44772.3,0.05,0.246852,0.505435
