tmp.site,tmp.area,Lb,X1,Wb,POR,ALPHA,BETA,Ks,Kb,Kz,Qthresh,Rs,Rb1,Rb2,Prec,Frac4Rise,Error,BFF
01547700,1.14218e+08,13815.3,100,300.984,0.15,0.019276,1,483.801,19107.7,0.954892,7339.71,-0.160473,-0.073836,-0.054838,244.657,0.05,0.377185,0.378543
