tmp.site,tmp.area,Lb,X1,Wb,POR,ALPHA,BETA,Ks,Kb,Kz,Qthresh,Rs,Rb1,Rb2,Prec,Frac4Rise,Error,BFF
14202980,1.00492e+08,23459.4,38.6267,286.063,0.15,0.010349,0.9,40.3342,4309.2,1.07667,24465.7,-0.01053,-0.04526,-0.095877,2245.95,0.05,0.776675,0.29793
