tmp.site,tmp.area,Lb,X1,Wb,POR,ALPHA,BETA,Ks,Kb,Kz,Qthresh,Rs,Rb1,Rb2,Prec,Frac4Rise,Error,BFF
02018000,8.52106e+08,12578,767.467,1036.78,0.15,0.010093,1.2,1671.58,48063.8,0.376979,78290.3,-0.143841,-0.07841,-0.032353,8073.69,0.05,0.366847,0.357048
