tmp.site,tmp.area,Lb,X1,Wb,POR,ALPHA,BETA,Ks,Kb,Kz,Qthresh,Rs,Rb1,Rb2,Prec,Frac4Rise,Error,BFF
06817500,3.21159e+09,14494.9,54.6101,1091.28,0.15,0.009912,1.1,5218.19,6760.37,0.990563,271569,-0.182656,-0.086266,-0.069122,2201.91,0.05,0.582067,0.239044
