tmp.site,tmp.area,Lb,X1,Wb,POR,ALPHA,BETA,Ks,Kb,Kz,Qthresh,Rs,Rb1,Rb2,Prec,Frac4Rise,Error,BFF
03117000,1.31571e+09,16112.4,1371.84,955.463,0.15,0.007029,9.7,2384.91,3986.75,1.10985,237562,-0.161458,-0.088416,-0.047833,17370.7,0.05,0.324759,0.374817
