tmp.site,tmp.area,Lb,X1,Wb,POR,ALPHA,BETA,Ks,Kb,Kz,Qthresh,Rs,Rb1,Rb2,Prec,Frac4Rise,Error,BFF
01118000,1.87515e+08,18092.1,123.308,709.748,0.15,0.027247,1.1,486.294,14583.2,1.07097,57005.1,-0.148403,-0.0367,-0.032053,4648.49,0.05,0.282375,0.608926
