tmp.site,tmp.area,Lb,X1,Wb,POR,ALPHA,BETA,Ks,Kb,Kz,Qthresh,Rs,Rb1,Rb2,Prec,Frac4Rise,Error,BFF
06902000,1.78191e+10,18295.3,0.265445,2791.27,0.15,0.008782,1.4,17756.8,37.1673,2.09279,129668,-0.154424,-0.11874,-0.061649,11009.6,0.05,0.474639,0.247804
