tmp.site,tmp.area,Lb,X1,Wb,POR,ALPHA,BETA,Ks,Kb,Kz,Qthresh,Rs,Rb1,Rb2,Prec,Frac4Rise,Error,BFF
07368000,3.17533e+09,15232.8,136.201,1841.66,0.15,0.028392,0.9,2062.55,24992.1,0.927874,266676,-0.121507,-0.06429,-0.151488,24.4657,0.05,41.3134,0.399538
