tmp.site,tmp.area,Lb,X1,Wb,POR,ALPHA,BETA,Ks,Kb,Kz,Qthresh,Rs,Rb1,Rb2,Prec,Frac4Rise,Error,BFF
12026150,1.7068e+08,32259.5,10255.4,568.441,0.15,0.010406,5.3,55.4002,1447.16,0.658002,177132,-0.047655,-0.0469,-0.021526,13211.5,0.05,0.396463,0.348176
