tmp.site,tmp.area,Lb,X1,Wb,POR,ALPHA,BETA,Ks,Kb,Kz,Qthresh,Rs,Rb1,Rb2,Prec,Frac4Rise,Error,BFF
07263300,3.54828e+08,8923.81,48.8943,778.942,0.15,0.020426,0.9,1617.74,3186.32,0.908322,313161,-0.075074,-0.088734,-0.147739,48.9314,0.05,212.947,0.247632
