tmp.site,tmp.area,Lb,X1,Wb,POR,ALPHA,BETA,Ks,Kb,Kz,Qthresh,Rs,Rb1,Rb2,Prec,Frac4Rise,Error,BFF
01086000,3.78138e+08,12048.3,100,968.228,0.15,0.019232,1,1201.85,16263.1,0.987626,247104,-0.131182,-0.055515,-0.046316,1543.15,0.05,0.373179,0.507582
