tmp.site,tmp.area,Lb,X1,Wb,POR,ALPHA,BETA,Ks,Kb,Kz,Qthresh,Rs,Rb1,Rb2,Prec,Frac4Rise,Error,BFF
05533600,1.78735e+09,15327.2,100,1442.05,0.15,0.010926,1,2598.34,11743.4,0.956518,560265,-0.119537,-0.05326,-0.063399,40923.8,0.05,0.320096,0.461194
