tmp.site,tmp.area,Lb,X1,Wb,POR,ALPHA,BETA,Ks,Kb,Kz,Qthresh,Rs,Rb1,Rb2,Prec,Frac4Rise,Error,BFF
04227995,1.86479e+08,19857.8,51.5552,430.788,0.15,0.014071,0.9,121.426,6646.35,0.967611,56271.1,-0.027565,-0.048832,-0.068784,342.52,0.05,1.10864,0.535852
