tmp.site,tmp.area,Lb,X1,Wb,POR,ALPHA,BETA,Ks,Kb,Kz,Qthresh,Rs,Rb1,Rb2,Prec,Frac4Rise,Error,BFF
01209500,2.06681e+08,16778.3,100,513.983,0.15,0.019447,1,917.215,25582.6,0.951675,26912.3,-0.241985,-0.061405,-0.058832,856.3,0.05,0.393708,0.452054
