tmp.site,tmp.area,Lb,X1,Wb,POR,ALPHA,BETA,Ks,Kb,Kz,Qthresh,Rs,Rb1,Rb2,Prec,Frac4Rise,Error,BFF
02326000,5.12818e+08,29550.8,108.209,1000.07,0.15,0.013921,1.4,646.781,22031.9,1.08079,60919.6,-0.066766,-0.036849,-0.026303,455.062,0.05,0.383704,0.636679
