tmp.site,tmp.area,Lb,X1,Wb,POR,ALPHA,BETA,Ks,Kb,Kz,Qthresh,Rs,Rb1,Rb2,Prec,Frac4Rise,Error,BFF
08164800,1.76896e+08,21869.6,17.0745,74.0807,0.15,0.004091,1.1,366.013,5846.31,0.883106,5382.46,-0.229843,-0.230286,-0.156922,24.4657,0.05,2.73648,0.015635
