tmp.site,tmp.area,Lb,X1,Wb,POR,ALPHA,BETA,Ks,Kb,Kz,Qthresh,Rs,Rb1,Rb2,Prec,Frac4Rise,Error,BFF
12433000,1.55917e+10,90231.5,37.4077,13021.3,0.15,0.009208,0.9,1937.17,34072.8,1.38312,1.74685e+07,-0.033661,-0.034963,-0.067455,176767,0.05,0.39282,0.878047
