tmp.site,tmp.area,Lb,X1,Wb,POR,ALPHA,BETA,Ks,Kb,Kz,Qthresh,Rs,Rb1,Rb2,Prec,Frac4Rise,Error,BFF
01585100,1.97098e+07,7927.95,65.312,105.64,0.15,0.01231,1.1,380.258,6445.03,1.64333,11009.6,-0.638095,-0.12239,-0.109476,134.561,0.05,0.421035,0.178525
