tmp.site,tmp.area,Lb,X1,Wb,POR,ALPHA,BETA,Ks,Kb,Kz,Qthresh,Rs,Rb1,Rb2,Prec,Frac4Rise,Error,BFF
07269000,4.99868e+07,8838.37,100,218.232,0.15,0.017597,1,1182.23,18724.2,0.927114,34252,-0.689588,-0.135247,-0.103626,244.657,0.05,0.557021,0.242392
