tmp.site,tmp.area,Lb,X1,Wb,POR,ALPHA,BETA,Ks,Kb,Kz,Qthresh,Rs,Rb1,Rb2,Prec,Frac4Rise,Error,BFF
03301940,2.87489e+07,9300.12,100,141.889,0.15,0.025943,1,645.65,14838.6,0.909934,9394.83,-0.416233,-0.082976,-0.142084,24.4657,0.05,1.11009,0.237386
