tmp.site,tmp.area,Lb,X1,Wb,POR,ALPHA,BETA,Ks,Kb,Kz,Qthresh,Rs,Rb1,Rb2,Prec,Frac4Rise,Error,BFF
07023000,5.49077e+08,6615.51,2506.95,695.823,0.15,0.003069,4,1331.95,1713.58,1.06499,24465.7,-0.346574,-0.232175,-0.061484,2006.19,0.05,0.433255,0.068914
