tmp.site,tmp.area,Lb,X1,Wb,POR,ALPHA,BETA,Ks,Kb,Kz,Qthresh,Rs,Rb1,Rb2,Prec,Frac4Rise,Error,BFF
07226500,4.5273e+09,9490.78,100,7.26412,0.15,0.003569,1,0.002341,268.119,0.871822,45261.6,-0.346574,-0.152089,-0.254658,24.4657,0.05,0.47581,0.000314
