tmp.site,tmp.area,Lb,X1,Wb,POR,ALPHA,BETA,Ks,Kb,Kz,Qthresh,Rs,Rb1,Rb2,Prec,Frac4Rise,Error,BFF
01077400,5.54257e+07,7588.71,100,358.274,0.15,0.02494,1,1642.86,9235.09,0.903202,29358.9,-0.364018,-0.088456,-0.084475,205.512,0.05,0.462375,0.291222
