tmp.site,tmp.area,Lb,X1,Wb,POR,ALPHA,BETA,Ks,Kb,Kz,Qthresh,Rs,Rb1,Rb2,Prec,Frac4Rise,Error,BFF
02156999,8.83186e+07,42832.4,7.24629,221.717,0.15,0.012759,0.9,371.675,2290.77,0.875007,18182.2,-0.190569,-0.048922,-0.068789,300.928,0.05,0.435168,0.52474
