tmp.site,tmp.area,Lb,X1,Wb,POR,ALPHA,BETA,Ks,Kb,Kz,Qthresh,Rs,Rb1,Rb2,Prec,Frac4Rise,Error,BFF
12048000,4.04038e+08,17499.3,100,958.828,0.15,0.007232,1,370.037,6004.09,0.904104,227531,-0.14633,-0.039879,-0.019451,20795.9,0.05,0.252452,0.551125
