tmp.site,tmp.area,Lb,X1,Wb,POR,ALPHA,BETA,Ks,Kb,Kz,Qthresh,Rs,Rb1,Rb2,Prec,Frac4Rise,Error,BFF
08405200,4.80443e+10,254594,3.07287,620.352,0.15,0.074824,0.9,5763.06,114.324,1.13038,117191,-0.127033,-0.051939,-0.107342,24.4657,0.05,42.863,0.224276
