tmp.site,tmp.area,Lb,X1,Wb,POR,ALPHA,BETA,Ks,Kb,Kz,Qthresh,Rs,Rb1,Rb2,Prec,Frac4Rise,Error,BFF
09074500,1.11628e+08,6872.04,44.198,339.33,0.15,0.008529,0.9,122.474,960.278,1.0745,15021.9,-0.122128,-0.054144,-0.088933,53.8246,0.05,3.69369,0.300163
