tmp.site,tmp.area,Lb,X1,Wb,POR,ALPHA,BETA,Ks,Kb,Kz,Qthresh,Rs,Rb1,Rb2,Prec,Frac4Rise,Error,BFF
01477070,1.09556e+07,9209.6,23.9353,196.636,0.15,0.010136,0.9,186.876,1381.08,0.301054,5847.31,-0.246956,-0.031205,-0.054507,491.761,0.05,0.324447,0.6589
