tmp.site,tmp.area,Lb,X1,Wb,POR,ALPHA,BETA,Ks,Kb,Kz,Qthresh,Rs,Rb1,Rb2,Prec,Frac4Rise,Error,BFF
06920520,9.79016e+07,3969.96,316.35,336.746,0.15,0.021502,1,622.073,53166.8,0.797383,8734.26,-0.255413,-0.134975,-0.11542,24.4657,0.05,1.03357,0.220601
