tmp.site,tmp.area,Lb,X1,Wb,POR,ALPHA,BETA,Ks,Kb,Kz,Qthresh,Rs,Rb1,Rb2,Prec,Frac4Rise,Error,BFF
09040500,4.35118e+08,155337,100,272.466,0.15,0.025284,1,2902.79,202.467,0.953924,81373,-0.14024,-0.040571,-0.043282,733.971,0.05,0.571506,0.300838
