tmp.site,tmp.area,Lb,X1,Wb,POR,ALPHA,BETA,Ks,Kb,Kz,Qthresh,Rs,Rb1,Rb2,Prec,Frac4Rise,Error,BFF
04119070,1.29769e+10,13888.6,100,6868.34,0.15,0.005777,1,1831.31,5787.7,0.954701,1.08491e+07,-0.05006,-0.031172,-0.019204,300928,0.05,0.197122,0.679585
