tmp.site,tmp.area,Lb,X1,Wb,POR,ALPHA,BETA,Ks,Kb,Kz,Qthresh,Rs,Rb1,Rb2,Prec,Frac4Rise,Error,BFF
11062000,1.20693e+08,748.988,0.120002,3597.3,0.15,0.092178,1.1,84479.3,0.663291,1.00791,46974.2,-0.143841,-0.044589,-0.098469,24.4657,0.05,16.9257,0.155134
