tmp.site,tmp.area,Lb,X1,Wb,POR,ALPHA,BETA,Ks,Kb,Kz,Qthresh,Rs,Rb1,Rb2,Prec,Frac4Rise,Error,BFF
03230450,9.27216e+07,5447.01,100,368.104,0.15,0.029646,1,1595.37,12407,0.982836,99575.5,-0.315641,-0.099717,-0.13552,24.4657,0.05,1.04277,0.283178
