tmp.site,tmp.area,Lb,X1,Wb,POR,ALPHA,BETA,Ks,Kb,Kz,Qthresh,Rs,Rb1,Rb2,Prec,Frac4Rise,Error,BFF
06913500,3.23749e+09,24635.5,7.43111,613.496,0.15,0.005033,1,2251.69,2402.91,1.12057,137008,-0.090492,-0.107786,-0.120784,244.657,0.05,3.47068,0.116494
