tmp.site,tmp.area,Lb,X1,Wb,POR,ALPHA,BETA,Ks,Kb,Kz,Qthresh,Rs,Rb1,Rb2,Prec,Frac4Rise,Error,BFF
02055100,3.03029e+07,19307.9,100,142.439,0.15,0.019644,1,147.018,10426.9,0.537523,2446.57,-0.202733,-0.045603,-0.031067,269.123,0.05,0.319606,0.463182
