tmp.site,tmp.area,Lb,X1,Wb,POR,ALPHA,BETA,Ks,Kb,Kz,Qthresh,Rs,Rb1,Rb2,Prec,Frac4Rise,Error,BFF
01546400,1.51514e+08,2308.34,68.9186,1955.29,0.15,0.019884,0.9,738.991,517.934,2.30559,54069.2,-0.175604,-0.031935,-0.013458,4159.17,0.05,0.190458,0.625981
