tmp.site,tmp.area,Lb,X1,Wb,POR,ALPHA,BETA,Ks,Kb,Kz,Qthresh,Rs,Rb1,Rb2,Prec,Frac4Rise,Error,BFF
10257548,6.83757e+08,15334.2,127.261,1876.55,0.15,0.025323,0.9,578.655,22370.1,1.01593,354753,-0.046217,-0.057461,-0.242121,24.4657,0.05,1213.4,0.67984
