tmp.site,tmp.area,Lb,X1,Wb,POR,ALPHA,BETA,Ks,Kb,Kz,Qthresh,Rs,Rb1,Rb2,Prec,Frac4Rise,Error,BFF
07327550,6.00877e+08,10468.6,12.8521,401.904,0.15,0.009808,1,738.403,1353.68,1.08533,126243,-0.191496,-0.067315,-0.072976,174.171,0.05,0.59106,0.35354
