tmp.site,tmp.area,Lb,X1,Wb,POR,ALPHA,BETA,Ks,Kb,Kz,Qthresh,Rs,Rb1,Rb2,Prec,Frac4Rise,Error,BFF
02118500,4.01448e+08,21930.3,100,671.277,0.15,0.010725,1,1123.17,8007.87,0.915105,266676,-0.320421,-0.046845,-0.03608,7812.88,0.05,0.278482,0.506618
