tmp.site,tmp.area,Lb,X1,Wb,POR,ALPHA,BETA,Ks,Kb,Kz,Qthresh,Rs,Rb1,Rb2,Prec,Frac4Rise,Error,BFF
06805500,2.21107e+11,11117.9,100,7751.85,0.15,0.006235,1,9713.64,10772.9,0.940953,1.82025e+07,-0.098878,-0.040405,-0.047887,190918,0.05,0.356247,0.590317
