tmp.site,tmp.area,Lb,X1,Wb,POR,ALPHA,BETA,Ks,Kb,Kz,Qthresh,Rs,Rb1,Rb2,Prec,Frac4Rise,Error,BFF
02120780,3.05619e+08,21091.1,32.1567,494.656,0.15,0.007299,1.3,1592.8,4167.56,0.839124,214075,-0.364926,-0.063939,-0.049739,854.294,0.05,0.356099,0.389359
