tmp.site,tmp.area,Lb,X1,Wb,POR,ALPHA,BETA,Ks,Kb,Kz,Qthresh,Rs,Rb1,Rb2,Prec,Frac4Rise,Error,BFF
03284000,1.02434e+10,6961.34,116.034,5368.13,0.15,0.01287,1,16389.6,15790.4,2.31971,122329,-0.143366,-0.087531,-0.080954,14190.1,0.05,0.455778,0.368792
