tmp.site,tmp.area,Lb,X1,Wb,POR,ALPHA,BETA,Ks,Kb,Kz,Qthresh,Rs,Rb1,Rb2,Prec,Frac4Rise,Error,BFF
03217500,6.65627e+08,9154.44,100,636.945,0.15,0.011439,1,3176.98,14537.7,0.90783,9150.18,-0.220089,-0.14004,-0.063767,943.153,0.05,0.483292,0.201919
