tmp.site,tmp.area,Lb,X1,Wb,POR,ALPHA,BETA,Ks,Kb,Kz,Qthresh,Rs,Rb1,Rb2,Prec,Frac4Rise,Error,BFF
06719505,1.02046e+09,8078.55,57.532,922.281,0.15,0.020939,1.2,116.939,1255.78,1.03034,124530,-0.091161,-0.022681,-0.018377,6336.62,0.05,0.265785,0.62485
