tmp.site,tmp.area,Lb,X1,Wb,POR,ALPHA,BETA,Ks,Kb,Kz,Qthresh,Rs,Rb1,Rb2,Prec,Frac4Rise,Error,BFF
06228350,2.32322e+08,26496.6,468.811,1661.29,0.15,0.010116,3.1,184.914,82495.5,1.00281,23976.4,-0.099479,-0.03169,-0.014998,2250.85,0.05,0.270615,0.897582
