tmp.site,tmp.area,Lb,X1,Wb,POR,ALPHA,BETA,Ks,Kb,Kz,Qthresh,Rs,Rb1,Rb2,Prec,Frac4Rise,Error,BFF
07091200,2.73244e+09,3636.8,86.573,5626.5,0.15,0.015526,1,280.716,1576.71,0.996108,599410,-0.047908,-0.02796,-0.026206,36698.6,0.05,0.25379,0.734075
