tmp.site,tmp.area,Lb,X1,Wb,POR,ALPHA,BETA,Ks,Kb,Kz,Qthresh,Rs,Rb1,Rb2,Prec,Frac4Rise,Error,BFF
11507500,9.86785e+09,21947.9,100,3423.84,0.15,0.021512,1,1452.54,16076,0.882159,2.81356e+06,-0.031737,-0.03589,-0.063592,28624.9,0.05,0.537555,0.713195
