tmp.site,tmp.area,Lb,X1,Wb,POR,ALPHA,BETA,Ks,Kb,Kz,Qthresh,Rs,Rb1,Rb2,Prec,Frac4Rise,Error,BFF
03192000,3.40842e+09,32851,50.5715,2624.35,0.15,0.015605,1,9719.65,30189.3,2.66664,6.82593e+06,-0.101609,-0.082302,-0.082388,7829.03,0.05,0.448454,0.369602
