tmp.site,tmp.area,Lb,X1,Wb,POR,ALPHA,BETA,Ks,Kb,Kz,Qthresh,Rs,Rb1,Rb2,Prec,Frac4Rise,Error,BFF
06907700,1.41672e+09,23579.3,76.4991,764.808,0.15,0.009161,1.1,4689.35,81074,2.11932,14190.1,-0.284175,-0.160474,-0.125511,171.26,0.05,0.723827,0.21107
