tmp.site,tmp.area,Lb,X1,Wb,POR,ALPHA,BETA,Ks,Kb,Kz,Qthresh,Rs,Rb1,Rb2,Prec,Frac4Rise,Error,BFF
06809500,2.31545e+09,29057.4,139.003,1016.7,0.15,0.009524,1.1,2708.93,18647.5,1.19366,391451,-0.178337,-0.050481,-0.041531,4403.83,0.05,0.528014,0.395521
