tmp.site,tmp.area,Lb,X1,Wb,POR,ALPHA,BETA,Ks,Kb,Kz,Qthresh,Rs,Rb1,Rb2,Prec,Frac4Rise,Error,BFF
06751145,8.57286e+08,9905.95,239.289,447.205,0.15,0.019415,1,791.466,1448.21,0.096173,21816.6,-0.05207,-0.031116,-0.025264,2104.05,0.05,0.408145,0.254476
