tmp.site,tmp.area,Lb,X1,Wb,POR,ALPHA,BETA,Ks,Kb,Kz,Qthresh,Rs,Rb1,Rb2,Prec,Frac4Rise,Error,BFF
11047300,1.40118e+08,18402.8,100,92.8664,0.15,0.020211,1,934.929,5872.92,0.9359,17126,-0.211428,-0.087729,-0.09399,24.4657,0.05,3.41829,0.119689
