tmp.site,tmp.area,Lb,X1,Wb,POR,ALPHA,BETA,Ks,Kb,Kz,Qthresh,Rs,Rb1,Rb2,Prec,Frac4Rise,Error,BFF
12143900,9.42756e+06,9694.62,219.712,637.473,0.15,0.022715,1,28.043,1760.45,0.732224,29358.9,-0.05268,-0.013295,-0.012592,2935.89,0.05,0.342709,0.590693
