tmp.site,tmp.area,Lb,X1,Wb,POR,ALPHA,BETA,Ks,Kb,Kz,Qthresh,Rs,Rb1,Rb2,Prec,Frac4Rise,Error,BFF
07249985,1.0878e+09,10017,100,1443.04,0.15,0.012117,1,4302.44,22602.3,0.921777,92969.7,-0.176128,-0.088429,-0.080998,24.4657,0.05,1.14345,0.327706
