tmp.site,tmp.area,Lb,X1,Wb,POR,ALPHA,BETA,Ks,Kb,Kz,Qthresh,Rs,Rb1,Rb2,Prec,Frac4Rise,Error,BFF
09404115,7.82176e+09,5.29595e+06,100,36.1337,0.15,0.009519,1,79507.2,23.8707,0.929884,175664,-0.523892,-0.005464,-0.002681,15804.9,0.05,0.055385,0.906296
