tmp.site,tmp.area,Lb,X1,Wb,POR,ALPHA,BETA,Ks,Kb,Kz,Qthresh,Rs,Rb1,Rb2,Prec,Frac4Rise,Error,BFF
02245500,3.47058e+08,10702.5,100,531.401,0.15,0.008654,1,1323.52,6307.8,1.02077,29358.9,-0.240799,-0.088775,-0.040354,2691.23,0.05,0.393581,0.302156
