tmp.site,tmp.area,Lb,X1,Wb,POR,ALPHA,BETA,Ks,Kb,Kz,Qthresh,Rs,Rb1,Rb2,Prec,Frac4Rise,Error,BFF
08251500,1.99429e+10,13147.6,100,1983.05,0.15,0.010158,1,1876.67,16584.2,0.910096,1.22329e+06,-0.111572,-0.043188,-0.051027,2104.05,0.05,0.53679,0.547237
