tmp.site,tmp.area,Lb,X1,Wb,POR,ALPHA,BETA,Ks,Kb,Kz,Qthresh,Rs,Rb1,Rb2,Prec,Frac4Rise,Error,BFF
09295000,6.84534e+09,27001.9,100,1264.16,0.15,0.007583,1,832.215,8461.45,1.01431,1.02511e+06,-0.098486,-0.046103,-0.068694,1712.6,0.05,1.86044,0.516735
