tmp.site,tmp.area,Lb,X1,Wb,POR,ALPHA,BETA,Ks,Kb,Kz,Qthresh,Rs,Rb1,Rb2,Prec,Frac4Rise,Error,BFF
06828500,2.12379e+10,26180.3,130.251,342.648,0.15,0.026324,0.9,5697.62,36059.5,0.947217,208448,-0.10597,-0.047428,-0.142238,24.4657,0.05,58.8956,0.205309
