tmp.site,tmp.area,Lb,X1,Wb,POR,ALPHA,BETA,Ks,Kb,Kz,Qthresh,Rs,Rb1,Rb2,Prec,Frac4Rise,Error,BFF
04254500,9.40166e+08,14019.8,89.3934,1457.07,0.15,0.009591,1,1943.35,12742.2,0.535144,922357,-0.111572,-0.050074,-0.048954,27259.7,0.05,0.366143,0.510553
