tmp.site,tmp.area,Lb,X1,Wb,POR,ALPHA,BETA,Ks,Kb,Kz,Qthresh,Rs,Rb1,Rb2,Prec,Frac4Rise,Error,BFF
11436000,3.93678e+07,27807.2,140.63,269.697,0.15,0.023543,0.9,47.8461,30983.3,0.720233,24465.7,-0.037054,-0.050461,-0.143028,73.3971,0.05,4.31115,0.594582
