tmp.site,tmp.area,Lb,X1,Wb,POR,ALPHA,BETA,Ks,Kb,Kz,Qthresh,Rs,Rb1,Rb2,Prec,Frac4Rise,Error,BFF
09383400,7.53687e+07,145038,100,66.7735,0.15,0.025631,1,283.419,797.929,0.67179,20061.9,-0.143841,-0.036158,-0.060939,41.5917,0.05,1.59702,0.220657
