tmp.site,tmp.area,Lb,X1,Wb,POR,ALPHA,BETA,Ks,Kb,Kz,Qthresh,Rs,Rb1,Rb2,Prec,Frac4Rise,Error,BFF
03181949,2.66769e+08,12123.9,39.9504,589.018,0.15,0.013787,1.4,1569.73,8867.94,1.12217,45790,-0.209355,-0.11287,-0.07104,1141.69,0.05,0.414011,0.405461
