tmp.site,tmp.area,Lb,X1,Wb,POR,ALPHA,BETA,Ks,Kb,Kz,Qthresh,Rs,Rb1,Rb2,Prec,Frac4Rise,Error,BFF
03124000,7.76996e+08,19056.8,17.2823,640.271,0.15,0.011825,1.1,2378.5,4098.67,1.19443,92969.7,-0.169179,-0.082095,-0.067705,1481.64,0.05,0.418302,0.345772
