tmp.site,tmp.area,Lb,X1,Wb,POR,ALPHA,BETA,Ks,Kb,Kz,Qthresh,Rs,Rb1,Rb2,Prec,Frac4Rise,Error,BFF
01555500,4.19578e+08,13793.4,1.34407,931.42,0.15,0.012469,1.4,2197.25,147.673,1.03399,58717.7,-0.211428,-0.067298,-0.047632,1957.26,0.05,0.339036,0.453932
