tmp.site,tmp.area,Lb,X1,Wb,POR,ALPHA,BETA,Ks,Kb,Kz,Qthresh,Rs,Rb1,Rb2,Prec,Frac4Rise,Error,BFF
01610400,2.95259e+07,2676.09,573.443,670.648,0.15,0.034605,1,582.605,13431.3,2.31975,2495.5,-0.195663,-0.06701,-0.043243,239.764,0.05,0.398074,0.401273
