tmp.site,tmp.area,Lb,X1,Wb,POR,ALPHA,BETA,Ks,Kb,Kz,Qthresh,Rs,Rb1,Rb2,Prec,Frac4Rise,Error,BFF
06928420,7.07067e+08,3846.44,15.7141,1205.37,0.15,0.012464,1,6266.07,3529.79,1.07373,335180,-0.235347,-0.171016,-0.253564,24.4657,0.05,7.08869,0.190199
