tmp.site,tmp.area,Lb,X1,Wb,POR,ALPHA,BETA,Ks,Kb,Kz,Qthresh,Rs,Rb1,Rb2,Prec,Frac4Rise,Error,BFF
09430030,3.91088e+09,174426,100,214.834,0.15,0.012077,1,2603.81,2279.04,0.971409,133583,-0.074355,-0.02842,-0.01889,4624.02,0.05,0.450258,0.39801
