tmp.site,tmp.area,Lb,X1,Wb,POR,ALPHA,BETA,Ks,Kb,Kz,Qthresh,Rs,Rb1,Rb2,Prec,Frac4Rise,Error,BFF
02224940,2.95259e+10,12720,100,7121.15,0.15,0.007874,1,5613.52,3021,1.75274,3.03375e+06,-0.042179,-0.047507,-0.020732,308268,0.05,0.345205,0.397818
