tmp.site,tmp.area,Lb,X1,Wb,POR,ALPHA,BETA,Ks,Kb,Kz,Qthresh,Rs,Rb1,Rb2,Prec,Frac4Rise,Error,BFF
03340800,3.60008e+08,39694.7,96.4104,500.57,0.15,0.006375,1.4,2994.94,63923.2,1.67293,10373.5,-0.220328,-0.097548,-0.053963,469.742,0.05,0.426577,0.355623
