tmp.site,tmp.area,Lb,X1,Wb,POR,ALPHA,BETA,Ks,Kb,Kz,Qthresh,Rs,Rb1,Rb2,Prec,Frac4Rise,Error,BFF
02101800,4.01448e+07,12068.3,100,92.2098,0.15,0.035547,1,685.076,28856.6,0.99622,22019.1,-0.303068,-0.101432,-0.13635,24.4657,0.05,0.803192,0.20408
