tmp.site,tmp.area,Lb,X1,Wb,POR,ALPHA,BETA,Ks,Kb,Kz,Qthresh,Rs,Rb1,Rb2,Prec,Frac4Rise,Error,BFF
07133000,5.11341e+10,3699.24,40.6448,246.737,0.15,0.010547,0.9,9164.34,277.461,1.00105,154134,-0.118194,-0.090611,-0.1216,244.657,0.05,0.93324,0.02609
