tmp.site,tmp.area,Lb,X1,Wb,POR,ALPHA,BETA,Ks,Kb,Kz,Qthresh,Rs,Rb1,Rb2,Prec,Frac4Rise,Error,BFF
10323000,2.59517e+09,48668.8,130.233,62.2434,0.15,0.093788,0.9,4280.79,33280.3,1.1149,30826.8,-0.118194,-0.046113,-0.121893,244.657,0.05,0.910922,0.199067
