tmp.site,tmp.area,Lb,X1,Wb,POR,ALPHA,BETA,Ks,Kb,Kz,Qthresh,Rs,Rb1,Rb2,Prec,Frac4Rise,Error,BFF
02146211,1.54622e+07,16557.4,25.9006,51.1223,0.15,0.022647,1,708.754,3062.09,0.041245,6874.87,-0.640866,-0.105697,-0.113936,73.3971,0.05,0.471969,0.155718
