tmp.site,tmp.area,Lb,X1,Wb,POR,ALPHA,BETA,Ks,Kb,Kz,Qthresh,Rs,Rb1,Rb2,Prec,Frac4Rise,Error,BFF
08094800,9.29806e+08,9989.99,100,369.338,0.15,0.010579,1,1159.13,18009.5,1.017,47708.1,-0.201128,-0.090957,-0.12785,24.4657,0.05,6.44751,0.129189
