tmp.site,tmp.area,Lb,X1,Wb,POR,ALPHA,BETA,Ks,Kb,Kz,Qthresh,Rs,Rb1,Rb2,Prec,Frac4Rise,Error,BFF
03298500,3.10022e+09,18683.2,6.26921,2200.87,0.15,0.01769,1,7479.56,3324.43,2.06554,207078,-0.185749,-0.098719,-0.122481,244.657,0.05,0.581356,0.330391
