tmp.site,tmp.area,Lb,X1,Wb,POR,ALPHA,BETA,Ks,Kb,Kz,Qthresh,Rs,Rb1,Rb2,Prec,Frac4Rise,Error,BFF
01357500,8.93546e+09,10196.4,100,4467.97,0.15,0.014989,1,7235.58,15054.2,2.03323,1.01288e+07,-0.127113,-0.05768,-0.079845,104224,0.05,0.402232,0.503486
