tmp.site,tmp.area,Lb,X1,Wb,POR,ALPHA,BETA,Ks,Kb,Kz,Qthresh,Rs,Rb1,Rb2,Prec,Frac4Rise,Error,BFF
04114498,7.25197e+08,28436.4,100,597.834,0.15,0.017043,1,362.68,22252.9,0.910138,119393,-0.091161,-0.037886,-0.031807,4648.49,0.05,0.351536,0.553478
