tmp.site,tmp.area,Lb,X1,Wb,POR,ALPHA,BETA,Ks,Kb,Kz,Qthresh,Rs,Rb1,Rb2,Prec,Frac4Rise,Error,BFF
14211542,7.97716e+06,235803,100,29.6195,0.15,0.008432,1,89.0371,287.959,0.210978,30092.8,-0.053298,-0.004855,-0.007971,2174.81,0.05,0.150746,0.871308
