tmp.site,tmp.area,Lb,X1,Wb,POR,ALPHA,BETA,Ks,Kb,Kz,Qthresh,Rs,Rb1,Rb2,Prec,Frac4Rise,Error,BFF
11429500,2.07458e+07,21522.1,7668.38,760.438,0.15,0.006905,5.3,59.7759,197.451,0.219322,23242.4,-0.047655,-0.011577,-0.006713,611.643,0.05,0.902218,0.30836
