tmp.site,tmp.area,Lb,X1,Wb,POR,ALPHA,BETA,Ks,Kb,Kz,Qthresh,Rs,Rb1,Rb2,Prec,Frac4Rise,Error,BFF
02465493,8.36566e+07,30739.8,100,141.493,0.15,0.017632,1,131.786,15803.6,0.946464,29358.9,-0.273272,-0.063403,-0.032242,2177.45,0.05,0.301952,0.46914
