tmp.site,tmp.area,Lb,X1,Wb,POR,ALPHA,BETA,Ks,Kb,Kz,Qthresh,Rs,Rb1,Rb2,Prec,Frac4Rise,Error,BFF
03238745,1.0101e+08,4268.26,100,366.789,0.15,0.012347,1,1694.26,9027.01,0.894837,19034.3,-0.357066,-0.149939,-0.102236,171.26,0.05,0.467941,0.165469
