tmp.site,tmp.area,Lb,X1,Wb,POR,ALPHA,BETA,Ks,Kb,Kz,Qthresh,Rs,Rb1,Rb2,Prec,Frac4Rise,Error,BFF
04282525,2.97849e+08,21372.5,160.985,645.755,0.15,0.009489,2.2,1980.23,11811.5,0.978902,68244.7,-0.293439,-0.071116,-0.045463,5627.11,0.05,0.314387,0.473601
