tmp.site,tmp.area,Lb,X1,Wb,POR,ALPHA,BETA,Ks,Kb,Kz,Qthresh,Rs,Rb1,Rb2,Prec,Frac4Rise,Error,BFF
12013500,3.36698e+08,13215.9,480.184,1250.65,0.15,0.012969,1.1,1981.69,29419.1,5.71113,64100.2,-0.178649,-0.067754,-0.024598,4746.35,0.05,0.296722,0.383311
