tmp.site,tmp.area,Lb,X1,Wb,POR,ALPHA,BETA,Ks,Kb,Kz,Qthresh,Rs,Rb1,Rb2,Prec,Frac4Rise,Error,BFF
08047000,1.11628e+09,8224.36,100,552.996,0.15,0.015729,1,506.992,11595.5,0.908647,227286,-0.026014,-0.095171,-0.222593,24.4657,0.05,47.8311,0.208284
