tmp.site,tmp.area,Lb,X1,Wb,POR,ALPHA,BETA,Ks,Kb,Kz,Qthresh,Rs,Rb1,Rb2,Prec,Frac4Rise,Error,BFF
07184500,5.46487e+08,16022.1,36.3232,315.862,0.15,0.005787,1.2,2247.59,14522.6,1.77271,17126,-0.204132,-0.223917,-0.116503,440.383,0.05,0.74193,0.065222
