tmp.site,tmp.area,Lb,X1,Wb,POR,ALPHA,BETA,Ks,Kb,Kz,Qthresh,Rs,Rb1,Rb2,Prec,Frac4Rise,Error,BFF
01392500,3.00439e+07,34840.5,100,80.5202,0.15,0.041142,1,717.136,9713,1.01588,13456.1,-0.38897,-0.08376,-0.077005,856.3,0.05,0.33726,0.308209
