tmp.site,tmp.area,Lb,X1,Wb,POR,ALPHA,BETA,Ks,Kb,Kz,Qthresh,Rs,Rb1,Rb2,Prec,Frac4Rise,Error,BFF
01669000,7.22607e+07,24216.3,114.485,174.639,0.15,0.033221,0.9,537.137,15543.8,0.840312,45261.6,-0.25353,-0.043766,-0.067801,240.792,0.05,0.630488,0.237708
