tmp.site,tmp.area,Lb,X1,Wb,POR,ALPHA,BETA,Ks,Kb,Kz,Qthresh,Rs,Rb1,Rb2,Prec,Frac4Rise,Error,BFF
02313230,5.23178e+09,36584.9,39.8726,950.317,0.15,0.008944,0.9,3549.71,4960.96,1.09752,709506,-0.164871,-0.03543,-0.050125,464.849,0.05,52.3588,0.289657
