tmp.site,tmp.area,Lb,X1,Wb,POR,ALPHA,BETA,Ks,Kb,Kz,Qthresh,Rs,Rb1,Rb2,Prec,Frac4Rise,Error,BFF
03566700,4.37708e+08,4716.89,100,1286.86,0.15,0.008039,1,4519.66,2321.42,0.980707,88707.8,-0.399303,-0.123716,-0.036531,6263.22,0.05,0.362387,0.274676
