tmp.site,tmp.area,Lb,X1,Wb,POR,ALPHA,BETA,Ks,Kb,Kz,Qthresh,Rs,Rb1,Rb2,Prec,Frac4Rise,Error,BFF
11169025,4.14398e+08,62638.1,100,216.613,0.15,0.006236,1,476.045,3325.05,0.892138,85874.7,-0.143841,-0.061383,-0.034778,1419.01,0.05,0.325675,0.264271
