tmp.site,tmp.area,Lb,X1,Wb,POR,ALPHA,BETA,Ks,Kb,Kz,Qthresh,Rs,Rb1,Rb2,Prec,Frac4Rise,Error,BFF
02471001,3.23749e+08,24284.8,125.314,634.172,0.15,0.011243,2.2,2210.1,5960.79,0.746908,71031.3,-0.292504,-0.074457,-0.05011,7829.03,0.05,0.346886,0.40919
