tmp.site,tmp.area,Lb,X1,Wb,POR,ALPHA,BETA,Ks,Kb,Kz,Qthresh,Rs,Rb1,Rb2,Prec,Frac4Rise,Error,BFF
09266500,2.61589e+08,34646.2,18497.5,1366.82,0.15,0.013552,3.8,219.304,31876.7,0.320414,26178.3,-0.085685,-0.024189,-0.010403,1423.9,0.05,0.370906,0.450445
