tmp.site,tmp.area,Lb,X1,Wb,POR,ALPHA,BETA,Ks,Kb,Kz,Qthresh,Rs,Rb1,Rb2,Prec,Frac4Rise,Error,BFF
03284552,3.90829e+07,6138.19,100,307.714,0.15,0.027514,1,496.881,19202.7,0.936226,45995.5,-0.365025,-0.090688,-0.104446,214.564,0.05,0.387916,0.435037
