tmp.site,tmp.area,Lb,X1,Wb,POR,ALPHA,BETA,Ks,Kb,Kz,Qthresh,Rs,Rb1,Rb2,Prec,Frac4Rise,Error,BFF
05359500,1.5773e+09,7384.45,986.796,2915.73,0.15,0.006806,2.2,1054.53,623.174,0.663713,464849,-0.073944,-0.04554,-0.023974,19327.9,0.05,0.344678,0.419188
