tmp.site,tmp.area,Lb,X1,Wb,POR,ALPHA,BETA,Ks,Kb,Kz,Qthresh,Rs,Rb1,Rb2,Prec,Frac4Rise,Error,BFF
10259300,2.77906e+09,119373,100,4.6117,0.15,0.004553,1,36041.8,1164.08,0.107602,24.4657,-1.64504,-0.002,-0.001,24.4657,0.05,0.179161,1.3e-05
