tmp.site,tmp.area,Lb,X1,Wb,POR,ALPHA,BETA,Ks,Kb,Kz,Qthresh,Rs,Rb1,Rb2,Prec,Frac4Rise,Error,BFF
09224700,7.72075e+09,9841.24,100,1494.94,0.15,0.012493,1,2263.01,12798.8,1.03296,611643,-0.119549,-0.044124,-0.07009,24.4657,0.05,3.17934,0.48922
