tmp.site,tmp.area,Lb,X1,Wb,POR,ALPHA,BETA,Ks,Kb,Kz,Qthresh,Rs,Rb1,Rb2,Prec,Frac4Rise,Error,BFF
09368000,3.34108e+10,21346.9,11.2293,2423.24,0.15,0.003776,0.9,1662.97,1616.68,0.947257,2.78909e+06,-0.073087,-0.038574,-0.055591,31071.5,0.05,0.557819,0.439462
