tmp.site,tmp.area,Lb,X1,Wb,POR,ALPHA,BETA,Ks,Kb,Kz,Qthresh,Rs,Rb1,Rb2,Prec,Frac4Rise,Error,BFF
02208487,8.83186e+06,9215.97,55.1403,119.774,0.15,0.013025,3.4,151.47,813.444,0.209284,4501.69,-0.253397,-0.042533,-0.03012,66.0574,0.05,0.310777,0.500245
