tmp.site,tmp.area,Lb,X1,Wb,POR,ALPHA,BETA,Ks,Kb,Kz,Qthresh,Rs,Rb1,Rb2,Prec,Frac4Rise,Error,BFF
01585104,6.47497e+06,3803.63,208.645,98.6789,0.15,0.018632,1,539.189,7914.31,0.573755,3547.53,-0.50735,-0.100938,-0.098778,29.3589,0.05,0.46697,0.202471
