tmp.site,tmp.area,Lb,X1,Wb,POR,ALPHA,BETA,Ks,Kb,Kz,Qthresh,Rs,Rb1,Rb2,Prec,Frac4Rise,Error,BFF
01471000,5.46487e+08,8087.54,29.8869,2282.26,0.15,0.012115,1.3,553.49,5161.14,1.19544,141901,-0.058892,-0.04991,-0.040487,12722.2,0.05,0.396089,0.836769
