tmp.site,tmp.area,Lb,X1,Wb,POR,ALPHA,BETA,Ks,Kb,Kz,Qthresh,Rs,Rb1,Rb2,Prec,Frac4Rise,Error,BFF
04106000,2.61589e+09,16350.6,43.2106,7791.88,0.15,0.002841,1.6,213.186,5342.76,1.03387,1.45326e+06,-0.050132,-0.029236,-0.024956,68993.3,0.05,0.184481,0.888404
