tmp.site,tmp.area,Lb,X1,Wb,POR,ALPHA,BETA,Ks,Kb,Kz,Qthresh,Rs,Rb1,Rb2,Prec,Frac4Rise,Error,BFF
05077500,3.96268e+08,14033.2,103.138,696.306,0.15,0.019004,1,437.984,474.18,1.23844,80736.9,-0.069392,-0.023166,-0.021671,1789.42,0.05,0.454569,0.453657
