tmp.site,tmp.area,Lb,X1,Wb,POR,ALPHA,BETA,Ks,Kb,Kz,Qthresh,Rs,Rb1,Rb2,Prec,Frac4Rise,Error,BFF
11120500,1.42708e+07,5054.9,653.671,124.095,0.15,0.025499,1.1,214.67,18712.5,0.018855,3180.54,-0.202733,-0.085878,-0.053093,24.4657,0.05,0.987209,0.09967
