tmp.site,tmp.area,Lb,X1,Wb,POR,ALPHA,BETA,Ks,Kb,Kz,Qthresh,Rs,Rb1,Rb2,Prec,Frac4Rise,Error,BFF
03342000,3.40868e+10,87393.5,513.939,4076.22,0.15,0.007081,4.2,9011.44,16603.9,1.42084,3.69432e+06,-0.082105,-0.048636,-0.026983,340073,0.05,0.355591,0.532958
