tmp.site,tmp.area,Lb,X1,Wb,POR,ALPHA,BETA,Ks,Kb,Kz,Qthresh,Rs,Rb1,Rb2,Prec,Frac4Rise,Error,BFF
13331500,6.21597e+08,10073.7,0.674979,1552.5,0.15,0.008036,1.3,575.748,26.664,1.43584,95416.3,-0.093293,-0.034731,-0.025668,10349,0.05,0.268107,0.57634
