tmp.site,tmp.area,Lb,X1,Wb,POR,ALPHA,BETA,Ks,Kb,Kz,Qthresh,Rs,Rb1,Rb2,Prec,Frac4Rise,Error,BFF
06911490,2.53301e+08,2812.25,231.101,436.965,0.15,0.013557,1,1258.59,18089.3,0.866437,2275.31,-0.157231,-0.145728,-0.131627,24.4657,0.05,1.50322,0.116086
