tmp.site,tmp.area,Lb,X1,Wb,POR,ALPHA,BETA,Ks,Kb,Kz,Qthresh,Rs,Rb1,Rb2,Prec,Frac4Rise,Error,BFF
06751150,9.16856e+08,25977.9,87.6927,705.512,0.15,0.018667,0.9,108.822,12043.5,1.06061,173469,-0.013253,-0.044307,-0.131959,24.4657,0.05,38.8666,0.658866
