tmp.site,tmp.area,Lb,X1,Wb,POR,ALPHA,BETA,Ks,Kb,Kz,Qthresh,Rs,Rb1,Rb2,Prec,Frac4Rise,Error,BFF
452755122234100,1.03859e+07,13902.9,100,94.9802,0.15,0.026114,1,141.782,43670.6,0.716506,978.629,-0.209571,-0.094273,-0.091635,21.5298,0.05,0.54882,0.436847
