tmp.site,tmp.area,Lb,X1,Wb,POR,ALPHA,BETA,Ks,Kb,Kz,Qthresh,Rs,Rb1,Rb2,Prec,Frac4Rise,Error,BFF
11231600,2.40351e+08,61861.1,23993.4,191.874,0.15,0.011804,10.1,41.2712,503.171,0.395833,24465.7,-0.009692,-0.015665,-0.007419,1223.29,0.05,0.358244,0.18071
