tmp.site,tmp.area,Lb,X1,Wb,POR,ALPHA,BETA,Ks,Kb,Kz,Qthresh,Rs,Rb1,Rb2,Prec,Frac4Rise,Error,BFF
07160500,1.06708e+09,3199.91,110.07,634.325,0.15,0.006201,1,2299,5194.03,0.94081,8807.66,-0.263019,-0.130417,-0.118849,193.279,0.05,0.729077,0.09111
