tmp.site,tmp.area,Lb,X1,Wb,POR,ALPHA,BETA,Ks,Kb,Kz,Qthresh,Rs,Rb1,Rb2,Prec,Frac4Rise,Error,BFF
07065200,4.79148e+08,6938.91,100,957.946,0.15,0.004876,1,989.981,3969.94,0.91921,50644,-0.173727,-0.111665,-0.030353,4672.22,0.05,0.339936,0.247427
