tmp.site,tmp.area,Lb,X1,Wb,POR,ALPHA,BETA,Ks,Kb,Kz,Qthresh,Rs,Rb1,Rb2,Prec,Frac4Rise,Error,BFF
09132050,2.45013e+08,11378.6,198.474,1085.63,0.15,0.009448,2.5,246.731,9510.74,1.26224,63610.9,-0.112984,-0.038114,-0.018086,3425.2,0.05,0.278277,0.606803
