tmp.site,tmp.area,Lb,X1,Wb,POR,ALPHA,BETA,Ks,Kb,Kz,Qthresh,Rs,Rb1,Rb2,Prec,Frac4Rise,Error,BFF
06469500,1.96321e+09,11556.1,2.15166,331.837,0.15,0.065582,1,2547.91,202.163,1.01168,23731.7,-0.12647,-0.055338,-0.072899,24.4657,0.05,1.18629,0.207492
