tmp.site,tmp.area,Lb,X1,Wb,POR,ALPHA,BETA,Ks,Kb,Kz,Qthresh,Rs,Rb1,Rb2,Prec,Frac4Rise,Error,BFF
08294210,8.88366e+07,40909.2,15.9726,68.7498,0.15,0.008811,0.9,58.9314,1808.68,0.780286,17860,-0.020074,-0.041434,-0.096188,97.8629,0.05,0.913532,0.222515
