tmp.site,tmp.area,Lb,X1,Wb,POR,ALPHA,BETA,Ks,Kb,Kz,Qthresh,Rs,Rb1,Rb2,Prec,Frac4Rise,Error,BFF
13306370,4.86918e+08,29967.1,100,401.588,0.15,0.010122,1,148.444,9041.03,0.951977,34496.7,-0.05268,-0.022746,-0.01233,3659.34,0.05,0.274464,0.501803
