tmp.site,tmp.area,Lb,X1,Wb,POR,ALPHA,BETA,Ks,Kb,Kz,Qthresh,Rs,Rb1,Rb2,Prec,Frac4Rise,Error,BFF
06904500,3.54828e+09,8547.65,0.095507,1769.82,0.15,0.013101,1,5735.52,16.8939,0.929552,105203,-0.125748,-0.09541,-0.095756,831.834,0.05,0.647903,0.300253
