tmp.site,tmp.area,Lb,X1,Wb,POR,ALPHA,BETA,Ks,Kb,Kz,Qthresh,Rs,Rb1,Rb2,Prec,Frac4Rise,Error,BFF
0208524975,2.5615e+08,22750.3,58.7419,193.901,0.15,0.004285,1.2,1085.33,16708.3,1.00519,20942.7,-0.153488,-0.137432,-0.080009,114.989,0.05,0.613282,0.098391
