tmp.site,tmp.area,Lb,X1,Wb,POR,ALPHA,BETA,Ks,Kb,Kz,Qthresh,Rs,Rb1,Rb2,Prec,Frac4Rise,Error,BFF
11169800,2.82309e+08,9243.85,0.071507,345.692,0.15,0.01433,1.1,1438.12,5.78786,1.04226,27988.8,-0.262352,-0.0886,-0.05889,24.4657,0.05,0.76066,0.133553
