tmp.site,tmp.area,Lb,X1,Wb,POR,ALPHA,BETA,Ks,Kb,Kz,Qthresh,Rs,Rb1,Rb2,Prec,Frac4Rise,Error,BFF
03079000,9.89375e+08,15000.8,1.31129,1740.46,0.15,0.010556,1.2,6583.9,285.518,0.977899,56271.1,-0.269498,-0.076336,-0.057082,5137.8,0.05,0.358831,0.468841
