tmp.site,tmp.area,Lb,X1,Wb,POR,ALPHA,BETA,Ks,Kb,Kz,Qthresh,Rs,Rb1,Rb2,Prec,Frac4Rise,Error,BFF
01076000,3.70368e+08,15632.4,1.08872,955.943,0.15,0.0115,1.5,2678.45,144.494,1.12948,44038.3,-0.225993,-0.071619,-0.046585,4159.17,0.05,0.352262,0.477774
