tmp.site,tmp.area,Lb,X1,Wb,POR,ALPHA,BETA,Ks,Kb,Kz,Qthresh,Rs,Rb1,Rb2,Prec,Frac4Rise,Error,BFF
09107500,1.04636e+08,9715.41,1222.53,370.653,0.15,0.015024,1.4,240.247,8211.12,0.262215,14434.8,-0.106366,-0.030122,-0.020614,978.629,0.05,0.453408,0.326508
