tmp.site,tmp.area,Lb,X1,Wb,POR,ALPHA,BETA,Ks,Kb,Kz,Qthresh,Rs,Rb1,Rb2,Prec,Frac4Rise,Error,BFF
06862500,1.45816e+10,13623.6,21.5899,1846.31,0.15,0.013098,1,8805.56,3473.14,0.88525,29358.9,-0.197701,-0.068919,-0.069779,733.971,0.05,0.781783,0.280993
