tmp.site,tmp.area,Lb,X1,Wb,POR,ALPHA,BETA,Ks,Kb,Kz,Qthresh,Rs,Rb1,Rb2,Prec,Frac4Rise,Error,BFF
04221000,7.45917e+08,56021.9,157.151,915.132,0.15,0.010565,1.8,2771.71,89657.6,1.11269,67036.1,-0.279808,-0.070199,-0.039312,4893.14,0.05,0.329664,0.535086
