tmp.site,tmp.area,Lb,X1,Wb,POR,ALPHA,BETA,Ks,Kb,Kz,Qthresh,Rs,Rb1,Rb2,Prec,Frac4Rise,Error,BFF
10133980,2.84899e+08,3241.38,233.199,1116.93,0.15,0.013026,0.9,231.73,3885.78,0.068278,73886.5,-0.085613,-0.026372,-0.025699,1712.6,0.05,0.250236,0.47922
