tmp.site,tmp.area,Lb,X1,Wb,POR,ALPHA,BETA,Ks,Kb,Kz,Qthresh,Rs,Rb1,Rb2,Prec,Frac4Rise,Error,BFF
05413500,6.96707e+08,32268.5,329.821,578.32,0.15,0.007323,6.7,550.728,130.775,1.33271,161474,-0.202733,-0.031333,-0.022184,9786.29,0.05,0.295677,0.480585
