tmp.site,tmp.area,Lb,X1,Wb,POR,ALPHA,BETA,Ks,Kb,Kz,Qthresh,Rs,Rb1,Rb2,Prec,Frac4Rise,Error,BFF
04103490,2.49799e+08,81252.5,33026.6,378.658,0.15,0.013367,10.1,188.851,3874.1,0.855201,132849,-0.068841,-0.032217,-0.016416,9857.73,0.05,0.229379,0.582517
