tmp.site,tmp.area,Lb,X1,Wb,POR,ALPHA,BETA,Ks,Kb,Kz,Qthresh,Rs,Rb1,Rb2,Prec,Frac4Rise,Error,BFF
07373000,1.32089e+08,11712.7,100,369.375,0.15,0.008134,1,849.391,5910.51,0.872832,45016.9,-0.346574,-0.086009,-0.036883,1614.74,0.05,0.309926,0.323125
