tmp.site,tmp.area,Lb,X1,Wb,POR,ALPHA,BETA,Ks,Kb,Kz,Qthresh,Rs,Rb1,Rb2,Prec,Frac4Rise,Error,BFF
03603000,6.6226e+09,17336.5,295.555,2756.54,0.15,0.007977,7.9,5546.38,593.86,1.28166,1.38965e+06,-0.12781,-0.078684,-0.03518,86716.3,0.05,0.326606,0.386255
