tmp.site,tmp.area,Lb,X1,Wb,POR,ALPHA,BETA,Ks,Kb,Kz,Qthresh,Rs,Rb1,Rb2,Prec,Frac4Rise,Error,BFF
12090500,1.91141e+08,46637.1,100,135.587,0.15,0.018886,1,818.244,11288.1,0.705868,90523.1,-0.126122,-0.023038,-0.046166,24.4657,0.05,7.07381,0.140768
