tmp.site,tmp.area,Lb,X1,Wb,POR,ALPHA,BETA,Ks,Kb,Kz,Qthresh,Rs,Rb1,Rb2,Prec,Frac4Rise,Error,BFF
01470779,1.82335e+08,28824.5,100,461.35,0.15,0.011763,1,212.506,12088.4,0.914868,70950.6,-0.168092,-0.033102,-0.020251,6850.4,0.05,0.19557,0.649094
