tmp.site,tmp.area,Lb,X1,Wb,POR,ALPHA,BETA,Ks,Kb,Kz,Qthresh,Rs,Rb1,Rb2,Prec,Frac4Rise,Error,BFF
05520980,2.94223e+07,19488.5,36.2826,76.3737,0.15,0.01324,1.1,254.822,14030,0.89976,7584.37,-0.153147,-0.111806,-0.087398,24.4657,0.05,3.95876,0.213191
