tmp.site,tmp.area,Lb,X1,Wb,POR,ALPHA,BETA,Ks,Kb,Kz,Qthresh,Rs,Rb1,Rb2,Prec,Frac4Rise,Error,BFF
04181120,1.43387e+09,4808.97,0.078465,1681.11,0.15,0.009396,1.2,4410.34,9.17727,0.96896,53335.3,-0.116579,-0.130401,-0.093027,3865.58,0.05,0.481141,0.336613
