tmp.site,tmp.area,Lb,X1,Wb,POR,ALPHA,BETA,Ks,Kb,Kz,Qthresh,Rs,Rb1,Rb2,Prec,Frac4Rise,Error,BFF
08169845,5.35869e+09,12083.3,49.3049,1972.47,0.15,0.005419,1,750.899,2821.37,0.946741,995755,-0.103897,-0.023688,-0.023542,10731.6,0.05,0.238942,0.649817
