tmp.site,tmp.area,Lb,X1,Wb,POR,ALPHA,BETA,Ks,Kb,Kz,Qthresh,Rs,Rb1,Rb2,Prec,Frac4Rise,Error,BFF
01097480,9.09086e+07,22124.1,100,257.679,0.15,0.039995,1,157.288,33658,0.977647,4403.83,-0.12208,-0.048376,-0.062269,420.076,0.05,0.416528,0.540973
