tmp.site,tmp.area,Lb,X1,Wb,POR,ALPHA,BETA,Ks,Kb,Kz,Qthresh,Rs,Rb1,Rb2,Prec,Frac4Rise,Error,BFF
11433300,1.35715e+09,110044,53.0857,957.934,0.15,0.014243,0.9,1452.6,44173.8,0.892379,112542,-0.069444,-0.041014,-0.072515,12232.9,0.05,0.554382,0.530129
