tmp.site,tmp.area,Lb,X1,Wb,POR,ALPHA,BETA,Ks,Kb,Kz,Qthresh,Rs,Rb1,Rb2,Prec,Frac4Rise,Error,BFF
06875900,1.38305e+10,4791.54,86.1096,1398.23,0.15,0.009954,0.9,584.014,1442.52,0.987142,36698.6,-0.012194,-0.046827,-0.061711,1345.61,0.05,1.07753,0.215217
