tmp.site,tmp.area,Lb,X1,Wb,POR,ALPHA,BETA,Ks,Kb,Kz,Qthresh,Rs,Rb1,Rb2,Prec,Frac4Rise,Error,BFF
01108410,1.12664e+08,12487.7,100,495.307,0.15,0.024485,1,353.706,12975.7,0.915425,11376.6,-0.120294,-0.040583,-0.052367,611.643,0.05,0.343156,0.555151
