tmp.site,tmp.area,Lb,X1,Wb,POR,ALPHA,BETA,Ks,Kb,Kz,Qthresh,Rs,Rb1,Rb2,Prec,Frac4Rise,Error,BFF
05587450,4.43665e+11,48743.1,8.26951,167335,0.15,0.011331,0.9,16399.5,3555.52,2.59228,9.90861e+07,-0.049744,-0.023541,-0.033097,5.72498e+06,0.05,0.306323,0.867352
