tmp.site,tmp.area,Lb,X1,Wb,POR,ALPHA,BETA,Ks,Kb,Kz,Qthresh,Rs,Rb1,Rb2,Prec,Frac4Rise,Error,BFF
01111212,6.31957e+08,61654.4,151.656,2761.37,0.15,0.021815,1.2,3630.29,78784.1,1.35103,626322,-0.204093,-0.046115,-0.037667,14001,0.05,0.294178,0.58863
