tmp.site,tmp.area,Lb,X1,Wb,POR,ALPHA,BETA,Ks,Kb,Kz,Qthresh,Rs,Rb1,Rb2,Prec,Frac4Rise,Error,BFF
06279500,4.07923e+10,18529.4,4.7853,11884.1,0.15,0.006173,1,692.713,730.073,1.1355,4.64849e+06,-0.058892,-0.03188,-0.033686,103245,0.05,0.389141,0.871394
