tmp.site,tmp.area,Lb,X1,Wb,POR,ALPHA,BETA,Ks,Kb,Kz,Qthresh,Rs,Rb1,Rb2,Prec,Frac4Rise,Error,BFF
12135000,4.92098e+07,9093.32,100,503.432,0.15,0.0124,1,830.289,8174.62,0.95085,34252,-0.269342,-0.07525,-0.034844,3131.61,0.05,0.329106,0.413326
