tmp.site,tmp.area,Lb,X1,Wb,POR,ALPHA,BETA,Ks,Kb,Kz,Qthresh,Rs,Rb1,Rb2,Prec,Frac4Rise,Error,BFF
01117800,9.11676e+07,25674.1,100,428.199,0.15,0.026677,1,307.367,17156.5,0.728941,16844.4,-0.153638,-0.036532,-0.035553,1883.86,0.05,0.262857,0.600028
