tmp.site,tmp.area,Lb,X1,Wb,POR,ALPHA,BETA,Ks,Kb,Kz,Qthresh,Rs,Rb1,Rb2,Prec,Frac4Rise,Error,BFF
09508300,9.42756e+07,4344.14,146.88,162.729,0.15,0.019173,1.1,236.957,9686.79,1.05572,1345.61,-0.143841,-0.121629,-0.079838,24.4657,0.05,1.63624,0.089401
