tmp.site,tmp.area,Lb,X1,Wb,POR,ALPHA,BETA,Ks,Kb,Kz,Qthresh,Rs,Rb1,Rb2,Prec,Frac4Rise,Error,BFF
11389740,2.49675e+08,37958.6,29.5125,1102.55,0.15,0.008931,0.8,97.7465,2223.87,0.413865,54313.9,-0.038127,-0.010098,-0.023199,3914.51,0.05,0.22644,0.841004
