tmp.site,tmp.area,Lb,X1,Wb,POR,ALPHA,BETA,Ks,Kb,Kz,Qthresh,Rs,Rb1,Rb2,Prec,Frac4Rise,Error,BFF
04160600,3.91088e+08,18160.5,244.167,396.623,0.15,0.008973,3.8,1043.3,9908.8,0.592217,34496.7,-0.165081,-0.09693,-0.041114,1223.29,0.05,0.376329,0.33492
