tmp.site,tmp.area,Lb,X1,Wb,POR,ALPHA,BETA,Ks,Kb,Kz,Qthresh,Rs,Rb1,Rb2,Prec,Frac4Rise,Error,BFF
04102700,2.16523e+08,3741.23,100,577.374,0.15,0.036562,1,22.6802,1165.46,0.99208,78290.3,-0.120581,-0.059779,-0.025064,5871.77,0.05,0.288436,0.477318
