tmp.site,tmp.area,Lb,X1,Wb,POR,ALPHA,BETA,Ks,Kb,Kz,Qthresh,Rs,Rb1,Rb2,Prec,Frac4Rise,Error,BFF
02079640,1.38564e+08,12176.5,100,237.457,0.15,0.017536,1,1542.3,10329.9,0.947294,68504,-0.338362,-0.084492,-0.098521,24.4657,0.05,1.85244,0.212309
