tmp.site,tmp.area,Lb,X1,Wb,POR,ALPHA,BETA,Ks,Kb,Kz,Qthresh,Rs,Rb1,Rb2,Prec,Frac4Rise,Error,BFF
01105583,7.43327e+07,26220.5,100,295.073,0.15,0.037565,1,314.489,44383.4,0.927516,1984.17,-0.210845,-0.058472,-0.085474,58.7177,0.05,0.473967,0.463703
