tmp.site,tmp.area,Lb,X1,Wb,POR,ALPHA,BETA,Ks,Kb,Kz,Qthresh,Rs,Rb1,Rb2,Prec,Frac4Rise,Error,BFF
07151000,1.15772e+10,9805.54,100,2237.31,0.15,0.010134,1,6017.89,14570.1,1.00904,188386,-0.143841,-0.067698,-0.065061,1052.03,0.05,0.602216,0.335438
