tmp.site,tmp.area,Lb,X1,Wb,POR,ALPHA,BETA,Ks,Kb,Kz,Qthresh,Rs,Rb1,Rb2,Prec,Frac4Rise,Error,BFF
05369500,2.33358e+10,16372.1,2.72316,5195,0.15,0.009091,4.6,1995.4,5.7131,1.30024,1.66612e+07,-0.065614,-0.044497,-0.032083,508887,0.05,0.210218,0.692965
