tmp.site,tmp.area,Lb,X1,Wb,POR,ALPHA,BETA,Ks,Kb,Kz,Qthresh,Rs,Rb1,Rb2,Prec,Frac4Rise,Error,BFF
03295400,4.45478e+08,5717.66,100,907.676,0.15,0.013245,1,3790.54,12549.5,0.869084,61164.3,-0.258757,-0.121805,-0.113274,283.802,0.05,0.533633,0.250722
