tmp.site,tmp.area,Lb,X1,Wb,POR,ALPHA,BETA,Ks,Kb,Kz,Qthresh,Rs,Rb1,Rb2,Prec,Frac4Rise,Error,BFF
01093852,2.66769e+08,10487.1,100,1215.19,0.15,0.020356,1,1879.76,17936.5,0.944881,14492.5,-0.221029,-0.062332,-0.058335,1315.82,0.05,0.350396,0.531899
