tmp.site,tmp.area,Lb,X1,Wb,POR,ALPHA,BETA,Ks,Kb,Kz,Qthresh,Rs,Rb1,Rb2,Prec,Frac4Rise,Error,BFF
03114650,1.08521e+07,6443.89,100,68.5911,0.15,0.05075,1,465.909,16686.4,0.843216,8318.34,-0.330079,-0.122286,-0.109918,24.4657,0.05,0.688018,0.22572
