tmp.site,tmp.area,Lb,X1,Wb,POR,ALPHA,BETA,Ks,Kb,Kz,Qthresh,Rs,Rb1,Rb2,Prec,Frac4Rise,Error,BFF
02215100,4.22168e+08,7996.91,100,881.241,0.15,0.01487,1,2286.29,10953.3,0.960848,12722.2,-0.217057,-0.068979,-0.062427,357.689,0.05,0.430861,0.391737
