tmp.site,tmp.area,Lb,X1,Wb,POR,ALPHA,BETA,Ks,Kb,Kz,Qthresh,Rs,Rb1,Rb2,Prec,Frac4Rise,Error,BFF
10300600,6.21597e+09,18093.2,326.377,1275.76,0.15,0.01117,1,676.639,28712,0.983528,276463,-0.05194,-0.030527,-0.029953,4868.68,0.05,0.337123,0.53492
