tmp.site,tmp.area,Lb,X1,Wb,POR,ALPHA,BETA,Ks,Kb,Kz,Qthresh,Rs,Rb1,Rb2,Prec,Frac4Rise,Error,BFF
07103703,2.42941e+07,3984.16,0.103335,8.97651,0.15,0.016991,0.9,675.888,0.153255,0.334544,1955.3,-0.266719,-0.111782,-0.171322,24.4657,0.05,4.54807,0.012605
