tmp.site,tmp.area,Lb,X1,Wb,POR,ALPHA,BETA,Ks,Kb,Kz,Qthresh,Rs,Rb1,Rb2,Prec,Frac4Rise,Error,BFF
06889110,2.40092e+07,21243.9,299.003,26.9311,0.15,0.020158,0.9,197.928,93256.7,0.991875,3213.57,-0.184118,-0.094313,-0.119354,24.4657,0.05,0.56663,0.108662
