tmp.site,tmp.area,Lb,X1,Wb,POR,ALPHA,BETA,Ks,Kb,Kz,Qthresh,Rs,Rb1,Rb2,Prec,Frac4Rise,Error,BFF
08063800,4.61018e+08,7338.19,78.4437,372.368,0.15,0.010358,0.9,133.267,7935.84,1.02952,197928,-0.010291,-0.115903,-0.334375,24.4657,0.05,44.694,0.074513
