tmp.site,tmp.area,Lb,X1,Wb,POR,ALPHA,BETA,Ks,Kb,Kz,Qthresh,Rs,Rb1,Rb2,Prec,Frac4Rise,Error,BFF
10296500,6.47497e+08,6093.6,0.350131,1734.94,0.15,0.005312,1.9,12.695,3.36567,1.35991,80736.9,-0.091161,-0.031183,-0.019016,5822.84,0.05,0.271516,0.520129
