tmp.site,tmp.area,Lb,X1,Wb,POR,ALPHA,BETA,Ks,Kb,Kz,Qthresh,Rs,Rb1,Rb2,Prec,Frac4Rise,Error,BFF
03275500,3.13389e+08,14125.1,150.948,639.253,0.15,0.009228,3.1,1926.06,4376.16,1.05596,43363,-0.283562,-0.085563,-0.041113,2571.84,0.05,0.327237,0.387068
