tmp.site,tmp.area,Lb,X1,Wb,POR,ALPHA,BETA,Ks,Kb,Kz,Qthresh,Rs,Rb1,Rb2,Prec,Frac4Rise,Error,BFF
01118500,7.61457e+08,15859.6,0.104832,1770.32,0.15,0.014015,1.1,1594.48,8.72333,1.0679,450169,-0.084885,-0.03281,-0.029585,14679.4,0.05,0.277474,0.6144
