tmp.site,tmp.area,Lb,X1,Wb,POR,ALPHA,BETA,Ks,Kb,Kz,Qthresh,Rs,Rb1,Rb2,Prec,Frac4Rise,Error,BFF
01121330,4.73968e+07,19466.8,17.1828,263.502,0.15,0.036349,1,908.068,2430.38,0.844105,8881.05,-0.351256,-0.05367,-0.058194,159.027,0.05,0.587054,0.255345
