tmp.site,tmp.area,Lb,X1,Wb,POR,ALPHA,BETA,Ks,Kb,Kz,Qthresh,Rs,Rb1,Rb2,Prec,Frac4Rise,Error,BFF
01309500,9.99735e+07,893058,1.02507,79.6388,0.15,0.018273,0.9,1167.83,22.9681,0.840528,2935.89,-0.364182,-0.026757,-0.03593,222.638,0.05,0.465151,0.389824
