tmp.site,tmp.area,Lb,X1,Wb,POR,ALPHA,BETA,Ks,Kb,Kz,Qthresh,Rs,Rb1,Rb2,Prec,Frac4Rise,Error,BFF
13049500,1.30276e+09,10955,8.83937,2669.94,0.15,0.006899,0.9,278.979,515.72,1.46721,1.46794e+06,-0.077075,-0.03932,-0.071387,8318.34,0.05,1.53537,0.640453
