tmp.site,tmp.area,Lb,X1,Wb,POR,ALPHA,BETA,Ks,Kb,Kz,Qthresh,Rs,Rb1,Rb2,Prec,Frac4Rise,Error,BFF
12045500,6.96707e+08,13738.3,120.902,2085.5,0.15,0.008597,1,1203.32,5970.19,1.30234,919911,-0.093975,-0.040253,-0.039258,63121.5,0.05,0.314363,0.566992
