tmp.site,tmp.area,Lb,X1,Wb,POR,ALPHA,BETA,Ks,Kb,Kz,Qthresh,Rs,Rb1,Rb2,Prec,Frac4Rise,Error,BFF
02118000,7.92536e+08,36622.8,274.071,699.957,0.15,0.006325,2.8,1442.11,8097.84,0.445458,567605,-0.265761,-0.053525,-0.038097,11254.2,0.05,0.297982,0.488364
