tmp.site,tmp.area,Lb,X1,Wb,POR,ALPHA,BETA,Ks,Kb,Kz,Qthresh,Rs,Rb1,Rb2,Prec,Frac4Rise,Error,BFF
11396000,7.76996e+07,94338.6,100,150.483,0.15,0.002794,1,135.943,386.349,0.797463,26912.3,-0.091378,-0.042536,-0.068861,24.4657,0.05,23.1584,0.084446
