tmp.site,tmp.area,Lb,X1,Wb,POR,ALPHA,BETA,Ks,Kb,Kz,Qthresh,Rs,Rb1,Rb2,Prec,Frac4Rise,Error,BFF
08105095,1.84925e+08,35697.1,145.968,130.843,0.15,0.08066,0.9,2097.64,47400.6,1.00839,49176.1,-0.510845,-0.071478,-0.123562,24.4657,0.05,41.1929,0.235964
