tmp.site,tmp.area,Lb,X1,Wb,POR,ALPHA,BETA,Ks,Kb,Kz,Qthresh,Rs,Rb1,Rb2,Prec,Frac4Rise,Error,BFF
12148300,7.66636e+07,31637.4,100,383.93,0.15,0.010501,1,201.831,1500.63,0.885625,182514,-0.04541,-0.060835,-0.02323,11009.6,0.05,0.260174,0.442741
