tmp.site,tmp.area,Lb,X1,Wb,POR,ALPHA,BETA,Ks,Kb,Kz,Qthresh,Rs,Rb1,Rb2,Prec,Frac4Rise,Error,BFF
05490500,3.63583e+10,52541.7,18.5166,4478.56,0.15,0.012582,1,10440.4,9485.08,1.02962,3.05821e+06,-0.087879,-0.047243,-0.05511,44290.3,0.05,0.452159,0.4594
