tmp.site,tmp.area,Lb,X1,Wb,POR,ALPHA,BETA,Ks,Kb,Kz,Qthresh,Rs,Rb1,Rb2,Prec,Frac4Rise,Error,BFF
07348000,8.12479e+09,11888.4,263.378,18269.2,0.15,0.037461,0.9,6326.6,45495.9,0.85828,31805.4,-0.074085,-0.044328,-0.103975,758.437,0.05,1.20606,0.595629
