tmp.site,tmp.area,Lb,X1,Wb,POR,ALPHA,BETA,Ks,Kb,Kz,Qthresh,Rs,Rb1,Rb2,Prec,Frac4Rise,Error,BFF
05051500,1.03859e+10,48664,26.2679,1999.81,0.15,0.011338,0.9,528.911,6474.32,1.16765,1.09851e+06,-0.036513,-0.024186,-0.030108,35294.2,0.05,0.320709,0.660058
