tmp.site,tmp.area,Lb,X1,Wb,POR,ALPHA,BETA,Ks,Kb,Kz,Qthresh,Rs,Rb1,Rb2,Prec,Frac4Rise,Error,BFF
03250322,1.0878e+07,5295.85,100,77.9252,0.15,0.04352,1,615.49,11327.7,0.729497,3425.2,-0.451799,-0.099831,-0.166718,24.4657,0.05,1.15653,0.231535
