tmp.site,tmp.area,Lb,X1,Wb,POR,ALPHA,BETA,Ks,Kb,Kz,Qthresh,Rs,Rb1,Rb2,Prec,Frac4Rise,Error,BFF
03021520,5.72387e+08,11226.5,1.03007,2968.14,0.15,0.054372,0.9,1909.55,188.989,1.02863,100309,-0.062425,-0.048003,-0.105562,4882.62,0.05,0.500095,0.445766
