tmp.site,tmp.area,Lb,X1,Wb,POR,ALPHA,BETA,Ks,Kb,Kz,Qthresh,Rs,Rb1,Rb2,Prec,Frac4Rise,Error,BFF
01467000,3.05619e+08,9714.69,251.08,720.39,0.15,0.012386,1.1,298.043,11303.2,1.01555,78534.9,-0.095528,-0.039119,-0.034875,8611.93,0.05,0.247529,0.599336
