tmp.site,tmp.area,Lb,X1,Wb,POR,ALPHA,BETA,Ks,Kb,Kz,Qthresh,Rs,Rb1,Rb2,Prec,Frac4Rise,Error,BFF
01594526,2.32322e+08,8740.59,100,516.268,0.15,0.011836,1,2325.55,13057.5,0.903138,112053,-0.514681,-0.092359,-0.086919,905.231,0.05,0.42596,0.296246
