tmp.site,tmp.area,Lb,X1,Wb,POR,ALPHA,BETA,Ks,Kb,Kz,Qthresh,Rs,Rb1,Rb2,Prec,Frac4Rise,Error,BFF
02138816,7.61457e+08,2.11845e+06,100,277.944,0.15,0.006887,1,13.0323,277.232,0.905137,206735,-0.004295,-0.023729,-0.010371,13587.3,0.05,0.098418,0.501352
