tmp.site,tmp.area,Lb,X1,Wb,POR,ALPHA,BETA,Ks,Kb,Kz,Qthresh,Rs,Rb1,Rb2,Prec,Frac4Rise,Error,BFF
07343840,1.93731e+09,9826.36,100,654.88,0.15,0.012023,1,3226.91,16618.8,0.952836,29114.2,-0.116498,-0.130119,-0.12239,11.9882,0.05,0.871008,0.11392
