tmp.site,tmp.area,Lb,X1,Wb,POR,ALPHA,BETA,Ks,Kb,Kz,Qthresh,Rs,Rb1,Rb2,Prec,Frac4Rise,Error,BFF
08080700,3.34367e+09,1764.14,0.04757,24.6288,0.15,0.00225,0.9,91218.5,0.051797,1.59352,24.4657,-0.813303,-0.211389,-0.30253,24.4657,0.05,4.55342,0.002198
