tmp.site,tmp.area,Lb,X1,Wb,POR,ALPHA,BETA,Ks,Kb,Kz,Qthresh,Rs,Rb1,Rb2,Prec,Frac4Rise,Error,BFF
03467609,4.37294e+09,31428.7,9.45392,2218.93,0.15,0.008586,3.2,5482.35,95.0181,0.97626,995755,-0.180049,-0.051478,-0.03393,91910.4,0.05,0.268936,0.536284
