tmp.site,tmp.area,Lb,X1,Wb,POR,ALPHA,BETA,Ks,Kb,Kz,Qthresh,Rs,Rb1,Rb2,Prec,Frac4Rise,Error,BFF
07367690,1.86738e+09,11104,124.108,1256.03,0.15,0.010507,0.9,6821.71,71098,1.27869,729078,-0.265266,-0.088975,-0.24067,24.4657,0.05,34.0726,0.367902
