tmp.site,tmp.area,Lb,X1,Wb,POR,ALPHA,BETA,Ks,Kb,Kz,Qthresh,Rs,Rb1,Rb2,Prec,Frac4Rise,Error,BFF
05439500,1.00233e+09,11060,0.08234,1304.25,0.15,0.013742,1.4,2647.38,6.32315,1.21897,41591.7,-0.160792,-0.066159,-0.043029,2446.57,0.05,0.384532,0.465545
