tmp.site,tmp.area,Lb,X1,Wb,POR,ALPHA,BETA,Ks,Kb,Kz,Qthresh,Rs,Rb1,Rb2,Prec,Frac4Rise,Error,BFF
04243783,1.07226e+08,37034.7,100,215.177,0.15,0.015643,1,181.915,24800.8,1.0363,36943.2,-0.264806,-0.044999,-0.023905,2984.82,0.05,0.253227,0.565201
