tmp.site,tmp.area,Lb,X1,Wb,POR,ALPHA,BETA,Ks,Kb,Kz,Qthresh,Rs,Rb1,Rb2,Prec,Frac4Rise,Error,BFF
09471400,7.92536e+08,42355.7,118.986,16.8128,0.15,0.04491,0.9,3229.92,172.781,0.15902,4281.5,-0.143841,-0.02277,-0.088847,24.4657,0.05,7.1598,0.178554
