tmp.site,tmp.area,Lb,X1,Wb,POR,ALPHA,BETA,Ks,Kb,Kz,Qthresh,Rs,Rb1,Rb2,Prec,Frac4Rise,Error,BFF
10336660,2.90079e+07,12610.4,82.9961,330.402,0.15,0.013454,1.7,217.134,5605.3,0.854037,5137.8,-0.11954,-0.043101,-0.021969,266.676,0.05,0.377223,0.500629
