tmp.site,tmp.area,Lb,X1,Wb,POR,ALPHA,BETA,Ks,Kb,Kz,Qthresh,Rs,Rb1,Rb2,Prec,Frac4Rise,Error,BFF
07146800,1.60579e+08,7285.48,100,310.99,0.15,0.0091,1,734.646,6542.98,0.89858,11058.5,-0.209848,-0.120799,-0.061413,83.1834,0.05,0.450803,0.144659
