tmp.site,tmp.area,Lb,X1,Wb,POR,ALPHA,BETA,Ks,Kb,Kz,Qthresh,Rs,Rb1,Rb2,Prec,Frac4Rise,Error,BFF
04220223,2.21444e+08,5807.19,134.585,705.256,0.15,0.009369,1,280.926,6589.98,0.836557,122573,-0.076974,-0.05528,-0.053476,5192.11,0.05,0.337629,0.512464
