tmp.site,tmp.area,Lb,X1,Wb,POR,ALPHA,BETA,Ks,Kb,Kz,Qthresh,Rs,Rb1,Rb2,Prec,Frac4Rise,Error,BFF
07206400,1.92695e+07,16274.6,100,41.0232,0.15,0.028584,1,159.479,1472.5,0.355157,1663.67,-0.121491,-0.038572,-0.013326,68.504,0.05,0.490309,0.172985
