tmp.site,tmp.area,Lb,X1,Wb,POR,ALPHA,BETA,Ks,Kb,Kz,Qthresh,Rs,Rb1,Rb2,Prec,Frac4Rise,Error,BFF
01451400,6.13827e+07,39856.5,6388.58,160.541,0.15,0.014881,4.2,1697.13,376.127,0.050264,7818.02,-0.431816,-0.044343,-0.018444,802.475,0.05,0.429926,0.318719
