tmp.site,tmp.area,Lb,X1,Wb,POR,ALPHA,BETA,Ks,Kb,Kz,Qthresh,Rs,Rb1,Rb2,Prec,Frac4Rise,Error,BFF
01430000,4.24758e+08,12066.8,4.64402,954.793,0.15,0.012609,2,1690.85,232.042,1.27686,51133.3,-0.202733,-0.069723,-0.037827,3914.51,0.05,0.324271,0.489499
