tmp.site,tmp.area,Lb,X1,Wb,POR,ALPHA,BETA,Ks,Kb,Kz,Qthresh,Rs,Rb1,Rb2,Prec,Frac4Rise,Error,BFF
06820410,1.6752e+09,4962.34,100,1551.91,0.15,0.009639,1,6066.57,6492.79,0.911194,39389.8,-0.178337,-0.11953,-0.04532,2204.36,0.05,0.452315,0.224981
