tmp.site,tmp.area,Lb,X1,Wb,POR,ALPHA,BETA,Ks,Kb,Kz,Qthresh,Rs,Rb1,Rb2,Prec,Frac4Rise,Error,BFF
09328500,4.2165e+09,43268.5,15.5912,298.319,0.15,0.005189,0.9,1246.82,1732.22,0.881346,176153,-0.143841,-0.05519,-0.095813,24.4657,0.05,40.1593,0.21565
