tmp.site,tmp.area,Lb,X1,Wb,POR,ALPHA,BETA,Ks,Kb,Kz,Qthresh,Rs,Rb1,Rb2,Prec,Frac4Rise,Error,BFF
11133000,2.0435e+09,14625.1,100,599.193,0.15,0.021773,1,1230.87,13572,0.956102,80736.9,-0.143841,-0.053635,-0.062309,24.4657,0.05,5.25131,0.1813
