tmp.site,tmp.area,Lb,X1,Wb,POR,ALPHA,BETA,Ks,Kb,Kz,Qthresh,Rs,Rb1,Rb2,Prec,Frac4Rise,Error,BFF
14145500,1.01528e+09,21074.5,100,1591.44,0.15,0.008937,1,131.839,5903.3,0.964642,1.74441e+06,-0.009752,-0.041929,-0.048734,26423,0.05,0.630849,0.488449
