tmp.site,tmp.area,Lb,X1,Wb,POR,ALPHA,BETA,Ks,Kb,Kz,Qthresh,Rs,Rb1,Rb2,Prec,Frac4Rise,Error,BFF
07332605,3.72958e+08,7123.42,5.7224,629.973,0.15,0.010379,1,3618.85,1323.94,1.15148,11665.7,-0.346574,-0.143587,-0.196128,24.4657,0.05,30.7376,0.166965
