tmp.site,tmp.area,Lb,X1,Wb,POR,ALPHA,BETA,Ks,Kb,Kz,Qthresh,Rs,Rb1,Rb2,Prec,Frac4Rise,Error,BFF
09240020,1.54622e+09,9480.79,100,2382.56,0.15,0.012049,1,2031.12,11810.2,0.880919,308268,-0.093674,-0.044046,-0.05105,15526.9,0.05,0.363114,0.540937
