tmp.site,tmp.area,Lb,X1,Wb,POR,ALPHA,BETA,Ks,Kb,Kz,Qthresh,Rs,Rb1,Rb2,Prec,Frac4Rise,Error,BFF
12200500,8.01083e+09,57733.4,2.15218,4457.35,0.15,0.006587,3.1,581.417,18.453,3.71751,2.07469e+07,-0.08005,-0.033401,-0.026474,1.30158e+06,0.05,0.156596,0.739781
