tmp.site,tmp.area,Lb,X1,Wb,POR,ALPHA,BETA,Ks,Kb,Kz,Qthresh,Rs,Rb1,Rb2,Prec,Frac4Rise,Error,BFF
02025500,8.433e+09,20269.8,4870.09,3272.22,0.15,0.00646,9.6,5645.01,3424.94,1.37326,1.6392e+06,-0.118002,-0.069428,-0.035094,112298,0.05,0.311555,0.425252
