tmp.site,tmp.area,Lb,X1,Wb,POR,ALPHA,BETA,Ks,Kb,Kz,Qthresh,Rs,Rb1,Rb2,Prec,Frac4Rise,Error,BFF
10322555,1.40636e+07,39.8542,0.388254,46296.2,0.15,7e-06,0.9,0.043893,0.061893,2.76081,464.849,-0.110531,-0.038823,-0.068519,24.4657,0.05,2.4447,0.325003
