tmp.site,tmp.area,Lb,X1,Wb,POR,ALPHA,BETA,Ks,Kb,Kz,Qthresh,Rs,Rb1,Rb2,Prec,Frac4Rise,Error,BFF
08180700,2.29214e+09,90592.5,100,441.498,0.15,0.005411,1,1009.55,10549.1,0.936844,159027,-0.109266,-0.02748,-0.028921,24.4657,0.05,37.0311,0.252902
