tmp.site,tmp.area,Lb,X1,Wb,POR,ALPHA,BETA,Ks,Kb,Kz,Qthresh,Rs,Rb1,Rb2,Prec,Frac4Rise,Error,BFF
12095000,2.05904e+08,24942.4,1280.72,576.683,0.15,0.011085,9.7,1099.15,4513.45,0.455291,78290.3,-0.198165,-0.057262,-0.0286,6458.95,0.05,0.293345,0.486317
