tmp.site,tmp.area,Lb,X1,Wb,POR,ALPHA,BETA,Ks,Kb,Kz,Qthresh,Rs,Rb1,Rb2,Prec,Frac4Rise,Error,BFF
12112600,1.72752e+08,30540.4,6990.83,635.423,0.15,0.016435,2.6,271.567,54391.7,2.20862,87587.3,-0.125152,-0.029312,-0.013937,5137.8,0.05,0.227214,0.616485
