tmp.site,tmp.area,Lb,X1,Wb,POR,ALPHA,BETA,Ks,Kb,Kz,Qthresh,Rs,Rb1,Rb2,Prec,Frac4Rise,Error,BFF
01208873,2.74539e+07,14782.1,32.0141,312.39,0.15,0.031633,1,607.356,4953.08,0.722005,5333.53,-0.573486,-0.066251,-0.069334,274.016,0.05,0.424949,0.33909
