tmp.site,tmp.area,Lb,X1,Wb,POR,ALPHA,BETA,Ks,Kb,Kz,Qthresh,Rs,Rb1,Rb2,Prec,Frac4Rise,Error,BFF
02262900,2.16523e+08,26910.4,54.2831,285.825,0.15,0.035682,1,224.826,18245.9,1.18684,36698.6,-0.120487,-0.053125,-0.059858,124.041,0.05,0.489753,0.469142
