tmp.site,tmp.area,Lb,X1,Wb,POR,ALPHA,BETA,Ks,Kb,Kz,Qthresh,Rs,Rb1,Rb2,Prec,Frac4Rise,Error,BFF
01534500,2.79719e+08,12891.1,5113.52,890.495,0.15,0.011463,10.1,620.641,6968.08,1.00193,75843.7,-0.120581,-0.061607,-0.026859,5382.46,0.05,0.271559,0.514674
