tmp.site,tmp.area,Lb,X1,Wb,POR,ALPHA,BETA,Ks,Kb,Kz,Qthresh,Rs,Rb1,Rb2,Prec,Frac4Rise,Error,BFF
05437500,1.64801e+10,22517.4,100,6293.57,0.15,0.00901,1,2316.16,7884.8,0.981512,3.40073e+06,-0.050685,-0.023154,-0.025655,220191,0.05,0.280972,0.658198
