tmp.site,tmp.area,Lb,X1,Wb,POR,ALPHA,BETA,Ks,Kb,Kz,Qthresh,Rs,Rb1,Rb2,Prec,Frac4Rise,Error,BFF
09171240,2.20667e+07,9184.39,189.519,211.313,0.15,0.009048,1.1,113.676,3392.87,0.278667,5627.11,-0.073704,-0.029741,-0.025879,489.314,0.05,0.417878,0.351746
