tmp.site,tmp.area,Lb,X1,Wb,POR,ALPHA,BETA,Ks,Kb,Kz,Qthresh,Rs,Rb1,Rb2,Prec,Frac4Rise,Error,BFF
11171500,5.93107e+08,12434.4,0.106542,120.984,0.15,0.000296,1,321.778,0.176354,0.923968,53824.6,-0.143841,-0.085808,-0.141497,244.657,0.05,0.570052,0.001834
