tmp.site,tmp.area,Lb,X1,Wb,POR,ALPHA,BETA,Ks,Kb,Kz,Qthresh,Rs,Rb1,Rb2,Prec,Frac4Rise,Error,BFF
06334500,5.11264e+09,11035,29.208,615.485,0.15,0.00542,1.1,1649.68,4609.94,1.03577,24465.7,-0.123625,-0.099072,-0.074011,24.4657,0.05,5.55239,0.155503
