tmp.site,tmp.area,Lb,X1,Wb,POR,ALPHA,BETA,Ks,Kb,Kz,Qthresh,Rs,Rb1,Rb2,Prec,Frac4Rise,Error,BFF
02150495,2.23257e+08,17789.9,100,528.037,0.15,0.012392,1,698.832,5767.63,0.924453,75354.4,-0.309934,-0.053502,-0.035888,4206.88,0.05,0.293452,0.500861
