tmp.site,tmp.area,Lb,X1,Wb,POR,ALPHA,BETA,Ks,Kb,Kz,Qthresh,Rs,Rb1,Rb2,Prec,Frac4Rise,Error,BFF
05283500,4.4755e+10,42308.3,100,7300.73,0.15,0.007523,1,10160.9,4506.84,1.01022,5.72498e+06,-0.083107,-0.019975,-0.015071,408577,0.05,0.340352,0.519621
