tmp.site,tmp.area,Lb,X1,Wb,POR,ALPHA,BETA,Ks,Kb,Kz,Qthresh,Rs,Rb1,Rb2,Prec,Frac4Rise,Error,BFF
09217000,3.62598e+10,4995.98,0.577269,21439.2,0.15,0.005199,1.4,1612.25,4.56509,1.08287,3.71879e+06,-0.032551,-0.026907,-0.021987,69277.1,0.05,0.383726,0.797429
