tmp.site,tmp.area,Lb,X1,Wb,POR,ALPHA,BETA,Ks,Kb,Kz,Qthresh,Rs,Rb1,Rb2,Prec,Frac4Rise,Error,BFF
02246000,4.58428e+08,15522.5,77.3855,588.517,0.15,0.010147,1.8,1507.05,10225.2,0.976492,89544.5,-0.152266,-0.101939,-0.055682,1806.4,0.05,0.402582,0.360832
