tmp.site,tmp.area,Lb,X1,Wb,POR,ALPHA,BETA,Ks,Kb,Kz,Qthresh,Rs,Rb1,Rb2,Prec,Frac4Rise,Error,BFF
05540290,5.69797e+08,21141.6,2.21009,913.721,0.15,0.00842,1.7,2641.22,240.19,1.15359,276463,-0.256921,-0.071183,-0.054768,14034.5,0.05,0.330472,0.48517
