tmp.site,tmp.area,Lb,X1,Wb,POR,ALPHA,BETA,Ks,Kb,Kz,Qthresh,Rs,Rb1,Rb2,Prec,Frac4Rise,Error,BFF
03421000,1.65759e+09,10971.4,16.5909,1851.11,0.15,0.011643,2.6,4379.45,301.926,2.15403,190833,-0.179016,-0.086161,-0.038599,16392,0.05,0.352975,0.404262
