tmp.site,tmp.area,Lb,X1,Wb,POR,ALPHA,BETA,Ks,Kb,Kz,Qthresh,Rs,Rb1,Rb2,Prec,Frac4Rise,Error,BFF
04282780,1.99947e+08,22752.7,76.918,460.3,0.15,0.011428,1.9,1000.19,9928.99,1.07717,107649,-0.254853,-0.063432,-0.040329,2006.19,0.05,0.324395,0.496029
