tmp.site,tmp.area,Lb,X1,Wb,POR,ALPHA,BETA,Ks,Kb,Kz,Qthresh,Rs,Rb1,Rb2,Prec,Frac4Rise,Error,BFF
13249500,7.07067e+09,16103.6,100,3887.51,0.15,0.004874,1,442.361,6397.65,1.00046,5.03994e+06,-0.060878,-0.032087,-0.037889,113766,0.05,0.34117,0.566601
