tmp.site,tmp.area,Lb,X1,Wb,POR,ALPHA,BETA,Ks,Kb,Kz,Qthresh,Rs,Rb1,Rb2,Prec,Frac4Rise,Error,BFF
03339500,1.32607e+09,76264.6,71.0528,668.365,0.15,0.00528,1.6,4624.21,68990.2,1.12708,46484.9,-0.204736,-0.097827,-0.049118,2935.89,0.05,0.40451,0.351047
