tmp.site,tmp.area,Lb,X1,Wb,POR,ALPHA,BETA,Ks,Kb,Kz,Qthresh,Rs,Rb1,Rb2,Prec,Frac4Rise,Error,BFF
14144700,6.24187e+11,34628.9,100,65062.6,0.15,0.007211,1,5617.97,10297,2.12742,3.91451e+08,-0.047655,-0.016056,-0.017014,1.95099e+07,0.05,0.139,0.856479
