tmp.site,tmp.area,Lb,X1,Wb,POR,ALPHA,BETA,Ks,Kb,Kz,Qthresh,Rs,Rb1,Rb2,Prec,Frac4Rise,Error,BFF
09358550,5.20588e+07,30834.5,100,219.582,0.15,0.006582,1,85.5341,1932.35,0.358671,33518,-0.111572,-0.026503,-0.009959,2095.34,0.05,0.260906,0.370889
