tmp.site,tmp.area,Lb,X1,Wb,POR,ALPHA,BETA,Ks,Kb,Kz,Qthresh,Rs,Rb1,Rb2,Prec,Frac4Rise,Error,BFF
09397500,7.01887e+08,15.0088,0.026346,267326,0.15,0.010741,1.5,15429.6,0.013231,1.3187,91991.1,-0.125048,-0.093701,-0.187553,24.4657,0.05,134.322,0.85823
