tmp.site,tmp.area,Lb,X1,Wb,POR,ALPHA,BETA,Ks,Kb,Kz,Qthresh,Rs,Rb1,Rb2,Prec,Frac4Rise,Error,BFF
03322900,1.17326e+09,21859.6,0.619365,1007.19,0.15,0.007859,1.1,7587.54,244.617,2.28687,25199.7,-0.202733,-0.109136,-0.090603,1564.93,0.05,0.501169,0.289572
