tmp.site,tmp.area,Lb,X1,Wb,POR,ALPHA,BETA,Ks,Kb,Kz,Qthresh,Rs,Rb1,Rb2,Prec,Frac4Rise,Error,BFF
05502020,1.05931e+08,2904.78,131.461,306.757,0.15,0.01128,1.1,1417.66,7507.1,1.03492,1223.29,-0.346574,-0.158438,-0.1,244.657,0.05,0.796768,0.114611
