tmp.site,tmp.area,Lb,X1,Wb,POR,ALPHA,BETA,Ks,Kb,Kz,Qthresh,Rs,Rb1,Rb2,Prec,Frac4Rise,Error,BFF
07103970,4.66198e+08,13187,198.93,394.989,0.15,0.025854,1,670.593,749.871,0.225625,29358.9,-0.111572,-0.041481,-0.036028,1252.03,0.05,0.362742,0.338448
