tmp.site,tmp.area,Lb,X1,Wb,POR,ALPHA,BETA,Ks,Kb,Kz,Qthresh,Rs,Rb1,Rb2,Prec,Frac4Rise,Error,BFF
07121500,1.31053e+09,51330.3,100,108.323,0.15,0.012964,1,1779.26,3081.95,0.951341,36698.6,-0.115845,-0.040326,-0.046118,1548.73,0.05,0.470461,0.223395
