tmp.site,tmp.area,Lb,X1,Wb,POR,ALPHA,BETA,Ks,Kb,Kz,Qthresh,Rs,Rb1,Rb2,Prec,Frac4Rise,Error,BFF
02407514,3.67778e+08,6914.93,100,1061.69,0.15,0.018845,1,3525.64,16953.4,0.928403,4281.5,-0.303447,-0.109528,-0.106069,129.081,0.05,0.529266,0.304327
