tmp.site,tmp.area,Lb,X1,Wb,POR,ALPHA,BETA,Ks,Kb,Kz,Qthresh,Rs,Rb1,Rb2,Prec,Frac4Rise,Error,BFF
12190400,1.95285e+08,14980.3,22.4122,828.24,0.15,0.010556,0.9,537.425,4606.64,2.41915,376772,-0.120599,-0.05808,-0.073552,29557,0.05,0.345678,0.425006
