tmp.site,tmp.area,Lb,X1,Wb,POR,ALPHA,BETA,Ks,Kb,Kz,Qthresh,Rs,Rb1,Rb2,Prec,Frac4Rise,Error,BFF
09379500,5.95697e+10,15581.3,71.4933,3200.55,0.15,0.004382,0.9,8055.68,6720.51,0.911901,3.3518e+06,-0.077075,-0.038968,-0.056347,35260,0.05,0.605069,0.421826
