tmp.site,tmp.area,Lb,X1,Wb,POR,ALPHA,BETA,Ks,Kb,Kz,Qthresh,Rs,Rb1,Rb2,Prec,Frac4Rise,Error,BFF
040871476,77699.6,277.601,0.203668,18.0627,0.15,0.009251,0.9,127.101,0.019912,0.120274,97.8629,-1.06013,-0.101142,-0.132221,24.4657,0.05,0.216381,0.01062
