tmp.site,tmp.area,Lb,X1,Wb,POR,ALPHA,BETA,Ks,Kb,Kz,Qthresh,Rs,Rb1,Rb2,Prec,Frac4Rise,Error,BFF
08177300,7.25197e+07,7219.56,5.63713,43.4931,0.15,0.009921,1.1,1172.02,220.683,0.931953,1712.6,-0.255413,-0.135019,-0.093067,24.4657,0.05,1.02854,0.015664
