tmp.site,tmp.area,Lb,X1,Wb,POR,ALPHA,BETA,Ks,Kb,Kz,Qthresh,Rs,Rb1,Rb2,Prec,Frac4Rise,Error,BFF
12145500,7.92536e+07,9449.12,100,508.988,0.15,0.011908,1,814.57,9054.58,0.959879,22655.3,-0.245711,-0.077535,-0.02618,2077.14,0.05,0.357304,0.394904
