tmp.site,tmp.area,Lb,X1,Wb,POR,ALPHA,BETA,Ks,Kb,Kz,Qthresh,Rs,Rb1,Rb2,Prec,Frac4Rise,Error,BFF
05452000,5.20588e+08,37260.4,53.4301,403.26,0.15,0.008783,1.3,896.708,10881.4,1.03638,9786.29,-0.199407,-0.05692,-0.039813,880.766,0.05,0.434193,0.354217
