tmp.site,tmp.area,Lb,X1,Wb,POR,ALPHA,BETA,Ks,Kb,Kz,Qthresh,Rs,Rb1,Rb2,Prec,Frac4Rise,Error,BFF
05568000,2.77906e+09,33063.8,68.1416,1346.35,0.15,0.009576,1.7,3322.77,10729.9,0.653192,92969.7,-0.143841,-0.062769,-0.031471,6361.09,0.05,0.381362,0.479985
