tmp.site,tmp.area,Lb,X1,Wb,POR,ALPHA,BETA,Ks,Kb,Kz,Qthresh,Rs,Rb1,Rb2,Prec,Frac4Rise,Error,BFF
05464500,1.68608e+10,21931.8,24.3864,3623.87,0.15,0.006258,2.2,4885.02,350.464,0.961087,807369,-0.095943,-0.042533,-0.026785,86608.6,0.05,0.306396,0.509583
