tmp.site,tmp.area,Lb,X1,Wb,POR,ALPHA,BETA,Ks,Kb,Kz,Qthresh,Rs,Rb1,Rb2,Prec,Frac4Rise,Error,BFF
06897950,1.35974e+08,6455.91,55.1952,327.283,0.15,0.015392,1,988.884,16201.6,1.59082,61164.3,-0.291107,-0.113798,-0.158116,24.4657,0.05,1.95411,0.207147
