tmp.site,tmp.area,Lb,X1,Wb,POR,ALPHA,BETA,Ks,Kb,Kz,Qthresh,Rs,Rb1,Rb2,Prec,Frac4Rise,Error,BFF
05551000,4.03002e+09,63735.3,83.4922,3254.02,0.15,0.005108,0.9,332.504,79053.6,1.03528,846514,-0.033542,-0.035519,-0.047084,63366.2,0.05,0.26737,0.81973
