tmp.site,tmp.area,Lb,X1,Wb,POR,ALPHA,BETA,Ks,Kb,Kz,Qthresh,Rs,Rb1,Rb2,Prec,Frac4Rise,Error,BFF
034991109,3.92901e+07,15696.7,100,149.327,0.15,0.031708,1,416.163,6904.48,0.922305,12282.5,-0.381228,-0.080027,-0.079417,479.528,0.05,0.513277,0.272461
