tmp.site,tmp.area,Lb,X1,Wb,POR,ALPHA,BETA,Ks,Kb,Kz,Qthresh,Rs,Rb1,Rb2,Prec,Frac4Rise,Error,BFF
10257550,6.83757e+08,33625.9,254.097,2049.1,0.15,0.049888,0.9,459.455,69389.7,0.963848,342520,-0.055102,-0.050783,-0.202344,24.4657,0.05,1411.58,0.63587
