tmp.site,tmp.area,Lb,X1,Wb,POR,ALPHA,BETA,Ks,Kb,Kz,Qthresh,Rs,Rb1,Rb2,Prec,Frac4Rise,Error,BFF
04136500,3.52497e+09,52925.4,22393.6,3560.74,0.15,0.006882,10,41.6295,7655.85,0.750258,2.42211e+06,-0.055184,-0.016974,-0.014425,148996,0.05,0.1265,0.871475
