tmp.site,tmp.area,Lb,X1,Wb,POR,ALPHA,BETA,Ks,Kb,Kz,Qthresh,Rs,Rb1,Rb2,Prec,Frac4Rise,Error,BFF
02331600,8.15846e+08,26285.3,100,1627.43,0.15,0.010952,1,1981.72,8022.69,0.917085,770670,-0.203548,-0.036383,-0.032558,36453.9,0.05,0.204395,0.633186
