tmp.site,tmp.area,Lb,X1,Wb,POR,ALPHA,BETA,Ks,Kb,Kz,Qthresh,Rs,Rb1,Rb2,Prec,Frac4Rise,Error,BFF
07303400,1.13441e+09,1.46613e+06,8.85836,104.327,0.15,0.076886,0.9,1105.62,2923.3,0.94698,63121.5,-0.143841,-0.045446,-0.068277,46.4849,0.05,1.49244,0.233768
