tmp.site,tmp.area,Lb,X1,Wb,POR,ALPHA,BETA,Ks,Kb,Kz,Qthresh,Rs,Rb1,Rb2,Prec,Frac4Rise,Error,BFF
02334430,2.69359e+09,16031.3,35.0081,3256.02,0.15,0.007651,0.8,103.981,4358.72,1.00044,1.3921e+06,-0.004099,-0.045642,-0.087429,98841.5,0.05,0.777368,0.721863
