tmp.site,tmp.area,Lb,X1,Wb,POR,ALPHA,BETA,Ks,Kb,Kz,Qthresh,Rs,Rb1,Rb2,Prec,Frac4Rise,Error,BFF
14111400,1.9658e+09,34955.4,100,2045.93,0.15,0.008146,1,291.378,5106.06,0.897364,1.59761e+06,-0.067315,-0.018694,-0.008136,134349,0.05,0.271978,0.615714
