tmp.site,tmp.area,Lb,X1,Wb,POR,ALPHA,BETA,Ks,Kb,Kz,Qthresh,Rs,Rb1,Rb2,Prec,Frac4Rise,Error,BFF
05435935,3.05619e+07,3433.16,100,6.61383,0.15,0.005208,1,2257.47,1519.66,0.923755,5137.8,-0.435625,-0.164654,-0.220272,24.4657,0.05,1.76215,0.002176
