tmp.site,tmp.area,Lb,X1,Wb,POR,ALPHA,BETA,Ks,Kb,Kz,Qthresh,Rs,Rb1,Rb2,Prec,Frac4Rise,Error,BFF
07374000,2.91583e+12,187826,10.8917,192297,0.15,0.010184,0.9,32200.3,2169.57,2.77264,4.15917e+08,-0.019351,-0.014569,-0.018406,3.74325e+07,0.05,0.45293,0.498726
