tmp.site,tmp.area,Lb,X1,Wb,POR,ALPHA,BETA,Ks,Kb,Kz,Qthresh,Rs,Rb1,Rb2,Prec,Frac4Rise,Error,BFF
11172945,8.62466e+07,6260.68,339.207,232.009,0.15,0.033154,1.1,692.926,12591.5,0.909917,7510.97,-0.143841,-0.070368,-0.039426,24.4657,0.05,0.723464,0.166366
