tmp.site,tmp.area,Lb,X1,Wb,POR,ALPHA,BETA,Ks,Kb,Kz,Qthresh,Rs,Rb1,Rb2,Prec,Frac4Rise,Error,BFF
12447390,5.72387e+07,18083.8,100,242.585,0.15,0.00331,1,32.9714,4869.32,0.513355,7095.06,-0.106218,-0.031094,-0.012542,489.314,0.05,0.432707,0.179859
