tmp.site,tmp.area,Lb,X1,Wb,POR,ALPHA,BETA,Ks,Kb,Kz,Qthresh,Rs,Rb1,Rb2,Prec,Frac4Rise,Error,BFF
03266560,9.47936e+07,69840.5,100,99.913,0.15,0.027612,1,23.0249,21615.5,0.91884,47952.8,-0.229429,-0.044937,-0.019185,2935.89,0.05,0.234064,0.561511
