tmp.site,tmp.area,Lb,X1,Wb,POR,ALPHA,BETA,Ks,Kb,Kz,Qthresh,Rs,Rb1,Rb2,Prec,Frac4Rise,Error,BFF
08400000,8.67646e+08,29898.3,100,13.4693,0.15,0.003815,1,15952.8,90.2951,0.099531,24.4657,-2.08866,-0.002,-0.001,24.4657,0.05,0.172679,1.1e-05
