tmp.site,tmp.area,Lb,X1,Wb,POR,ALPHA,BETA,Ks,Kb,Kz,Qthresh,Rs,Rb1,Rb2,Prec,Frac4Rise,Error,BFF
06482000,1.20227e+10,40528,55.5544,821.249,0.15,0.016747,1,1130.04,14197.7,1.16884,499101,-0.095572,-0.04222,-0.044489,733.971,0.05,0.507828,0.449551
