tmp.site,tmp.area,Lb,X1,Wb,POR,ALPHA,BETA,Ks,Kb,Kz,Qthresh,Rs,Rb1,Rb2,Prec,Frac4Rise,Error,BFF
03331753,2.43977e+09,24486,5.11667,2467.19,0.15,0.008023,2.6,684.962,160.271,1.00244,503994,-0.043506,-0.031075,-0.022237,45261.6,0.05,0.254733,0.751621
