tmp.site,tmp.area,Lb,X1,Wb,POR,ALPHA,BETA,Ks,Kb,Kz,Qthresh,Rs,Rb1,Rb2,Prec,Frac4Rise,Error,BFF
01305500,2.09012e+07,4213.76,100,1057.44,0.15,0.010755,1,132.033,570.718,0.12855,19817.2,-0.202733,-0.008868,-0.010699,1700.37,0.05,0.155706,0.835241
