tmp.site,tmp.area,Lb,X1,Wb,POR,ALPHA,BETA,Ks,Kb,Kz,Qthresh,Rs,Rb1,Rb2,Prec,Frac4Rise,Error,BFF
01581750,9.53116e+07,6753.71,184.691,439.813,0.15,0.014144,0.9,614.991,6540.33,0.478279,44282.9,-0.343691,-0.052543,-0.049342,2960.35,0.05,0.297633,0.462157
