tmp.site,tmp.area,Lb,X1,Wb,POR,ALPHA,BETA,Ks,Kb,Kz,Qthresh,Rs,Rb1,Rb2,Prec,Frac4Rise,Error,BFF
07361500,4.61018e+08,5437.44,1.12559,1330.78,0.15,0.016159,1,3508.13,179.93,1.11106,687487,-0.202733,-0.099258,-0.120445,24.4657,0.05,1.05021,0.354587
