tmp.site,tmp.area,Lb,X1,Wb,POR,ALPHA,BETA,Ks,Kb,Kz,Qthresh,Rs,Rb1,Rb2,Prec,Frac4Rise,Error,BFF
03159000,2.69359e+08,5313.53,100,545.912,0.15,0.010958,1,1571.76,7562.8,0.930114,15902.7,-0.196454,-0.114028,-0.06675,293.589,0.05,0.583502,0.243668
