tmp.site,tmp.area,Lb,X1,Wb,POR,ALPHA,BETA,Ks,Kb,Kz,Qthresh,Rs,Rb1,Rb2,Prec,Frac4Rise,Error,BFF
01533400,2.25847e+10,10755.7,1.1784,8612.87,0.15,0.013249,2.8,14285.6,10.7736,3.51391,5.62711e+06,-0.134862,-0.064658,-0.031955,211677,0.05,0.332046,0.561797
