tmp.site,tmp.area,Lb,X1,Wb,POR,ALPHA,BETA,Ks,Kb,Kz,Qthresh,Rs,Rb1,Rb2,Prec,Frac4Rise,Error,BFF
08164350,1.13182e+09,9564.92,112.824,625.005,0.15,0.00879,1.1,4138.21,8353.41,1.14898,141901,-0.235002,-0.128052,-0.091365,63.6109,0.05,0.828078,0.120691
