tmp.site,tmp.area,Lb,X1,Wb,POR,ALPHA,BETA,Ks,Kb,Kz,Qthresh,Rs,Rb1,Rb2,Prec,Frac4Rise,Error,BFF
07331000,1.85754e+10,9213.03,100,2878.48,0.15,0.008117,1,11862.9,9069.08,1.00978,1.26732e+06,-0.159227,-0.070955,-0.066166,3904.48,0.05,0.523876,0.282543
