tmp.site,tmp.area,Lb,X1,Wb,POR,ALPHA,BETA,Ks,Kb,Kz,Qthresh,Rs,Rb1,Rb2,Prec,Frac4Rise,Error,BFF
01073500,4.79148e+08,11004.4,100,1001.81,0.15,0.021026,1,1071.15,15374.5,0.987917,24710.4,-0.095528,-0.052978,-0.055467,1370.08,0.05,0.386872,0.517478
