tmp.site,tmp.area,Lb,X1,Wb,POR,ALPHA,BETA,Ks,Kb,Kz,Qthresh,Rs,Rb1,Rb2,Prec,Frac4Rise,Error,BFF
11359200,9.22036e+08,2.74544e+06,100,333.588,0.15,0.089448,1,0.516862,584.411,0.729923,151687,-0.017512,-0.005295,-0.002901,11498.9,0.05,0.117756,0.746324
