tmp.site,tmp.area,Lb,X1,Wb,POR,ALPHA,BETA,Ks,Kb,Kz,Qthresh,Rs,Rb1,Rb2,Prec,Frac4Rise,Error,BFF
05463050,1.2261e+10,25756.8,651.172,3816.72,0.15,0.005533,5,2281.62,2013.95,1.0259,2.29958e+06,-0.064201,-0.042759,-0.022746,114274,0.05,0.271699,0.550638
