tmp.site,tmp.area,Lb,X1,Wb,POR,ALPHA,BETA,Ks,Kb,Kz,Qthresh,Rs,Rb1,Rb2,Prec,Frac4Rise,Error,BFF
03347000,6.24187e+08,19981.7,37.5405,722.663,0.15,0.011,1.2,3033.1,10382.6,1.33942,132115,-0.213054,-0.094202,-0.069033,880.766,0.05,0.428043,0.351155
