tmp.site,tmp.area,Lb,X1,Wb,POR,ALPHA,BETA,Ks,Kb,Kz,Qthresh,Rs,Rb1,Rb2,Prec,Frac4Rise,Error,BFF
11297200,1.24578e+08,69487.9,4.29451,75.9855,0.15,0.016618,0.8,594.742,137.105,0.855013,18838.6,-0.066766,-0.030601,-0.074823,954.163,0.05,0.71623,0.20023
