tmp.site,tmp.area,Lb,X1,Wb,POR,ALPHA,BETA,Ks,Kb,Kz,Qthresh,Rs,Rb1,Rb2,Prec,Frac4Rise,Error,BFF
08165500,7.45917e+08,1.34451e+06,100,248.365,0.15,0.036307,1,3785.64,3445.54,0.977511,134561,-0.154863,-0.02438,-0.018583,1830.04,0.05,0.488986,0.33976
