tmp.site,tmp.area,Lb,X1,Wb,POR,ALPHA,BETA,Ks,Kb,Kz,Qthresh,Rs,Rb1,Rb2,Prec,Frac4Rise,Error,BFF
03245500,3.11576e+09,27227.9,55.898,1393.74,0.15,0.008124,1.7,6849.06,6957.03,2.09429,220191,-0.202733,-0.091432,-0.052699,14434.8,0.05,0.386127,0.35265
