tmp.site,tmp.area,Lb,X1,Wb,POR,ALPHA,BETA,Ks,Kb,Kz,Qthresh,Rs,Rb1,Rb2,Prec,Frac4Rise,Error,BFF
04073500,3.57418e+09,21467.3,171.961,2891.47,0.15,0.012908,1,259.138,6396.07,1.01554,1.11074e+06,-0.043506,-0.018277,-0.017725,86405.6,0.05,0.335534,0.590731
