tmp.site,tmp.area,Lb,X1,Wb,POR,ALPHA,BETA,Ks,Kb,Kz,Qthresh,Rs,Rb1,Rb2,Prec,Frac4Rise,Error,BFF
02027500,1.23542e+08,18797.1,329.593,369.69,0.15,0.024068,1.2,250.323,44410.9,0.891624,46484.9,-0.116077,-0.051073,-0.038741,880.766,0.05,0.344449,0.47749
