tmp.site,tmp.area,Lb,X1,Wb,POR,ALPHA,BETA,Ks,Kb,Kz,Qthresh,Rs,Rb1,Rb2,Prec,Frac4Rise,Error,BFF
08387600,2.10825e+07,28235.5,100,25.4851,0.15,0.084891,1,333.58,12885.2,0.581964,1467.94,-0.143841,-0.056166,-0.067929,24.4657,0.05,1.55964,0.204753
