tmp.site,tmp.area,Lb,X1,Wb,POR,ALPHA,BETA,Ks,Kb,Kz,Qthresh,Rs,Rb1,Rb2,Prec,Frac4Rise,Error,BFF
05487470,1.19139e+09,10334.9,118.954,829.207,0.15,0.01002,1.1,3716.47,27762.2,1.07632,11743.5,-0.255413,-0.123343,-0.085978,220.191,0.05,0.698219,0.226945
