tmp.site,tmp.area,Lb,X1,Wb,POR,ALPHA,BETA,Ks,Kb,Kz,Qthresh,Rs,Rb1,Rb2,Prec,Frac4Rise,Error,BFF
11475800,6.42317e+08,11028.8,100,1218.47,0.15,0.011077,1,3668.05,4367.4,1.32527,36698.6,-0.156741,-0.073917,-0.016748,2548.1,0.05,0.423691,0.200548
