tmp.site,tmp.area,Lb,X1,Wb,POR,ALPHA,BETA,Ks,Kb,Kz,Qthresh,Rs,Rb1,Rb2,Prec,Frac4Rise,Error,BFF
06476000,4.1041e+10,39437.7,50.7807,609369,0.15,0.09865,0.9,99541.4,4079.78,0.975217,751097,-0.122784,-0.030963,-0.05881,24.4657,0.05,425.361,0.507316
