tmp.site,tmp.area,Lb,X1,Wb,POR,ALPHA,BETA,Ks,Kb,Kz,Qthresh,Rs,Rb1,Rb2,Prec,Frac4Rise,Error,BFF
01168500,9.34986e+08,10874.6,100,1385.04,0.15,0.017594,1,2067.65,15240.3,0.95232,139455,-0.074367,-0.053991,-0.090939,16636.7,0.05,0.55536,0.494131
