tmp.site,tmp.area,Lb,X1,Wb,POR,ALPHA,BETA,Ks,Kb,Kz,Qthresh,Rs,Rb1,Rb2,Prec,Frac4Rise,Error,BFF
13130300,2.33099e+09,73622.1,37.2429,696.934,0.15,0.011325,0.8,202.002,6290.56,0.876016,102267,-0.017928,-0.029629,-0.052745,6179.06,0.05,0.575103,0.546988
