tmp.site,tmp.area,Lb,X1,Wb,POR,ALPHA,BETA,Ks,Kb,Kz,Qthresh,Rs,Rb1,Rb2,Prec,Frac4Rise,Error,BFF
03351710,5.69228e+08,8235.04,824.485,1252.37,0.15,0.006191,1.5,431.046,1833.77,0.257884,73397.1,-0.052467,-0.086212,-0.023496,7339.71,0.05,0.255353,0.33763
