tmp.site,tmp.area,Lb,X1,Wb,POR,ALPHA,BETA,Ks,Kb,Kz,Qthresh,Rs,Rb1,Rb2,Prec,Frac4Rise,Error,BFF
01558000,5.69797e+08,11584.2,100,1162.26,0.15,0.009554,1,1346.13,9467,0.875329,159272,-0.217581,-0.057329,-0.022249,15780.4,0.05,0.289342,0.510454
