tmp.site,tmp.area,Lb,X1,Wb,POR,ALPHA,BETA,Ks,Kb,Kz,Qthresh,Rs,Rb1,Rb2,Prec,Frac4Rise,Error,BFF
07195400,1.3183e+09,14739.2,4902.03,1748.24,0.15,0.007147,10.1,2954.62,2763.47,0.718556,288695,-0.235002,-0.071723,-0.033821,15413.4,0.05,0.339004,0.387051
