tmp.site,tmp.area,Lb,X1,Wb,POR,ALPHA,BETA,Ks,Kb,Kz,Qthresh,Rs,Rb1,Rb2,Prec,Frac4Rise,Error,BFF
06714400,2.92669e+07,9389.36,2860.53,473.608,0.15,0.009395,2.5,76.5908,3037.33,0.053482,5309.06,-0.055613,-0.013079,-0.008185,426.34,0.05,0.251242,0.520589
