tmp.site,tmp.area,Lb,X1,Wb,POR,ALPHA,BETA,Ks,Kb,Kz,Qthresh,Rs,Rb1,Rb2,Prec,Frac4Rise,Error,BFF
06354480,2.74539e+08,5085.65,100,219.429,0.15,0.010994,1,372.257,13326.2,0.911843,277.197,-0.099571,-0.132623,-0.09676,24.4657,0.05,1.16684,0.121902
