tmp.site,tmp.area,Lb,X1,Wb,POR,ALPHA,BETA,Ks,Kb,Kz,Qthresh,Rs,Rb1,Rb2,Prec,Frac4Rise,Error,BFF
04108862,6.19007e+07,17342.8,100,161.98,0.15,0.019857,1,189.668,14253.8,0.970279,8147.08,-0.186202,-0.066152,-0.038431,305.821,0.05,0.35632,0.429805
