tmp.site,tmp.area,Lb,X1,Wb,POR,ALPHA,BETA,Ks,Kb,Kz,Qthresh,Rs,Rb1,Rb2,Prec,Frac4Rise,Error,BFF
09386950,2.19631e+09,18618,2.09819,7.34798,0.15,0.001311,0.9,2844.85,6.32976,0.962779,14434.8,-0.155311,-0.089848,-0.150998,24.4657,0.05,0.609766,0.000791
