tmp.site,tmp.area,Lb,X1,Wb,POR,ALPHA,BETA,Ks,Kb,Kz,Qthresh,Rs,Rb1,Rb2,Prec,Frac4Rise,Error,BFF
01538700,2.73503e+10,30984.2,92.5913,6493.24,0.15,0.010592,4.2,12632,1425.07,3.37564,1.41901e+07,-0.15113,-0.056816,-0.027728,340073,0.05,0.311805,0.593342
