tmp.site,tmp.area,Lb,X1,Wb,POR,ALPHA,BETA,Ks,Kb,Kz,Qthresh,Rs,Rb1,Rb2,Prec,Frac4Rise,Error,BFF
02214590,3.98858e+08,22326.5,8866.53,581.624,0.15,0.005721,10.1,879.575,5656.87,0.685278,184227,-0.23421,-0.063638,-0.037113,6070.92,0.05,0.300376,0.441375
