tmp.site,tmp.area,Lb,X1,Wb,POR,ALPHA,BETA,Ks,Kb,Kz,Qthresh,Rs,Rb1,Rb2,Prec,Frac4Rise,Error,BFF
01073587,1.64464e+08,15548.5,100,579.64,0.15,0.030835,1,451.316,25078.5,0.971682,178600,-0.114712,-0.052305,-0.054184,242.088,0.05,0.410652,0.543902
