tmp.site,tmp.area,Lb,X1,Wb,POR,ALPHA,BETA,Ks,Kb,Kz,Qthresh,Rs,Rb1,Rb2,Prec,Frac4Rise,Error,BFF
04122200,1.05154e+09,80059.4,21728.1,1095.16,0.15,0.01117,6.3,570.757,293.501,0.798508,481975,-0.059589,-0.025237,-0.013554,49420.7,0.05,0.25909,0.569193
