tmp.site,tmp.area,Lb,X1,Wb,POR,ALPHA,BETA,Ks,Kb,Kz,Qthresh,Rs,Rb1,Rb2,Prec,Frac4Rise,Error,BFF
04296280,4.01448e+08,38736.8,218.217,549.706,0.15,0.009007,2.2,1257.68,23266.2,1.4755,200374,-0.231555,-0.055333,-0.035126,4529.83,0.05,0.318634,0.494207
