tmp.site,tmp.area,Lb,X1,Wb,POR,ALPHA,BETA,Ks,Kb,Kz,Qthresh,Rs,Rb1,Rb2,Prec,Frac4Rise,Error,BFF
02203800,1.07226e+08,5100.95,1527.54,664.553,0.15,0.006958,2.7,210.374,948.571,0.82391,43047.4,-0.367458,-0.220256,-0.046578,3278.41,0.05,0.261978,0.309067
