tmp.site,tmp.area,Lb,X1,Wb,POR,ALPHA,BETA,Ks,Kb,Kz,Qthresh,Rs,Rb1,Rb2,Prec,Frac4Rise,Error,BFF
09403000,2.61589e+08,1.21408e+06,100,172.184,0.15,0.03348,1,4361.31,1121.19,0.838202,66057.4,-0.193298,-0.021321,-0.007463,3425.2,0.05,0.246621,0.497936
