tmp.site,tmp.area,Lb,X1,Wb,POR,ALPHA,BETA,Ks,Kb,Kz,Qthresh,Rs,Rb1,Rb2,Prec,Frac4Rise,Error,BFF
07145200,1.54622e+09,17096.4,249.65,815.035,0.15,0.005048,3.9,184.237,3191.7,1.04134,484421,-0.116172,-0.057263,-0.039619,7095.06,0.05,0.343921,0.483583
