tmp.site,tmp.area,Lb,X1,Wb,POR,ALPHA,BETA,Ks,Kb,Kz,Qthresh,Rs,Rb1,Rb2,Prec,Frac4Rise,Error,BFF
01349705,2.50711e+08,16158.5,54.9773,736.836,0.15,0.010194,1.6,2258.79,10027.4,0.983311,22707.1,-0.323854,-0.091233,-0.051867,2075.43,0.05,0.361903,0.395833
