tmp.site,tmp.area,Lb,X1,Wb,POR,ALPHA,BETA,Ks,Kb,Kz,Qthresh,Rs,Rb1,Rb2,Prec,Frac4Rise,Error,BFF
11293600,7.45917e+07,25760.8,8.14597,333.026,0.15,0.006505,0.8,193.481,71.1831,0.210678,29358.9,-0.069881,-0.011469,-0.021523,1198.82,0.05,0.453758,0.497608
