tmp.site,tmp.area,Lb,X1,Wb,POR,ALPHA,BETA,Ks,Kb,Kz,Qthresh,Rs,Rb1,Rb2,Prec,Frac4Rise,Error,BFF
05131500,4.40298e+09,15714.2,3910.95,2737.64,0.15,0.012992,2.8,2185.53,7125.26,0.577328,119882,-0.072292,-0.051174,-0.024456,11009.6,0.05,0.450344,0.31128
