tmp.site,tmp.area,Lb,X1,Wb,POR,ALPHA,BETA,Ks,Kb,Kz,Qthresh,Rs,Rb1,Rb2,Prec,Frac4Rise,Error,BFF
03297800,3.13389e+07,5575.11,11.5458,286.434,0.15,0.0241,1,652.369,2337.13,1.03841,52845.9,-0.377094,-0.122569,-0.141941,24.4657,0.05,0.85095,0.291383
