tmp.site,tmp.area,Lb,X1,Wb,POR,ALPHA,BETA,Ks,Kb,Kz,Qthresh,Rs,Rb1,Rb2,Prec,Frac4Rise,Error,BFF
05280000,6.83757e+09,43879.5,100,1743.01,0.15,0.018555,1,1345.43,21767.9,0.982858,535799,-0.074379,-0.029903,-0.027877,3669.86,0.05,0.477392,0.484519
