tmp.site,tmp.area,Lb,X1,Wb,POR,ALPHA,BETA,Ks,Kb,Kz,Qthresh,Rs,Rb1,Rb2,Prec,Frac4Rise,Error,BFF
03404500,5.12041e+09,12254.6,100,2867.26,0.15,0.013114,1,8631.41,18840.4,2.1186,105203,-0.137264,-0.087921,-0.06688,8563,0.05,0.413828,0.347192
