tmp.site,tmp.area,Lb,X1,Wb,POR,ALPHA,BETA,Ks,Kb,Kz,Qthresh,Rs,Rb1,Rb2,Prec,Frac4Rise,Error,BFF
06094900,2.64179e+08,18188.2,100,266.747,0.15,0.010794,1,133.427,5961.32,0.908857,49176.1,-0.023486,-0.056515,-0.073012,952.303,0.05,0.406898,0.224478
