tmp.site,tmp.area,Lb,X1,Wb,POR,ALPHA,BETA,Ks,Kb,Kz,Qthresh,Rs,Rb1,Rb2,Prec,Frac4Rise,Error,BFF
02187910,2.87489e+08,43383.1,64.092,355.403,0.15,0.007384,1.8,952.057,8540.9,0.824744,229621,-0.281386,-0.059643,-0.040593,2471.04,0.05,0.313053,0.45637
