tmp.site,tmp.area,Lb,X1,Wb,POR,ALPHA,BETA,Ks,Kb,Kz,Qthresh,Rs,Rb1,Rb2,Prec,Frac4Rise,Error,BFF
12041200,6.55267e+08,12294.2,100,2098.96,0.15,0.011766,1,1703.52,7701.54,3.43524,3.05821e+06,-0.15894,-0.062612,-0.036683,103245,0.05,0.277814,0.489036
