tmp.site,tmp.area,Lb,X1,Wb,POR,ALPHA,BETA,Ks,Kb,Kz,Qthresh,Rs,Rb1,Rb2,Prec,Frac4Rise,Error,BFF
02335580,9.68656e+07,15071.7,2593.02,405.326,0.15,0.013249,10.1,1019.14,4734.74,1.05808,154379,-0.438568,-0.080347,-0.044485,2035.2,0.05,0.334563,0.412103
