tmp.site,tmp.area,Lb,X1,Wb,POR,ALPHA,BETA,Ks,Kb,Kz,Qthresh,Rs,Rb1,Rb2,Prec,Frac4Rise,Error,BFF
01124500,7.09657e+07,45361.4,100,140.062,0.15,0.024509,1,112.318,59051.7,0.93341,5211.2,-0.083784,-0.050945,-0.100759,220.191,0.05,1.24106,0.501779
