tmp.site,tmp.area,Lb,X1,Wb,POR,ALPHA,BETA,Ks,Kb,Kz,Qthresh,Rs,Rb1,Rb2,Prec,Frac4Rise,Error,BFF
03431500,3.32969e+10,13841.9,0.05124,16827.4,0.15,0.023449,1.2,19398.3,8.9996,6.18527,1.62942e+06,-0.086872,-0.067828,-0.051884,175175,0.05,0.404256,0.551144
