tmp.site,tmp.area,Lb,X1,Wb,POR,ALPHA,BETA,Ks,Kb,Kz,Qthresh,Rs,Rb1,Rb2,Prec,Frac4Rise,Error,BFF
03540500,1.97875e+09,5210.45,100,3335.09,0.15,0.017127,1,7456.2,14318.3,1.71885,11743.5,-0.185302,-0.096077,-0.081189,532.227,0.05,0.4352,0.403571
