tmp.site,tmp.area,Lb,X1,Wb,POR,ALPHA,BETA,Ks,Kb,Kz,Qthresh,Rs,Rb1,Rb2,Prec,Frac4Rise,Error,BFF
05578000,7.93313e+09,9782.29,100,3233.16,0.15,0.009821,1,5581.8,11982.2,0.972741,291142,-0.093282,-0.06352,-0.053853,17266.9,0.05,0.419327,0.419741
