tmp.site,tmp.area,Lb,X1,Wb,POR,ALPHA,BETA,Ks,Kb,Kz,Qthresh,Rs,Rb1,Rb2,Prec,Frac4Rise,Error,BFF
01365550,5.56847e+07,10366,100,415.826,0.15,0.007458,1,30.1641,5034.17,0.890133,58717.7,-0.010036,-0.054527,-0.107925,5482.03,0.05,0.367319,0.283968
