tmp.site,tmp.area,Lb,X1,Wb,POR,ALPHA,BETA,Ks,Kb,Kz,Qthresh,Rs,Rb1,Rb2,Prec,Frac4Rise,Error,BFF
01671020,1.19657e+09,13994.1,15.8998,985.823,0.15,0.002773,1.5,1476.99,844.233,1.05263,110096,-0.089538,-0.087076,-0.059532,8269.41,0.05,0.361482,0.26326
