tmp.site,tmp.area,Lb,X1,Wb,POR,ALPHA,BETA,Ks,Kb,Kz,Qthresh,Rs,Rb1,Rb2,Prec,Frac4Rise,Error,BFF
12329500,5.33538e+08,23824.2,3.55674,580.559,0.15,0.008502,1,114.582,196.278,1.05552,229978,-0.078234,-0.024375,-0.024792,6850.4,0.05,0.228668,0.708774
