tmp.site,tmp.area,Lb,X1,Wb,POR,ALPHA,BETA,Ks,Kb,Kz,Qthresh,Rs,Rb1,Rb2,Prec,Frac4Rise,Error,BFF
09329050,6.21597e+07,48874.3,21140.9,181.195,0.15,0.011275,9.9,162.997,1307.76,0.335692,18593.9,-0.100335,-0.026973,-0.012657,929.697,0.05,0.25906,0.431634
