tmp.site,tmp.area,Lb,X1,Wb,POR,ALPHA,BETA,Ks,Kb,Kz,Qthresh,Rs,Rb1,Rb2,Prec,Frac4Rise,Error,BFF
07369680,1.29499e+09,8001.76,100,747.312,0.15,0.006664,1,1384.27,4496.73,0.993663,366986,-0.098566,-0.076303,-0.101576,2096.52,0.05,0.591091,0.234107
