tmp.site,tmp.area,Lb,X1,Wb,POR,ALPHA,BETA,Ks,Kb,Kz,Qthresh,Rs,Rb1,Rb2,Prec,Frac4Rise,Error,BFF
06610795,9.94555e+08,10917.8,100,645.762,0.15,0.007356,1,1635.41,6607.56,0.950666,97862.9,-0.297387,-0.071588,-0.05951,4403.83,0.05,0.396802,0.30012
