tmp.site,tmp.area,Lb,X1,Wb,POR,ALPHA,BETA,Ks,Kb,Kz,Qthresh,Rs,Rb1,Rb2,Prec,Frac4Rise,Error,BFF
05062500,2.41905e+09,9427.26,251.14,1435.9,0.15,0.021625,1,664.368,4346.23,0.90132,226494,-0.091161,-0.031858,-0.029602,1125.42,0.05,0.736253,0.390261
