tmp.site,tmp.area,Lb,X1,Wb,POR,ALPHA,BETA,Ks,Kb,Kz,Qthresh,Rs,Rb1,Rb2,Prec,Frac4Rise,Error,BFF
09253000,6.52677e+08,19868.3,100,903.378,0.15,0.012084,1,743.625,22478.1,0.962955,98596.8,-0.119386,-0.044733,-0.028322,3180.54,0.05,0.396601,0.537938
