tmp.site,tmp.area,Lb,X1,Wb,POR,ALPHA,BETA,Ks,Kb,Kz,Qthresh,Rs,Rb1,Rb2,Prec,Frac4Rise,Error,BFF
11164500,9.68656e+07,15641.3,100,171.444,0.15,0.012654,1,784.167,10634.6,0.92855,17126,-0.202733,-0.091345,-0.077815,24.4657,0.05,2.1888,0.133237
