tmp.site,tmp.area,Lb,X1,Wb,POR,ALPHA,BETA,Ks,Kb,Kz,Qthresh,Rs,Rb1,Rb2,Prec,Frac4Rise,Error,BFF
02144000,8.23616e+07,8494.89,935.493,385.686,0.15,0.020125,1,800.572,57379.5,0.55987,61164.3,-0.382388,-0.059964,-0.056611,203.065,0.05,0.396277,0.371426
