tmp.site,tmp.area,Lb,X1,Wb,POR,ALPHA,BETA,Ks,Kb,Kz,Qthresh,Rs,Rb1,Rb2,Prec,Frac4Rise,Error,BFF
06885500,1.0619e+09,9432.12,0.139546,537.392,0.15,0.006522,1.2,2504.48,17.2596,1.3251,89299.9,-0.219579,-0.119393,-0.083307,146.794,0.05,0.998016,0.139561
