tmp.site,tmp.area,Lb,X1,Wb,POR,ALPHA,BETA,Ks,Kb,Kz,Qthresh,Rs,Rb1,Rb2,Prec,Frac4Rise,Error,BFF
08188500,1.01553e+10,179602,16.8861,780.154,0.15,0.006908,1.7,5529.35,447.065,0.044837,1.43858e+06,-0.118143,-0.065271,-0.047367,13700.8,0.05,0.408354,0.267528
