tmp.site,tmp.area,Lb,X1,Wb,POR,ALPHA,BETA,Ks,Kb,Kz,Qthresh,Rs,Rb1,Rb2,Prec,Frac4Rise,Error,BFF
12344000,2.71949e+09,44868.1,86.2174,3505.19,0.15,0.006842,1.2,306.519,34286.6,1.0419,689933,-0.050384,-0.028189,-0.023572,31805.4,0.05,0.263884,0.883565
