tmp.site,tmp.area,Lb,X1,Wb,POR,ALPHA,BETA,Ks,Kb,Kz,Qthresh,Rs,Rb1,Rb2,Prec,Frac4Rise,Error,BFF
01480015,1.35715e+08,40796.3,100,246.063,0.15,0.012722,1,453.996,15645,0.944935,54803.2,-0.458145,-0.054693,-0.040323,3669.86,0.05,0.271937,0.465246
