tmp.site,tmp.area,Lb,X1,Wb,POR,ALPHA,BETA,Ks,Kb,Kz,Qthresh,Rs,Rb1,Rb2,Prec,Frac4Rise,Error,BFF
08048970,2.18854e+08,5079.99,100,216.4,0.15,0.010056,1,1832.2,13571.7,0.888402,24465.7,-0.360531,-0.116759,-0.222065,24.4657,0.05,7.11214,0.06324
