tmp.site,tmp.area,Lb,X1,Wb,POR,ALPHA,BETA,Ks,Kb,Kz,Qthresh,Rs,Rb1,Rb2,Prec,Frac4Rise,Error,BFF
06082200,2.10825e+09,27274.4,230.426,2357.78,0.15,0.003843,2.2,386.757,15507.3,0.95555,702166,-0.05567,-0.057724,-0.036953,9052.31,0.05,0.404499,0.702944
