tmp.site,tmp.area,Lb,X1,Wb,POR,ALPHA,BETA,Ks,Kb,Kz,Qthresh,Rs,Rb1,Rb2,Prec,Frac4Rise,Error,BFF
02301328,7.17427e+08,19930.5,100,890.753,0.15,0.015958,1,1140.96,8267.77,0.972624,138721,-0.193591,-0.047631,-0.039796,1752.97,0.05,0.328094,0.458134
