tmp.site,tmp.area,Lb,X1,Wb,POR,ALPHA,BETA,Ks,Kb,Kz,Qthresh,Rs,Rb1,Rb2,Prec,Frac4Rise,Error,BFF
06353000,4.53248e+09,20251.1,100,376.619,0.15,0.02017,1,3590.98,14895.1,0.949487,24465.7,-0.130919,-0.065278,-0.095643,24.4657,0.05,8.33426,0.164296
