tmp.site,tmp.area,Lb,X1,Wb,POR,ALPHA,BETA,Ks,Kb,Kz,Qthresh,Rs,Rb1,Rb2,Prec,Frac4Rise,Error,BFF
14301000,1.72752e+09,9364.53,100,2578.42,0.15,0.014756,1,3380.16,4773.7,2.39848,254443,-0.097134,-0.064909,-0.021415,16979.2,0.05,0.359153,0.32766
