tmp.site,tmp.area,Lb,X1,Wb,POR,ALPHA,BETA,Ks,Kb,Kz,Qthresh,Rs,Rb1,Rb2,Prec,Frac4Rise,Error,BFF
06204050,1.37269e+08,27197.9,20.112,596.246,0.15,0.006975,0.9,62.6296,657.002,0.736345,298482,-0.014081,-0.027575,-0.04127,4550.62,0.05,0.513267,0.432592
