tmp.site,tmp.area,Lb,X1,Wb,POR,ALPHA,BETA,Ks,Kb,Kz,Qthresh,Rs,Rb1,Rb2,Prec,Frac4Rise,Error,BFF
07325860,7.30377e+07,820420,100,38.5167,0.15,0.057947,1,430.933,8300.5,0.67194,8954.45,-0.183395,-0.032558,-0.058828,24.4657,0.05,1.44339,0.263724
