tmp.site,tmp.area,Lb,X1,Wb,POR,ALPHA,BETA,Ks,Kb,Kz,Qthresh,Rs,Rb1,Rb2,Prec,Frac4Rise,Error,BFF
03125900,9.47936e+07,9429.61,100,320.344,0.15,0.015407,1,876.785,13357.5,0.955752,3675.73,-0.302612,-0.075567,-0.076888,330.287,0.05,0.423587,0.345947
