tmp.site,tmp.area,Lb,X1,Wb,POR,ALPHA,BETA,Ks,Kb,Kz,Qthresh,Rs,Rb1,Rb2,Prec,Frac4Rise,Error,BFF
08447410,9.11676e+10,369746,100,300.466,0.15,0.018625,1,11445.7,3071.53,0.974098,195726,-0.096535,-0.015465,-0.012096,19757.8,0.05,0.278717,0.544601
