tmp.site,tmp.area,Lb,X1,Wb,POR,ALPHA,BETA,Ks,Kb,Kz,Qthresh,Rs,Rb1,Rb2,Prec,Frac4Rise,Error,BFF
07067000,4.31751e+09,20497,894.184,3343.37,0.15,0.017623,1.7,973.05,639.766,0.684624,1.31626e+06,-0.118785,-0.045063,-0.012357,134561,0.05,0.262044,0.467233
