tmp.site,tmp.area,Lb,X1,Wb,POR,ALPHA,BETA,Ks,Kb,Kz,Qthresh,Rs,Rb1,Rb2,Prec,Frac4Rise,Error,BFF
0818999010,9.09086e+08,872543,100,27.1117,0.15,0.015337,1,370,2200.07,0.945248,21416.8,-0.054206,-0.016397,-0.00794,2205.46,0.05,0.443018,0.426207
