tmp.site,tmp.area,Lb,X1,Wb,POR,ALPHA,BETA,Ks,Kb,Kz,Qthresh,Rs,Rb1,Rb2,Prec,Frac4Rise,Error,BFF
04275000,5.12818e+08,26672.8,9.51413,684.036,0.15,0.008142,2.1,2203.01,1194.97,0.316498,97520.3,-0.202733,-0.075511,-0.047499,8563,0.05,0.347988,0.431877
