tmp.site,tmp.area,Lb,X1,Wb,POR,ALPHA,BETA,Ks,Kb,Kz,Qthresh,Rs,Rb1,Rb2,Prec,Frac4Rise,Error,BFF
03361650,2.432e+08,13520.5,3.67484,453.947,0.15,0.012787,2,1059.3,232.137,0.705107,23242.4,-0.183928,-0.092928,-0.04549,773.997,0.05,0.359327,0.374262
