tmp.site,tmp.area,Lb,X1,Wb,POR,ALPHA,BETA,Ks,Kb,Kz,Qthresh,Rs,Rb1,Rb2,Prec,Frac4Rise,Error,BFF
14317600,2.52265e+08,9589.45,100,807.939,0.15,0.009147,1,1206.71,3669.14,0.992663,68504,-0.202733,-0.065969,-0.017419,4159.17,0.05,0.339017,0.274486
