tmp.site,tmp.area,Lb,X1,Wb,POR,ALPHA,BETA,Ks,Kb,Kz,Qthresh,Rs,Rb1,Rb2,Prec,Frac4Rise,Error,BFF
10348520,1.0878e+07,5428.56,175.219,386.577,0.15,0.017389,0.9,175.371,8220.14,0.334585,16788.4,-0.121273,-0.039834,-0.087079,24.4657,0.05,4.46072,0.609881
