tmp.site,tmp.area,Lb,X1,Wb,POR,ALPHA,BETA,Ks,Kb,Kz,Qthresh,Rs,Rb1,Rb2,Prec,Frac4Rise,Error,BFF
01082000,1.76378e+08,17612.9,100,511.336,0.15,0.015696,1,825.219,22413.3,0.952684,13110.4,-0.143841,-0.056412,-0.06728,1516.87,0.05,0.416092,0.504505
