tmp.site,tmp.area,Lb,X1,Wb,POR,ALPHA,BETA,Ks,Kb,Kz,Qthresh,Rs,Rb1,Rb2,Prec,Frac4Rise,Error,BFF
14150800,1.137e+08,15287.1,4602.74,627.19,0.15,0.014856,3,1142.9,79414.5,4.12589,7819.98,-0.18701,-0.070792,-0.030425,677.7,0.05,0.313529,0.393955
