tmp.site,tmp.area,Lb,X1,Wb,POR,ALPHA,BETA,Ks,Kb,Kz,Qthresh,Rs,Rb1,Rb2,Prec,Frac4Rise,Error,BFF
07227500,5.03623e+10,8199.98,100,630.533,0.15,0.00778,1,14798.4,7106.46,0.921055,105203,-0.17242,-0.094665,-0.155018,24.4657,0.05,10.531,0.097104
