tmp.site,tmp.area,Lb,X1,Wb,POR,ALPHA,BETA,Ks,Kb,Kz,Qthresh,Rs,Rb1,Rb2,Prec,Frac4Rise,Error,BFF
01644372,958296,1618.87,100,77.8673,0.15,0.011981,1,119.18,1306.17,0.116932,1052.03,-0.346574,-0.05345,-0.051712,24.4657,0.05,0.378791,0.388231
