tmp.site,tmp.area,Lb,X1,Wb,POR,ALPHA,BETA,Ks,Kb,Kz,Qthresh,Rs,Rb1,Rb2,Prec,Frac4Rise,Error,BFF
09081000,2.2248e+09,83201,23961.3,1141.62,0.15,0.009055,5.7,356.942,5690.34,0.636467,831834,-0.042184,-0.020008,-0.01315,40123.8,0.05,0.160781,0.597616
