tmp.site,tmp.area,Lb,X1,Wb,POR,ALPHA,BETA,Ks,Kb,Kz,Qthresh,Rs,Rb1,Rb2,Prec,Frac4Rise,Error,BFF
05473400,1.37269e+09,19774.5,38.6552,823.04,0.15,0.007353,1.1,4764.31,15383.5,1.04896,109362,-0.213304,-0.116432,-0.08782,472.188,0.05,0.556439,0.238675
