tmp.site,tmp.area,Lb,X1,Wb,POR,ALPHA,BETA,Ks,Kb,Kz,Qthresh,Rs,Rb1,Rb2,Prec,Frac4Rise,Error,BFF
03144816,1.21729e+08,16748.3,37.0041,200.069,0.15,0.019677,1,2846.5,18360.9,1.00555,4599.55,-0.448531,-0.118816,-0.135025,24.4657,0.05,0.633007,0.241819
