tmp.site,tmp.area,Lb,X1,Wb,POR,ALPHA,BETA,Ks,Kb,Kz,Qthresh,Rs,Rb1,Rb2,Prec,Frac4Rise,Error,BFF
04188337,3.65188e+08,4957.98,100,718.938,0.15,0.009988,1,3453.32,17796,0.954314,23566.6,-0.329212,-0.132955,-0.141708,24.4657,0.05,0.753214,0.219752
