tmp.site,tmp.area,Lb,X1,Wb,POR,ALPHA,BETA,Ks,Kb,Kz,Qthresh,Rs,Rb1,Rb2,Prec,Frac4Rise,Error,BFF
12102190,6.08647e+06,4981.61,100,92.9467,0.15,0.026328,1,338.943,11758.6,0.493045,12624.3,-0.309752,-0.090436,-0.136137,24.4657,0.05,2.74839,0.264719
