tmp.site,tmp.area,Lb,X1,Wb,POR,ALPHA,BETA,Ks,Kb,Kz,Qthresh,Rs,Rb1,Rb2,Prec,Frac4Rise,Error,BFF
14201500,1.52032e+08,29343.4,38.7601,457.119,0.15,0.018606,1.1,737.982,11319.7,1.0066,47561.4,-0.154984,-0.05773,-0.050457,554.344,0.05,0.392191,0.439452
