tmp.site,tmp.area,Lb,X1,Wb,POR,ALPHA,BETA,Ks,Kb,Kz,Qthresh,Rs,Rb1,Rb2,Prec,Frac4Rise,Error,BFF
11439500,4.99868e+08,16402.9,100,943.283,0.15,0.018608,1,1142.28,15462.4,0.947304,137008,-0.138712,-0.047242,-0.113377,195.726,0.05,2.32672,0.464998
