tmp.site,tmp.area,Lb,X1,Wb,POR,ALPHA,BETA,Ks,Kb,Kz,Qthresh,Rs,Rb1,Rb2,Prec,Frac4Rise,Error,BFF
03348350,2.92669e+08,7963.65,100,484.89,0.15,0.00999,1,1145.07,8693.63,1.02932,18178,-0.228631,-0.10688,-0.039099,1125.42,0.05,0.410549,0.256052
