tmp.site,tmp.area,Lb,X1,Wb,POR,ALPHA,BETA,Ks,Kb,Kz,Qthresh,Rs,Rb1,Rb2,Prec,Frac4Rise,Error,BFF
12210900,2.32063e+07,9403.85,21.3027,385.936,0.15,0.037155,1,642.919,3547.48,0.8304,49665.4,-0.297563,-0.083994,-0.107445,24.4657,0.05,0.578516,0.35739
