tmp.site,tmp.area,Lb,X1,Wb,POR,ALPHA,BETA,Ks,Kb,Kz,Qthresh,Rs,Rb1,Rb2,Prec,Frac4Rise,Error,BFF
08064700,3.67778e+08,3222.58,144.047,298.642,0.15,0.007373,1,4282.24,9951.82,0.900321,41073,-0.21252,-0.211932,-0.162081,24.4657,0.05,2.85642,0.022143
