tmp.site,tmp.area,Lb,X1,Wb,POR,ALPHA,BETA,Ks,Kb,Kz,Qthresh,Rs,Rb1,Rb2,Prec,Frac4Rise,Error,BFF
01311992,3.49648e+06,1822.94,72.1291,320.631,0.15,0.021453,0.9,82.8721,3785.92,0.241472,4403.83,-0.088476,-0.043626,-0.087963,24.4657,0.05,1.66537,0.794081
