tmp.site,tmp.area,Lb,X1,Wb,POR,ALPHA,BETA,Ks,Kb,Kz,Qthresh,Rs,Rb1,Rb2,Prec,Frac4Rise,Error,BFF
103225055,1.00751e+07,1818.06,28.0341,15.9039,0.15,0.003893,0.9,475.301,51.3849,0.394526,1443.48,-0.161094,-0.058359,-0.073474,24.4657,0.05,0.725827,0.003812
