tmp.site,tmp.area,Lb,X1,Wb,POR,ALPHA,BETA,Ks,Kb,Kz,Qthresh,Rs,Rb1,Rb2,Prec,Frac4Rise,Error,BFF
14208300,3.67778e+08,11080,100,1167.8,0.15,0.01004,1,1296.25,5178.8,1.24129,125754,-0.13906,-0.069326,-0.01532,9566.09,0.05,0.303323,0.375781
