tmp.site,tmp.area,Lb,X1,Wb,POR,ALPHA,BETA,Ks,Kb,Kz,Qthresh,Rs,Rb1,Rb2,Prec,Frac4Rise,Error,BFF
02319800,1.8622e+10,13842.7,100,8164.07,0.15,0.007883,1,933.48,1548.46,0.974687,2.3903e+06,-0.032269,-0.020033,-0.009303,206598,0.05,0.385204,0.419541
