tmp.site,tmp.area,Lb,X1,Wb,POR,ALPHA,BETA,Ks,Kb,Kz,Qthresh,Rs,Rb1,Rb2,Prec,Frac4Rise,Error,BFF
07208500,1.68349e+08,388135,100,35.9303,0.15,0.019843,1,608.02,10921.2,0.959109,12477.5,-0.132175,-0.034154,-0.030206,318.054,0.05,0.517927,0.191811
