tmp.site,tmp.area,Lb,X1,Wb,POR,ALPHA,BETA,Ks,Kb,Kz,Qthresh,Rs,Rb1,Rb2,Prec,Frac4Rise,Error,BFF
09517490,4.70601e+09,46033.8,3.44119,8.43556,0.15,0.005396,0.9,9865.09,54.7987,0.391908,5749.44,-0.213066,-0.033178,-0.213803,24.4657,0.05,6.46818,0.016956
