tmp.site,tmp.area,Lb,X1,Wb,POR,ALPHA,BETA,Ks,Kb,Kz,Qthresh,Rs,Rb1,Rb2,Prec,Frac4Rise,Error,BFF
08049580,6.60447e+07,54812.8,100,2.78004,0.15,0.002905,1,458.437,1167.18,0.887738,42815,-0.226817,-0.153074,-0.270757,24.4657,0.05,0.441468,6.5e-05
