tmp.site,tmp.area,Lb,X1,Wb,POR,ALPHA,BETA,Ks,Kb,Kz,Qthresh,Rs,Rb1,Rb2,Prec,Frac4Rise,Error,BFF
06038500,2.41128e+09,841418,100,2205.29,0.15,0.060912,1,231.093,4724.75,0.952921,2.1799e+06,-0.009962,-0.015593,-0.023037,33028.7,0.05,0.738428,0.601521
