tmp.site,tmp.area,Lb,X1,Wb,POR,ALPHA,BETA,Ks,Kb,Kz,Qthresh,Rs,Rb1,Rb2,Prec,Frac4Rise,Error,BFF
12323840,6.86347e+07,186637,24.8808,97.1117,0.15,0.030946,0.9,33.9692,32089.4,0.756037,20820.3,-0.05233,-0.038231,-0.071846,28.0132,0.05,1.83937,0.678037
