tmp.site,tmp.area,Lb,X1,Wb,POR,ALPHA,BETA,Ks,Kb,Kz,Qthresh,Rs,Rb1,Rb2,Prec,Frac4Rise,Error,BFF
04234398,6.37137e+07,25846.9,278.814,105.594,0.15,0.082262,0.9,599.903,98904.2,0.963745,1590.27,-0.212442,-0.068493,-0.13888,24.4657,0.05,4.79583,0.285049
