tmp.site,tmp.area,Lb,X1,Wb,POR,ALPHA,BETA,Ks,Kb,Kz,Qthresh,Rs,Rb1,Rb2,Prec,Frac4Rise,Error,BFF
03335000,2.05645e+09,8858.5,329.511,1896.42,0.15,0.008255,1,3811.32,20752,0.55538,159027,-0.138816,-0.084089,-0.035068,16636.7,0.05,0.356714,0.345967
