tmp.site,tmp.area,Lb,X1,Wb,POR,ALPHA,BETA,Ks,Kb,Kz,Qthresh,Rs,Rb1,Rb2,Prec,Frac4Rise,Error,BFF
08446500,9.66066e+10,219295,2.42961,153.009,0.15,0.021832,0.9,15960,53.6967,0.91843,105203,-0.100352,-0.029647,-0.034696,579.837,0.05,0.601159,0.193793
