tmp.site,tmp.area,Lb,X1,Wb,POR,ALPHA,BETA,Ks,Kb,Kz,Qthresh,Rs,Rb1,Rb2,Prec,Frac4Rise,Error,BFF
03414000,1.4996e+10,61529.5,73.6002,2833.17,0.15,0.012151,0.9,8761.23,86013.2,2.79472,1.86184e+07,-0.062964,-0.049863,-0.184583,24955,0.05,2.74893,0.42843
