tmp.site,tmp.area,Lb,X1,Wb,POR,ALPHA,BETA,Ks,Kb,Kz,Qthresh,Rs,Rb1,Rb2,Prec,Frac4Rise,Error,BFF
02169000,6.52677e+09,20638,0.120522,1560.13,0.15,0.005503,0.9,3916.18,21.9372,1.20642,2.91142e+06,-0.070402,-0.062362,-0.130685,22762.9,0.05,1.0094,0.339681
