tmp.site,tmp.area,Lb,X1,Wb,POR,ALPHA,BETA,Ks,Kb,Kz,Qthresh,Rs,Rb1,Rb2,Prec,Frac4Rise,Error,BFF
10251330,8.39415e+09,6.3269e+06,100,14.1888,0.15,0.095551,1,29402.6,740.565,0.74112,3440.86,-0.066766,-0.049617,-0.018931,105.203,0.05,0.410843,0.217211
