tmp.site,tmp.area,Lb,X1,Wb,POR,ALPHA,BETA,Ks,Kb,Kz,Qthresh,Rs,Rb1,Rb2,Prec,Frac4Rise,Error,BFF
01474000,1.65759e+08,11391,100,513.227,0.15,0.009075,1,1509.64,5505.22,0.882972,130892,-0.458145,-0.079875,-0.047274,4403.83,0.05,0.293842,0.384363
