tmp.site,tmp.area,Lb,X1,Wb,POR,ALPHA,BETA,Ks,Kb,Kz,Qthresh,Rs,Rb1,Rb2,Prec,Frac4Rise,Error,BFF
07087050,1.41413e+09,15902.7,100,1949.04,0.15,0.013375,1,765.995,13035,0.991029,288695,-0.066722,-0.032274,-0.037042,26423,0.05,0.263863,0.699074
