tmp.site,tmp.area,Lb,X1,Wb,POR,ALPHA,BETA,Ks,Kb,Kz,Qthresh,Rs,Rb1,Rb2,Prec,Frac4Rise,Error,BFF
02068500,3.34108e+08,34564.2,100,489.753,0.15,0.014302,1,471.038,16901,1.05191,313161,-0.135145,-0.03924,-0.034541,11498.9,0.05,0.243702,0.60294
