tmp.site,tmp.area,Lb,X1,Wb,POR,ALPHA,BETA,Ks,Kb,Kz,Qthresh,Rs,Rb1,Rb2,Prec,Frac4Rise,Error,BFF
03270000,1.64464e+09,12450.1,100,1597.73,0.15,0.006803,1,1345.67,3964.15,0.920857,386558,-0.202733,-0.04996,-0.0214,35230.6,0.05,0.272718,0.506037
