tmp.site,tmp.area,Lb,X1,Wb,POR,ALPHA,BETA,Ks,Kb,Kz,Qthresh,Rs,Rb1,Rb2,Prec,Frac4Rise,Error,BFF
04121500,3.71145e+09,4291.47,100,9722.13,0.15,0.005493,1,270.718,628.839,0.970382,2.01597e+06,-0.042292,-0.025641,-0.015334,80736.9,0.05,0.225544,0.628475
