tmp.site,tmp.area,Lb,X1,Wb,POR,ALPHA,BETA,Ks,Kb,Kz,Qthresh,Rs,Rb1,Rb2,Prec,Frac4Rise,Error,BFF
02489500,1.7024e+10,6591.53,100,11198.1,0.15,0.005459,1,5675.32,1630.46,2.6158,3.25394e+06,-0.07121,-0.061765,-0.029638,308415,0.05,0.349747,0.299448
