tmp.site,tmp.area,Lb,X1,Wb,POR,ALPHA,BETA,Ks,Kb,Kz,Qthresh,Rs,Rb1,Rb2,Prec,Frac4Rise,Error,BFF
12372000,1.83345e+10,25762.8,100,19974.5,0.15,0.006259,1,901.385,9125.99,1.01758,1.10096e+07,-0.033933,-0.021962,-0.026195,460983,0.05,0.400668,0.785138
