tmp.site,tmp.area,Lb,X1,Wb,POR,ALPHA,BETA,Ks,Kb,Kz,Qthresh,Rs,Rb1,Rb2,Prec,Frac4Rise,Error,BFF
03058975,9.53116e+08,44048.1,90.9338,1004.2,0.15,0.010334,1,3840.99,84922.9,1.26379,393898,-0.125325,-0.080574,-0.081269,7584.37,0.05,0.422522,0.475965
