tmp.site,tmp.area,Lb,X1,Wb,POR,ALPHA,BETA,Ks,Kb,Kz,Qthresh,Rs,Rb1,Rb2,Prec,Frac4Rise,Error,BFF
03030500,2.46308e+09,8950.29,100,4762.62,0.15,0.016396,1,11089.1,19238.6,1.28242,63610.9,-0.120751,-0.0641,-0.161939,5871.77,0.05,1.93971,0.519661
