tmp.site,tmp.area,Lb,X1,Wb,POR,ALPHA,BETA,Ks,Kb,Kz,Qthresh,Rs,Rb1,Rb2,Prec,Frac4Rise,Error,BFF
02218300,2.43459e+09,25833.1,0.214898,1658.11,0.15,0.009161,1.3,4740.77,18.9984,1.00782,1.77866e+06,-0.189213,-0.057476,-0.045881,18968.3,0.05,0.330869,0.476943
