tmp.site,tmp.area,Lb,X1,Wb,POR,ALPHA,BETA,Ks,Kb,Kz,Qthresh,Rs,Rb1,Rb2,Prec,Frac4Rise,Error,BFF
05353800,1.12664e+09,17119.7,429.373,1057.87,0.15,0.008303,4.8,2099.65,2243.3,1.04517,134561,-0.111549,-0.059731,-0.023234,3914.51,0.05,0.371782,0.407786
