tmp.site,tmp.area,Lb,X1,Wb,POR,ALPHA,BETA,Ks,Kb,Kz,Qthresh,Rs,Rb1,Rb2,Prec,Frac4Rise,Error,BFF
07375000,2.66769e+08,17980.7,5729.55,675.825,0.15,0.004471,4.9,650.151,891.949,0.756713,112542,-0.255413,-0.120029,-0.026137,7829.03,0.05,0.311121,0.291062
