tmp.site,tmp.area,Lb,X1,Wb,POR,ALPHA,BETA,Ks,Kb,Kz,Qthresh,Rs,Rb1,Rb2,Prec,Frac4Rise,Error,BFF
05127220,7.87356e+06,7361.45,100,115.082,0.15,0.014416,1,129.657,5390.5,0.474308,244.657,-0.119893,-0.075653,-0.076745,24.4657,0.05,2.50975,0.309669
