tmp.site,tmp.area,Lb,X1,Wb,POR,ALPHA,BETA,Ks,Kb,Kz,Qthresh,Rs,Rb1,Rb2,Prec,Frac4Rise,Error,BFF
11408880,3.75548e+08,202156,100,214.144,0.15,0.007219,1,720.597,59.8269,0.869077,136519,-0.091161,-0.05681,-0.017451,3914.51,0.05,0.275778,0.199896
