tmp.site,tmp.area,Lb,X1,Wb,POR,ALPHA,BETA,Ks,Kb,Kz,Qthresh,Rs,Rb1,Rb2,Prec,Frac4Rise,Error,BFF
01572025,3.00439e+08,22893.1,111.01,714.266,0.15,0.009792,2.5,1750.44,6906.9,0.913389,78045.6,-0.28127,-0.06475,-0.036918,4885.56,0.05,0.317205,0.480658
