tmp.site,tmp.area,Lb,X1,Wb,POR,ALPHA,BETA,Ks,Kb,Kz,Qthresh,Rs,Rb1,Rb2,Prec,Frac4Rise,Error,BFF
08271000,4.29938e+07,7999.99,3323.23,778.994,0.15,0.004925,10.1,2.90565,1125.09,0.195129,13529.5,-0.098913,-0.020533,-0.011649,856.3,0.05,0.194229,0.663094
