tmp.site,tmp.area,Lb,X1,Wb,POR,ALPHA,BETA,Ks,Kb,Kz,Qthresh,Rs,Rb1,Rb2,Prec,Frac4Rise,Error,BFF
14307620,1.52291e+09,13237.3,100,2058.03,0.15,0.009616,1,3618.93,5511.27,1.69951,154726,-0.14458,-0.059212,-0.020364,16274.6,0.05,0.321158,0.328698
