tmp.site,tmp.area,Lb,X1,Wb,POR,ALPHA,BETA,Ks,Kb,Kz,Qthresh,Rs,Rb1,Rb2,Prec,Frac4Rise,Error,BFF
01422500,1.28981e+08,13300.7,100,507.137,0.15,0.017703,1,723.638,21640.5,0.890777,7339.71,-0.229832,-0.065499,-0.046117,636.109,0.05,0.341366,0.494225
