tmp.site,tmp.area,Lb,X1,Wb,POR,ALPHA,BETA,Ks,Kb,Kz,Qthresh,Rs,Rb1,Rb2,Prec,Frac4Rise,Error,BFF
02308870,6.50087e+06,3526.31,100,94.4705,0.15,0.017203,1,253.732,8956.92,0.567755,1100.96,-0.38845,-0.105574,-0.135832,24.4657,0.05,0.71941,0.177795
