tmp.site,tmp.area,Lb,X1,Wb,POR,ALPHA,BETA,Ks,Kb,Kz,Qthresh,Rs,Rb1,Rb2,Prec,Frac4Rise,Error,BFF
01359135,3.57418e+07,5003.32,246.177,393.185,0.15,0.01374,1,399.356,2782.97,0.54517,23225.8,-0.469836,-0.054168,-0.049008,2348.71,0.05,0.231532,0.527828
