tmp.site,tmp.area,Lb,X1,Wb,POR,ALPHA,BETA,Ks,Kb,Kz,Qthresh,Rs,Rb1,Rb2,Prec,Frac4Rise,Error,BFF
394220106431500,1.55399e+09,16803.9,1.5051,3009.79,0.15,0.005061,1.6,150.624,96.3569,1.10058,249550,-0.056793,-0.029835,-0.021149,15682.5,0.05,0.214792,0.807363
