tmp.site,tmp.area,Lb,X1,Wb,POR,ALPHA,BETA,Ks,Kb,Kz,Qthresh,Rs,Rb1,Rb2,Prec,Frac4Rise,Error,BFF
05406469,2.61589e+07,5524.14,219.058,189.903,0.15,0.009907,0.9,146.863,1530.97,0.100056,2446.57,-0.190678,-0.025157,-0.026021,234.871,0.05,0.338692,0.462477
