tmp.site,tmp.area,Lb,X1,Wb,POR,ALPHA,BETA,Ks,Kb,Kz,Qthresh,Rs,Rb1,Rb2,Prec,Frac4Rise,Error,BFF
14209500,1.2406e+09,17358.9,2740.12,5111.71,0.15,0.004815,2.8,1090.86,446.241,1.2688,1.40678e+06,-0.099015,-0.041388,-0.009521,138476,0.05,0.218635,0.545362
