tmp.site,tmp.area,Lb,X1,Wb,POR,ALPHA,BETA,Ks,Kb,Kz,Qthresh,Rs,Rb1,Rb2,Prec,Frac4Rise,Error,BFF
04289000,2.87489e+08,30146.1,7.35989,589.053,0.15,0.008234,0.9,193.01,392.809,0.954022,552925,-0.017893,-0.053389,-0.194835,440.383,0.05,9.97159,0.490669
