tmp.site,tmp.area,Lb,X1,Wb,POR,ALPHA,BETA,Ks,Kb,Kz,Qthresh,Rs,Rb1,Rb2,Prec,Frac4Rise,Error,BFF
01348000,7.48507e+08,3583.46,100,3633.31,0.15,0.029475,1,5311.22,12173.4,0.991456,134561,-0.166015,-0.070343,-0.162173,3207.46,0.05,1.73507,0.489782
