tmp.site,tmp.area,Lb,X1,Wb,POR,ALPHA,BETA,Ks,Kb,Kz,Qthresh,Rs,Rb1,Rb2,Prec,Frac4Rise,Error,BFF
01488500,1.21211e+08,26195,100,223.914,0.15,0.013229,1,212.935,19910.1,1.0292,24465.7,-0.241126,-0.057959,-0.033268,807.369,0.05,0.354923,0.422739
