tmp.site,tmp.area,Lb,X1,Wb,POR,ALPHA,BETA,Ks,Kb,Kz,Qthresh,Rs,Rb1,Rb2,Prec,Frac4Rise,Error,BFF
05060000,3.75548e+09,16003.5,49.7616,1636.26,0.15,0.012014,1,4044.71,11217.9,0.972151,15902.7,-0.111572,-0.060691,-0.074236,24.4657,0.05,1.71593,0.384397
