tmp.site,tmp.area,Lb,X1,Wb,POR,ALPHA,BETA,Ks,Kb,Kz,Qthresh,Rs,Rb1,Rb2,Prec,Frac4Rise,Error,BFF
02398000,4.97278e+08,8553.28,100,1309.35,0.15,0.006211,1,1177.96,3794.66,0.927489,159027,-0.230909,-0.071437,-0.02128,13945.5,0.05,0.286472,0.416619
