tmp.site,tmp.area,Lb,X1,Wb,POR,ALPHA,BETA,Ks,Kb,Kz,Qthresh,Rs,Rb1,Rb2,Prec,Frac4Rise,Error,BFF
01466900,2.0176e+08,31813.1,100,386.547,0.15,0.016982,1,344.262,16487,0.929603,76333,-0.087803,-0.034905,-0.032274,4648.49,0.05,0.293283,0.576065
