tmp.site,tmp.area,Lb,X1,Wb,POR,ALPHA,BETA,Ks,Kb,Kz,Qthresh,Rs,Rb1,Rb2,Prec,Frac4Rise,Error,BFF
12419000,9.94555e+09,130861,94.0318,4966.25,0.15,0.008555,0.9,340.536,81730.2,1.50606,5.57818e+06,-0.014622,-0.030242,-0.052438,44564.3,0.05,0.641719,0.75456
