tmp.site,tmp.area,Lb,X1,Wb,POR,ALPHA,BETA,Ks,Kb,Kz,Qthresh,Rs,Rb1,Rb2,Prec,Frac4Rise,Error,BFF
13265500,7.45917e+08,15375.9,19.2458,714.015,0.15,0.010169,0.9,571.812,3456.68,0.528977,17616.8,-0.054401,-0.063139,-0.112717,244.657,0.05,1.81203,0.431956
