tmp.site,tmp.area,Lb,X1,Wb,POR,ALPHA,BETA,Ks,Kb,Kz,Qthresh,Rs,Rb1,Rb2,Prec,Frac4Rise,Error,BFF
08102595,2.90079e+08,6179.46,100,939.274,0.15,0.002041,1,1653.16,3348.86,0.912978,61898.3,-0.335409,-0.080251,-0.050539,2960.35,0.05,0.315302,0.353422
