tmp.site,tmp.area,Lb,X1,Wb,POR,ALPHA,BETA,Ks,Kb,Kz,Qthresh,Rs,Rb1,Rb2,Prec,Frac4Rise,Error,BFF
05552500,6.84275e+09,13855.9,100,3672.05,0.15,0.010965,1,3934.37,12347.6,0.883272,445276,-0.1089,-0.038895,-0.039656,48686.8,0.05,0.311806,0.599253
