tmp.site,tmp.area,Lb,X1,Wb,POR,ALPHA,BETA,Ks,Kb,Kz,Qthresh,Rs,Rb1,Rb2,Prec,Frac4Rise,Error,BFF
05524500,1.1629e+09,21336.2,0.516788,1035.39,0.15,0.012824,1.3,2316.17,96.9696,0.557938,48931.4,-0.111572,-0.070813,-0.049419,3180.54,0.05,0.41558,0.444523
