tmp.site,tmp.area,Lb,X1,Wb,POR,ALPHA,BETA,Ks,Kb,Kz,Qthresh,Rs,Rb1,Rb2,Prec,Frac4Rise,Error,BFF
09306222,1.68867e+09,89540.5,100,98.2609,0.15,0.029781,1,2770.75,7295.97,0.945038,72907.8,-0.095333,-0.03031,-0.047787,195.726,0.05,0.785116,0.160497
