tmp.site,tmp.area,Lb,X1,Wb,POR,ALPHA,BETA,Ks,Kb,Kz,Qthresh,Rs,Rb1,Rb2,Prec,Frac4Rise,Error,BFF
02110704,3.72958e+09,20617.3,5.75909,8446.57,0.15,0.037071,0.9,3232.52,1106.37,1.04942,3.81665e+06,-0.096197,-0.04194,-0.085918,5272.85,0.05,1.02709,0.618256
