tmp.site,tmp.area,Lb,X1,Wb,POR,ALPHA,BETA,Ks,Kb,Kz,Qthresh,Rs,Rb1,Rb2,Prec,Frac4Rise,Error,BFF
071912213,4.22168e+08,17462.8,100,588.66,0.15,0.010867,1,343.019,7841.97,0.924694,34007.3,-0.074854,-0.05791,-0.026158,3669.86,0.05,0.363384,0.358906
