tmp.site,tmp.area,Lb,X1,Wb,POR,ALPHA,BETA,Ks,Kb,Kz,Qthresh,Rs,Rb1,Rb2,Prec,Frac4Rise,Error,BFF
01153550,2.90079e+08,7585.64,0.089963,911.731,0.15,0.014883,1.4,2149.28,4.7031,1.12668,249550,-0.302018,-0.070936,-0.047047,2691.23,0.05,0.362457,0.42752
