tmp.site,tmp.area,Lb,X1,Wb,POR,ALPHA,BETA,Ks,Kb,Kz,Qthresh,Rs,Rb1,Rb2,Prec,Frac4Rise,Error,BFF
07325500,8.0704e+09,29445.2,100,589.664,0.15,0.005294,1,610.176,7125.96,1.01774,883212,-0.155077,-0.071337,-0.071587,1590.27,0.05,0.940895,0.205674
