tmp.site,tmp.area,Lb,X1,Wb,POR,ALPHA,BETA,Ks,Kb,Kz,Qthresh,Rs,Rb1,Rb2,Prec,Frac4Rise,Error,BFF
02171500,3.80728e+10,25244.2,100,15665.7,0.15,0.002404,1,403.177,33.2544,0.971135,1.68569e+06,-0.074864,-0.106205,-0.057402,104713,0.05,0.141434,0.249877
