tmp.site,tmp.area,Lb,X1,Wb,POR,ALPHA,BETA,Ks,Kb,Kz,Qthresh,Rs,Rb1,Rb2,Prec,Frac4Rise,Error,BFF
10137300,2.39056e+08,157078,9.09451,157.897,0.15,0.016833,0.9,196.044,2316.52,0.988725,41591.7,-0.040727,-0.029137,-0.038025,1035.39,0.05,0.397353,0.371721
