tmp.site,tmp.area,Lb,X1,Wb,POR,ALPHA,BETA,Ks,Kb,Kz,Qthresh,Rs,Rb1,Rb2,Prec,Frac4Rise,Error,BFF
14208000,3.52238e+08,131588,66396.5,945.569,0.15,0.00471,10.1,186.761,1319.57,0.815328,574944,-0.116106,-0.027147,-0.005911,49176.1,0.05,0.234026,0.532334
