tmp.site,tmp.area,Lb,X1,Wb,POR,ALPHA,BETA,Ks,Kb,Kz,Qthresh,Rs,Rb1,Rb2,Prec,Frac4Rise,Error,BFF
06188000,1.73011e+09,13947.8,2378.24,1937.46,0.15,0.015989,2.4,717.239,3016.05,0.704437,354753,-0.125657,-0.034545,-0.011769,17174.9,0.05,0.35213,0.286612
