tmp.site,tmp.area,Lb,X1,Wb,POR,ALPHA,BETA,Ks,Kb,Kz,Qthresh,Rs,Rb1,Rb2,Prec,Frac4Rise,Error,BFF
01054114,1.19839e+08,7084.42,100,654.212,0.15,0.009731,1,1555.41,6277.29,0.863022,34986,-0.410035,-0.091492,-0.033437,3714.63,0.05,0.346763,0.361867
