tmp.site,tmp.area,Lb,X1,Wb,POR,ALPHA,BETA,Ks,Kb,Kz,Qthresh,Rs,Rb1,Rb2,Prec,Frac4Rise,Error,BFF
13310700,8.54696e+08,23683.1,189.453,1280.84,0.15,0.008171,6.3,305.972,834.76,0.972311,243312,-0.097378,-0.028791,-0.016744,20306.5,0.05,0.226086,0.620388
