tmp.site,tmp.area,Lb,X1,Wb,POR,ALPHA,BETA,Ks,Kb,Kz,Qthresh,Rs,Rb1,Rb2,Prec,Frac4Rise,Error,BFF
05502000,8.02896e+07,4211.87,233.471,183.541,0.15,0.015219,1,465.366,17195.3,1.0234,6116.43,-0.178959,-0.11882,-0.11329,24.4657,0.05,1.86754,0.140066
