tmp.site,tmp.area,Lb,X1,Wb,POR,ALPHA,BETA,Ks,Kb,Kz,Qthresh,Rs,Rb1,Rb2,Prec,Frac4Rise,Error,BFF
02203873,2.06422e+07,17179.4,100,116.948,0.15,0.044906,1,314.145,5142.62,0.930323,7437.58,-0.54888,-0.099452,-0.061942,447.723,0.05,0.373927,0.307768
