tmp.site,tmp.area,Lb,X1,Wb,POR,ALPHA,BETA,Ks,Kb,Kz,Qthresh,Rs,Rb1,Rb2,Prec,Frac4Rise,Error,BFF
01362342,5.05048e+06,7785.98,516.444,162.022,0.15,0.012239,8.6,75.238,6372.5,0.194655,1541.34,-0.091161,-0.058982,-0.028689,107.649,0.05,0.332617,0.513658
