tmp.site,tmp.area,Lb,X1,Wb,POR,ALPHA,BETA,Ks,Kb,Kz,Qthresh,Rs,Rb1,Rb2,Prec,Frac4Rise,Error,BFF
10321950,8.65056e+08,69100.1,170.102,75.2153,0.15,0.0986,0.9,252.759,60020.5,1.0522,24310.1,-0.111572,-0.045144,-0.072033,24.4657,0.05,24.3387,0.182021
