tmp.site,tmp.area,Lb,X1,Wb,POR,ALPHA,BETA,Ks,Kb,Kz,Qthresh,Rs,Rb1,Rb2,Prec,Frac4Rise,Error,BFF
08067525,4.09218e+07,4885.42,100,154.642,0.15,0.010228,1,805.105,13456.7,0.994082,1541.34,-0.432372,-0.131699,-0.168485,44.0383,0.05,0.606217,0.098441
