tmp.site,tmp.area,Lb,X1,Wb,POR,ALPHA,BETA,Ks,Kb,Kz,Qthresh,Rs,Rb1,Rb2,Prec,Frac4Rise,Error,BFF
01047000,9.11676e+08,83460.2,179.776,720.382,0.15,0.009022,1.9,2438.33,96941.4,0.787779,117435,-0.153365,-0.072674,-0.043797,12428.6,0.05,0.398359,0.446396
