tmp.site,tmp.area,Lb,X1,Wb,POR,ALPHA,BETA,Ks,Kb,Kz,Qthresh,Rs,Rb1,Rb2,Prec,Frac4Rise,Error,BFF
01606500,1.68608e+09,14676.7,559.19,1472.02,0.15,0.009504,1.2,3227.29,51809.2,3.06005,160984,-0.157324,-0.074612,-0.034061,14190.1,0.05,0.343107,0.417036
