tmp.site,tmp.area,Lb,X1,Wb,POR,ALPHA,BETA,Ks,Kb,Kz,Qthresh,Rs,Rb1,Rb2,Prec,Frac4Rise,Error,BFF
021968385,3.47058e+07,15248.2,100,169.924,0.15,0.014795,1,357.539,16196.1,0.654113,5740.64,-0.233568,-0.052941,-0.065786,430.866,0.05,0.415494,0.453097
