tmp.site,tmp.area,Lb,X1,Wb,POR,ALPHA,BETA,Ks,Kb,Kz,Qthresh,Rs,Rb1,Rb2,Prec,Frac4Rise,Error,BFF
02395980,4.66457e+09,9050.26,100,4540.38,0.15,0.008408,1,359.325,5418.63,1.3714,2.5689e+06,-0.014085,-0.058111,-0.064436,131381,0.05,0.505542,0.690549
