tmp.site,tmp.area,Lb,X1,Wb,POR,ALPHA,BETA,Ks,Kb,Kz,Qthresh,Rs,Rb1,Rb2,Prec,Frac4Rise,Error,BFF
03267000,4.19578e+08,9659.04,100,968.24,0.15,0.008075,1,115.141,2134.73,0.945796,127222,-0.221362,-0.032565,-0.012484,8807.66,0.05,0.253581,0.572998
