tmp.site,tmp.area,Lb,X1,Wb,POR,ALPHA,BETA,Ks,Kb,Kz,Qthresh,Rs,Rb1,Rb2,Prec,Frac4Rise,Error,BFF
05455010,7.61457e+06,7568.55,100,47.3765,0.15,0.043285,1,372.921,17616.2,0.515148,2446.57,-0.452667,-0.089319,-0.122509,24.4657,0.05,1.40833,0.224586
