tmp.site,tmp.area,Lb,X1,Wb,POR,ALPHA,BETA,Ks,Kb,Kz,Qthresh,Rs,Rb1,Rb2,Prec,Frac4Rise,Error,BFF
11427000,8.85776e+08,11067.2,100,1785.73,0.15,0.010063,1,3844.24,7430.86,0.886915,81470.8,-0.159227,-0.050572,-0.015125,5627.11,0.05,0.436952,0.390244
