tmp.site,tmp.area,Lb,X1,Wb,POR,ALPHA,BETA,Ks,Kb,Kz,Qthresh,Rs,Rb1,Rb2,Prec,Frac4Rise,Error,BFF
04124500,1.55399e+08,4116.64,276.435,528.583,0.15,0.014853,1.2,508.067,5111.95,1.32612,18545,-0.15114,-0.053705,-0.038489,1565.81,0.05,0.34832,0.4855
