tmp.site,tmp.area,Lb,X1,Wb,POR,ALPHA,BETA,Ks,Kb,Kz,Qthresh,Rs,Rb1,Rb2,Prec,Frac4Rise,Error,BFF
03280700,1.58766e+08,7743.51,100,529.553,0.15,0.019188,1,1204.75,23401.9,0.936032,9541.63,-0.235217,-0.091075,-0.107428,127.222,0.05,0.530129,0.358072
