tmp.site,tmp.area,Lb,X1,Wb,POR,ALPHA,BETA,Ks,Kb,Kz,Qthresh,Rs,Rb1,Rb2,Prec,Frac4Rise,Error,BFF
13176400,5.54257e+09,25462.5,235.418,846.455,0.15,0.008055,1.3,471.059,33095.8,1.02604,26227.2,-0.058505,-0.044755,-0.028147,2666.76,0.05,0.385066,0.42034
