tmp.site,tmp.area,Lb,X1,Wb,POR,ALPHA,BETA,Ks,Kb,Kz,Qthresh,Rs,Rb1,Rb2,Prec,Frac4Rise,Error,BFF
01042500,4.11808e+09,55759.1,8.32568,1723.78,0.15,0.007252,0.9,2487.46,1897.28,0.99093,6.55681e+06,-0.047678,-0.039646,-0.068472,97862.9,0.05,0.550625,0.599072
