tmp.site,tmp.area,Lb,X1,Wb,POR,ALPHA,BETA,Ks,Kb,Kz,Qthresh,Rs,Rb1,Rb2,Prec,Frac4Rise,Error,BFF
01541200,9.50526e+08,25924.6,49.8858,2278.71,0.15,0.014254,1.2,7679.38,10794.3,1.13149,181046,-0.102736,-0.071233,-0.055824,10030.9,0.05,0.387441,0.44169
