tmp.site,tmp.area,Lb,X1,Wb,POR,ALPHA,BETA,Ks,Kb,Kz,Qthresh,Rs,Rb1,Rb2,Prec,Frac4Rise,Error,BFF
06437000,1.50168e+10,5797.79,172.027,1626.02,0.15,0.007424,1,3360.61,8221.96,0.871512,97862.9,-0.118194,-0.059603,-0.056964,1419.87,0.05,0.58248,0.344161
