tmp.site,tmp.area,Lb,X1,Wb,POR,ALPHA,BETA,Ks,Kb,Kz,Qthresh,Rs,Rb1,Rb2,Prec,Frac4Rise,Error,BFF
01472157,1.53068e+08,26028.7,100,310.737,0.15,0.015822,1,570.383,12523.6,0.968232,26912.3,-0.423649,-0.057096,-0.040055,2935.89,0.05,0.285803,0.453058
