tmp.site,tmp.area,Lb,X1,Wb,POR,ALPHA,BETA,Ks,Kb,Kz,Qthresh,Rs,Rb1,Rb2,Prec,Frac4Rise,Error,BFF
01653600,1.02305e+08,18445.2,121.542,236.93,0.15,0.0262,0.9,1267.5,26652.5,1.01838,112053,-0.519241,-0.063619,-0.137982,24.4657,0.05,2.8021,0.278488
