tmp.site,tmp.area,Lb,X1,Wb,POR,ALPHA,BETA,Ks,Kb,Kz,Qthresh,Rs,Rb1,Rb2,Prec,Frac4Rise,Error,BFF
08041749,1.63946e+09,4912.74,137.396,6971.94,0.15,0.022988,0.9,7806.55,27571.9,1.72288,2.4955e+06,-0.090228,-0.092142,-0.199653,619.154,0.05,2.22571,0.499201
