tmp.site,tmp.area,Lb,X1,Wb,POR,ALPHA,BETA,Ks,Kb,Kz,Qthresh,Rs,Rb1,Rb2,Prec,Frac4Rise,Error,BFF
09163500,4.62287e+10,16378.3,126.204,10985.8,0.15,0.00796,1.2,690.791,8091.24,1.00558,1.19882e+07,-0.046983,-0.025545,-0.022395,384112,0.05,0.250095,0.811581
