tmp.site,tmp.area,Lb,X1,Wb,POR,ALPHA,BETA,Ks,Kb,Kz,Qthresh,Rs,Rb1,Rb2,Prec,Frac4Rise,Error,BFF
05572000,1.42449e+09,19181.4,21.4046,1036.06,0.15,0.012067,1.1,2881.15,5488.53,1.32378,10275.6,-0.13728,-0.069847,-0.058222,538.246,0.05,0.463023,0.403872
