tmp.site,tmp.area,Lb,X1,Wb,POR,ALPHA,BETA,Ks,Kb,Kz,Qthresh,Rs,Rb1,Rb2,Prec,Frac4Rise,Error,BFF
07377000,1.50219e+09,5881.83,100,3926.98,0.15,0.005153,1,4112.69,443.016,1.69213,462402,-0.249228,-0.126543,-0.02641,46793.1,0.05,0.266644,0.319796
