tmp.site,tmp.area,Lb,X1,Wb,POR,ALPHA,BETA,Ks,Kb,Kz,Qthresh,Rs,Rb1,Rb2,Prec,Frac4Rise,Error,BFF
10133000,5.90517e+08,29261.7,100,257.15,0.15,0.007708,1,74.4195,15824.3,0.911705,70950.6,-0.091161,-0.036977,-0.018251,2446.57,0.05,0.407812,0.327949
