tmp.site,tmp.area,Lb,X1,Wb,POR,ALPHA,BETA,Ks,Kb,Kz,Qthresh,Rs,Rb1,Rb2,Prec,Frac4Rise,Error,BFF
01194500,5.77567e+07,10878.8,40.0734,596.434,0.15,0.038707,1,693.551,7628.41,1.07234,110096,-0.279808,-0.057417,-0.068484,146.794,0.05,0.405067,0.483461
