tmp.site,tmp.area,Lb,X1,Wb,POR,ALPHA,BETA,Ks,Kb,Kz,Qthresh,Rs,Rb1,Rb2,Prec,Frac4Rise,Error,BFF
08102500,9.27734e+09,17379.6,100,1178.75,0.15,0.025549,1,1522.87,23115.6,0.969783,1.38965e+06,-0.017543,-0.075747,-0.153028,24.4657,0.05,53.315,0.293037
