tmp.site,tmp.area,Lb,X1,Wb,POR,ALPHA,BETA,Ks,Kb,Kz,Qthresh,Rs,Rb1,Rb2,Prec,Frac4Rise,Error,BFF
07344370,1.47378e+11,6546.65,100,31990.3,0.15,0.009282,1,9716.34,12269.4,1.21182,3.22947e+06,-0.048169,-0.037412,-0.054654,337627,0.05,0.371659,0.608533
