tmp.site,tmp.area,Lb,X1,Wb,POR,ALPHA,BETA,Ks,Kb,Kz,Qthresh,Rs,Rb1,Rb2,Prec,Frac4Rise,Error,BFF
12113349,1.45816e+07,6762.36,100,166.707,0.15,0.02611,1,548.223,5214.34,0.582108,3987.91,-0.268391,-0.074068,-0.10133,36.6986,0.05,0.573068,0.281091
