tmp.site,tmp.area,Lb,X1,Wb,POR,ALPHA,BETA,Ks,Kb,Kz,Qthresh,Rs,Rb1,Rb2,Prec,Frac4Rise,Error,BFF
05438283,2.48121e+07,51377.2,100,50.4917,0.15,0.013163,1,31.1735,10025.8,0.496543,2177.45,-0.143841,-0.044416,-0.019767,151.687,0.05,0.312129,0.431617
