tmp.site,tmp.area,Lb,X1,Wb,POR,ALPHA,BETA,Ks,Kb,Kz,Qthresh,Rs,Rb1,Rb2,Prec,Frac4Rise,Error,BFF
02457704,2.5097e+08,9836.32,1357.9,950.397,0.15,0.011642,10.1,2606.34,2735.56,0.68111,60068.2,-0.315436,-0.095434,-0.045039,6091.96,0.05,0.281402,0.408638
