tmp.site,tmp.area,Lb,X1,Wb,POR,ALPHA,BETA,Ks,Kb,Kz,Qthresh,Rs,Rb1,Rb2,Prec,Frac4Rise,Error,BFF
06108800,5.24991e+09,232701,3.94331,1627.05,0.15,0.031353,0.9,959.821,8208.86,0.958917,164165,-0.113455,-0.049157,-0.098181,24.4657,0.05,26.599,0.621775
