tmp.site,tmp.area,Lb,X1,Wb,POR,ALPHA,BETA,Ks,Kb,Kz,Qthresh,Rs,Rb1,Rb2,Prec,Frac4Rise,Error,BFF
05533400,3.36698e+07,4823.18,608.377,174.292,0.15,0.023922,0.9,435.102,93552.4,0.205467,28624.9,-0.396107,-0.110523,-0.155308,24.4657,0.05,1.10198,0.245561
