tmp.site,tmp.area,Lb,X1,Wb,POR,ALPHA,BETA,Ks,Kb,Kz,Qthresh,Rs,Rb1,Rb2,Prec,Frac4Rise,Error,BFF
09421500,4.44701e+11,61093.9,24.3363,26573,0.15,0.008445,0.9,4608.91,3259.74,0.977466,2.78909e+07,-0.03412,-0.025384,-0.053339,716845,0.05,0.440857,0.943616
