tmp.site,tmp.area,Lb,X1,Wb,POR,ALPHA,BETA,Ks,Kb,Kz,Qthresh,Rs,Rb1,Rb2,Prec,Frac4Rise,Error,BFF
02335350,2.29732e+07,7603.75,100,153.106,0.15,0.013531,1,671.015,6551.97,0.893603,28135.6,-0.817794,-0.125614,-0.100999,232.424,0.05,0.405754,0.208153
