tmp.site,tmp.area,Lb,X1,Wb,POR,ALPHA,BETA,Ks,Kb,Kz,Qthresh,Rs,Rb1,Rb2,Prec,Frac4Rise,Error,BFF
03177120,1.89328e+08,8930.02,100,433.618,0.15,0.014482,1,988.204,9264.34,0.893264,20546.3,-0.200965,-0.08986,-0.048743,1279.04,0.05,0.362043,0.343762
