tmp.site,tmp.area,Lb,X1,Wb,POR,ALPHA,BETA,Ks,Kb,Kz,Qthresh,Rs,Rb1,Rb2,Prec,Frac4Rise,Error,BFF
03351350,3.34885e+09,8345.95,100,2291.54,0.15,0.009814,1,8763.87,11207.2,0.962888,58729.9,-0.193383,-0.082046,-0.079108,6238.76,0.05,0.386544,0.362565
