tmp.site,tmp.area,Lb,X1,Wb,POR,ALPHA,BETA,Ks,Kb,Kz,Qthresh,Rs,Rb1,Rb2,Prec,Frac4Rise,Error,BFF
07075000,7.82176e+08,13989.8,0.667935,1210.19,0.15,0.012137,1.1,3839.72,231.308,1.11596,97862.9,-0.166583,-0.098968,-0.079981,24.4657,0.05,1.29897,0.356786
