tmp.site,tmp.area,Lb,X1,Wb,POR,ALPHA,BETA,Ks,Kb,Kz,Qthresh,Rs,Rb1,Rb2,Prec,Frac4Rise,Error,BFF
01374821,6.16417e+07,31540.4,100,118.408,0.15,0.010428,1,200.653,3504.46,0.916998,23903,-0.066766,-0.057783,-0.056225,1419.01,0.05,0.474292,0.213948
