tmp.site,tmp.area,Lb,X1,Wb,POR,ALPHA,BETA,Ks,Kb,Kz,Qthresh,Rs,Rb1,Rb2,Prec,Frac4Rise,Error,BFF
03315500,1.39963e+10,11796.5,100,5512.09,0.15,0.012204,1,15585.2,11500.5,2.48434,1.44348e+06,-0.098487,-0.065486,-0.059532,88179.3,0.05,0.420893,0.366393
