tmp.site,tmp.area,Lb,X1,Wb,POR,ALPHA,BETA,Ks,Kb,Kz,Qthresh,Rs,Rb1,Rb2,Prec,Frac4Rise,Error,BFF
06258000,8.70236e+08,70898.8,100,79.6266,0.15,0.055746,1,2088.72,11827,0.953781,24465.7,-0.143841,-0.042196,-0.075856,244.657,0.05,3.27299,0.229051
