tmp.site,tmp.area,Lb,X1,Wb,POR,ALPHA,BETA,Ks,Kb,Kz,Qthresh,Rs,Rb1,Rb2,Prec,Frac4Rise,Error,BFF
08211200,4.30223e+10,22453.3,100,1127.06,0.15,0.00211,1,250.492,3621.8,0.935812,274016,-0.041371,-0.058933,-0.057834,9015.62,0.05,0.354983,0.437575
