tmp.site,tmp.area,Lb,X1,Wb,POR,ALPHA,BETA,Ks,Kb,Kz,Qthresh,Rs,Rb1,Rb2,Prec,Frac4Rise,Error,BFF
11376460,2.64179e+08,1.92685e+06,100,124.773,0.15,0.074675,1,755.212,220.508,0.594747,19327.9,-0.103295,-0.017983,-0.006899,1345.61,0.05,0.575174,0.169042
