tmp.site,tmp.area,Lb,X1,Wb,POR,ALPHA,BETA,Ks,Kb,Kz,Qthresh,Rs,Rb1,Rb2,Prec,Frac4Rise,Error,BFF
01582500,4.14398e+08,18317.2,0.401063,691.26,0.15,0.012285,0.9,493.464,53.2584,1.06296,114989,-0.127374,-0.0328,-0.039857,12290.6,0.05,0.287606,0.596722
