tmp.site,tmp.area,Lb,X1,Wb,POR,ALPHA,BETA,Ks,Kb,Kz,Qthresh,Rs,Rb1,Rb2,Prec,Frac4Rise,Error,BFF
06909950,3.52238e+08,7993.5,13.5398,456.586,0.15,0.009031,1.1,2842.17,3260.68,0.948556,13945.5,-0.275658,-0.152603,-0.11938,24.4657,0.05,0.869642,0.143098
