tmp.site,tmp.area,Lb,X1,Wb,POR,ALPHA,BETA,Ks,Kb,Kz,Qthresh,Rs,Rb1,Rb2,Prec,Frac4Rise,Error,BFF
04067958,1.15772e+09,64616.3,100,573.972,0.15,0.011324,1,555.025,3716.49,0.910264,633662,-0.050891,-0.034027,-0.01988,31316.1,0.05,0.257393,0.498381
