tmp.site,tmp.area,Lb,X1,Wb,POR,ALPHA,BETA,Ks,Kb,Kz,Qthresh,Rs,Rb1,Rb2,Prec,Frac4Rise,Error,BFF
040851385,1.63946e+10,28400,31.8719,7914.17,0.15,0.0099,0.9,9417.5,10944.1,0.894926,1.26977e+07,-0.103801,-0.033768,-0.072481,177190,0.05,0.423022,0.732362
