tmp.site,tmp.area,Lb,X1,Wb,POR,ALPHA,BETA,Ks,Kb,Kz,Qthresh,Rs,Rb1,Rb2,Prec,Frac4Rise,Error,BFF
02327500,1.42449e+09,6342.62,249.829,2129.5,0.15,0.014271,1.1,4278.3,28584.6,0.924653,14679.4,-0.113395,-0.085976,-0.061416,1566.56,0.05,0.433534,0.419652
