tmp.site,tmp.area,Lb,X1,Wb,POR,ALPHA,BETA,Ks,Kb,Kz,Qthresh,Rs,Rb1,Rb2,Prec,Frac4Rise,Error,BFF
09383100,2.95963e+11,29395.7,100,66762.9,0.15,0.006988,1,700.622,8624.34,0.95035,2.12118e+07,-0.019044,-0.017616,-0.043499,1.29287e+06,0.05,0.358856,0.962594
