tmp.site,tmp.area,Lb,X1,Wb,POR,ALPHA,BETA,Ks,Kb,Kz,Qthresh,Rs,Rb1,Rb2,Prec,Frac4Rise,Error,BFF
03298250,2.87489e+07,9509.9,91.2201,200.181,0.15,0.012779,2.7,361.936,5005.98,1.05307,6361.09,-0.325526,-0.103292,-0.058421,538.246,0.05,0.361509,0.336412
