tmp.site,tmp.area,Lb,X1,Wb,POR,ALPHA,BETA,Ks,Kb,Kz,Qthresh,Rs,Rb1,Rb2,Prec,Frac4Rise,Error,BFF
05290000,1.12923e+09,16846.1,100,596.458,0.15,0.025571,1,696.769,23440.7,0.885006,1957.26,-0.115944,-0.055659,-0.054271,24.4657,0.05,0.665261,0.417083
