tmp.site,tmp.area,Lb,X1,Wb,POR,ALPHA,BETA,Ks,Kb,Kz,Qthresh,Rs,Rb1,Rb2,Prec,Frac4Rise,Error,BFF
06870300,3.03029e+08,26666.3,68.2079,104.312,0.15,0.035179,1,1131.79,26047.2,1.07028,36698.6,-0.260176,-0.08054,-0.098344,24.4657,0.05,3.99669,0.171105
