tmp.site,tmp.area,Lb,X1,Wb,POR,ALPHA,BETA,Ks,Kb,Kz,Qthresh,Rs,Rb1,Rb2,Prec,Frac4Rise,Error,BFF
02094500,3.39288e+08,11112.9,14.9141,291.073,0.15,0.006668,1.1,1409.94,1819.38,1.09451,14459.2,-0.168236,-0.112056,-0.098491,485.914,0.05,0.479357,0.162276
