tmp.site,tmp.area,Lb,X1,Wb,POR,ALPHA,BETA,Ks,Kb,Kz,Qthresh,Rs,Rb1,Rb2,Prec,Frac4Rise,Error,BFF
02469525,4.52911e+10,2.46247e+06,7.45742,9.33474,0.15,0.01,0.6,11472.2,2.89005e+06,31.3162,2.3607e+07,-0.145637,-0.070808,-0.099809,442829,0.05,0.978034,0.007281
