tmp.site,tmp.area,Lb,X1,Wb,POR,ALPHA,BETA,Ks,Kb,Kz,Qthresh,Rs,Rb1,Rb2,Prec,Frac4Rise,Error,BFF
04010510,1.81299e+07,11032.9,100,97.7032,0.15,0.020376,1,170.501,5032.68,0.6005,2006.19,-0.157593,-0.069048,-0.058221,97.8629,0.05,0.785323,0.243537
