tmp.site,tmp.area,Lb,X1,Wb,POR,ALPHA,BETA,Ks,Kb,Kz,Qthresh,Rs,Rb1,Rb2,Prec,Frac4Rise,Error,BFF
13305000,2.32322e+09,15818.7,10.6547,2311.15,0.15,0.007036,1,7.87485,1261.6,0.888861,614089,-0.04922,-0.024306,-0.024553,17126,0.05,0.262035,0.816105
