tmp.site,tmp.area,Lb,X1,Wb,POR,ALPHA,BETA,Ks,Kb,Kz,Qthresh,Rs,Rb1,Rb2,Prec,Frac4Rise,Error,BFF
03238000,1.81636e+11,4.93135e+06,4.37911,9.93463,0.15,0.01,0.6,18536.5,4.37234e+06,51.4927,1.83493e+07,-0.115804,-0.05352,-0.048626,1.73707e+06,0.05,0.969543,0.003753
