tmp.site,tmp.area,Lb,X1,Wb,POR,ALPHA,BETA,Ks,Kb,Kz,Qthresh,Rs,Rb1,Rb2,Prec,Frac4Rise,Error,BFF
14238800,3.78397e+09,48525.2,16109.5,3817.29,0.15,0.008261,10.1,419.037,3434.43,1.8292,7.68223e+06,-0.016434,-0.041433,-0.025978,447723,0.05,0.296756,0.620197
