tmp.site,tmp.area,Lb,X1,Wb,POR,ALPHA,BETA,Ks,Kb,Kz,Qthresh,Rs,Rb1,Rb2,Prec,Frac4Rise,Error,BFF
07018500,2.37502e+09,10805.7,434.193,1620.1,0.15,0.00689,9.4,3599.1,651.942,1.03846,366986,-0.146514,-0.091936,-0.03908,16636.7,0.05,0.348519,0.319365
