tmp.site,tmp.area,Lb,X1,Wb,POR,ALPHA,BETA,Ks,Kb,Kz,Qthresh,Rs,Rb1,Rb2,Prec,Frac4Rise,Error,BFF
03032500,1.36751e+09,18838.6,159.975,1403.15,0.15,0.010855,1.2,4064.12,37118.7,1.00251,107649,-0.173924,-0.076215,-0.055523,10030.9,0.05,0.368012,0.445915
