tmp.site,tmp.area,Lb,X1,Wb,POR,ALPHA,BETA,Ks,Kb,Kz,Qthresh,Rs,Rb1,Rb2,Prec,Frac4Rise,Error,BFF
03106300,1.33384e+08,27264.8,100,308.138,0.15,0.037222,1,106.876,38170.7,0.936341,16343.1,-0.032541,-0.047621,-0.069266,342.52,0.05,0.906927,0.566871
