tmp.site,tmp.area,Lb,X1,Wb,POR,ALPHA,BETA,Ks,Kb,Kz,Qthresh,Rs,Rb1,Rb2,Prec,Frac4Rise,Error,BFF
08253000,4.84328e+07,13769,14.9798,398.701,0.15,0.016042,1,272.287,1413.06,0.428297,10030.9,-0.139515,-0.023339,-0.024426,440.383,0.05,0.285826,0.646177
