tmp.site,tmp.area,Lb,X1,Wb,POR,ALPHA,BETA,Ks,Kb,Kz,Qthresh,Rs,Rb1,Rb2,Prec,Frac4Rise,Error,BFF
12105900,5.72387e+08,9571.89,3990.61,2214.47,0.15,0.010132,10.1,406.844,188.557,1.3759,670361,-0.026368,-0.059699,-0.024878,47218.8,0.05,0.338377,0.487423
