tmp.site,tmp.area,Lb,X1,Wb,POR,ALPHA,BETA,Ks,Kb,Kz,Qthresh,Rs,Rb1,Rb2,Prec,Frac4Rise,Error,BFF
04213319,9.06496e+07,10124.3,100,366.834,0.15,0.015367,1,1148.06,18771.5,1.02493,21600.3,-0.323767,-0.091896,-0.065068,834.281,0.05,0.379295,0.360657
