tmp.site,tmp.area,Lb,X1,Wb,POR,ALPHA,BETA,Ks,Kb,Kz,Qthresh,Rs,Rb1,Rb2,Prec,Frac4Rise,Error,BFF
14238000,3.62598e+09,25740.1,2.60009,10244.8,0.15,0.011362,3.1,547.087,22.6256,1.95981,9.88415e+06,-0.019716,-0.032936,-0.0236,290017,0.05,0.358299,0.881578
