tmp.site,tmp.area,Lb,X1,Wb,POR,ALPHA,BETA,Ks,Kb,Kz,Qthresh,Rs,Rb1,Rb2,Prec,Frac4Rise,Error,BFF
04079000,5.85337e+09,59786.6,100,1891,0.15,0.005601,1,778.352,4510.04,0.964486,2.29978e+06,-0.046518,-0.025145,-0.020722,125020,0.05,0.314392,0.478786
