tmp.site,tmp.area,Lb,X1,Wb,POR,ALPHA,BETA,Ks,Kb,Kz,Qthresh,Rs,Rb1,Rb2,Prec,Frac4Rise,Error,BFF
03383000,6.60447e+08,30507.5,33.0137,532.665,0.15,0.016345,1,1947.8,23854.7,0.929459,17775.1,-0.10593,-0.109317,-0.134197,24.4657,0.05,2.43121,0.255234
