tmp.site,tmp.area,Lb,X1,Wb,POR,ALPHA,BETA,Ks,Kb,Kz,Qthresh,Rs,Rb1,Rb2,Prec,Frac4Rise,Error,BFF
07139500,7.92536e+10,114505,23.8907,1335.26,0.15,0.096357,0.9,53154.8,1471.86,1.10947,271569,-0.131182,-0.043794,-0.072791,24.4657,0.05,200.897,0.168196
