tmp.site,tmp.area,Lb,X1,Wb,POR,ALPHA,BETA,Ks,Kb,Kz,Qthresh,Rs,Rb1,Rb2,Prec,Frac4Rise,Error,BFF
01158600,1.22247e+08,9104.66,100,347.042,0.15,0.021339,1,380.551,13408,0.998261,161474,-0.066405,-0.069487,-0.063176,391.451,0.05,0.461084,0.386526
