tmp.site,tmp.area,Lb,X1,Wb,POR,ALPHA,BETA,Ks,Kb,Kz,Qthresh,Rs,Rb1,Rb2,Prec,Frac4Rise,Error,BFF
02351890,9.37576e+08,34724.8,20.6764,694.783,0.15,0.010848,1.1,1842.64,6282.76,1.08679,919911,-0.124735,-0.055771,-0.050459,6777,0.05,0.37949,0.445845
