tmp.site,tmp.area,Lb,X1,Wb,POR,ALPHA,BETA,Ks,Kb,Kz,Qthresh,Rs,Rb1,Rb2,Prec,Frac4Rise,Error,BFF
03262000,6.65627e+08,5144.33,100,770.153,0.15,0.008527,1,4012,5915.22,0.949481,10275.6,-0.202733,-0.15245,-0.059766,929.697,0.05,0.477326,0.150622
