tmp.site,tmp.area,Lb,X1,Wb,POR,ALPHA,BETA,Ks,Kb,Kz,Qthresh,Rs,Rb1,Rb2,Prec,Frac4Rise,Error,BFF
07179710,1.36751e+09,4580.49,0.096934,1898.01,0.15,0.006595,1,1527,14.6245,0.899509,80736.9,-0.099695,-0.116776,-0.118599,1710.64,0.05,0.541212,0.400309
