tmp.site,tmp.area,Lb,X1,Wb,POR,ALPHA,BETA,Ks,Kb,Kz,Qthresh,Rs,Rb1,Rb2,Prec,Frac4Rise,Error,BFF
03056250,2.50452e+08,7806.39,100,736.175,0.15,0.015536,1,2362.67,17662.5,0.971794,3425.2,-0.241384,-0.092981,-0.080265,391.451,0.05,0.438382,0.335957
