tmp.site,tmp.area,Lb,X1,Wb,POR,ALPHA,BETA,Ks,Kb,Kz,Qthresh,Rs,Rb1,Rb2,Prec,Frac4Rise,Error,BFF
07364500,4.26053e+09,24192.4,65.7217,4087.52,0.15,0.012561,0.9,517.551,16531.4,1.10746,181046,-0.049919,-0.028051,-0.043402,17370.7,0.05,0.437401,0.557777
