tmp.site,tmp.area,Lb,X1,Wb,POR,ALPHA,BETA,Ks,Kb,Kz,Qthresh,Rs,Rb1,Rb2,Prec,Frac4Rise,Error,BFF
05270500,2.66769e+09,35835.8,100,892.478,0.15,0.01136,1,641.531,9141.65,0.93084,574944,-0.053362,-0.029341,-0.037692,2201.91,0.05,0.643037,0.461228
