tmp.site,tmp.area,Lb,X1,Wb,POR,ALPHA,BETA,Ks,Kb,Kz,Qthresh,Rs,Rb1,Rb2,Prec,Frac4Rise,Error,BFF
02059500,4.86918e+08,40908.9,320.474,487.358,0.15,0.00731,3.4,1466.59,13410.2,0.796185,159027,-0.288908,-0.062079,-0.039499,5042.38,0.05,0.330771,0.431733
