tmp.site,tmp.area,Lb,X1,Wb,POR,ALPHA,BETA,Ks,Kb,Kz,Qthresh,Rs,Rb1,Rb2,Prec,Frac4Rise,Error,BFF
02215260,1.15513e+10,17047,100,3289.33,0.15,0.007299,1,3342.42,8264,1.23032,2.66676e+06,-0.074098,-0.053851,-0.030444,146476,0.05,0.317742,0.449408
