tmp.site,tmp.area,Lb,X1,Wb,POR,ALPHA,BETA,Ks,Kb,Kz,Qthresh,Rs,Rb1,Rb2,Prec,Frac4Rise,Error,BFF
07116500,4.81479e+09,12001.4,107.971,157.047,0.15,0.020826,0.9,3640.49,23528.7,0.981367,63610.9,-0.143841,-0.079451,-0.152669,24.4657,0.05,15.0677,0.149485
