tmp.site,tmp.area,Lb,X1,Wb,POR,ALPHA,BETA,Ks,Kb,Kz,Qthresh,Rs,Rb1,Rb2,Prec,Frac4Rise,Error,BFF
03145534,2.61589e+08,49516.6,212.806,387.76,0.15,0.00925,3.1,2184.79,17828.9,1.43265,49154.1,-0.276044,-0.101179,-0.053124,3452.36,0.05,0.358989,0.329476
