tmp.site,tmp.area,Lb,X1,Wb,POR,ALPHA,BETA,Ks,Kb,Kz,Qthresh,Rs,Rb1,Rb2,Prec,Frac4Rise,Error,BFF
09033300,5.80157e+08,18578.2,2017,502.43,0.15,0.004609,2.2,504.971,2581.51,0.400108,101533,-0.102111,-0.046683,-0.027929,6116.92,0.05,0.405877,0.21205
