tmp.site,tmp.area,Lb,X1,Wb,POR,ALPHA,BETA,Ks,Kb,Kz,Qthresh,Rs,Rb1,Rb2,Prec,Frac4Rise,Error,BFF
06893080,1.19139e+08,12848.1,204.033,294.366,0.15,0.00909,1,1250.81,92890.6,0.995275,17468.5,-0.298673,-0.117773,-0.119748,24.4657,0.05,0.789654,0.238199
