tmp.site,tmp.area,Lb,X1,Wb,POR,ALPHA,BETA,Ks,Kb,Kz,Qthresh,Rs,Rb1,Rb2,Prec,Frac4Rise,Error,BFF
02110701,4.89508e+07,15559.3,76.8212,113.19,0.15,0.03521,0.9,884.1,28503.5,1.16082,71978.1,-0.306707,-0.061578,-0.178195,44.0383,0.05,1.8291,0.236763
