tmp.site,tmp.area,Lb,X1,Wb,POR,ALPHA,BETA,Ks,Kb,Kz,Qthresh,Rs,Rb1,Rb2,Prec,Frac4Rise,Error,BFF
09497700,7.91661e+07,156917,100,490.771,0.15,0.019523,1,136.155,1170.41,0.583067,17126,-0.081059,-0.027731,-0.016435,195.726,0.05,26.5641,0.53419
