tmp.site,tmp.area,Lb,X1,Wb,POR,ALPHA,BETA,Ks,Kb,Kz,Qthresh,Rs,Rb1,Rb2,Prec,Frac4Rise,Error,BFF
02024915,7.01887e+07,44871,100,261.232,0.15,0.009357,1,639.656,36876.6,0.843813,31805.4,-0.230183,-0.048625,-0.039604,562.711,0.05,0.344806,0.486961
