tmp.site,tmp.area,Lb,X1,Wb,POR,ALPHA,BETA,Ks,Kb,Kz,Qthresh,Rs,Rb1,Rb2,Prec,Frac4Rise,Error,BFF
05525000,1.77673e+09,15765.5,0.855107,4144.98,0.15,0.02697,1.2,5131.72,198.853,1.15211,48931.4,-0.091294,-0.071863,-0.054048,3669.86,0.05,0.453344,0.507853
