tmp.site,tmp.area,Lb,X1,Wb,POR,ALPHA,BETA,Ks,Kb,Kz,Qthresh,Rs,Rb1,Rb2,Prec,Frac4Rise,Error,BFF
05580950,8.90956e+07,20691.9,187.579,230.225,0.15,0.011331,3.3,414.987,5040.55,0.709836,49176.1,-0.314756,-0.073922,-0.052675,3107.15,0.05,0.346494,0.3983
