tmp.site,tmp.area,Lb,X1,Wb,POR,ALPHA,BETA,Ks,Kb,Kz,Qthresh,Rs,Rb1,Rb2,Prec,Frac4Rise,Error,BFF
07231000,2.29991e+09,5166.55,100,1318.24,0.15,0.011229,1,7075.33,10303.3,0.929724,127222,-0.186785,-0.104005,-0.124333,24.4657,0.05,2.21201,0.178679
