tmp.site,tmp.area,Lb,X1,Wb,POR,ALPHA,BETA,Ks,Kb,Kz,Qthresh,Rs,Rb1,Rb2,Prec,Frac4Rise,Error,BFF
06817000,1.97357e+09,19892.7,92.461,945.948,0.15,0.006449,1.1,4275.43,16544.2,1.01648,154134,-0.193748,-0.072699,-0.056796,1957.26,0.05,0.578183,0.280172
