tmp.site,tmp.area,Lb,X1,Wb,POR,ALPHA,BETA,Ks,Kb,Kz,Qthresh,Rs,Rb1,Rb2,Prec,Frac4Rise,Error,BFF
11316605,1.90364e+07,9431.75,100,390.617,0.15,0.016899,1,34.135,877.428,0.147713,18593.9,-0.022226,-0.01554,-0.01996,807.369,0.05,0.38845,0.506018
