tmp.site,tmp.area,Lb,X1,Wb,POR,ALPHA,BETA,Ks,Kb,Kz,Qthresh,Rs,Rb1,Rb2,Prec,Frac4Rise,Error,BFF
10293500,2.84899e+09,7071.62,178.66,1369.84,0.15,0.008932,0.9,113.303,6578.14,0.71917,112787,-0.061472,-0.027119,-0.032284,3157.3,0.05,0.369039,0.525462
