tmp.site,tmp.area,Lb,X1,Wb,POR,ALPHA,BETA,Ks,Kb,Kz,Qthresh,Rs,Rb1,Rb2,Prec,Frac4Rise,Error,BFF
05056000,5.36128e+09,11415.9,303.737,720.995,0.15,0.012947,1,910.458,27512.2,0.848925,41591.7,-0.111572,-0.053067,-0.051849,124.775,0.05,0.688281,0.333315
