tmp.site,tmp.area,Lb,X1,Wb,POR,ALPHA,BETA,Ks,Kb,Kz,Qthresh,Rs,Rb1,Rb2,Prec,Frac4Rise,Error,BFF
02320700,2.4579e+08,9771.63,489.344,662.257,0.15,0.050311,0.9,346.915,67076.4,0.251496,3131.61,-0.091161,-0.054952,-0.080134,24.4657,0.05,0.565676,0.479361
