tmp.site,tmp.area,Lb,X1,Wb,POR,ALPHA,BETA,Ks,Kb,Kz,Qthresh,Rs,Rb1,Rb2,Prec,Frac4Rise,Error,BFF
02395000,4.23204e+09,28881.6,23.7497,4177.34,0.15,0.008558,0.9,309.613,16145.5,0.890436,5.87177e+06,-0.011268,-0.05409,-0.077198,112053,0.05,0.634562,0.884487
