tmp.site,tmp.area,Lb,X1,Wb,POR,ALPHA,BETA,Ks,Kb,Kz,Qthresh,Rs,Rb1,Rb2,Prec,Frac4Rise,Error,BFF
09124010,2.16523e+08,36453.6,100,253.625,0.15,0.010972,1,79.631,15547.3,0.878347,68504,-0.076102,-0.027921,-0.021656,3058.21,0.05,0.330599,0.389626
