tmp.site,tmp.area,Lb,X1,Wb,POR,ALPHA,BETA,Ks,Kb,Kz,Qthresh,Rs,Rb1,Rb2,Prec,Frac4Rise,Error,BFF
02148000,1.31312e+10,38435.5,28.3532,2946.19,0.15,0.009553,0.9,5399.9,27140.3,1.71635,7.97582e+06,-0.066714,-0.049575,-0.12292,86474.1,0.05,1.14204,0.602295
