tmp.site,tmp.area,Lb,X1,Wb,POR,ALPHA,BETA,Ks,Kb,Kz,Qthresh,Rs,Rb1,Rb2,Prec,Frac4Rise,Error,BFF
10136600,4.22168e+09,10946.6,232.823,1342.89,0.15,0.007778,1,1269.67,9401.66,0.921328,124530,-0.08319,-0.041125,-0.038011,10809.9,0.05,0.271184,0.482207
