tmp.site,tmp.area,Lb,X1,Wb,POR,ALPHA,BETA,Ks,Kb,Kz,Qthresh,Rs,Rb1,Rb2,Prec,Frac4Rise,Error,BFF
02301900,2.46049e+07,1453.28,193.373,249.373,0.15,0.016349,1,194.421,1945.94,0.22592,7070.59,-0.168236,-0.089713,-0.081659,24.4657,0.05,1.34947,0.221628
