tmp.site,tmp.area,Lb,X1,Wb,POR,ALPHA,BETA,Ks,Kb,Kz,Qthresh,Rs,Rb1,Rb2,Prec,Frac4Rise,Error,BFF
14138900,2.15487e+07,7907.49,1604.82,803.026,0.15,0.003387,1.5,351.513,15478.2,0.249512,24465.7,-0.235002,-0.084996,-0.016123,2397.64,0.05,0.291624,0.382344
