tmp.site,tmp.area,Lb,X1,Wb,POR,ALPHA,BETA,Ks,Kb,Kz,Qthresh,Rs,Rb1,Rb2,Prec,Frac4Rise,Error,BFF
01395000,1.05931e+08,8896.65,100,240.738,0.15,0.016691,1,2116.5,10538,1.00151,75843.7,-0.538424,-0.084361,-0.144085,48.9314,0.05,1.94789,0.220843
