tmp.site,tmp.area,Lb,X1,Wb,POR,ALPHA,BETA,Ks,Kb,Kz,Qthresh,Rs,Rb1,Rb2,Prec,Frac4Rise,Error,BFF
06092020,9.48195e+08,12534.9,100,733.837,0.15,0.009004,1,595.926,10005.7,0.938712,261783,-0.063924,-0.051249,-0.047351,2250.72,0.05,0.402162,0.36178
