tmp.site,tmp.area,Lb,X1,Wb,POR,ALPHA,BETA,Ks,Kb,Kz,Qthresh,Rs,Rb1,Rb2,Prec,Frac4Rise,Error,BFF
03289000,6.21597e+07,11492.4,100,258.556,0.15,0.027561,1,406.407,26229.1,0.970523,23855.1,-0.242754,-0.087753,-0.094444,244.657,0.05,0.451868,0.391674
