tmp.site,tmp.area,Lb,X1,Wb,POR,ALPHA,BETA,Ks,Kb,Kz,Qthresh,Rs,Rb1,Rb2,Prec,Frac4Rise,Error,BFF
05427530,6.63037e+09,39487.6,48.1651,4204.79,0.15,0.011903,0.9,1151.5,10356.7,1.00554,5.60607e+06,-0.042729,-0.026649,-0.054807,44461.5,0.05,0.505276,0.718905
