tmp.site,tmp.area,Lb,X1,Wb,POR,ALPHA,BETA,Ks,Kb,Kz,Qthresh,Rs,Rb1,Rb2,Prec,Frac4Rise,Error,BFF
01654670,8.65056e+07,7128.81,116.044,401.501,0.15,0.013171,0.9,1530.64,73530.2,1.13998,25065.1,-0.390746,-0.098513,-0.172662,100.309,0.05,0.638757,0.455707
