tmp.site,tmp.area,Lb,X1,Wb,POR,ALPHA,BETA,Ks,Kb,Kz,Qthresh,Rs,Rb1,Rb2,Prec,Frac4Rise,Error,BFF
04122100,4.32528e+07,84533.6,100,129.484,0.15,0.005347,1,242.245,73582.2,0.736508,23707.3,-0.202733,-0.040713,-0.030108,567.605,0.05,0.28673,0.578305
