tmp.site,tmp.area,Lb,X1,Wb,POR,ALPHA,BETA,Ks,Kb,Kz,Qthresh,Rs,Rb1,Rb2,Prec,Frac4Rise,Error,BFF
07324400,3.95232e+09,19444.4,100,198.839,0.15,0.004077,1,395.813,775.18,1.02158,39145.1,-0.058347,-0.093865,-0.102911,51.378,0.05,2.23475,0.077048
