tmp.site,tmp.area,Lb,X1,Wb,POR,ALPHA,BETA,Ks,Kb,Kz,Qthresh,Rs,Rb1,Rb2,Prec,Frac4Rise,Error,BFF
03041029,1.75601e+09,43622.5,358.241,1377.23,0.15,0.008284,3,4091.52,22056.5,1.17389,599410,-0.216497,-0.059311,-0.03588,39634.5,0.05,0.297278,0.51758
