tmp.site,tmp.area,Lb,X1,Wb,POR,ALPHA,BETA,Ks,Kb,Kz,Qthresh,Rs,Rb1,Rb2,Prec,Frac4Rise,Error,BFF
06880800,3.08727e+09,31164.9,9794.8,795.777,0.15,0.003845,6.3,2027.48,347.642,0.458097,59451.7,-0.091161,-0.090653,-0.037982,6214.29,0.05,0.330739,0.293593
