tmp.site,tmp.area,Lb,X1,Wb,POR,ALPHA,BETA,Ks,Kb,Kz,Qthresh,Rs,Rb1,Rb2,Prec,Frac4Rise,Error,BFF
01209901,8.80596e+07,24855.7,100,294.56,0.15,0.015707,1,818.799,33275.9,0.946092,17713.2,-0.301197,-0.064807,-0.063718,401.238,0.05,0.374732,0.405764
