tmp.site,tmp.area,Lb,X1,Wb,POR,ALPHA,BETA,Ks,Kb,Kz,Qthresh,Rs,Rb1,Rb2,Prec,Frac4Rise,Error,BFF
10396000,5.17998e+08,69980.6,100,255.879,0.15,0.019808,1,734.085,2562.4,1.02794,122329,-0.120581,-0.031402,-0.020073,5627.11,0.05,0.354209,0.270585
