tmp.site,tmp.area,Lb,X1,Wb,POR,ALPHA,BETA,Ks,Kb,Kz,Qthresh,Rs,Rb1,Rb2,Prec,Frac4Rise,Error,BFF
06465500,2.99921e+10,21746.1,100,3044.37,0.15,0.008394,1,1853.38,13958.4,0.930753,4.55062e+06,-0.07945,-0.026965,-0.040098,131136,0.05,0.270047,0.75288
