tmp.site,tmp.area,Lb,X1,Wb,POR,ALPHA,BETA,Ks,Kb,Kz,Qthresh,Rs,Rb1,Rb2,Prec,Frac4Rise,Error,BFF
11433930,9.94555e+06,4565.87,100,382.835,0.15,0.012179,1,78.6972,1839.5,0.240325,21774.5,-0.077075,-0.037169,-0.092695,173.707,0.05,0.957118,0.713919
