tmp.site,tmp.area,Lb,X1,Wb,POR,ALPHA,BETA,Ks,Kb,Kz,Qthresh,Rs,Rb1,Rb2,Prec,Frac4Rise,Error,BFF
09358000,1.82853e+08,26136.4,7897.4,570.713,0.15,0.010018,3.2,221.311,6183.75,0.173029,53579.9,-0.081259,-0.030029,-0.010027,3498.6,0.05,0.32158,0.336294
