tmp.site,tmp.area,Lb,X1,Wb,POR,ALPHA,BETA,Ks,Kb,Kz,Qthresh,Rs,Rb1,Rb2,Prec,Frac4Rise,Error,BFF
11174000,9.58296e+07,13046.9,100,20.5131,0.15,0.01051,1,739.255,4314.91,0.922716,318.054,-0.202733,-0.073489,-0.05222,24.4657,0.05,0.892068,0.008164
