tmp.site,tmp.area,Lb,X1,Wb,POR,ALPHA,BETA,Ks,Kb,Kz,Qthresh,Rs,Rb1,Rb2,Prec,Frac4Rise,Error,BFF
01089500,4.06628e+08,8842.35,100,1293.43,0.15,0.027877,1,1596.14,12435.4,0.880943,445276,-0.1042,-0.054778,-0.08392,1223.29,0.05,0.529854,0.485012
