tmp.site,tmp.area,Lb,X1,Wb,POR,ALPHA,BETA,Ks,Kb,Kz,Qthresh,Rs,Rb1,Rb2,Prec,Frac4Rise,Error,BFF
05474500,3.08209e+11,32075.8,7.30616,128949,0.15,0.005808,0.9,17711.3,2023.56,1.72141,9.3459e+07,-0.038003,-0.023272,-0.029094,3.66986e+06,0.05,0.309475,0.860736
