tmp.site,tmp.area,Lb,X1,Wb,POR,ALPHA,BETA,Ks,Kb,Kz,Qthresh,Rs,Rb1,Rb2,Prec,Frac4Rise,Error,BFF
08037180,4.18801e+09,8063.08,100,2687.53,0.15,0.012279,1,4045.4,12908.3,0.922832,46974.2,-0.10135,-0.078267,-0.040147,4844.21,0.05,0.437905,0.433822
