tmp.site,tmp.area,Lb,X1,Wb,POR,ALPHA,BETA,Ks,Kb,Kz,Qthresh,Rs,Rb1,Rb2,Prec,Frac4Rise,Error,BFF
11136045,2.97849e+08,6939.41,100,13.7248,0.15,0.010018,1,3682.8,1146.22,0.069983,444.542,-0.501651,-0.002,-0.001,24.4657,0.05,7.31241,0.011217
