tmp.site,tmp.area,Lb,X1,Wb,POR,ALPHA,BETA,Ks,Kb,Kz,Qthresh,Rs,Rb1,Rb2,Prec,Frac4Rise,Error,BFF
02232200,6.65627e+07,23258.9,100,162.125,0.15,0.023251,1,294.837,66296.8,0.930068,6116.43,-0.188131,-0.10567,-0.118168,24.4657,0.05,1.05212,0.310271
