tmp.site,tmp.area,Lb,X1,Wb,POR,ALPHA,BETA,Ks,Kb,Kz,Qthresh,Rs,Rb1,Rb2,Prec,Frac4Rise,Error,BFF
07264200,3.91088e+08,2413.24,100,980.101,0.15,0.010901,1,1262.98,17700.1,0.899807,126194,-0.114517,-0.072356,-0.171812,645.895,0.05,0.794462,0.214085
