tmp.site,tmp.area,Lb,X1,Wb,POR,ALPHA,BETA,Ks,Kb,Kz,Qthresh,Rs,Rb1,Rb2,Prec,Frac4Rise,Error,BFF
05551545,4.94688e+07,15602,100,197.181,0.15,0.019239,1,412.28,65818.7,0.922948,1786,-0.222537,-0.087772,-0.141013,75.8437,0.05,0.628269,0.426115
