tmp.site,tmp.area,Lb,X1,Wb,POR,ALPHA,BETA,Ks,Kb,Kz,Qthresh,Rs,Rb1,Rb2,Prec,Frac4Rise,Error,BFF
06485950,2.18336e+10,32389.1,4.99132,3364.29,0.15,0.009367,1.2,3226.27,349.866,1.62031,1.37351e+06,-0.058445,-0.031653,-0.025262,48065.3,0.05,0.403283,0.485637
