tmp.site,tmp.area,Lb,X1,Wb,POR,ALPHA,BETA,Ks,Kb,Kz,Qthresh,Rs,Rb1,Rb2,Prec,Frac4Rise,Error,BFF
10133650,1.09038e+08,49641.5,31.212,135.405,0.15,0.012536,0.9,108.692,12700.3,0.09656,39389.8,-0.07388,-0.031851,-0.035536,554.54,0.05,0.284332,0.60183
