tmp.site,tmp.area,Lb,X1,Wb,POR,ALPHA,BETA,Ks,Kb,Kz,Qthresh,Rs,Rb1,Rb2,Prec,Frac4Rise,Error,BFF
02335880,3.67778e+09,58839.7,0.133594,2035.95,0.15,0.007772,0.9,3863.96,45.7886,1.17067,2.71569e+06,-0.116483,-0.040714,-0.052836,247104,0.05,0.222191,0.664601
