tmp.site,tmp.area,Lb,X1,Wb,POR,ALPHA,BETA,Ks,Kb,Kz,Qthresh,Rs,Rb1,Rb2,Prec,Frac4Rise,Error,BFF
12414900,7.07067e+08,38160.2,54.3314,682.634,0.15,0.010109,2.2,1263.5,2363.89,1.24244,131626,-0.160086,-0.044328,-0.026444,8122.62,0.05,0.299112,0.488363
