tmp.site,tmp.area,Lb,X1,Wb,POR,ALPHA,BETA,Ks,Kb,Kz,Qthresh,Rs,Rb1,Rb2,Prec,Frac4Rise,Error,BFF
04181100,2.03314e+08,5957.64,100,371.778,0.15,0.030259,1,1021.34,27922.7,0.943397,65088.6,-0.105185,-0.127433,-0.208595,24.4657,0.05,2.07256,0.2453
