tmp.site,tmp.area,Lb,X1,Wb,POR,ALPHA,BETA,Ks,Kb,Kz,Qthresh,Rs,Rb1,Rb2,Prec,Frac4Rise,Error,BFF
02390140,1.31053e+08,17149.1,100,387.882,0.15,0.022609,1,416.836,12835.1,0.929079,161963,-0.298623,-0.049007,-0.050082,912.424,0.05,0.316026,0.532703
