tmp.site,tmp.area,Lb,X1,Wb,POR,ALPHA,BETA,Ks,Kb,Kz,Qthresh,Rs,Rb1,Rb2,Prec,Frac4Rise,Error,BFF
06751490,1.39341e+09,25703.7,100,159.849,0.15,0.008362,1,762.055,1723.37,0.976833,19083.3,-0.065394,-0.05456,-0.045234,450.169,0.05,0.501305,0.102818
