tmp.site,tmp.area,Lb,X1,Wb,POR,ALPHA,BETA,Ks,Kb,Kz,Qthresh,Rs,Rb1,Rb2,Prec,Frac4Rise,Error,BFF
14182500,2.90079e+08,10442,100,1058.44,0.15,0.012012,1,2041.69,7517.17,1.8325,61164.3,-0.20789,-0.077402,-0.022113,5871.77,0.05,0.379698,0.331477
