tmp.site,tmp.area,Lb,X1,Wb,POR,ALPHA,BETA,Ks,Kb,Kz,Qthresh,Rs,Rb1,Rb2,Prec,Frac4Rise,Error,BFF
02336490,4.11808e+09,3418.43,21.0663,6176.13,0.15,0.005078,0.9,2614.16,324.847,1.0932,2.14564e+06,-0.061007,-0.054663,-0.061321,218273,0.05,0.197704,0.507657
