tmp.site,tmp.area,Lb,X1,Wb,POR,ALPHA,BETA,Ks,Kb,Kz,Qthresh,Rs,Rb1,Rb2,Prec,Frac4Rise,Error,BFF
02088000,2.16264e+08,13095.2,16.6224,408.527,0.15,0.011441,1,1491.05,3520.6,1.0339,203065,-0.304799,-0.073523,-0.082802,239.764,0.05,0.447826,0.34284
