tmp.site,tmp.area,Lb,X1,Wb,POR,ALPHA,BETA,Ks,Kb,Kz,Qthresh,Rs,Rb1,Rb2,Prec,Frac4Rise,Error,BFF
01658000,1.41931e+08,10287.8,100,363.429,0.15,0.019353,1,784.061,34427.1,1.00873,132115,-0.293239,-0.080785,-0.166999,24.4657,0.05,6.98439,0.397816
