tmp.site,tmp.area,Lb,X1,Wb,POR,ALPHA,BETA,Ks,Kb,Kz,Qthresh,Rs,Rb1,Rb2,Prec,Frac4Rise,Error,BFF
02450250,2.38538e+08,15433.3,53.7231,690.8,0.15,0.013299,1.3,2412.31,15361.7,1.00777,10764.9,-0.235595,-0.104801,-0.063213,501.547,0.05,0.420932,0.358678
