tmp.site,tmp.area,Lb,X1,Wb,POR,ALPHA,BETA,Ks,Kb,Kz,Qthresh,Rs,Rb1,Rb2,Prec,Frac4Rise,Error,BFF
01644380,2.04609e+06,6473.38,50.1425,83.9004,0.15,0.009888,1.4,159.141,2212.97,0.148265,954.163,-0.346574,-0.043765,-0.033582,24.4657,0.05,0.315372,0.466653
