tmp.site,tmp.area,Lb,X1,Wb,POR,ALPHA,BETA,Ks,Kb,Kz,Qthresh,Rs,Rb1,Rb2,Prec,Frac4Rise,Error,BFF
03365500,6.06316e+09,6227.06,100,5203.32,0.15,0.008904,1,12846.9,2799.76,1.40719,778010,-0.140383,-0.073932,-0.021849,45506.2,0.05,0.361374,0.361884
