tmp.site,tmp.area,Lb,X1,Wb,POR,ALPHA,BETA,Ks,Kb,Kz,Qthresh,Rs,Rb1,Rb2,Prec,Frac4Rise,Error,BFF
01480017,2.30509e+06,2219.57,100,52.9504,0.15,0.00802,1,266.375,1468.56,0.283036,1370.08,-0.576414,-0.091412,-0.130694,24.4657,0.05,0.446838,0.113651
