tmp.site,tmp.area,Lb,X1,Wb,POR,ALPHA,BETA,Ks,Kb,Kz,Qthresh,Rs,Rb1,Rb2,Prec,Frac4Rise,Error,BFF
03189100,1.36751e+09,6200.84,100,2464.77,0.15,0.014168,1,6243.95,15723.3,1.674,81823.1,-0.237752,-0.082044,-0.083225,5627.11,0.05,0.399683,0.432033
