tmp.site,tmp.area,Lb,X1,Wb,POR,ALPHA,BETA,Ks,Kb,Kz,Qthresh,Rs,Rb1,Rb2,Prec,Frac4Rise,Error,BFF
01027200,5.77567e+08,28171.7,38.8697,966.03,0.15,0.014122,1.3,2315.62,15310.8,1.31011,115723,-0.168083,-0.077908,-0.056457,4770.81,0.05,0.413157,0.486201
