tmp.site,tmp.area,Lb,X1,Wb,POR,ALPHA,BETA,Ks,Kb,Kz,Qthresh,Rs,Rb1,Rb2,Prec,Frac4Rise,Error,BFF
03486000,1.79227e+09,7005.45,2.92182,4431.37,0.15,0.006862,0.9,751.603,881.01,0.99468,934590,-0.03914,-0.04768,-0.060722,81786.4,0.05,0.305748,0.795917
