tmp.site,tmp.area,Lb,X1,Wb,POR,ALPHA,BETA,Ks,Kb,Kz,Qthresh,Rs,Rb1,Rb2,Prec,Frac4Rise,Error,BFF
01446500,1.17456e+10,21837.1,7.09405,4659.85,0.15,0.009136,2.6,6432,115.927,2.01444,6.41002e+06,-0.114175,-0.05086,-0.034402,274016,0.05,0.248726,0.591705
