tmp.site,tmp.area,Lb,X1,Wb,POR,ALPHA,BETA,Ks,Kb,Kz,Qthresh,Rs,Rb1,Rb2,Prec,Frac4Rise,Error,BFF
02224500,1.32348e+10,12119.7,1.65165,8716.5,0.15,0.008493,2.1,32399.3,26.477,1.44465,1.09606e+06,-0.098362,-0.054081,-0.034078,105014,0.05,0.40891,0.501234
