tmp.site,tmp.area,Lb,X1,Wb,POR,ALPHA,BETA,Ks,Kb,Kz,Qthresh,Rs,Rb1,Rb2,Prec,Frac4Rise,Error,BFF
03353700,7.43068e+07,7990.4,29.2367,792.789,0.15,0.045172,1,1735.55,5984.54,1.07042,76577.7,-0.344009,-0.102901,-0.126836,24.4657,0.05,1.87367,0.313505
