tmp.site,tmp.area,Lb,X1,Wb,POR,ALPHA,BETA,Ks,Kb,Kz,Qthresh,Rs,Rb1,Rb2,Prec,Frac4Rise,Error,BFF
07342480,1.14218e+08,5668.91,119.773,205.084,0.15,0.018364,1,15600.4,47534.7,0.986518,61751.5,-0.353919,-0.192815,-0.270733,24.4657,0.05,1.63467,0.089525
