tmp.site,tmp.area,Lb,X1,Wb,POR,ALPHA,BETA,Ks,Kb,Kz,Qthresh,Rs,Rb1,Rb2,Prec,Frac4Rise,Error,BFF
08082000,1.32866e+10,5854.77,100,570.502,0.15,0.012272,1,11102,14963.5,0.937624,46484.9,-0.235002,-0.115442,-0.180784,24.4657,0.05,7.62997,0.124016
