tmp.site,tmp.area,Lb,X1,Wb,POR,ALPHA,BETA,Ks,Kb,Kz,Qthresh,Rs,Rb1,Rb2,Prec,Frac4Rise,Error,BFF
01463740,1.03341e+07,14664.4,39.102,77.9186,0.15,0.022603,1,454.014,6166.55,0.69639,3107.15,-0.365311,-0.087575,-0.091959,73.3971,0.05,0.634233,0.260549
