tmp.site,tmp.area,Lb,X1,Wb,POR,ALPHA,BETA,Ks,Kb,Kz,Qthresh,Rs,Rb1,Rb2,Prec,Frac4Rise,Error,BFF
02234400,3.31518e+07,23278.8,34.5397,129.864,0.15,0.025952,1.1,129.707,9509.51,0.828881,4893.14,-0.149917,-0.05764,-0.05199,163.92,0.05,0.404621,0.457026
