tmp.site,tmp.area,Lb,X1,Wb,POR,ALPHA,BETA,Ks,Kb,Kz,Qthresh,Rs,Rb1,Rb2,Prec,Frac4Rise,Error,BFF
08166140,1.27945e+09,481516,0.461754,266.841,0.15,0.028603,0.9,1141.03,6.56022,1.06437,183493,-0.116637,-0.026062,-0.044525,956.34,0.05,0.698067,0.422575
