tmp.site,tmp.area,Lb,X1,Wb,POR,ALPHA,BETA,Ks,Kb,Kz,Qthresh,Rs,Rb1,Rb2,Prec,Frac4Rise,Error,BFF
06287800,5.15563e+10,162075,100,6639.89,0.15,0.011023,1,1289.06,469.271,1.00295,5.9207e+06,-0.012275,-0.018606,-0.007928,406131,0.05,0.196992,0.594783
