tmp.site,tmp.area,Lb,X1,Wb,POR,ALPHA,BETA,Ks,Kb,Kz,Qthresh,Rs,Rb1,Rb2,Prec,Frac4Rise,Error,BFF
01379500,2.58999e+08,9926.86,100,561.445,0.15,0.017225,1,1199.89,13949.5,0.8986,62632.2,-0.118759,-0.078211,-0.077428,1419.01,0.05,0.449538,0.353261
