tmp.site,tmp.area,Lb,X1,Wb,POR,ALPHA,BETA,Ks,Kb,Kz,Qthresh,Rs,Rb1,Rb2,Prec,Frac4Rise,Error,BFF
03210000,1.45816e+08,17631.1,65.5036,332.537,0.15,0.013779,1,1076.04,23232.2,1.2484,51378,-0.220916,-0.084028,-0.101121,48.9314,0.05,0.682458,0.332786
