tmp.site,tmp.area,Lb,X1,Wb,POR,ALPHA,BETA,Ks,Kb,Kz,Qthresh,Rs,Rb1,Rb2,Prec,Frac4Rise,Error,BFF
07334428,4.45737e+07,9501.19,109.282,131.24,0.15,0.021113,0.9,112.413,16285.3,0.910038,25689,-0.040816,-0.100691,-0.164546,24.4657,0.05,8.05692,0.214716
