tmp.site,tmp.area,Lb,X1,Wb,POR,ALPHA,BETA,Ks,Kb,Kz,Qthresh,Rs,Rb1,Rb2,Prec,Frac4Rise,Error,BFF
03276000,9.84195e+08,47554.3,27.3574,700.466,0.15,0.007883,1,62.9194,24648.1,0.986956,92969.7,-0.005471,-0.072617,-0.079311,6116.43,0.05,1.65916,0.539542
