tmp.site,tmp.area,Lb,X1,Wb,POR,ALPHA,BETA,Ks,Kb,Kz,Qthresh,Rs,Rb1,Rb2,Prec,Frac4Rise,Error,BFF
11109000,1.67054e+09,199896,11.8823,274.83,0.15,0.022921,0.9,4200.64,635.477,1.14555,117435,-0.117047,-0.040776,-0.050601,244.657,0.05,1.96606,0.206519
