tmp.site,tmp.area,Lb,X1,Wb,POR,ALPHA,BETA,Ks,Kb,Kz,Qthresh,Rs,Rb1,Rb2,Prec,Frac4Rise,Error,BFF
03451500,2.44754e+09,17810.5,100,3203.52,0.15,0.009438,1,5155.76,6258.35,1.0181,1.27711e+06,-0.194687,-0.043057,-0.028638,102756,0.05,0.24737,0.578679
