tmp.site,tmp.area,Lb,X1,Wb,POR,ALPHA,BETA,Ks,Kb,Kz,Qthresh,Rs,Rb1,Rb2,Prec,Frac4Rise,Error,BFF
05085450,4.55838e+08,9464.82,100,243.257,0.15,0.012193,1,447.652,9976.62,0.951904,10470.3,-0.066539,-0.082385,-0.115133,24.4657,0.05,2.6702,0.125421
