tmp.site,tmp.area,Lb,X1,Wb,POR,ALPHA,BETA,Ks,Kb,Kz,Qthresh,Rs,Rb1,Rb2,Prec,Frac4Rise,Error,BFF
01661500,6.21597e+07,8979.57,100,204.074,0.15,0.016177,1,522.247,10683.7,0.946402,17126,-0.327592,-0.089442,-0.068199,342.52,0.05,0.402701,0.294173
