tmp.site,tmp.area,Lb,X1,Wb,POR,ALPHA,BETA,Ks,Kb,Kz,Qthresh,Rs,Rb1,Rb2,Prec,Frac4Rise,Error,BFF
01581700,9.01316e+07,18601.1,100,309.693,0.15,0.028952,1,346.887,6001.96,0.825119,107894,-0.458145,-0.043542,-0.043158,2075.62,0.05,0.298629,0.485897
