tmp.site,tmp.area,Lb,X1,Wb,POR,ALPHA,BETA,Ks,Kb,Kz,Qthresh,Rs,Rb1,Rb2,Prec,Frac4Rise,Error,BFF
05046000,4.50658e+09,454929,47.4958,798.746,0.15,0.041181,0.9,74.4465,61527,1.03579,949270,-0.021271,-0.01717,-0.036799,2348.71,0.05,0.626008,0.728496
