tmp.site,tmp.area,Lb,X1,Wb,POR,ALPHA,BETA,Ks,Kb,Kz,Qthresh,Rs,Rb1,Rb2,Prec,Frac4Rise,Error,BFF
05573540,2.42941e+09,3590.48,138.793,5735.43,0.15,0.016251,0.9,12653.5,15103.7,1.15842,9908.61,-0.100311,-0.082595,-0.216794,24.4657,0.05,58.0356,0.459162
