tmp.site,tmp.area,Lb,X1,Wb,POR,ALPHA,BETA,Ks,Kb,Kz,Qthresh,Rs,Rb1,Rb2,Prec,Frac4Rise,Error,BFF
01153000,4.09218e+08,10519.9,158.78,934.196,0.15,0.01275,1.2,1960.24,14440.9,1.34467,220191,-0.188818,-0.0634,-0.048068,4841.03,0.05,0.360586,0.434892
