tmp.site,tmp.area,Lb,X1,Wb,POR,ALPHA,BETA,Ks,Kb,Kz,Qthresh,Rs,Rb1,Rb2,Prec,Frac4Rise,Error,BFF
02447026,1.87256e+10,3542.4,100,12141.8,0.15,0.00937,1,5763.15,11767,3.61968,1.88631e+06,-0.129022,-0.094187,-0.087312,178130,0.05,0.2811,0.560351
