tmp.site,tmp.area,Lb,X1,Wb,POR,ALPHA,BETA,Ks,Kb,Kz,Qthresh,Rs,Rb1,Rb2,Prec,Frac4Rise,Error,BFF
02312180,2.20149e+08,28313.5,100,253.017,0.15,0.053437,1,705.967,24829.8,0.862329,99086.1,-0.077075,-0.054452,-0.133603,24.4657,0.05,6.46032,0.165817
