tmp.site,tmp.area,Lb,X1,Wb,POR,ALPHA,BETA,Ks,Kb,Kz,Qthresh,Rs,Rb1,Rb2,Prec,Frac4Rise,Error,BFF
03241500,1.63687e+08,23817.8,83.9328,311.961,0.15,0.013117,1.5,693.898,24534.5,0.877197,4893.14,-0.225993,-0.080315,-0.04844,440.383,0.05,0.37253,0.425094
