tmp.site,tmp.area,Lb,X1,Wb,POR,ALPHA,BETA,Ks,Kb,Kz,Qthresh,Rs,Rb1,Rb2,Prec,Frac4Rise,Error,BFF
05369000,4.58428e+09,10746.9,160.807,5062.75,0.15,0.002995,1.2,68.7374,8194.33,1.03565,1.02756e+06,-0.077075,-0.039193,-0.034879,106181,0.05,0.18632,0.78713
