tmp.site,tmp.area,Lb,X1,Wb,POR,ALPHA,BETA,Ks,Kb,Kz,Qthresh,Rs,Rb1,Rb2,Prec,Frac4Rise,Error,BFF
01490000,3.88498e+07,5758.42,235.69,258.173,0.15,0.016809,1.1,223.695,8254.28,0.6091,6605.74,-0.222307,-0.045289,-0.039453,440.383,0.05,0.341135,0.48965
