tmp.site,tmp.area,Lb,X1,Wb,POR,ALPHA,BETA,Ks,Kb,Kz,Qthresh,Rs,Rb1,Rb2,Prec,Frac4Rise,Error,BFF
02130840,1.33902e+08,12425.2,100,344.405,0.15,0.024096,1,639.175,15281.3,0.949293,14410.3,-0.252766,-0.057815,-0.070983,648.341,0.05,0.385124,0.417685
