tmp.site,tmp.area,Lb,X1,Wb,POR,ALPHA,BETA,Ks,Kb,Kz,Qthresh,Rs,Rb1,Rb2,Prec,Frac4Rise,Error,BFF
11460000,4.68788e+07,4843.35,245.197,278.799,0.15,0.012047,1.1,971.159,9829.54,0.850636,9052.31,-0.344994,-0.097627,-0.057874,24.4657,0.05,1.46122,0.124855
