tmp.site,tmp.area,Lb,X1,Wb,POR,ALPHA,BETA,Ks,Kb,Kz,Qthresh,Rs,Rb1,Rb2,Prec,Frac4Rise,Error,BFF
06889200,3.85908e+08,7063.85,100,444.554,0.15,0.010962,1,1675.7,8946.79,0.859309,31805.4,-0.255413,-0.096024,-0.084187,24.4657,0.05,0.716033,0.172926
