tmp.site,tmp.area,Lb,X1,Wb,POR,ALPHA,BETA,Ks,Kb,Kz,Qthresh,Rs,Rb1,Rb2,Prec,Frac4Rise,Error,BFF
03219781,1.91918e+08,2729.75,434.328,543.855,0.15,0.010462,1,2020.51,52157.9,1.63428,11578.2,-0.298729,-0.148289,-0.163359,24.4657,0.05,2.00058,0.151916
