tmp.site,tmp.area,Lb,X1,Wb,POR,ALPHA,BETA,Ks,Kb,Kz,Qthresh,Rs,Rb1,Rb2,Prec,Frac4Rise,Error,BFF
04117004,2.58999e+07,88557,100,136.625,0.15,0.037105,1,224.539,490.228,0.635611,12024.4,-0.269744,-0.061488,-0.026336,718.901,0.05,0.34914,0.384823
