tmp.site,tmp.area,Lb,X1,Wb,POR,ALPHA,BETA,Ks,Kb,Kz,Qthresh,Rs,Rb1,Rb2,Prec,Frac4Rise,Error,BFF
02304510,1.61874e+09,12121.6,204.622,1828.56,0.15,0.032769,0.9,1589.4,57842.6,1.01528,91746.4,-0.104575,-0.058767,-0.117773,207.861,0.05,1.13058,0.559865
