tmp.site,tmp.area,Lb,X1,Wb,POR,ALPHA,BETA,Ks,Kb,Kz,Qthresh,Rs,Rb1,Rb2,Prec,Frac4Rise,Error,BFF
04230500,5.30948e+08,15277.5,100,622.585,0.15,0.009345,1,998.462,9036.5,1.01612,92969.7,-0.168108,-0.057413,-0.016862,4893.14,0.05,0.372324,0.399636
