tmp.site,tmp.area,Lb,X1,Wb,POR,ALPHA,BETA,Ks,Kb,Kz,Qthresh,Rs,Rb1,Rb2,Prec,Frac4Rise,Error,BFF
05057200,1.78968e+09,78743,100,159.568,0.15,0.035947,1,858.081,17352.5,0.935806,22043.6,-0.111572,-0.047013,-0.053854,24.4657,0.05,2.92682,0.173761
