tmp.site,tmp.area,Lb,X1,Wb,POR,ALPHA,BETA,Ks,Kb,Kz,Qthresh,Rs,Rb1,Rb2,Prec,Frac4Rise,Error,BFF
01619500,7.27787e+08,50170.8,100,609.562,0.15,0.011681,1,293.691,18201.1,0.994758,261783,-0.212442,-0.026385,-0.017825,16358.3,0.05,0.215049,0.642993
