tmp.site,tmp.area,Lb,X1,Wb,POR,ALPHA,BETA,Ks,Kb,Kz,Qthresh,Rs,Rb1,Rb2,Prec,Frac4Rise,Error,BFF
06657000,4.22634e+10,16190.8,86.0807,6491.68,0.15,0.025103,1,3243.07,17296.6,0.982167,41591.7,-0.076428,-0.053158,-0.077505,51.378,0.05,7.17952,0.569437
