tmp.site,tmp.area,Lb,X1,Wb,POR,ALPHA,BETA,Ks,Kb,Kz,Qthresh,Rs,Rb1,Rb2,Prec,Frac4Rise,Error,BFF
01493112,1.58507e+07,20910.8,23.5231,149.331,0.15,0.008709,1,167.661,1568.17,0.272264,13747.3,-0.168408,-0.03043,-0.031379,574.235,0.05,0.249814,0.555124
