tmp.site,tmp.area,Lb,X1,Wb,POR,ALPHA,BETA,Ks,Kb,Kz,Qthresh,Rs,Rb1,Rb2,Prec,Frac4Rise,Error,BFF
09371000,1.36233e+09,33120.2,26.33,233.062,0.15,0.014604,0.9,1828.22,9014.48,0.994294,48931.4,-0.168236,-0.058305,-0.130397,24.4657,0.05,27.3634,0.23965
