tmp.site,tmp.area,Lb,X1,Wb,POR,ALPHA,BETA,Ks,Kb,Kz,Qthresh,Rs,Rb1,Rb2,Prec,Frac4Rise,Error,BFF
05551200,1.33902e+08,18534,100,221.794,0.15,0.019763,1,318.182,24944,0.933608,52356.6,-0.250571,-0.065918,-0.061157,283.753,0.05,0.410954,0.403765
