tmp.site,tmp.area,Lb,X1,Wb,POR,ALPHA,BETA,Ks,Kb,Kz,Qthresh,Rs,Rb1,Rb2,Prec,Frac4Rise,Error,BFF
07152500,1.40398e+11,7429.46,99.4963,7217.45,0.15,0.00817,1,20850,5833.78,1.03642,440383,-0.087945,-0.061107,-0.056226,29013.9,0.05,0.493555,0.355884
