tmp.site,tmp.area,Lb,X1,Wb,POR,ALPHA,BETA,Ks,Kb,Kz,Qthresh,Rs,Rb1,Rb2,Prec,Frac4Rise,Error,BFF
07315200,4.61018e+08,466.812,1.94744,344.147,0.15,2.9e-05,1,24268.2,0.14996,1.18372,7829.03,-0.25516,-0.217705,-0.208636,24.4657,0.05,0.500377,5.9e-05
