tmp.site,tmp.area,Lb,X1,Wb,POR,ALPHA,BETA,Ks,Kb,Kz,Qthresh,Rs,Rb1,Rb2,Prec,Frac4Rise,Error,BFF
14105700,6.13827e+11,46043.3,100,48231.2,0.15,0.007483,1,2686.97,4949.24,1.88812,2.2117e+08,-0.055775,-0.014123,-0.015159,1.4655e+07,0.05,0.24751,0.728537
