tmp.site,tmp.area,Lb,X1,Wb,POR,ALPHA,BETA,Ks,Kb,Kz,Qthresh,Rs,Rb1,Rb2,Prec,Frac4Rise,Error,BFF
07247500,3.10799e+08,5200.39,100,734.028,0.15,0.017194,1,2522.92,15249.7,0.883646,21529.8,-0.214552,-0.121044,-0.137567,24.4657,0.05,1.24105,0.218888
