tmp.site,tmp.area,Lb,X1,Wb,POR,ALPHA,BETA,Ks,Kb,Kz,Qthresh,Rs,Rb1,Rb2,Prec,Frac4Rise,Error,BFF
02419890,1.20331e+10,62892.5,74.4702,1802.96,0.15,0.009586,1.2,5825.17,24759.3,2.23238,3.30287e+06,-0.111625,-0.067722,-0.056007,143506,0.05,0.356696,0.413648
