tmp.site,tmp.area,Lb,X1,Wb,POR,ALPHA,BETA,Ks,Kb,Kz,Qthresh,Rs,Rb1,Rb2,Prec,Frac4Rise,Error,BFF
03076100,6.47497e+08,8216.01,100,1306.77,0.15,0.015658,1,2770.57,19291.7,0.925971,127466,-0.194367,-0.073629,-0.06701,10981.4,0.05,0.335041,0.476144
