tmp.site,tmp.area,Lb,X1,Wb,POR,ALPHA,BETA,Ks,Kb,Kz,Qthresh,Rs,Rb1,Rb2,Prec,Frac4Rise,Error,BFF
06808500,3.43432e+09,17197.6,33.8187,1551.1,0.15,0.008824,1,2341.02,2419.47,0.970246,234871,-0.139481,-0.035494,-0.035333,7584.37,0.05,0.458929,0.452181
