tmp.site,tmp.area,Lb,X1,Wb,POR,ALPHA,BETA,Ks,Kb,Kz,Qthresh,Rs,Rb1,Rb2,Prec,Frac4Rise,Error,BFF
02337260,5.51667e+09,41174,98.6702,3220.72,0.15,0.008178,1.8,9477.05,17645.9,1.1362,3.74325e+06,-0.14086,-0.054009,-0.043552,296794,0.05,0.261757,0.623844
