tmp.site,tmp.area,Lb,X1,Wb,POR,ALPHA,BETA,Ks,Kb,Kz,Qthresh,Rs,Rb1,Rb2,Prec,Frac4Rise,Error,BFF
04021520,1.91659e+08,49032.7,64.5065,269.519,0.15,0.014736,1,155.364,14337.7,1.08617,27890.9,-0.076214,-0.037979,-0.042123,182.025,0.05,1.15446,0.500999
