tmp.site,tmp.area,Lb,X1,Wb,POR,ALPHA,BETA,Ks,Kb,Kz,Qthresh,Rs,Rb1,Rb2,Prec,Frac4Rise,Error,BFF
06879810,2.22739e+08,2971.11,440.948,651.462,0.15,0.01596,1.2,1130.38,7341.47,0.900124,15658.1,-0.213623,-0.075629,-0.049893,41.5917,0.05,0.611974,0.249359
