tmp.site,tmp.area,Lb,X1,Wb,POR,ALPHA,BETA,Ks,Kb,Kz,Qthresh,Rs,Rb1,Rb2,Prec,Frac4Rise,Error,BFF
03479000,2.38538e+08,23900.7,519.632,595.704,0.15,0.012672,4.4,1166.99,9336.77,1.21426,66057.4,-0.298908,-0.060911,-0.034932,5382.46,0.05,0.293957,0.479945
