tmp.site,tmp.area,Lb,X1,Wb,POR,ALPHA,BETA,Ks,Kb,Kz,Qthresh,Rs,Rb1,Rb2,Prec,Frac4Rise,Error,BFF
01376534,4.19578e+06,13945.4,149.888,84.3767,0.15,0.018602,0.9,237.481,24874.1,0.34207,3767.72,-0.36009,-0.065211,-0.112732,24.4657,0.05,4.58066,0.376795
