tmp.site,tmp.area,Lb,X1,Wb,POR,ALPHA,BETA,Ks,Kb,Kz,Qthresh,Rs,Rb1,Rb2,Prec,Frac4Rise,Error,BFF
01573660,4.53248e+07,127873,100,93.5014,0.15,0.048032,1,614.04,42547,0.94905,27646.3,-0.351599,-0.083434,-0.050033,678.312,0.05,0.457431,0.283383
