tmp.site,tmp.area,Lb,X1,Wb,POR,ALPHA,BETA,Ks,Kb,Kz,Qthresh,Rs,Rb1,Rb2,Prec,Frac4Rise,Error,BFF
04190000,1.95803e+09,14881.7,45.8167,1283.72,0.15,0.010881,1.2,5326.34,19950.7,1.08195,36698.6,-0.207319,-0.123183,-0.083171,929.697,0.05,0.441864,0.374712
