tmp.site,tmp.area,Lb,X1,Wb,POR,ALPHA,BETA,Ks,Kb,Kz,Qthresh,Rs,Rb1,Rb2,Prec,Frac4Rise,Error,BFF
0212433550,7.20017e+08,9552.1,59.6471,834.994,0.15,0.00981,0.9,3312.4,4855.6,1.03913,81091.6,-0.402365,-0.053809,-0.06656,5651.58,0.05,0.347672,0.415048
