tmp.site,tmp.area,Lb,X1,Wb,POR,ALPHA,BETA,Ks,Kb,Kz,Qthresh,Rs,Rb1,Rb2,Prec,Frac4Rise,Error,BFF
01564512,7.79586e+08,31402.2,64.4065,1037.33,0.15,0.014096,1.4,3075.79,21709.7,1.07582,36576.2,-0.206906,-0.077638,-0.047589,3824.73,0.05,0.347637,0.465345
