tmp.site,tmp.area,Lb,X1,Wb,POR,ALPHA,BETA,Ks,Kb,Kz,Qthresh,Rs,Rb1,Rb2,Prec,Frac4Rise,Error,BFF
07263878,3.36698e+08,9944.8,100,1376.29,0.15,0.018888,1,1142.51,19500.7,0.9514,956609,-0.125613,-0.054955,-0.160944,24.4657,0.05,186.598,0.538789
