tmp.site,tmp.area,Lb,X1,Wb,POR,ALPHA,BETA,Ks,Kb,Kz,Qthresh,Rs,Rb1,Rb2,Prec,Frac4Rise,Error,BFF
05466500,1.15254e+09,39280.1,82.1493,732.545,0.15,0.009909,1.4,2330.12,20190.2,1.09621,18593.9,-0.204737,-0.063128,-0.039773,1957.26,0.05,0.421225,0.418537
