tmp.site,tmp.area,Lb,X1,Wb,POR,ALPHA,BETA,Ks,Kb,Kz,Qthresh,Rs,Rb1,Rb2,Prec,Frac4Rise,Error,BFF
06932000,5.17998e+08,50193.8,100,460.991,0.15,0.004525,1,96.7822,19797.6,1.00123,122329,-0.155077,-0.059081,-0.018006,7829.03,0.05,0.316334,0.413722
