tmp.site,tmp.area,Lb,X1,Wb,POR,ALPHA,BETA,Ks,Kb,Kz,Qthresh,Rs,Rb1,Rb2,Prec,Frac4Rise,Error,BFF
01481000,7.43327e+08,47627.8,194.679,797.224,0.15,0.008603,3.1,2446.13,4310.39,2.35859,288695,-0.352128,-0.049433,-0.034472,18104.6,0.05,0.280706,0.508527
