tmp.site,tmp.area,Lb,X1,Wb,POR,ALPHA,BETA,Ks,Kb,Kz,Qthresh,Rs,Rb1,Rb2,Prec,Frac4Rise,Error,BFF
11374000,1.10074e+09,41278.5,39.2883,757.466,0.15,0.005577,1.2,2512.43,9158.71,1.38135,354753,-0.19046,-0.067608,-0.051872,587.177,0.05,0.520221,0.259075
