tmp.site,tmp.area,Lb,X1,Wb,POR,ALPHA,BETA,Ks,Kb,Kz,Qthresh,Rs,Rb1,Rb2,Prec,Frac4Rise,Error,BFF
02195470,1.51255e+08,5188.15,0.3106,516.847,0.15,0.015017,1.5,1670.66,28.5512,1.03537,43549,-0.526115,-0.11794,-0.068315,653.235,0.05,0.409928,0.326548
