tmp.site,tmp.area,Lb,X1,Wb,POR,ALPHA,BETA,Ks,Kb,Kz,Qthresh,Rs,Rb1,Rb2,Prec,Frac4Rise,Error,BFF
01636316,5.54257e+07,27112,100,332.689,0.15,0.004788,1,25.1478,5351.64,0.381496,24710.4,-0.111572,-0.022127,-0.012125,1318.7,0.05,0.224474,0.651504
