tmp.site,tmp.area,Lb,X1,Wb,POR,ALPHA,BETA,Ks,Kb,Kz,Qthresh,Rs,Rb1,Rb2,Prec,Frac4Rise,Error,BFF
02344350,3.28928e+08,83146.4,56.3295,656.166,0.15,0.015303,1.3,2787.78,67433,0.838656,144348,-0.498701,-0.101778,-0.074793,2348.37,0.05,0.426512,0.338695
