tmp.site,tmp.area,Lb,X1,Wb,POR,ALPHA,BETA,Ks,Kb,Kz,Qthresh,Rs,Rb1,Rb2,Prec,Frac4Rise,Error,BFF
07185000,1.53483e+10,42657.4,42.8341,2126.65,0.15,0.012288,1,10332.5,30077.5,0.91219,278909,-0.111572,-0.090601,-0.104297,660.574,0.05,0.784289,0.28031
