tmp.site,tmp.area,Lb,X1,Wb,POR,ALPHA,BETA,Ks,Kb,Kz,Qthresh,Rs,Rb1,Rb2,Prec,Frac4Rise,Error,BFF
07351900,9.09086e+07,13131.2,100,277.342,0.15,0.091777,1,1805.83,41140.9,1.04094,56271.1,-0.346574,-0.103285,-0.151852,24.4657,0.05,1.2379,0.314145
