tmp.site,tmp.area,Lb,X1,Wb,POR,ALPHA,BETA,Ks,Kb,Kz,Qthresh,Rs,Rb1,Rb2,Prec,Frac4Rise,Error,BFF
08063030,1.396e+08,5972.29,100,260.083,0.15,0.013332,1,939.057,11766.1,0.966329,27890.9,-0.346574,-0.098528,-0.175396,24.4657,0.05,6.0796,0.126137
