tmp.site,tmp.area,Lb,X1,Wb,POR,ALPHA,BETA,Ks,Kb,Kz,Qthresh,Rs,Rb1,Rb2,Prec,Frac4Rise,Error,BFF
10310500,4.01448e+07,2556.22,268.727,633.808,0.15,0.012151,1,157.364,2085.54,0.736309,2201.91,-0.097078,-0.01754,-0.015847,207.959,0.05,0.274847,0.698353
