tmp.site,tmp.area,Lb,X1,Wb,POR,ALPHA,BETA,Ks,Kb,Kz,Qthresh,Rs,Rb1,Rb2,Prec,Frac4Rise,Error,BFF
02270500,9.81605e+08,40494.2,36.0637,838.433,0.15,0.018155,1,515.305,7942.9,1.10088,359646,-0.068847,-0.031003,-0.035521,2055.12,0.05,0.468306,0.556886
