tmp.site,tmp.area,Lb,X1,Wb,POR,ALPHA,BETA,Ks,Kb,Kz,Qthresh,Rs,Rb1,Rb2,Prec,Frac4Rise,Error,BFF
07339000,2.07199e+09,7865.84,213.806,1859.14,0.15,0.020508,1,3811.95,33611.1,1.66033,440383,-0.14105,-0.111108,-0.095632,244.657,0.05,0.619556,0.334573
