tmp.site,tmp.area,Lb,X1,Wb,POR,ALPHA,BETA,Ks,Kb,Kz,Qthresh,Rs,Rb1,Rb2,Prec,Frac4Rise,Error,BFF
0212430293,3.26339e+07,16465.7,100,95.2123,0.15,0.025662,1,177.614,10103.4,1.01304,6145.3,-0.51997,-0.088768,-0.064625,193.279,0.05,0.364934,0.289199
