tmp.site,tmp.area,Lb,X1,Wb,POR,ALPHA,BETA,Ks,Kb,Kz,Qthresh,Rs,Rb1,Rb2,Prec,Frac4Rise,Error,BFF
03179000,1.02305e+09,14944.2,0.510251,1085.71,0.15,0.010547,1.3,4311.17,71.4743,0.692385,41591.7,-0.210943,-0.085575,-0.055702,4648.49,0.05,0.372909,0.369154
