tmp.site,tmp.area,Lb,X1,Wb,POR,ALPHA,BETA,Ks,Kb,Kz,Qthresh,Rs,Rb1,Rb2,Prec,Frac4Rise,Error,BFF
06191500,6.77282e+09,47499.8,12583.5,4595.18,0.15,0.005702,10.1,261.791,6722.64,0.94091,2.20191e+06,-0.066258,-0.0138,-0.008426,127222,0.05,0.230279,0.717374
