tmp.site,tmp.area,Lb,X1,Wb,POR,ALPHA,BETA,Ks,Kb,Kz,Qthresh,Rs,Rb1,Rb2,Prec,Frac4Rise,Error,BFF
06710150,2.90079e+07,18047,806.95,139.462,0.15,0.031182,1,245.6,2988.76,0.175268,3425.2,-0.143841,-0.082684,-0.052264,171.26,0.05,0.259447,0.371337
