tmp.site,tmp.area,Lb,X1,Wb,POR,ALPHA,BETA,Ks,Kb,Kz,Qthresh,Rs,Rb1,Rb2,Prec,Frac4Rise,Error,BFF
03086500,2.31027e+08,7238.22,100,407.87,0.15,0.013381,1,1318.7,14120.8,0.970233,100309,-0.255413,-0.088874,-0.112615,244.657,0.05,2.5912,0.266608
