tmp.site,tmp.area,Lb,X1,Wb,POR,ALPHA,BETA,Ks,Kb,Kz,Qthresh,Rs,Rb1,Rb2,Prec,Frac4Rise,Error,BFF
07037500,2.47603e+09,7090.33,100,2035.93,0.15,0.009584,1,5460.05,7976.14,1.31331,95416.3,-0.132012,-0.098384,-0.043472,5137.8,0.05,0.421364,0.259606
