tmp.site,tmp.area,Lb,X1,Wb,POR,ALPHA,BETA,Ks,Kb,Kz,Qthresh,Rs,Rb1,Rb2,Prec,Frac4Rise,Error,BFF
09359500,8.75416e+08,23911.3,5672.81,1269,0.15,0.00803,2.9,722.022,4548.21,0.773359,132086,-0.081334,-0.032764,-0.014776,14679.4,0.05,0.350004,0.328594
