tmp.site,tmp.area,Lb,X1,Wb,POR,ALPHA,BETA,Ks,Kb,Kz,Qthresh,Rs,Rb1,Rb2,Prec,Frac4Rise,Error,BFF
06041000,5.73138e+09,87258.2,100,2056.21,0.15,0.009201,1,546.617,4821.1,0.921414,4.08577e+06,-0.037054,-0.019939,-0.018757,190833,0.05,0.206504,0.699567
