tmp.site,tmp.area,Lb,X1,Wb,POR,ALPHA,BETA,Ks,Kb,Kz,Qthresh,Rs,Rb1,Rb2,Prec,Frac4Rise,Error,BFF
09032990,1.87774e+07,5922.24,58.3424,249.391,0.15,0.010489,0.8,4.6867,3585.2,0.325186,9754.97,-0.002635,-0.03621,-0.13448,152.177,0.05,0.779793,0.252903
