tmp.site,tmp.area,Lb,X1,Wb,POR,ALPHA,BETA,Ks,Kb,Kz,Qthresh,Rs,Rb1,Rb2,Prec,Frac4Rise,Error,BFF
07064533,7.64046e+08,79999.4,10494.3,967.616,0.15,0.004983,3.4,851.05,1948.73,0.086435,391451,-0.110531,-0.042509,-0.011654,33518,0.05,0.252869,0.439456
