tmp.site,tmp.area,Lb,X1,Wb,POR,ALPHA,BETA,Ks,Kb,Kz,Qthresh,Rs,Rb1,Rb2,Prec,Frac4Rise,Error,BFF
03116077,1.30535e+08,25912.7,140.511,427.459,0.15,0.018137,1,1195.85,92273,1.38874,3004.39,-0.242895,-0.090892,-0.096433,263.324,0.05,0.45316,0.420987
