tmp.site,tmp.area,Lb,X1,Wb,POR,ALPHA,BETA,Ks,Kb,Kz,Qthresh,Rs,Rb1,Rb2,Prec,Frac4Rise,Error,BFF
06036905,6.75987e+08,132062,44083.4,1551.94,0.15,0.013893,10.1,291.588,526.093,0.238006,687487,-0.069881,-0.01158,-0.00532,49176.1,0.05,0.115176,0.784343
