tmp.site,tmp.area,Lb,X1,Wb,POR,ALPHA,BETA,Ks,Kb,Kz,Qthresh,Rs,Rb1,Rb2,Prec,Frac4Rise,Error,BFF
08353000,1.66718e+10,3194.03,100,324.814,0.15,0.013074,1,14356.9,22055,0.936081,87587.3,-0.239655,-0.151742,-0.303029,24.4657,0.05,9.82301,0.094063
