tmp.site,tmp.area,Lb,X1,Wb,POR,ALPHA,BETA,Ks,Kb,Kz,Qthresh,Rs,Rb1,Rb2,Prec,Frac4Rise,Error,BFF
10315500,1.07485e+09,64477,100,146.876,0.15,0.041844,1,2316.61,52324.1,0.954485,4159.17,-0.10382,-0.039568,-0.05809,97.8629,0.05,0.832772,0.192232
