tmp.site,tmp.area,Lb,X1,Wb,POR,ALPHA,BETA,Ks,Kb,Kz,Qthresh,Rs,Rb1,Rb2,Prec,Frac4Rise,Error,BFF
02215500,1.34161e+10,19641.9,6846.16,7254.82,0.15,0.00402,10.1,3342.46,1413.05,1.13563,2.33403e+06,-0.05268,-0.038338,-0.021662,223617,0.05,0.314413,0.556027
