tmp.site,tmp.area,Lb,X1,Wb,POR,ALPHA,BETA,Ks,Kb,Kz,Qthresh,Rs,Rb1,Rb2,Prec,Frac4Rise,Error,BFF
08072730,5.56847e+07,3410.63,100,305.094,0.15,0.027855,1,648.804,18166.9,0.953202,13260.4,-0.312073,-0.136586,-0.209994,24.4657,0.05,1.24961,0.206507
