tmp.site,tmp.area,Lb,X1,Wb,POR,ALPHA,BETA,Ks,Kb,Kz,Qthresh,Rs,Rb1,Rb2,Prec,Frac4Rise,Error,BFF
09494000,1.63687e+09,32330.6,76.3243,757.6,0.15,0.010972,1,1361.91,18806.8,0.980598,134561,-0.122353,-0.035757,-0.041017,1223.29,0.05,0.442633,0.507271
