tmp.site,tmp.area,Lb,X1,Wb,POR,ALPHA,BETA,Ks,Kb,Kz,Qthresh,Rs,Rb1,Rb2,Prec,Frac4Rise,Error,BFF
09263500,6.60447e+08,16416.3,189.573,304.331,0.15,0.064615,0.9,43.0731,34443.5,0.94641,41591.7,-0.154011,-0.05551,-0.151349,73.3971,0.05,12.8096,0.588233
