tmp.site,tmp.area,Lb,X1,Wb,POR,ALPHA,BETA,Ks,Kb,Kz,Qthresh,Rs,Rb1,Rb2,Prec,Frac4Rise,Error,BFF
03182700,3.70368e+08,6995.47,100,707.081,0.15,0.008864,1,1708.56,5903.23,0.897286,19913.1,-0.19596,-0.119475,-0.043082,1945.88,0.05,0.387973,0.266124
