tmp.site,tmp.area,Lb,X1,Wb,POR,ALPHA,BETA,Ks,Kb,Kz,Qthresh,Rs,Rb1,Rb2,Prec,Frac4Rise,Error,BFF
04106500,1.21211e+08,6620.02,159.435,977.369,0.15,0.008768,0.9,254.983,2359.12,0.285835,110096,-0.125803,-0.020259,-0.023043,6850.4,0.05,0.173617,0.753296
