tmp.site,tmp.area,Lb,X1,Wb,POR,ALPHA,BETA,Ks,Kb,Kz,Qthresh,Rs,Rb1,Rb2,Prec,Frac4Rise,Error,BFF
01451000,2.3025e+09,23416.9,0.427428,2220.11,0.15,0.010386,2.6,3590.21,9.55039,1.09486,523566,-0.114552,-0.049439,-0.032132,57494.4,0.05,0.271234,0.570379
