tmp.site,tmp.area,Lb,X1,Wb,POR,ALPHA,BETA,Ks,Kb,Kz,Qthresh,Rs,Rb1,Rb2,Prec,Frac4Rise,Error,BFF
07331200,1.21211e+08,4650.92,244.238,240.861,0.15,0.013922,1.1,394.29,5789.11,1.04253,8147.08,-0.152521,-0.07989,-0.056752,70.9016,0.05,0.584659,0.158803
