tmp.site,tmp.area,Lb,X1,Wb,POR,ALPHA,BETA,Ks,Kb,Kz,Qthresh,Rs,Rb1,Rb2,Prec,Frac4Rise,Error,BFF
04270200,2.32322e+08,13571,0.415057,450.486,0.15,0.01324,1.4,975.963,27.2973,1.01283,171260,-0.202733,-0.062406,-0.047277,3669.86,0.05,0.373394,0.41156
