tmp.site,tmp.area,Lb,X1,Wb,POR,ALPHA,BETA,Ks,Kb,Kz,Qthresh,Rs,Rb1,Rb2,Prec,Frac4Rise,Error,BFF
12445900,3.08209e+08,164148,32.1337,51.3302,0.15,0.018365,0.9,902.681,10752.9,1.16914,10300.1,-0.103548,-0.029799,-0.036664,134.561,0.05,0.703027,0.174824
