tmp.site,tmp.area,Lb,X1,Wb,POR,ALPHA,BETA,Ks,Kb,Kz,Qthresh,Rs,Rb1,Rb2,Prec,Frac4Rise,Error,BFF
02474500,1.58507e+09,41161.3,152.675,678.89,0.15,0.010866,1.4,2485.93,37268.4,2.08568,92969.7,-0.091977,-0.09099,-0.055783,10030.9,0.05,0.399547,0.290127
