tmp.site,tmp.area,Lb,X1,Wb,POR,ALPHA,BETA,Ks,Kb,Kz,Qthresh,Rs,Rb1,Rb2,Prec,Frac4Rise,Error,BFF
07313000,4.06628e+08,6498.68,11.5536,328.233,0.15,0.007257,1,1848.5,2063.25,1.13921,85630,-0.255413,-0.109195,-0.142596,244.657,0.05,2.13955,0.10165
