tmp.site,tmp.area,Lb,X1,Wb,POR,ALPHA,BETA,Ks,Kb,Kz,Qthresh,Rs,Rb1,Rb2,Prec,Frac4Rise,Error,BFF
05536275,2.69359e+08,8011.99,56.1038,550.807,0.15,0.008936,7.8,1430.83,252.344,0.486197,76577.7,-0.202733,-0.113479,-0.06348,3180.54,0.05,0.332362,0.336805
