tmp.site,tmp.area,Lb,X1,Wb,POR,ALPHA,BETA,Ks,Kb,Kz,Qthresh,Rs,Rb1,Rb2,Prec,Frac4Rise,Error,BFF
01643000,2.11602e+09,29245.3,1.82795,1311.28,0.15,0.008836,1.8,5882.59,159.683,1.28863,278909,-0.287127,-0.074729,-0.045661,14190.1,0.05,0.346097,0.397521
