tmp.site,tmp.area,Lb,X1,Wb,POR,ALPHA,BETA,Ks,Kb,Kz,Qthresh,Rs,Rb1,Rb2,Prec,Frac4Rise,Error,BFF
14319500,3.48094e+09,8779.97,100,6509.92,0.15,0.003846,1,2325.52,1447.3,1.6269,2.1016e+06,-0.111994,-0.052607,-0.013704,168324,0.05,0.265908,0.446243
