tmp.site,tmp.area,Lb,X1,Wb,POR,ALPHA,BETA,Ks,Kb,Kz,Qthresh,Rs,Rb1,Rb2,Prec,Frac4Rise,Error,BFF
03333450,3.78138e+08,43163.3,91.2604,407.627,0.15,0.009415,1.4,1714.9,71060.2,1.27528,3425.2,-0.212001,-0.104456,-0.05546,366.986,0.05,0.412241,0.364139
