tmp.site,tmp.area,Lb,X1,Wb,POR,ALPHA,BETA,Ks,Kb,Kz,Qthresh,Rs,Rb1,Rb2,Prec,Frac4Rise,Error,BFF
08405450,4.35118e+06,243186,0.165618,16.717,0.15,0.000789,0.8,0.002758,2.72211,0.018815,25444.3,-0.040175,-0.008655,-0.012897,1445.92,0.05,0.250473,0.677328
