tmp.site,tmp.area,Lb,X1,Wb,POR,ALPHA,BETA,Ks,Kb,Kz,Qthresh,Rs,Rb1,Rb2,Prec,Frac4Rise,Error,BFF
01447800,7.51097e+08,12519,228.279,1129.39,0.15,0.015757,1,1853.88,20263.2,0.813668,122329,-0.063396,-0.057424,-0.052446,12966.8,0.05,0.39367,0.433476
