tmp.site,tmp.area,Lb,X1,Wb,POR,ALPHA,BETA,Ks,Kb,Kz,Qthresh,Rs,Rb1,Rb2,Prec,Frac4Rise,Error,BFF
06800000,9.53116e+08,20496.7,14.0328,400.333,0.15,0.010691,1,788.916,3008.2,0.90797,209182,-0.184127,-0.063825,-0.076126,97.8629,0.05,1.12041,0.330824
