tmp.site,tmp.area,Lb,X1,Wb,POR,ALPHA,BETA,Ks,Kb,Kz,Qthresh,Rs,Rb1,Rb2,Prec,Frac4Rise,Error,BFF
07182000,3.43691e+09,51285.1,54.9232,621.932,0.15,0.004787,1.4,2148.54,13643.2,2.80396,318054,-0.131969,-0.076736,-0.054003,1896.22,0.05,0.435026,0.261061
