tmp.site,tmp.area,Lb,X1,Wb,POR,ALPHA,BETA,Ks,Kb,Kz,Qthresh,Rs,Rb1,Rb2,Prec,Frac4Rise,Error,BFF
01017290,6.03467e+08,31955.5,74.9896,662.63,0.15,0.009695,1.3,1980.54,22592.3,1.39601,142390,-0.14224,-0.068384,-0.050075,5526.07,0.05,0.449324,0.370254
