tmp.site,tmp.area,Lb,X1,Wb,POR,ALPHA,BETA,Ks,Kb,Kz,Qthresh,Rs,Rb1,Rb2,Prec,Frac4Rise,Error,BFF
09364010,3.36957e+09,11926.3,100,1904.21,0.15,0.008422,1,1317.47,11175.5,1.03512,631215,-0.101514,-0.039159,-0.053927,5884.49,0.05,0.474291,0.571155
