tmp.site,tmp.area,Lb,X1,Wb,POR,ALPHA,BETA,Ks,Kb,Kz,Qthresh,Rs,Rb1,Rb2,Prec,Frac4Rise,Error,BFF
07099238,1.85184e+08,27777.5,100,10.1472,0.15,0.008565,1,3470.21,710.914,0.003186,24.4657,-1.15129,-0.002,-0.001,24.4657,0.05,0.256842,0.00449
