tmp.site,tmp.area,Lb,X1,Wb,POR,ALPHA,BETA,Ks,Kb,Kz,Qthresh,Rs,Rb1,Rb2,Prec,Frac4Rise,Error,BFF
11179100,1.65241e+09,5688.85,100,466.594,0.15,0.007009,1,1488.8,14001.5,0.880291,6534.3,-0.127301,-0.087583,-0.147588,24.4657,0.05,31.9293,0.086021
