tmp.site,tmp.area,Lb,X1,Wb,POR,ALPHA,BETA,Ks,Kb,Kz,Qthresh,Rs,Rb1,Rb2,Prec,Frac4Rise,Error,BFF
08186000,2.14192e+09,12412.6,100,585.057,0.15,0.004437,1,3395.3,1013.44,0.936831,82938.8,-0.202733,-0.098947,-0.057835,831.834,0.05,0.544386,0.127743
