tmp.site,tmp.area,Lb,X1,Wb,POR,ALPHA,BETA,Ks,Kb,Kz,Qthresh,Rs,Rb1,Rb2,Prec,Frac4Rise,Error,BFF
12433200,4.63608e+08,208896,100,116.706,0.15,0.023524,1,638.594,943.953,0.928993,80736.9,-0.095007,-0.028282,-0.007337,4403.83,0.05,0.508797,0.275443
