tmp.site,tmp.area,Lb,X1,Wb,POR,ALPHA,BETA,Ks,Kb,Kz,Qthresh,Rs,Rb1,Rb2,Prec,Frac4Rise,Error,BFF
01344795,1.16031e+08,6900.66,100,418.202,0.15,0.011406,1,1083.6,10780.5,0.962815,23903,-0.261305,-0.089659,-0.055081,1701.44,0.05,0.421221,0.288846
