tmp.site,tmp.area,Lb,X1,Wb,POR,ALPHA,BETA,Ks,Kb,Kz,Qthresh,Rs,Rb1,Rb2,Prec,Frac4Rise,Error,BFF
07077000,6.06057e+10,36280.2,100,20238,0.15,0.013271,1,9076.12,7662.45,1.28565,1.44348e+07,-0.043506,-0.020845,-0.024504,1.2869e+06,0.05,0.374039,0.569454
