tmp.site,tmp.area,Lb,X1,Wb,POR,ALPHA,BETA,Ks,Kb,Kz,Qthresh,Rs,Rb1,Rb2,Prec,Frac4Rise,Error,BFF
05421740,4.07923e+09,55388.4,153.97,1554.2,0.15,0.008035,2.2,1972.67,26860.3,1.19732,369432,-0.058839,-0.052009,-0.029692,22647.4,0.05,0.340064,0.564997
