tmp.site,tmp.area,Lb,X1,Wb,POR,ALPHA,BETA,Ks,Kb,Kz,Qthresh,Rs,Rb1,Rb2,Prec,Frac4Rise,Error,BFF
03298300,1.65759e+07,17870.8,100,87.6549,0.15,0.022357,1,586.639,44673.4,1.00685,1590.27,-0.316905,-0.111914,-0.116523,24.4657,0.05,0.859562,0.24471
