tmp.site,tmp.area,Lb,X1,Wb,POR,ALPHA,BETA,Ks,Kb,Kz,Qthresh,Rs,Rb1,Rb2,Prec,Frac4Rise,Error,BFF
05356000,2.04609e+09,49688.5,22.8462,1291.46,0.15,0.013635,0.9,157.756,2241.48,1.11513,743758,-0.007991,-0.029864,-0.046637,12722.2,0.05,0.753566,0.561764
