tmp.site,tmp.area,Lb,X1,Wb,POR,ALPHA,BETA,Ks,Kb,Kz,Qthresh,Rs,Rb1,Rb2,Prec,Frac4Rise,Error,BFF
06224000,4.84328e+08,41786.5,100,595.502,0.15,0.008565,1,37.0894,27227.1,0.953986,34252,-0.090877,-0.029205,-0.018453,3278.41,0.05,0.286461,0.518881
