tmp.site,tmp.area,Lb,X1,Wb,POR,ALPHA,BETA,Ks,Kb,Kz,Qthresh,Rs,Rb1,Rb2,Prec,Frac4Rise,Error,BFF
06025250,5.69538e+09,24547.1,3198.93,2237.32,0.15,0.008564,10.1,1485.28,6586.94,0.916726,829388,-0.045501,-0.034531,-0.017811,43793.6,0.05,0.276604,0.629369
