tmp.site,tmp.area,Lb,X1,Wb,POR,ALPHA,BETA,Ks,Kb,Kz,Qthresh,Rs,Rb1,Rb2,Prec,Frac4Rise,Error,BFF
01100000,1.20046e+10,38506.2,10.9848,4999.58,0.15,0.014356,0.9,7001.15,6105.68,1.21047,1.94992e+07,-0.060498,-0.042068,-0.060946,148752,0.05,0.348249,0.609509
