tmp.site,tmp.area,Lb,X1,Wb,POR,ALPHA,BETA,Ks,Kb,Kz,Qthresh,Rs,Rb1,Rb2,Prec,Frac4Rise,Error,BFF
02297310,5.64617e+08,8830.68,100,719.19,0.15,0.01326,1,1154.52,12895.9,1.00051,19083.3,-0.111572,-0.068243,-0.062515,48.9314,0.05,0.624718,0.321096
