tmp.site,tmp.area,Lb,X1,Wb,POR,ALPHA,BETA,Ks,Kb,Kz,Qthresh,Rs,Rb1,Rb2,Prec,Frac4Rise,Error,BFF
03139000,1.20175e+09,72270.4,98.8634,1607.94,0.15,0.012491,1.9,4694.65,62439.3,1.08706,159027,-0.116395,-0.066682,-0.040671,8318.34,0.05,0.375428,0.496192
