tmp.site,tmp.area,Lb,X1,Wb,POR,ALPHA,BETA,Ks,Kb,Kz,Qthresh,Rs,Rb1,Rb2,Prec,Frac4Rise,Error,BFF
02303330,9.71246e+08,28780.1,7544.7,719.86,0.15,0.005468,4,507.197,3871.64,0.656637,115723,-0.053304,-0.049592,-0.019035,8489.6,0.05,0.349196,0.291416
