tmp.site,tmp.area,Lb,X1,Wb,POR,ALPHA,BETA,Ks,Kb,Kz,Qthresh,Rs,Rb1,Rb2,Prec,Frac4Rise,Error,BFF
08267500,9.37576e+07,24972.7,100,392.625,0.15,0.009829,1,33.9198,9821.2,0.294301,24465.7,-0.099233,-0.018111,-0.012602,1518.27,0.05,0.222634,0.687169
