tmp.site,tmp.area,Lb,X1,Wb,POR,ALPHA,BETA,Ks,Kb,Kz,Qthresh,Rs,Rb1,Rb2,Prec,Frac4Rise,Error,BFF
08390500,2.45272e+09,14998.5,100,147.71,0.15,0.062049,1,3838.01,16917.2,0.941074,51133.3,-0.161287,-0.085465,-0.146126,24.4657,0.05,62.3918,0.178378
