tmp.site,tmp.area,Lb,X1,Wb,POR,ALPHA,BETA,Ks,Kb,Kz,Qthresh,Rs,Rb1,Rb2,Prec,Frac4Rise,Error,BFF
05414820,1.02564e+08,2.78594e+06,100,32.3393,0.15,0.052894,1,4.5357,269.522,0.567049,29358.9,-0.225993,-0.032987,-0.022331,1737.07,0.05,0.434449,0.328758
