tmp.site,tmp.area,Lb,X1,Wb,POR,ALPHA,BETA,Ks,Kb,Kz,Qthresh,Rs,Rb1,Rb2,Prec,Frac4Rise,Error,BFF
06888350,1.44703e+11,11704.7,17.7972,15198.3,0.15,0.005781,1.1,2654.57,2205.26,0.990433,1.86184e+06,-0.027455,-0.048068,-0.041487,144837,0.05,0.417134,0.808326
