tmp.site,tmp.area,Lb,X1,Wb,POR,ALPHA,BETA,Ks,Kb,Kz,Qthresh,Rs,Rb1,Rb2,Prec,Frac4Rise,Error,BFF
08067920,8.13256e+08,13335.9,75.4627,346.056,0.15,0.007751,1.7,2285.56,5609.64,0.760558,36209.3,-0.173506,-0.188297,-0.066991,603.52,0.05,0.46599,0.070445
