tmp.site,tmp.area,Lb,X1,Wb,POR,ALPHA,BETA,Ks,Kb,Kz,Qthresh,Rs,Rb1,Rb2,Prec,Frac4Rise,Error,BFF
05558300,3.50788e+10,13981.6,100,10202.4,0.15,0.00851,1,7376.42,11139.5,1.66243,2.1065e+07,-0.081977,-0.036653,-0.042036,670361,0.05,0.270385,0.656762
