tmp.site,tmp.area,Lb,X1,Wb,POR,ALPHA,BETA,Ks,Kb,Kz,Qthresh,Rs,Rb1,Rb2,Prec,Frac4Rise,Error,BFF
03230900,7.17427e+08,5967.16,100,1058.01,0.15,0.009167,1,180.528,11942.6,0.917991,24465.7,-0.015386,-0.080651,-0.095341,1957.26,0.05,1.4783,0.406924
