tmp.site,tmp.area,Lb,X1,Wb,POR,ALPHA,BETA,Ks,Kb,Kz,Qthresh,Rs,Rb1,Rb2,Prec,Frac4Rise,Error,BFF
06930060,1.53586e+09,6461.17,100,3787.53,0.15,0.002035,1,1761.28,1549.58,0.924252,298482,-0.100263,-0.070384,-0.016382,30582.1,0.05,0.298545,0.361169
