tmp.site,tmp.area,Lb,X1,Wb,POR,ALPHA,BETA,Ks,Kb,Kz,Qthresh,Rs,Rb1,Rb2,Prec,Frac4Rise,Error,BFF
06470800,9.24626e+08,89145.7,100,144.447,0.15,0.043215,1,903.107,41728.1,0.983851,8318.34,-0.093327,-0.054504,-0.075368,24.4657,0.05,4.69048,0.185507
