tmp.site,tmp.area,Lb,X1,Wb,POR,ALPHA,BETA,Ks,Kb,Kz,Qthresh,Rs,Rb1,Rb2,Prec,Frac4Rise,Error,BFF
01196561,2.29991e+07,10565.7,65.3586,164.068,0.15,0.043117,0.9,125.342,10079.6,0.583286,3229.47,-0.162516,-0.055394,-0.13421,36.6986,0.05,1.72707,0.475525
