tmp.site,tmp.area,Lb,X1,Wb,POR,ALPHA,BETA,Ks,Kb,Kz,Qthresh,Rs,Rb1,Rb2,Prec,Frac4Rise,Error,BFF
01170500,2.03573e+10,15894.3,100,7705.58,0.15,0.012916,1,12691.1,14980.5,2.55068,2.98482e+07,-0.095441,-0.047691,-0.057116,423257,0.05,0.296186,0.553186
