tmp.site,tmp.area,Lb,X1,Wb,POR,ALPHA,BETA,Ks,Kb,Kz,Qthresh,Rs,Rb1,Rb2,Prec,Frac4Rise,Error,BFF
09346400,3.23749e+09,15512.8,0.226187,1370.73,0.15,0.010119,1,1666.99,33.6276,1.08753,342520,-0.108661,-0.036203,-0.038834,10764.9,0.05,0.372321,0.545126
