tmp.site,tmp.area,Lb,X1,Wb,POR,ALPHA,BETA,Ks,Kb,Kz,Qthresh,Rs,Rb1,Rb2,Prec,Frac4Rise,Error,BFF
07182510,7.87874e+09,7261.64,100,2868.47,0.15,0.010122,1,498.23,10510.9,0.941697,158782,-0.010999,-0.074441,-0.144392,3841.12,0.05,2.12393,0.38174
