tmp.site,tmp.area,Lb,X1,Wb,POR,ALPHA,BETA,Ks,Kb,Kz,Qthresh,Rs,Rb1,Rb2,Prec,Frac4Rise,Error,BFF
11059300,1.40118e+09,29421.5,25.6637,643.105,0.15,0.031533,0.9,3495.53,2987.5,0.867465,97862.9,-0.202733,-0.054528,-0.133428,24.4657,0.05,107.393,0.225331
