tmp.site,tmp.area,Lb,X1,Wb,POR,ALPHA,BETA,Ks,Kb,Kz,Qthresh,Rs,Rb1,Rb2,Prec,Frac4Rise,Error,BFF
01176000,3.88498e+08,31832.3,100,696.733,0.15,0.012887,1,274.438,34723.6,0.966781,401238,-0.058594,-0.034453,-0.035546,3669.86,0.05,0.283855,0.63399
