tmp.site,tmp.area,Lb,X1,Wb,POR,ALPHA,BETA,Ks,Kb,Kz,Qthresh,Rs,Rb1,Rb2,Prec,Frac4Rise,Error,BFF
14219000,1.66018e+08,10678.8,100,862.251,0.15,0.008355,1,874.103,6099.27,1.33449,69482.6,-0.183724,-0.074784,-0.015324,4575.09,0.05,0.358293,0.310232
