tmp.site,tmp.area,Lb,X1,Wb,POR,ALPHA,BETA,Ks,Kb,Kz,Qthresh,Rs,Rb1,Rb2,Prec,Frac4Rise,Error,BFF
12304500,2.05127e+09,141194,199.071,781.83,0.15,0.008689,1.8,959.075,89580.9,1.14761,220191,-0.091161,-0.034283,-0.021405,18545,0.05,0.279093,0.596685
