tmp.site,tmp.area,Lb,X1,Wb,POR,ALPHA,BETA,Ks,Kb,Kz,Qthresh,Rs,Rb1,Rb2,Prec,Frac4Rise,Error,BFF
09041090,3.75548e+08,12534.5,16.8146,317.28,0.15,0.003571,1,115.177,910.513,1.01525,15692.3,-0.105061,-0.050977,-0.050895,298.482,0.05,0.618957,0.135066
