tmp.site,tmp.area,Lb,X1,Wb,POR,ALPHA,BETA,Ks,Kb,Kz,Qthresh,Rs,Rb1,Rb2,Prec,Frac4Rise,Error,BFF
02335870,7.95126e+07,4249.07,425.691,517.647,0.15,0.014564,1.1,1969.37,16756.7,0.409819,58717.7,-0.752888,-0.092854,-0.076032,597.159,0.05,0.428601,0.273606
