tmp.site,tmp.area,Lb,X1,Wb,POR,ALPHA,BETA,Ks,Kb,Kz,Qthresh,Rs,Rb1,Rb2,Prec,Frac4Rise,Error,BFF
06313400,1.98911e+09,254527,100,219.422,0.15,0.035628,1,1153.12,486.215,0.971971,75843.7,-0.168236,-0.045378,-0.041339,1841.29,0.05,0.368768,0.406914
