tmp.site,tmp.area,Lb,X1,Wb,POR,ALPHA,BETA,Ks,Kb,Kz,Qthresh,Rs,Rb1,Rb2,Prec,Frac4Rise,Error,BFF
05591200,1.22506e+09,16016.2,0.590461,1207.02,0.15,0.013773,1.1,2928.71,141.983,0.748024,39634.5,-0.155265,-0.077469,-0.067379,1859.39,0.05,0.451635,0.435
