tmp.site,tmp.area,Lb,X1,Wb,POR,ALPHA,BETA,Ks,Kb,Kz,Qthresh,Rs,Rb1,Rb2,Prec,Frac4Rise,Error,BFF
05536580,4.94688e+07,42603.2,131.653,78.6818,0.15,0.012049,1,1380.93,96113,1.32518,11009.6,-0.498402,-0.115754,-0.117584,618.983,0.05,0.448806,0.21454
