tmp.site,tmp.area,Lb,X1,Wb,POR,ALPHA,BETA,Ks,Kb,Kz,Qthresh,Rs,Rb1,Rb2,Prec,Frac4Rise,Error,BFF
13055340,2.77129e+09,19024,47.2803,1190.2,0.15,0.008463,0.9,1603.54,9322.62,0.990252,638555,-0.103602,-0.055873,-0.114139,24.4657,0.05,275.586,0.577796
