tmp.site,tmp.area,Lb,X1,Wb,POR,ALPHA,BETA,Ks,Kb,Kz,Qthresh,Rs,Rb1,Rb2,Prec,Frac4Rise,Error,BFF
05293000,1.1888e+09,11819.8,38.4959,586.595,0.15,0.012414,1.1,842.434,4302.88,0.96925,65323.5,-0.140975,-0.056255,-0.040976,44.0383,0.05,0.593025,0.315418
