tmp.site,tmp.area,Lb,X1,Wb,POR,ALPHA,BETA,Ks,Kb,Kz,Qthresh,Rs,Rb1,Rb2,Prec,Frac4Rise,Error,BFF
05059500,2.29732e+10,23124.1,0.535785,1021.1,0.15,0.011115,1.2,1060.92,36.0696,1.28247,814708,-0.079705,-0.036248,-0.027944,1957.26,0.05,0.450658,0.416024
