tmp.site,tmp.area,Lb,X1,Wb,POR,ALPHA,BETA,Ks,Kb,Kz,Qthresh,Rs,Rb1,Rb2,Prec,Frac4Rise,Error,BFF
07010097,2.20667e+08,5271.2,100,196.993,0.15,0.008474,1,5172.72,12682.8,0.889269,15504.4,-0.682165,-0.141948,-0.20368,132.115,0.05,0.581288,0.051858
