tmp.site,tmp.area,Lb,X1,Wb,POR,ALPHA,BETA,Ks,Kb,Kz,Qthresh,Rs,Rb1,Rb2,Prec,Frac4Rise,Error,BFF
04296500,3.67778e+08,13006.6,100,969.938,0.15,0.014908,1,301.852,11584,0.959981,318054,-0.049704,-0.042852,-0.071002,6361.09,0.05,0.590661,0.667143
