tmp.site,tmp.area,Lb,X1,Wb,POR,ALPHA,BETA,Ks,Kb,Kz,Qthresh,Rs,Rb1,Rb2,Prec,Frac4Rise,Error,BFF
12089000,6.73397e+07,33593.7,100,181.295,0.15,0.021073,1,158.079,27837.4,0.728524,4159.17,-0.126986,-0.039347,-0.028652,244.657,0.05,0.296761,0.526351
