tmp.site,tmp.area,Lb,X1,Wb,POR,ALPHA,BETA,Ks,Kb,Kz,Qthresh,Rs,Rb1,Rb2,Prec,Frac4Rise,Error,BFF
03228300,2.61589e+08,18904,46.1478,445.557,0.15,0.008983,1,2767.49,31435.7,0.847883,261783,-0.302724,-0.118747,-0.164091,24.4657,0.05,0.868849,0.271679
