tmp.site,tmp.area,Lb,X1,Wb,POR,ALPHA,BETA,Ks,Kb,Kz,Qthresh,Rs,Rb1,Rb2,Prec,Frac4Rise,Error,BFF
01541248,1.98134e+08,12116.2,100,542.072,0.15,0.016924,1,884.162,17772.6,0.918875,12869,-0.17643,-0.057,-0.079666,468.274,0.05,0.372824,0.460627
