tmp.site,tmp.area,Lb,X1,Wb,POR,ALPHA,BETA,Ks,Kb,Kz,Qthresh,Rs,Rb1,Rb2,Prec,Frac4Rise,Error,BFF
10301745,7.18204e+09,22153,126.367,1491.37,0.15,0.019019,0.9,905.859,25560.2,0.984841,276463,-0.041634,-0.065582,-0.198579,24.4657,0.05,154.946,0.56334
