tmp.site,tmp.area,Lb,X1,Wb,POR,ALPHA,BETA,Ks,Kb,Kz,Qthresh,Rs,Rb1,Rb2,Prec,Frac4Rise,Error,BFF
03463300,1.12146e+08,30559.6,446.952,470.813,0.15,0.014482,4.4,764.87,10014.7,1.32667,56271.1,-0.353278,-0.054679,-0.032651,3914.51,0.05,0.280483,0.50155
