tmp.site,tmp.area,Lb,X1,Wb,POR,ALPHA,BETA,Ks,Kb,Kz,Qthresh,Rs,Rb1,Rb2,Prec,Frac4Rise,Error,BFF
01483155,4.48068e+06,4528.09,100,197.01,0.15,0.009537,1,77.6624,900.32,0.159599,1957.26,-0.12186,-0.030392,-0.026362,209.916,0.05,0.22567,0.630781
