tmp.site,tmp.area,Lb,X1,Wb,POR,ALPHA,BETA,Ks,Kb,Kz,Qthresh,Rs,Rb1,Rb2,Prec,Frac4Rise,Error,BFF
06772898,4.14398e+08,31147.7,85.4318,254.464,0.15,0.026784,0.9,1115.32,5792.76,0.913233,37677.2,-0.143574,-0.060849,-0.107459,24.4657,0.05,19.2721,0.195925
