tmp.site,tmp.area,Lb,X1,Wb,POR,ALPHA,BETA,Ks,Kb,Kz,Qthresh,Rs,Rb1,Rb2,Prec,Frac4Rise,Error,BFF
02204520,1.21211e+09,26220.5,49.5895,1063.77,0.15,0.007911,2.8,4344.29,1017.72,0.927163,384112,-0.36244,-0.07371,-0.05151,25199.7,0.05,0.319855,0.431456
