tmp.site,tmp.area,Lb,X1,Wb,POR,ALPHA,BETA,Ks,Kb,Kz,Qthresh,Rs,Rb1,Rb2,Prec,Frac4Rise,Error,BFF
01350180,9.27216e+08,6461.26,100,1919.71,0.15,0.017971,1,3005.75,24038.6,0.977979,19083.3,-0.170586,-0.088091,-0.162923,187.652,0.05,1.24435,0.475124
