tmp.site,tmp.area,Lb,X1,Wb,POR,ALPHA,BETA,Ks,Kb,Kz,Qthresh,Rs,Rb1,Rb2,Prec,Frac4Rise,Error,BFF
03094000,1.48924e+09,20787.2,0.761138,1050.74,0.15,0.004462,1,1939.96,13.5354,0.9253,846514,-0.077075,-0.059669,-0.06239,27890.9,0.05,0.309555,0.343527
