tmp.site,tmp.area,Lb,X1,Wb,POR,ALPHA,BETA,Ks,Kb,Kz,Qthresh,Rs,Rb1,Rb2,Prec,Frac4Rise,Error,BFF
13139510,1.59025e+09,66919.9,6393.07,666.078,0.15,0.017436,2.8,897.839,1649.63,0.720283,398791,-0.050042,-0.022979,-0.014547,21529.8,0.05,0.288348,0.328617
