tmp.site,tmp.area,Lb,X1,Wb,POR,ALPHA,BETA,Ks,Kb,Kz,Qthresh,Rs,Rb1,Rb2,Prec,Frac4Rise,Error,BFF
03292494,2.35814e+11,5.61888e+06,3.53507,9.16898,0.15,0.01,0.6,23695.3,4.53768e+06,62.2447,1.1812e+08,-0.130882,-0.048796,-0.063791,2.62077e+06,0.05,0.966836,0.020036
