tmp.site,tmp.area,Lb,X1,Wb,POR,ALPHA,BETA,Ks,Kb,Kz,Qthresh,Rs,Rb1,Rb2,Prec,Frac4Rise,Error,BFF
11465660,1.41931e+07,8550.92,100,104.43,0.15,0.037998,1,537.34,17178.8,0.763864,3180.54,-0.51572,-0.092869,-0.180928,24.4657,0.05,4.98014,0.24455
