tmp.site,tmp.area,Lb,X1,Wb,POR,ALPHA,BETA,Ks,Kb,Kz,Qthresh,Rs,Rb1,Rb2,Prec,Frac4Rise,Error,BFF
04031000,5.17998e+08,7696.18,766.432,1249.56,0.15,0.006031,1.6,1077.43,1333.36,0.306389,97618.2,-0.116314,-0.071666,-0.045278,3278.41,0.05,0.502266,0.229909
