tmp.site,tmp.area,Lb,X1,Wb,POR,ALPHA,BETA,Ks,Kb,Kz,Qthresh,Rs,Rb1,Rb2,Prec,Frac4Rise,Error,BFF
02481000,2.49157e+08,9195.63,56.2551,744.898,0.15,0.014182,1.1,3041.5,10265.4,1.08181,6116.43,-0.289992,-0.119957,-0.090832,685.04,0.05,0.454838,0.287982
