tmp.site,tmp.area,Lb,X1,Wb,POR,ALPHA,BETA,Ks,Kb,Kz,Qthresh,Rs,Rb1,Rb2,Prec,Frac4Rise,Error,BFF
01539000,7.09657e+08,9108.71,100,1379.17,0.15,0.012208,1,2432.89,12321.1,1.01728,51378,-0.209086,-0.067594,-0.036129,4893.14,0.05,0.341465,0.467506
