tmp.site,tmp.area,Lb,X1,Wb,POR,ALPHA,BETA,Ks,Kb,Kz,Qthresh,Rs,Rb1,Rb2,Prec,Frac4Rise,Error,BFF
07180200,1.30017e+09,3651.01,496.217,1041.51,0.15,0.004982,1.5,1908.99,1613.07,0.08912,24221.1,-0.143841,-0.113623,-0.064387,1027.56,0.05,0.478255,0.086051
