tmp.site,tmp.area,Lb,X1,Wb,POR,ALPHA,BETA,Ks,Kb,Kz,Qthresh,Rs,Rb1,Rb2,Prec,Frac4Rise,Error,BFF
07332348,3.18465e+08,136833,46153.6,124.277,0.15,0.011388,8.4,1317,626.481,0.549904,49420.7,-0.14871,-0.027292,-0.003886,4942.07,0.05,0.380139,0.337692
