tmp.site,tmp.area,Lb,X1,Wb,POR,ALPHA,BETA,Ks,Kb,Kz,Qthresh,Rs,Rb1,Rb2,Prec,Frac4Rise,Error,BFF
02335700,1.86479e+08,20852.7,66.7132,412.894,0.15,0.008137,1.9,1517.6,4866.22,0.682934,124530,-0.423649,-0.076981,-0.050999,2324.24,0.05,0.357524,0.378639
