tmp.site,tmp.area,Lb,X1,Wb,POR,ALPHA,BETA,Ks,Kb,Kz,Qthresh,Rs,Rb1,Rb2,Prec,Frac4Rise,Error,BFF
01543693,1.27427e+08,13111.3,100,409.35,0.15,0.016617,1,596.92,18172.7,0.946292,5774.15,-0.179728,-0.074281,-0.045698,623.876,0.05,0.348053,0.433718
