tmp.site,tmp.area,Lb,X1,Wb,POR,ALPHA,BETA,Ks,Kb,Kz,Qthresh,Rs,Rb1,Rb2,Prec,Frac4Rise,Error,BFF
12037400,4.01448e+08,21055.1,0.646776,1150.51,0.15,0.010185,1.3,1226.13,51.9543,3.36848,467295,-0.149091,-0.057007,-0.043463,10275.6,0.05,0.388358,0.410167
