tmp.site,tmp.area,Lb,X1,Wb,POR,ALPHA,BETA,Ks,Kb,Kz,Qthresh,Rs,Rb1,Rb2,Prec,Frac4Rise,Error,BFF
14142800,2.87489e+07,26039.3,228.123,105.24,0.15,0.026258,1,729.974,95738.9,1.152,366.986,-0.346574,-0.094339,-0.097133,44.0383,0.05,0.46985,0.287593
