tmp.site,tmp.area,Lb,X1,Wb,POR,ALPHA,BETA,Ks,Kb,Kz,Qthresh,Rs,Rb1,Rb2,Prec,Frac4Rise,Error,BFF
03151915,2.04868e+08,12275.1,2.47836,911.605,0.15,0.027686,1,2572.83,832.033,1.04723,227531,-0.274121,-0.102486,-0.124596,43.549,0.05,0.512135,0.330054
