tmp.site,tmp.area,Lb,X1,Wb,POR,ALPHA,BETA,Ks,Kb,Kz,Qthresh,Rs,Rb1,Rb2,Prec,Frac4Rise,Error,BFF
06139800,7.56277e+06,3100.02,272.838,245.526,0.15,0.014132,1.1,101.744,5779.96,0.184156,3292.11,-0.099175,-0.031479,-0.027872,88.0766,0.05,0.339556,0.546139
