tmp.site,tmp.area,Lb,X1,Wb,POR,ALPHA,BETA,Ks,Kb,Kz,Qthresh,Rs,Rb1,Rb2,Prec,Frac4Rise,Error,BFF
11400500,1.79486e+08,41395.3,100,458.279,0.15,0.004737,1,170.725,1469.22,0.675536,154134,-0.023918,-0.022266,-0.028361,7584.37,0.05,0.411199,0.169962
