tmp.site,tmp.area,Lb,X1,Wb,POR,ALPHA,BETA,Ks,Kb,Kz,Qthresh,Rs,Rb1,Rb2,Prec,Frac4Rise,Error,BFF
01030350,1.2665e+08,9421.79,100,571.916,0.15,0.031381,1,380.983,20100.5,0.94603,2715.69,-0.092241,-0.061325,-0.066451,78.2903,0.05,0.428754,0.540088
