tmp.site,tmp.area,Lb,X1,Wb,POR,ALPHA,BETA,Ks,Kb,Kz,Qthresh,Rs,Rb1,Rb2,Prec,Frac4Rise,Error,BFF
02210500,3.67778e+09,12050.2,107.457,1722.23,0.15,0.007586,1,1604.54,5082.32,0.549014,782903,-0.0546,-0.065334,-0.058057,63121.5,0.05,0.355931,0.368462
