tmp.site,tmp.area,Lb,X1,Wb,POR,ALPHA,BETA,Ks,Kb,Kz,Qthresh,Rs,Rb1,Rb2,Prec,Frac4Rise,Error,BFF
02482000,2.34135e+09,8085.77,100,2633.2,0.15,0.015497,1,4107.99,17440.5,1.1234,24221.1,-0.09705,-0.082131,-0.079289,1639.2,0.05,0.459783,0.449016
