tmp.site,tmp.area,Lb,X1,Wb,POR,ALPHA,BETA,Ks,Kb,Kz,Qthresh,Rs,Rb1,Rb2,Prec,Frac4Rise,Error,BFF
06719560,2.34653e+07,78744.5,100,26.8276,0.15,0.018221,1,646.233,6642.28,0.970694,3131.61,-0.420879,-0.096501,-0.066652,141.363,0.05,0.336544,0.244302
