tmp.site,tmp.area,Lb,X1,Wb,POR,ALPHA,BETA,Ks,Kb,Kz,Qthresh,Rs,Rb1,Rb2,Prec,Frac4Rise,Error,BFF
11414265,699297,32857.1,2.75991,20.0635,0.15,0.010426,0.8,8.48619,15.0771,0.201752,1443.48,-0.040915,-0.021162,-0.03153,61.1643,0.05,0.221921,0.673323
