tmp.site,tmp.area,Lb,X1,Wb,POR,ALPHA,BETA,Ks,Kb,Kz,Qthresh,Rs,Rb1,Rb2,Prec,Frac4Rise,Error,BFF
14315700,8.7223e+08,113257,100,1156.18,0.15,0.008757,1,235.19,338.05,0.966583,748651,-0.026512,-0.039067,-0.058065,7339.71,0.05,0.473856,0.553481
