tmp.site,tmp.area,Lb,X1,Wb,POR,ALPHA,BETA,Ks,Kb,Kz,Qthresh,Rs,Rb1,Rb2,Prec,Frac4Rise,Error,BFF
06478690,9.79016e+08,17174.1,100,355.914,0.15,0.010444,1,919.184,33454.4,0.920758,4942.07,-0.140158,-0.090568,-0.077362,24.4657,0.05,1.2927,0.194062
