tmp.site,tmp.area,Lb,X1,Wb,POR,ALPHA,BETA,Ks,Kb,Kz,Qthresh,Rs,Rb1,Rb2,Prec,Frac4Rise,Error,BFF
08069000,7.38147e+08,11219.9,23.5052,871.506,0.15,0.009827,1,5188.91,9911.2,0.829455,104958,-0.230494,-0.135762,-0.154388,24.4657,0.05,1.52105,0.247533
