tmp.site,tmp.area,Lb,X1,Wb,POR,ALPHA,BETA,Ks,Kb,Kz,Qthresh,Rs,Rb1,Rb2,Prec,Frac4Rise,Error,BFF
05382284,9.94555e+07,53344,100,289.937,0.15,0.009744,1,188.462,1892.57,0.558374,101043,-0.209495,-0.027896,-0.011867,5553.72,0.05,0.202035,0.66323
