tmp.site,tmp.area,Lb,X1,Wb,POR,ALPHA,BETA,Ks,Kb,Kz,Qthresh,Rs,Rb1,Rb2,Prec,Frac4Rise,Error,BFF
10137000,4.32528e+09,31351.2,60.5406,1152.47,0.15,0.011304,0.9,1891.85,18537.5,1.05188,804922,-0.111572,-0.044618,-0.067658,3268.62,0.05,0.761297,0.545391
