tmp.site,tmp.area,Lb,X1,Wb,POR,ALPHA,BETA,Ks,Kb,Kz,Qthresh,Rs,Rb1,Rb2,Prec,Frac4Rise,Error,BFF
06803495,1.77155e+09,24207.8,7581.82,537.52,0.15,0.008958,5.2,1194.22,3644.57,0.547612,99820.1,-0.120581,-0.077303,-0.040901,6214.29,0.05,0.393146,0.235256
