tmp.site,tmp.area,Lb,X1,Wb,POR,ALPHA,BETA,Ks,Kb,Kz,Qthresh,Rs,Rb1,Rb2,Prec,Frac4Rise,Error,BFF
08076997,8.46926e+07,5966.22,149.866,348.623,0.15,0.0137,1.1,933.8,15546.8,1.02342,32294.7,-0.219728,-0.123664,-0.102148,587.177,0.05,0.425805,0.250612
