tmp.site,tmp.area,Lb,X1,Wb,POR,ALPHA,BETA,Ks,Kb,Kz,Qthresh,Rs,Rb1,Rb2,Prec,Frac4Rise,Error,BFF
09311500,4.01448e+08,24568.6,100,423.259,0.15,0.020948,1,27.4073,26180.4,0.930492,44038.3,-0.028579,-0.04096,-0.101654,244.657,0.05,4.49291,0.653379
