tmp.site,tmp.area,Lb,X1,Wb,POR,ALPHA,BETA,Ks,Kb,Kz,Qthresh,Rs,Rb1,Rb2,Prec,Frac4Rise,Error,BFF
02365200,8.31127e+09,63260,70.3596,1853,0.15,0.006187,1.6,4999.42,11758.2,1.4074,2.09427e+06,-0.122214,-0.056913,-0.040293,111838,0.05,0.333206,0.452234
