tmp.site,tmp.area,Lb,X1,Wb,POR,ALPHA,BETA,Ks,Kb,Kz,Qthresh,Rs,Rb1,Rb2,Prec,Frac4Rise,Error,BFF
14092500,2.02537e+10,82126.1,89.6055,15952.9,0.15,0.015701,0.8,309.73,936.546,0.320163,8.83212e+06,-0.017598,-0.010544,-0.006022,763330,0.05,0.119687,0.814804
