tmp.site,tmp.area,Lb,X1,Wb,POR,ALPHA,BETA,Ks,Kb,Kz,Qthresh,Rs,Rb1,Rb2,Prec,Frac4Rise,Error,BFF
05060500,3.00439e+08,22775.5,100,87.4427,0.15,0.039421,1,1449.77,15969,0.995089,2446.57,-0.143841,-0.092038,-0.126094,24.4657,0.05,7.35601,0.114886
