tmp.site,tmp.area,Lb,X1,Wb,POR,ALPHA,BETA,Ks,Kb,Kz,Qthresh,Rs,Rb1,Rb2,Prec,Frac4Rise,Error,BFF
02294898,1.24319e+09,24838.7,331.297,1531.25,0.15,0.058883,0.9,527.891,98108.9,1.2254,130402,-0.083303,-0.043493,-0.080534,141.901,0.05,0.555884,0.529872
