tmp.site,tmp.area,Lb,X1,Wb,POR,ALPHA,BETA,Ks,Kb,Kz,Qthresh,Rs,Rb1,Rb2,Prec,Frac4Rise,Error,BFF
02303348,4.40298e+07,14401.5,95.2909,300.924,0.15,0.03543,1,325.69,42572.2,0.948061,6532.35,-0.159072,-0.100253,-0.126853,24.4657,0.05,1.84095,0.450349
