tmp.site,tmp.area,Lb,X1,Wb,POR,ALPHA,BETA,Ks,Kb,Kz,Qthresh,Rs,Rb1,Rb2,Prec,Frac4Rise,Error,BFF
07064040,2.16005e+07,68743.7,18.0487,301.027,0.15,0.021648,0.9,101.857,7052.14,4.87581,602444,-0.052001,-0.043578,-0.067265,7046.13,0.05,0.528881,0.275606
