tmp.site,tmp.area,Lb,X1,Wb,POR,ALPHA,BETA,Ks,Kb,Kz,Qthresh,Rs,Rb1,Rb2,Prec,Frac4Rise,Error,BFF
05579630,3.83318e+07,25151.4,100,103.888,0.15,0.049379,1,513.375,22201.9,0.920521,685.04,-0.290871,-0.067998,-0.060728,24.4657,0.05,0.631812,0.246723
