tmp.site,tmp.area,Lb,X1,Wb,POR,ALPHA,BETA,Ks,Kb,Kz,Qthresh,Rs,Rb1,Rb2,Prec,Frac4Rise,Error,BFF
03228805,3.15979e+08,9013.93,100,333.807,0.15,0.004805,1,197.842,2688.75,1.00404,24318.9,-0.025033,-0.110351,-0.13386,205.267,0.05,1.52779,0.088825
