tmp.site,tmp.area,Lb,X1,Wb,POR,ALPHA,BETA,Ks,Kb,Kz,Qthresh,Rs,Rb1,Rb2,Prec,Frac4Rise,Error,BFF
06781900,2.16005e+09,6.23982e+06,100,331.259,0.15,0.079264,1,694.331,70.8303,0.91759,305821,-0.05268,-0.01795,-0.011417,15854.3,0.05,0.394934,0.500363
