tmp.site,tmp.area,Lb,X1,Wb,POR,ALPHA,BETA,Ks,Kb,Kz,Qthresh,Rs,Rb1,Rb2,Prec,Frac4Rise,Error,BFF
08171300,1.06708e+09,27155.1,140.882,626.906,0.15,0.012996,0.9,843.52,27107.4,1.08165,132115,-0.206255,-0.040113,-0.08128,24.4657,0.05,43.8069,0.338766
