tmp.site,tmp.area,Lb,X1,Wb,POR,ALPHA,BETA,Ks,Kb,Kz,Qthresh,Rs,Rb1,Rb2,Prec,Frac4Rise,Error,BFF
06481000,1.01709e+10,42666.3,287.576,1597.74,0.15,0.012184,1,2259,87664.2,1.34698,508887,-0.106787,-0.035426,-0.035448,464.849,0.05,0.474236,0.481442
