tmp.site,tmp.area,Lb,X1,Wb,POR,ALPHA,BETA,Ks,Kb,Kz,Qthresh,Rs,Rb1,Rb2,Prec,Frac4Rise,Error,BFF
07315500,7.43922e+10,29409.2,31.5365,2293.04,0.15,0.004471,1.3,24908,4970,0.996917,115478,-0.118927,-0.09231,-0.062111,12615.3,0.05,0.500797,0.213664
