tmp.site,tmp.area,Lb,X1,Wb,POR,ALPHA,BETA,Ks,Kb,Kz,Qthresh,Rs,Rb1,Rb2,Prec,Frac4Rise,Error,BFF
05056340,8.28796e+08,22274.7,52.4823,988.854,0.15,0.017567,0.9,362.693,9727.66,0.929191,65812.8,-0.079163,-0.043548,-0.156833,24.4657,0.05,37.3345,0.591837
