tmp.site,tmp.area,Lb,X1,Wb,POR,ALPHA,BETA,Ks,Kb,Kz,Qthresh,Rs,Rb1,Rb2,Prec,Frac4Rise,Error,BFF
09480500,1.38046e+09,12814.9,13.0646,367.655,0.15,0.064534,1,4270.2,1563.63,0.975582,41591.7,-0.202733,-0.072321,-0.088336,24.4657,0.05,21.7808,0.244766
