tmp.site,tmp.area,Lb,X1,Wb,POR,ALPHA,BETA,Ks,Kb,Kz,Qthresh,Rs,Rb1,Rb2,Prec,Frac4Rise,Error,BFF
07365500,4.61018e+08,9434.59,2.07945,1693.68,0.15,0.03166,1,2270.98,630.468,0.988763,398791,-0.126351,-0.083329,-0.116016,24.4657,0.05,1.56887,0.481206
