tmp.site,tmp.area,Lb,X1,Wb,POR,ALPHA,BETA,Ks,Kb,Kz,Qthresh,Rs,Rb1,Rb2,Prec,Frac4Rise,Error,BFF
14400000,7.01887e+08,5125.15,166.383,4537.23,0.15,0.023788,1.2,5271.87,1717.96,1.39093,168813,-0.188572,-0.076029,-0.014346,13453,0.05,0.340704,0.284994
