tmp.site,tmp.area,Lb,X1,Wb,POR,ALPHA,BETA,Ks,Kb,Kz,Qthresh,Rs,Rb1,Rb2,Prec,Frac4Rise,Error,BFF
01305000,1.89328e+08,27916,100,836.764,0.15,0.005017,1,32.4381,2914.61,0.243929,24465.7,-0.174153,-0.008013,-0.009153,2764.63,0.05,0.104186,0.883369
