tmp.site,tmp.area,Lb,X1,Wb,POR,ALPHA,BETA,Ks,Kb,Kz,Qthresh,Rs,Rb1,Rb2,Prec,Frac4Rise,Error,BFF
07352000,3.98858e+08,11399.4,6.01224,540.341,0.15,0.013378,1.1,1555.17,878.358,0.989613,23731.7,-0.118836,-0.095939,-0.075629,721.739,0.05,0.545433,0.292633
