tmp.site,tmp.area,Lb,X1,Wb,POR,ALPHA,BETA,Ks,Kb,Kz,Qthresh,Rs,Rb1,Rb2,Prec,Frac4Rise,Error,BFF
02020500,3.65188e+08,14352.6,47.0025,583.365,0.15,0.011797,1.4,1435.53,8373.25,1.23665,24465.7,-0.146143,-0.094618,-0.054167,685.04,0.05,0.404052,0.350906
