tmp.site,tmp.area,Lb,X1,Wb,POR,ALPHA,BETA,Ks,Kb,Kz,Qthresh,Rs,Rb1,Rb2,Prec,Frac4Rise,Error,BFF
02342850,3.13389e+08,10107,100,495.736,0.15,0.011522,1,862.345,6960.89,0.962445,126732,-0.315407,-0.072434,-0.03911,2343.82,0.05,0.328155,0.378412
