tmp.site,tmp.area,Lb,X1,Wb,POR,ALPHA,BETA,Ks,Kb,Kz,Qthresh,Rs,Rb1,Rb2,Prec,Frac4Rise,Error,BFF
09113980,4.22168e+08,33074.5,100,242.123,0.15,0.010688,1,17.3969,27654.5,0.886726,36453.9,-0.07155,-0.035588,-0.032137,1737.65,0.05,0.297159,0.528215
