tmp.site,tmp.area,Lb,X1,Wb,POR,ALPHA,BETA,Ks,Kb,Kz,Qthresh,Rs,Rb1,Rb2,Prec,Frac4Rise,Error,BFF
040850684,6.68217e+07,7065,100,166.66,0.15,0.011795,1,684.174,7433.13,0.892692,9296.97,-0.226551,-0.155574,-0.078187,171.26,0.05,0.464997,0.142843
