tmp.site,tmp.area,Lb,X1,Wb,POR,ALPHA,BETA,Ks,Kb,Kz,Qthresh,Rs,Rb1,Rb2,Prec,Frac4Rise,Error,BFF
02325000,4.14398e+08,90083.6,21958.6,653.845,0.15,0.013011,7.7,300.19,284.948,0.578341,288695,-0.033298,-0.019033,-0.012789,12453,0.05,0.286576,0.528434
