tmp.site,tmp.area,Lb,X1,Wb,POR,ALPHA,BETA,Ks,Kb,Kz,Qthresh,Rs,Rb1,Rb2,Prec,Frac4Rise,Error,BFF
08073100,3.52238e+08,19375.5,41.1239,265.166,0.15,0.006635,0.9,788.736,4472.17,1.18366,79268.9,-0.098844,-0.0943,-0.163996,113.276,0.05,2.35255,0.114223
