tmp.site,tmp.area,Lb,X1,Wb,POR,ALPHA,BETA,Ks,Kb,Kz,Qthresh,Rs,Rb1,Rb2,Prec,Frac4Rise,Error,BFF
10312000,3.37216e+09,13124,100,1517.98,0.15,0.014456,1,1271.59,19577.8,0.985508,922357,-0.111572,-0.042607,-0.102044,24.4657,0.05,57.1538,0.569819
