tmp.site,tmp.area,Lb,X1,Wb,POR,ALPHA,BETA,Ks,Kb,Kz,Qthresh,Rs,Rb1,Rb2,Prec,Frac4Rise,Error,BFF
06927240,7.56277e+08,16088.2,31.0321,644.577,0.15,0.010353,1.2,3721.75,12300.7,1.02701,3938.98,-0.27776,-0.153447,-0.092685,320.501,0.05,0.516061,0.197249
