tmp.site,tmp.area,Lb,X1,Wb,POR,ALPHA,BETA,Ks,Kb,Kz,Qthresh,Rs,Rb1,Rb2,Prec,Frac4Rise,Error,BFF
12377150,3.49648e+07,12266.6,1.96981,476.513,0.15,0.009639,3.7,92.0139,7.57512,0.310447,24465.7,-0.074052,-0.024642,-0.014427,1712.6,0.05,0.208764,0.607404
