tmp.site,tmp.area,Lb,X1,Wb,POR,ALPHA,BETA,Ks,Kb,Kz,Qthresh,Rs,Rb1,Rb2,Prec,Frac4Rise,Error,BFF
01476480,7.89946e+07,29244,100,221.672,0.15,0.020854,1,473.012,15947.7,0.935561,79024.3,-0.423649,-0.061005,-0.052843,1304.29,0.05,0.329662,0.411373
