tmp.site,tmp.area,Lb,X1,Wb,POR,ALPHA,BETA,Ks,Kb,Kz,Qthresh,Rs,Rb1,Rb2,Prec,Frac4Rise,Error,BFF
02225270,1.43226e+09,10552,100,2133.45,0.15,0.032068,1,2484.52,25351.1,0.972863,4183.64,-0.13571,-0.074315,-0.104681,151.687,0.05,0.557902,0.482107
