tmp.site,tmp.area,Lb,X1,Wb,POR,ALPHA,BETA,Ks,Kb,Kz,Qthresh,Rs,Rb1,Rb2,Prec,Frac4Rise,Error,BFF
12392155,3.05619e+08,15530.7,0.843285,1030.13,0.15,0.016153,1.2,1323.18,119.274,1.58438,64949.1,-0.105428,-0.050783,-0.035726,485.253,0.05,0.444,0.504839
