tmp.site,tmp.area,Lb,X1,Wb,POR,ALPHA,BETA,Ks,Kb,Kz,Qthresh,Rs,Rb1,Rb2,Prec,Frac4Rise,Error,BFF
08083480,3.52238e+08,3232.78,100,66.3945,0.15,0.008696,1,2208.67,14187,0.932681,18024.4,-0.344539,-0.137054,-0.242392,24.4657,0.05,1.49439,0.018918
