tmp.site,tmp.area,Lb,X1,Wb,POR,ALPHA,BETA,Ks,Kb,Kz,Qthresh,Rs,Rb1,Rb2,Prec,Frac4Rise,Error,BFF
03264000,4.99868e+08,13685.7,120.053,648.732,0.15,0.00942,5,1652.49,1474.18,0.658466,63610.9,-0.219101,-0.090941,-0.038602,2935.89,0.05,0.341439,0.363993
