tmp.site,tmp.area,Lb,X1,Wb,POR,ALPHA,BETA,Ks,Kb,Kz,Qthresh,Rs,Rb1,Rb2,Prec,Frac4Rise,Error,BFF
14034470,1.7586e+08,36720,100,87.8126,0.15,0.077174,1,371.408,22642.5,0.907672,24710.4,-0.105454,-0.045307,-0.064564,24.4657,0.05,1.73421,0.207689
