tmp.site,tmp.area,Lb,X1,Wb,POR,ALPHA,BETA,Ks,Kb,Kz,Qthresh,Rs,Rb1,Rb2,Prec,Frac4Rise,Error,BFF
07031740,2.04091e+09,17123.7,4922.64,1842.2,0.15,0.005411,10.1,3818.75,2618.27,1.35771,570051,-0.158446,-0.092638,-0.048821,55047.9,0.05,0.322062,0.349452
