tmp.site,tmp.area,Lb,X1,Wb,POR,ALPHA,BETA,Ks,Kb,Kz,Qthresh,Rs,Rb1,Rb2,Prec,Frac4Rise,Error,BFF
02336968,1.15254e+08,14184.7,100,341.557,0.15,0.013768,1,1389.9,17738.3,1.0024,45750.9,-0.533588,-0.089066,-0.084271,244.021,0.05,0.416801,0.302543
