tmp.site,tmp.area,Lb,X1,Wb,POR,ALPHA,BETA,Ks,Kb,Kz,Qthresh,Rs,Rb1,Rb2,Prec,Frac4Rise,Error,BFF
11481500,1.75342e+08,15790.8,3508.35,1173.49,0.15,0.020319,2.6,1339.36,98480.1,0.352012,8611.93,-0.195913,-0.054799,-0.02511,496.654,0.05,0.349308,0.472823
