tmp.site,tmp.area,Lb,X1,Wb,POR,ALPHA,BETA,Ks,Kb,Kz,Qthresh,Rs,Rb1,Rb2,Prec,Frac4Rise,Error,BFF
14301500,4.16988e+08,5568.28,100,2273.17,0.15,0.017379,1,1858.7,2251.8,2.51648,163920,-0.17021,-0.072519,-0.016138,12722.2,0.05,0.322536,0.337807
