tmp.site,tmp.area,Lb,X1,Wb,POR,ALPHA,BETA,Ks,Kb,Kz,Qthresh,Rs,Rb1,Rb2,Prec,Frac4Rise,Error,BFF
10245960,1.48924e+08,283.036,0.926827,35.9008,0.15,0.012674,0.9,2672.5,0.015928,1.22542,4110.24,-0.190014,-0.07567,-0.108825,24.4657,0.05,0.233984,9.6e-05
