tmp.site,tmp.area,Lb,X1,Wb,POR,ALPHA,BETA,Ks,Kb,Kz,Qthresh,Rs,Rb1,Rb2,Prec,Frac4Rise,Error,BFF
06048650,5.85337e+08,16994.3,186.657,471.237,0.15,0.007376,1,293.589,2190.6,0.92319,165144,-0.068842,-0.027833,-0.02621,5553.72,0.05,0.339745,0.338804
