tmp.site,tmp.area,Lb,X1,Wb,POR,ALPHA,BETA,Ks,Kb,Kz,Qthresh,Rs,Rb1,Rb2,Prec,Frac4Rise,Error,BFF
08063040,9.55706e+07,13175.1,100,288.519,0.15,0.039033,1,836.486,15346.8,0.959902,8905.52,-0.282286,-0.072464,-0.131681,24.4657,0.05,4.7499,0.227731
