tmp.site,tmp.area,Lb,X1,Wb,POR,ALPHA,BETA,Ks,Kb,Kz,Qthresh,Rs,Rb1,Rb2,Prec,Frac4Rise,Error,BFF
06918460,6.52677e+08,27370.2,1.16297,716.847,0.15,0.014327,2.6,819.527,71.1463,0.861498,66057.4,-0.108597,-0.049747,-0.024782,3669.86,0.05,0.373022,0.467019
