tmp.site,tmp.area,Lb,X1,Wb,POR,ALPHA,BETA,Ks,Kb,Kz,Qthresh,Rs,Rb1,Rb2,Prec,Frac4Rise,Error,BFF
11367800,1.10592e+09,323463,303.61,985.66,0.15,0.00884,0.9,34.6253,546.832,0.058983,655681,-0.053736,-0.026655,-0.017344,38166.5,0.05,0.17616,0.558654
