tmp.site,tmp.area,Lb,X1,Wb,POR,ALPHA,BETA,Ks,Kb,Kz,Qthresh,Rs,Rb1,Rb2,Prec,Frac4Rise,Error,BFF
05465700,3.27115e+10,25750.6,0.243672,5524.95,0.15,0.008386,1.5,4683.59,9.41252,1.71165,3.05821e+06,-0.072329,-0.035161,-0.024758,291142,0.05,0.319752,0.568149
