tmp.site,tmp.area,Lb,X1,Wb,POR,ALPHA,BETA,Ks,Kb,Kz,Qthresh,Rs,Rb1,Rb2,Prec,Frac4Rise,Error,BFF
12413860,3.76325e+09,13708.4,179.528,3987.62,0.15,0.007928,1.1,1604.98,9591.3,0.940645,726632,-0.059099,-0.034859,-0.029131,62561.3,0.05,0.2516,0.572992
