tmp.site,tmp.area,Lb,X1,Wb,POR,ALPHA,BETA,Ks,Kb,Kz,Qthresh,Rs,Rb1,Rb2,Prec,Frac4Rise,Error,BFF
13018300,2.79719e+07,4548.28,2127.02,1189.76,0.15,0.006356,10.1,35.1069,209.165,0.115541,13994.4,-0.087357,-0.013308,-0.0081,587.177,0.05,0.220856,0.715066
