tmp.site,tmp.area,Lb,X1,Wb,POR,ALPHA,BETA,Ks,Kb,Kz,Qthresh,Rs,Rb1,Rb2,Prec,Frac4Rise,Error,BFF
01331095,9.77203e+09,7410.09,0.085031,10119.8,0.15,0.00605,1,1414.86,6.95808,1.60498,7.58437e+06,-0.068999,-0.035261,-0.0356,491761,0.05,0.222492,0.764431
