tmp.site,tmp.area,Lb,X1,Wb,POR,ALPHA,BETA,Ks,Kb,Kz,Qthresh,Rs,Rb1,Rb2,Prec,Frac4Rise,Error,BFF
10260550,8.33976e+06,4978.14,100,150.663,0.15,0.024669,1,155.015,2657.11,0.240541,3669.86,-0.147477,-0.042725,-0.06521,24.4657,0.05,2.06647,0.289715
