tmp.site,tmp.area,Lb,X1,Wb,POR,ALPHA,BETA,Ks,Kb,Kz,Qthresh,Rs,Rb1,Rb2,Prec,Frac4Rise,Error,BFF
04262500,6.68217e+08,39206.3,50.5984,749.56,0.15,0.013984,1.2,1537.57,13840.7,1.28142,474635,-0.103197,-0.058245,-0.048411,12477.5,0.05,0.346815,0.475547
