tmp.site,tmp.area,Lb,X1,Wb,POR,ALPHA,BETA,Ks,Kb,Kz,Qthresh,Rs,Rb1,Rb2,Prec,Frac4Rise,Error,BFF
01168250,1.67572e+07,8837.94,100,218.635,0.15,0.025444,1,488.237,19517.3,0.678774,39634.5,-0.342417,-0.082468,-0.103062,39.1451,0.05,0.514222,0.351235
