tmp.site,tmp.area,Lb,X1,Wb,POR,ALPHA,BETA,Ks,Kb,Kz,Qthresh,Rs,Rb1,Rb2,Prec,Frac4Rise,Error,BFF
06710385,2.66769e+08,76542.6,100,134.035,0.15,0.025845,1,182.354,8620.12,0.69535,11743.5,-0.117757,-0.020839,-0.017072,1260.57,0.05,0.389734,0.374252
