tmp.site,tmp.area,Lb,X1,Wb,POR,ALPHA,BETA,Ks,Kb,Kz,Qthresh,Rs,Rb1,Rb2,Prec,Frac4Rise,Error,BFF
11074000,5.84819e+09,30624,66.1066,791.234,0.15,0.006239,1.2,562.236,3823.02,0.983826,503994,-0.042279,-0.04011,-0.032445,4648.49,0.05,0.396671,0.470096
