tmp.site,tmp.area,Lb,X1,Wb,POR,ALPHA,BETA,Ks,Kb,Kz,Qthresh,Rs,Rb1,Rb2,Prec,Frac4Rise,Error,BFF
03353420,1.21729e+07,11965.4,100,43.1305,0.15,0.041559,1,544.256,28513.5,0.960598,978.629,-0.315869,-0.130624,-0.13962,24.4657,0.05,0.796159,0.178959
