tmp.site,tmp.area,Lb,X1,Wb,POR,ALPHA,BETA,Ks,Kb,Kz,Qthresh,Rs,Rb1,Rb2,Prec,Frac4Rise,Error,BFF
08158970,7.14837e+07,25770.5,72.6502,32.6321,0.15,0.03238,0.9,894.201,18895.5,1.18167,17126,-0.289281,-0.073316,-0.2,24.4657,0.05,8.75912,0.088576
