tmp.site,tmp.area,Lb,X1,Wb,POR,ALPHA,BETA,Ks,Kb,Kz,Qthresh,Rs,Rb1,Rb2,Prec,Frac4Rise,Error,BFF
01394500,6.60447e+07,10095.9,100,209.783,0.15,0.01187,1,1044.44,7728.27,0.907648,24465.7,-0.581575,-0.101961,-0.097245,342.52,0.05,0.410393,0.217479
