tmp.site,tmp.area,Lb,X1,Wb,POR,ALPHA,BETA,Ks,Kb,Kz,Qthresh,Rs,Rb1,Rb2,Prec,Frac4Rise,Error,BFF
05480820,1.08262e+09,31610.3,92.8551,809.719,0.15,0.01626,1,1635.16,47651.5,1.10987,44420,-0.143841,-0.063077,-0.078334,37.3347,0.05,0.576604,0.442696
