tmp.site,tmp.area,Lb,X1,Wb,POR,ALPHA,BETA,Ks,Kb,Kz,Qthresh,Rs,Rb1,Rb2,Prec,Frac4Rise,Error,BFF
10038000,6.3377e+09,66534.2,100,643.661,0.15,0.007505,1,986.569,2887.96,0.956181,533353,-0.052964,-0.025163,-0.017934,17860,0.05,0.367039,0.349418
