tmp.site,tmp.area,Lb,X1,Wb,POR,ALPHA,BETA,Ks,Kb,Kz,Qthresh,Rs,Rb1,Rb2,Prec,Frac4Rise,Error,BFF
09362520,2.00724e+09,1907.49,0.348894,14865.6,0.15,0.002415,3.2,81.2191,0.687615,0.970595,442829,-0.061027,-0.031852,-0.021055,27401.6,0.05,0.22381,0.820653
