tmp.site,tmp.area,Lb,X1,Wb,POR,ALPHA,BETA,Ks,Kb,Kz,Qthresh,Rs,Rb1,Rb2,Prec,Frac4Rise,Error,BFF
07152000,4.85882e+09,8929.87,100,1263.82,0.15,0.005102,1,4045.99,7110.15,0.895073,672807,-0.168236,-0.097558,-0.094113,269.123,0.05,1.27435,0.171292
