tmp.site,tmp.area,Lb,X1,Wb,POR,ALPHA,BETA,Ks,Kb,Kz,Qthresh,Rs,Rb1,Rb2,Prec,Frac4Rise,Error,BFF
08013500,1.95026e+09,40185.4,57.0491,697.905,0.15,0.007252,1.8,3553.76,9611.99,1.42127,105203,-0.118194,-0.10687,-0.047589,6410.02,0.05,0.480711,0.196889
