tmp.site,tmp.area,Lb,X1,Wb,POR,ALPHA,BETA,Ks,Kb,Kz,Qthresh,Rs,Rb1,Rb2,Prec,Frac4Rise,Error,BFF
02212735,5.38718e+09,38514.5,195.721,1735.63,0.15,0.009051,3.1,5528.15,4819.42,1.30927,770670,-0.106476,-0.076414,-0.044983,67525.4,0.05,0.3233,0.459995
