tmp.site,tmp.area,Lb,X1,Wb,POR,ALPHA,BETA,Ks,Kb,Kz,Qthresh,Rs,Rb1,Rb2,Prec,Frac4Rise,Error,BFF
03559500,9.11676e+08,14043.7,9.44032,5012.95,0.15,0.010942,0.9,420.87,2444.03,1.1054,658128,-0.037693,-0.03473,-0.04797,59016.2,0.05,0.316665,0.946922
