tmp.site,tmp.area,Lb,X1,Wb,POR,ALPHA,BETA,Ks,Kb,Kz,Qthresh,Rs,Rb1,Rb2,Prec,Frac4Rise,Error,BFF
14020300,4.55838e+08,12264.4,100,1030.02,0.15,0.002986,1,46.7341,11191.4,0.90761,16636.7,-0.091161,-0.063384,-0.016105,1751.84,0.05,0.383719,0.321185
