tmp.site,tmp.area,Lb,X1,Wb,POR,ALPHA,BETA,Ks,Kb,Kz,Qthresh,Rs,Rb1,Rb2,Prec,Frac4Rise,Error,BFF
10349300,3.18569e+08,62505.7,144.718,59.599,0.15,0.065496,0.9,800.151,51259.8,1.00607,29358.9,-0.143841,-0.033009,-0.075981,24.4657,0.05,1.32007,0.165189
