tmp.site,tmp.area,Lb,X1,Wb,POR,ALPHA,BETA,Ks,Kb,Kz,Qthresh,Rs,Rb1,Rb2,Prec,Frac4Rise,Error,BFF
08110100,5.05048e+08,3774.71,100,411.432,0.15,0.010179,1,2491.85,8159.36,1.0403,53824.6,-0.227077,-0.169863,-0.177806,24.4657,0.05,4.3011,0.065998
