tmp.site,tmp.area,Lb,X1,Wb,POR,ALPHA,BETA,Ks,Kb,Kz,Qthresh,Rs,Rb1,Rb2,Prec,Frac4Rise,Error,BFF
05484900,9.38871e+09,13104.8,100,3232.69,0.15,0.011864,1,5537.76,13472.5,0.990702,147763,-0.104462,-0.047517,-0.045574,13274.4,0.05,0.402496,0.449288
