tmp.site,tmp.area,Lb,X1,Wb,POR,ALPHA,BETA,Ks,Kb,Kz,Qthresh,Rs,Rb1,Rb2,Prec,Frac4Rise,Error,BFF
01457000,3.65188e+08,60018.5,182.636,480.791,0.15,0.011634,1.6,433.691,32124.7,1.0656,215298,-0.127988,-0.037451,-0.029544,11254.2,0.05,0.251457,0.610515
