tmp.site,tmp.area,Lb,X1,Wb,POR,ALPHA,BETA,Ks,Kb,Kz,Qthresh,Rs,Rb1,Rb2,Prec,Frac4Rise,Error,BFF
03281500,1.86997e+09,8133.19,100,1844.22,0.15,0.0118,1,6640.78,19289.9,1.25425,16636.7,-0.197888,-0.099295,-0.088059,342.52,0.05,0.440891,0.320863
