tmp.site,tmp.area,Lb,X1,Wb,POR,ALPHA,BETA,Ks,Kb,Kz,Qthresh,Rs,Rb1,Rb2,Prec,Frac4Rise,Error,BFF
02335910,4.81738e+07,8078.94,100,232.966,0.15,0.010149,1,1357.14,5303.78,1.01123,5627.11,-0.779212,-0.139924,-0.100876,596.963,0.05,0.387045,0.188521
