tmp.site,tmp.area,Lb,X1,Wb,POR,ALPHA,BETA,Ks,Kb,Kz,Qthresh,Rs,Rb1,Rb2,Prec,Frac4Rise,Error,BFF
01368500,1.54622e+08,27176.1,66.3804,387.642,0.15,0.017821,1.2,933.896,48852,1.14053,2691.23,-0.210772,-0.095142,-0.063439,148.409,0.05,0.388324,0.472531
