tmp.site,tmp.area,Lb,X1,Wb,POR,ALPHA,BETA,Ks,Kb,Kz,Qthresh,Rs,Rb1,Rb2,Prec,Frac4Rise,Error,BFF
06777495,9.84195e+09,387979,9.61378,2014.16,0.15,0.004818,0.8,49.0555,13874.3,0.949987,2.59337e+06,-0.054636,-0.011502,-0.021418,154550,0.05,0.187554,0.876461
