tmp.site,tmp.area,Lb,X1,Wb,POR,ALPHA,BETA,Ks,Kb,Kz,Qthresh,Rs,Rb1,Rb2,Prec,Frac4Rise,Error,BFF
03298135,1.41672e+07,3966.3,404.927,139.201,0.15,0.015511,0.9,471.445,32140.4,0.494577,5455.85,-0.688832,-0.110615,-0.139203,26.9123,0.05,0.603293,0.181129
