tmp.site,tmp.area,Lb,X1,Wb,POR,ALPHA,BETA,Ks,Kb,Kz,Qthresh,Rs,Rb1,Rb2,Prec,Frac4Rise,Error,BFF
01054000,3.52497e+09,25551.7,100,8127.54,0.15,0.004787,1,21.4259,240.519,0.969371,4.89314e+06,-0.070797,-0.035668,-0.018797,286249,0.05,0.181864,0.65228
