tmp.site,tmp.area,Lb,X1,Wb,POR,ALPHA,BETA,Ks,Kb,Kz,Qthresh,Rs,Rb1,Rb2,Prec,Frac4Rise,Error,BFF
01606000,8.02896e+08,36973.4,114.292,986.244,0.15,0.009136,1.3,3688.86,83548.7,1.59664,56760.5,-0.173264,-0.083828,-0.052017,2346.26,0.05,0.385433,0.489678
