tmp.site,tmp.area,Lb,X1,Wb,POR,ALPHA,BETA,Ks,Kb,Kz,Qthresh,Rs,Rb1,Rb2,Prec,Frac4Rise,Error,BFF
10172200,1.87774e+07,22660,100,171.949,0.15,0.009696,1,8.56286,8918.33,0.077868,2935.89,-0.091161,-0.014027,-0.010561,122.329,0.05,0.217374,0.709906
