tmp.site,tmp.area,Lb,X1,Wb,POR,ALPHA,BETA,Ks,Kb,Kz,Qthresh,Rs,Rb1,Rb2,Prec,Frac4Rise,Error,BFF
02204037,4.16988e+07,6165.48,0.118953,235.773,0.15,0.051216,1,954.043,5.79635,1.08536,6091.96,-0.628187,-0.082228,-0.084425,211.066,0.05,0.456556,0.310502
