tmp.site,tmp.area,Lb,X1,Wb,POR,ALPHA,BETA,Ks,Kb,Kz,Qthresh,Rs,Rb1,Rb2,Prec,Frac4Rise,Error,BFF
07311000,1.79745e+09,14467.7,5.11805,427.423,0.15,0.004293,1.1,1700.36,444.501,1.09502,105203,-0.143841,-0.10094,-0.081239,97.8629,0.05,1.66307,0.102598
