tmp.site,tmp.area,Lb,X1,Wb,POR,ALPHA,BETA,Ks,Kb,Kz,Qthresh,Rs,Rb1,Rb2,Prec,Frac4Rise,Error,BFF
06918250,1.46852e+10,2927.23,100,8377.86,0.15,0.009078,1,8223.8,12229.9,1.7162,494207,-0.116423,-0.092607,-0.091907,12232.9,0.05,0.845363,0.42855
