tmp.site,tmp.area,Lb,X1,Wb,POR,ALPHA,BETA,Ks,Kb,Kz,Qthresh,Rs,Rb1,Rb2,Prec,Frac4Rise,Error,BFF
01450500,1.98652e+08,11871.9,100,631.89,0.15,0.013169,1,439.245,9210.13,0.922572,56271.1,-0.158887,-0.051472,-0.024825,4648.49,0.05,0.280684,0.512507
