tmp.site,tmp.area,Lb,X1,Wb,POR,ALPHA,BETA,Ks,Kb,Kz,Qthresh,Rs,Rb1,Rb2,Prec,Frac4Rise,Error,BFF
05536162,4.84328e+07,4271.47,223.943,188.526,0.15,0.01454,1,526.274,12639.4,0.967984,8807.66,-0.255413,-0.125623,-0.116558,85.63,0.05,0.495082,0.162959
