tmp.site,tmp.area,Lb,X1,Wb,POR,ALPHA,BETA,Ks,Kb,Kz,Qthresh,Rs,Rb1,Rb2,Prec,Frac4Rise,Error,BFF
14308000,1.1629e+09,17697.2,465.656,1670.29,0.15,0.008968,1.1,5713.6,34205,5.48326,118903,-0.180871,-0.062772,-0.018759,8709.79,0.05,0.37058,0.355683
