tmp.site,tmp.area,Lb,X1,Wb,POR,ALPHA,BETA,Ks,Kb,Kz,Qthresh,Rs,Rb1,Rb2,Prec,Frac4Rise,Error,BFF
01155910,7.30377e+08,14290.2,2.1732,1102.33,0.15,0.008238,1.3,4959.92,336.74,1.20073,242211,-0.111964,-0.087004,-0.058653,5360.44,0.05,0.408195,0.36409
