tmp.site,tmp.area,Lb,X1,Wb,POR,ALPHA,BETA,Ks,Kb,Kz,Qthresh,Rs,Rb1,Rb2,Prec,Frac4Rise,Error,BFF
01010070,5.02458e+08,75656.2,102.11,391.527,0.15,0.007636,1.1,2422.59,92064.6,1.17987,134561,-0.138795,-0.074331,-0.064484,3669.86,0.05,0.536171,0.275085
