tmp.site,tmp.area,Lb,X1,Wb,POR,ALPHA,BETA,Ks,Kb,Kz,Qthresh,Rs,Rb1,Rb2,Prec,Frac4Rise,Error,BFF
03029000,7.84766e+08,13258.4,2393.65,1694.26,0.15,0.007791,10.1,1700.69,8070.79,1.02566,535799,-0.173116,-0.064803,-0.043291,34303.4,0.05,0.260929,0.618795
