tmp.site,tmp.area,Lb,X1,Wb,POR,ALPHA,BETA,Ks,Kb,Kz,Qthresh,Rs,Rb1,Rb2,Prec,Frac4Rise,Error,BFF
06479500,2.08753e+09,34675,100,215.798,0.15,0.072168,1,2108.36,20834.7,1.00164,119637,-0.106787,-0.04337,-0.093001,24.4657,0.05,3.22059,0.150064
