tmp.site,tmp.area,Lb,X1,Wb,POR,ALPHA,BETA,Ks,Kb,Kz,Qthresh,Rs,Rb1,Rb2,Prec,Frac4Rise,Error,BFF
01473500,4.55838e+09,23134.7,78.0532,3068.99,0.15,0.010813,2.5,9458.6,2359.86,1.71913,1.2453e+06,-0.239856,-0.065046,-0.042568,76577.7,0.05,0.338984,0.488985
