tmp.site,tmp.area,Lb,X1,Wb,POR,ALPHA,BETA,Ks,Kb,Kz,Qthresh,Rs,Rb1,Rb2,Prec,Frac4Rise,Error,BFF
07105900,1.69385e+08,2.21707e+06,100,20.7711,0.15,0.030848,1,555.807,6097.14,0.438136,2446.57,-0.143841,-0.029802,-0.04078,44.0383,0.05,0.511237,0.365046
