tmp.site,tmp.area,Lb,X1,Wb,POR,ALPHA,BETA,Ks,Kb,Kz,Qthresh,Rs,Rb1,Rb2,Prec,Frac4Rise,Error,BFF
09066310,1.99688e+08,29454.7,13757,720.029,0.15,0.015578,4.3,263.34,82538.6,0.114465,18349.3,-0.143058,-0.031593,-0.013987,1761.53,0.05,0.292425,0.415682
