tmp.site,tmp.area,Lb,X1,Wb,POR,ALPHA,BETA,Ks,Kb,Kz,Qthresh,Rs,Rb1,Rb2,Prec,Frac4Rise,Error,BFF
02391540,1.89587e+08,28929,100,366.278,0.15,0.014494,1,540.187,19479.4,0.961211,194747,-0.338081,-0.046691,-0.038539,2366.57,0.05,0.318185,0.498112
