tmp.site,tmp.area,Lb,X1,Wb,POR,ALPHA,BETA,Ks,Kb,Kz,Qthresh,Rs,Rb1,Rb2,Prec,Frac4Rise,Error,BFF
06479520,2.58999e+09,79943.5,79.7277,459.979,0.15,0.015886,0.9,1879.83,9898.18,1.00691,28380.2,-0.108336,-0.031477,-0.036568,415.917,0.05,0.570674,0.179616
