tmp.site,tmp.area,Lb,X1,Wb,POR,ALPHA,BETA,Ks,Kb,Kz,Qthresh,Rs,Rb1,Rb2,Prec,Frac4Rise,Error,BFF
02300700,7.53687e+07,9066.31,100,239.621,0.15,0.01398,1,308.036,13152.2,0.997801,22019.1,-0.195713,-0.086998,-0.085229,122.329,0.05,0.573955,0.302266
