tmp.site,tmp.area,Lb,X1,Wb,POR,ALPHA,BETA,Ks,Kb,Kz,Qthresh,Rs,Rb1,Rb2,Prec,Frac4Rise,Error,BFF
02483500,5.13077e+09,21171.3,48.6868,2754.49,0.15,0.011987,1.7,3544.93,9926.56,2.46044,225359,-0.090314,-0.095826,-0.048645,18104.6,0.05,0.396734,0.578436
