tmp.site,tmp.area,Lb,X1,Wb,POR,ALPHA,BETA,Ks,Kb,Kz,Qthresh,Rs,Rb1,Rb2,Prec,Frac4Rise,Error,BFF
04197277,1.10592e+08,5538.55,100,330.676,0.15,0.011408,1,1471.33,8792.07,0.937269,10412.6,-0.420195,-0.116504,-0.157645,24.4657,0.05,3.44649,0.173062
