tmp.site,tmp.area,Lb,X1,Wb,POR,ALPHA,BETA,Ks,Kb,Kz,Qthresh,Rs,Rb1,Rb2,Prec,Frac4Rise,Error,BFF
05075000,5.95697e+09,36544.1,39.5215,3424.51,0.15,0.016294,0.9,1087.44,2210.45,1.07071,210405,-0.066766,-0.018518,-0.045622,244.657,0.05,2.78329,0.599152
