tmp.site,tmp.area,Lb,X1,Wb,POR,ALPHA,BETA,Ks,Kb,Kz,Qthresh,Rs,Rb1,Rb2,Prec,Frac4Rise,Error,BFF
02476600,8.85776e+08,16197.5,0.600872,785.95,0.15,0.005406,1,3329.08,52.711,1.05691,141901,-0.115467,-0.067899,-0.06801,7867.2,0.05,0.409735,0.232168
