tmp.site,tmp.area,Lb,X1,Wb,POR,ALPHA,BETA,Ks,Kb,Kz,Qthresh,Rs,Rb1,Rb2,Prec,Frac4Rise,Error,BFF
03434500,1.76896e+09,19329.2,50.8983,1844.8,0.15,0.007072,1.5,10054,7684.04,1.24834,207959,-0.242698,-0.087333,-0.051126,8073.69,0.05,0.364626,0.387547
