tmp.site,tmp.area,Lb,X1,Wb,POR,ALPHA,BETA,Ks,Kb,Kz,Qthresh,Rs,Rb1,Rb2,Prec,Frac4Rise,Error,BFF
06345500,3.21159e+09,5215.71,192.139,515.541,0.15,0.013079,1,915.324,3656.57,0.904551,56271.1,-0.133434,-0.077677,-0.067204,24.4657,0.05,11.2005,0.12135
