tmp.site,tmp.area,Lb,X1,Wb,POR,ALPHA,BETA,Ks,Kb,Kz,Qthresh,Rs,Rb1,Rb2,Prec,Frac4Rise,Error,BFF
12389500,1.65241e+09,77049.4,26592.7,722.102,0.15,0.008611,6.8,549.772,1858.99,0.758297,433043,-0.055465,-0.020017,-0.011305,23242.4,0.05,0.284081,0.367537
