tmp.site,tmp.area,Lb,X1,Wb,POR,ALPHA,BETA,Ks,Kb,Kz,Qthresh,Rs,Rb1,Rb2,Prec,Frac4Rise,Error,BFF
01173180,2.97849e+08,19094.3,100,408.435,0.15,0.012807,1,359.114,23740.2,0.903116,43304.3,-0.107498,-0.037512,-0.061797,2265.94,0.05,0.44546,0.459381
