tmp.site,tmp.area,Lb,X1,Wb,POR,ALPHA,BETA,Ks,Kb,Kz,Qthresh,Rs,Rb1,Rb2,Prec,Frac4Rise,Error,BFF
03227107,1.38046e+09,2204.67,0.0785,2234.13,0.15,0.006254,1.1,2422.81,9.02146,1.49711,146305,-0.115436,-0.115246,-0.100068,8832.12,0.05,0.420346,0.305983
