tmp.site,tmp.area,Lb,X1,Wb,POR,ALPHA,BETA,Ks,Kb,Kz,Qthresh,Rs,Rb1,Rb2,Prec,Frac4Rise,Error,BFF
08406500,4.97019e+10,7714.02,682.21,4921.36,0.15,0.009726,1.2,11732.8,3049.64,0.03335,24465.7,-0.111572,-0.052791,-0.036865,1786,0.05,0.443228,0.278434
