tmp.site,tmp.area,Lb,X1,Wb,POR,ALPHA,BETA,Ks,Kb,Kz,Qthresh,Rs,Rb1,Rb2,Prec,Frac4Rise,Error,BFF
06093200,3.96268e+08,37152,100,472.505,0.15,0.013602,1,119.266,27341.7,0.957195,99086.1,-0.067485,-0.030888,-0.023923,4159.17,0.05,0.37843,0.61257
