tmp.site,tmp.area,Lb,X1,Wb,POR,ALPHA,BETA,Ks,Kb,Kz,Qthresh,Rs,Rb1,Rb2,Prec,Frac4Rise,Error,BFF
10133800,1.48147e+08,7561,171.699,359.316,0.15,0.013288,0.9,63.811,10647.3,0.312185,19058.8,-0.083692,-0.029881,-0.031135,1247.73,0.05,0.232045,0.575532
