tmp.site,tmp.area,Lb,X1,Wb,POR,ALPHA,BETA,Ks,Kb,Kz,Qthresh,Rs,Rb1,Rb2,Prec,Frac4Rise,Error,BFF
02041650,3.47576e+09,16205.2,0.051934,1569.95,0.15,0.009368,1.3,5045.65,4.4132,1.1313,486868,-0.09662,-0.082363,-0.058792,11107.4,0.05,0.406442,0.37326
