tmp.site,tmp.area,Lb,X1,Wb,POR,ALPHA,BETA,Ks,Kb,Kz,Qthresh,Rs,Rb1,Rb2,Prec,Frac4Rise,Error,BFF
08377900,1.37787e+08,82314.6,100,74.5559,0.15,0.022072,1,1160.21,12486.7,0.891548,15660,-0.12086,-0.035475,-0.025453,593.93,0.05,0.563007,0.184708
