tmp.site,tmp.area,Lb,X1,Wb,POR,ALPHA,BETA,Ks,Kb,Kz,Qthresh,Rs,Rb1,Rb2,Prec,Frac4Rise,Error,BFF
06475000,3.59646e+10,46915.2,32.2594,51697.3,0.15,0.013596,0.9,25753.4,4003.31,1.17991,1.23063e+06,-0.073998,-0.026939,-0.064268,24.4657,0.05,86.9311,0.606542
