tmp.site,tmp.area,Lb,X1,Wb,POR,ALPHA,BETA,Ks,Kb,Kz,Qthresh,Rs,Rb1,Rb2,Prec,Frac4Rise,Error,BFF
08033000,7.05513e+09,17351,0.739458,3846.21,0.15,0.01726,1,4387.19,140.971,1.08506,3.91451e+06,-0.082004,-0.046948,-0.051303,1655.35,0.05,0.506105,0.531112
