tmp.site,tmp.area,Lb,X1,Wb,POR,ALPHA,BETA,Ks,Kb,Kz,Qthresh,Rs,Rb1,Rb2,Prec,Frac4Rise,Error,BFF
07040000,3.54828e+09,11582.8,49.7383,1829.48,0.15,0.007252,1,1035.09,3423.91,1.07475,545585,-0.035024,-0.059198,-0.058635,14924.1,0.05,0.48195,0.290502
