tmp.site,tmp.area,Lb,X1,Wb,POR,ALPHA,BETA,Ks,Kb,Kz,Qthresh,Rs,Rb1,Rb2,Prec,Frac4Rise,Error,BFF
09294500,1.25355e+09,37430.3,12.9463,584.453,0.15,0.003498,0.9,355.756,334.129,1.05027,288695,-0.12522,-0.049106,-0.071595,244.657,0.05,2.78057,0.317691
