tmp.site,tmp.area,Lb,X1,Wb,POR,ALPHA,BETA,Ks,Kb,Kz,Qthresh,Rs,Rb1,Rb2,Prec,Frac4Rise,Error,BFF
01545000,6.03467e+08,9757.14,0.218913,1092.79,0.15,0.013526,1.3,1837.73,19.2997,1.09636,26423,-0.115193,-0.071991,-0.046869,2373.17,0.05,0.368824,0.448698
