tmp.site,tmp.area,Lb,X1,Wb,POR,ALPHA,BETA,Ks,Kb,Kz,Qthresh,Rs,Rb1,Rb2,Prec,Frac4Rise,Error,BFF
02423586,7.01887e+07,7009.39,100,331.547,0.15,0.010698,1,1841.34,8283.31,0.927848,5655.25,-0.705643,-0.123174,-0.100737,601.172,0.05,0.405672,0.210168
