tmp.site,tmp.area,Lb,X1,Wb,POR,ALPHA,BETA,Ks,Kb,Kz,Qthresh,Rs,Rb1,Rb2,Prec,Frac4Rise,Error,BFF
02472500,7.87356e+08,6234.71,1094.47,2959.04,0.15,0.002639,2.5,2316.3,293.113,0.861539,315608,-0.200375,-0.103105,-0.027057,23829.6,0.05,0.288379,0.351271
