tmp.site,tmp.area,Lb,X1,Wb,POR,ALPHA,BETA,Ks,Kb,Kz,Qthresh,Rs,Rb1,Rb2,Prec,Frac4Rise,Error,BFF
01200000,5.25768e+08,28434.9,148.681,925.428,0.15,0.017205,1.2,1348.9,35145.2,1.36851,83183.4,-0.187835,-0.047628,-0.035959,3669.86,0.05,0.321865,0.548471
