tmp.site,tmp.area,Lb,X1,Wb,POR,ALPHA,BETA,Ks,Kb,Kz,Qthresh,Rs,Rb1,Rb2,Prec,Frac4Rise,Error,BFF
02024000,1.67572e+09,14716.8,2596.46,1468.55,0.15,0.008429,9.9,3157.92,4377.87,0.906421,220925,-0.151596,-0.072501,-0.031024,15658.1,0.05,0.345638,0.395852
