tmp.site,tmp.area,Lb,X1,Wb,POR,ALPHA,BETA,Ks,Kb,Kz,Qthresh,Rs,Rb1,Rb2,Prec,Frac4Rise,Error,BFF
13183000,2.89043e+10,25579.7,1.34689,2808.31,0.15,0.00454,1.4,310.999,176.327,0.90987,932144,-0.014494,-0.038704,-0.015673,391.451,0.05,1.83164,0.519283
