tmp.site,tmp.area,Lb,X1,Wb,POR,ALPHA,BETA,Ks,Kb,Kz,Qthresh,Rs,Rb1,Rb2,Prec,Frac4Rise,Error,BFF
10336730,1.06449e+07,6184.59,100,120.935,0.15,0.02839,1,43.2853,4453.35,0.167208,2397.64,-0.115424,-0.02815,-0.038386,24.4657,0.05,0.385857,0.613983
