tmp.site,tmp.area,Lb,X1,Wb,POR,ALPHA,BETA,Ks,Kb,Kz,Qthresh,Rs,Rb1,Rb2,Prec,Frac4Rise,Error,BFF
01195399,3.34108e+07,20037.3,100,177.032,0.15,0.01647,1,281.89,11139.1,0.927909,13113.6,-0.490153,-0.073238,-0.035917,733.066,0.05,0.287572,0.456837
