tmp.site,tmp.area,Lb,X1,Wb,POR,ALPHA,BETA,Ks,Kb,Kz,Qthresh,Rs,Rb1,Rb2,Prec,Frac4Rise,Error,BFF
04073466,1.16808e+08,13692.2,99.7635,500.496,0.15,0.02365,1,305.952,14612.5,1.3316,44282.9,-0.087667,-0.044713,-0.045477,1313.1,0.05,0.278647,0.652311
