tmp.site,tmp.area,Lb,X1,Wb,POR,ALPHA,BETA,Ks,Kb,Kz,Qthresh,Rs,Rb1,Rb2,Prec,Frac4Rise,Error,BFF
09517000,3.80987e+09,628260,100,115.462,0.15,0.089963,1,1772.33,3396.15,0.965657,98841.5,-0.180228,-0.03998,-0.159458,24.4657,0.05,152.842,0.331488
