tmp.site,tmp.area,Lb,X1,Wb,POR,ALPHA,BETA,Ks,Kb,Kz,Qthresh,Rs,Rb1,Rb2,Prec,Frac4Rise,Error,BFF
0214642825,1.34679e+07,10668.8,66.8686,64.8099,0.15,0.011103,0.9,264.173,9273.15,0.507835,13651.9,-0.415914,-0.068016,-0.160378,24.4657,0.05,2.15957,0.166535
