tmp.site,tmp.area,Lb,X1,Wb,POR,ALPHA,BETA,Ks,Kb,Kz,Qthresh,Rs,Rb1,Rb2,Prec,Frac4Rise,Error,BFF
01096000,1.7068e+08,39354.6,142.423,390.496,0.15,0.014699,1.2,723.913,52688.7,1.26434,24465.7,-0.202733,-0.054617,-0.042594,1593.99,0.05,0.327957,0.517427
