tmp.site,tmp.area,Lb,X1,Wb,POR,ALPHA,BETA,Ks,Kb,Kz,Qthresh,Rs,Rb1,Rb2,Prec,Frac4Rise,Error,BFF
05427927,2.57704e+07,40532.1,100,147.197,0.15,0.018256,1,222.186,1579.28,0.418431,7095.06,-0.184476,-0.037732,-0.031002,408.577,0.05,0.310123,0.488714
