tmp.site,tmp.area,Lb,X1,Wb,POR,ALPHA,BETA,Ks,Kb,Kz,Qthresh,Rs,Rb1,Rb2,Prec,Frac4Rise,Error,BFF
02406500,3.88498e+08,12830,100,940.128,0.15,0.009197,1,1164.72,5357.34,0.900677,94682.3,-0.282541,-0.052785,-0.018829,10006.5,0.05,0.283953,0.496044
