tmp.site,tmp.area,Lb,X1,Wb,POR,ALPHA,BETA,Ks,Kb,Kz,Qthresh,Rs,Rb1,Rb2,Prec,Frac4Rise,Error,BFF
05464000,1.33281e+10,15131.7,0.391299,3988.62,0.15,0.007104,2.4,5550.48,1.92801,0.950348,1.86918e+06,-0.074123,-0.043125,-0.027305,75354.4,0.05,0.287179,0.489523
