tmp.site,tmp.area,Lb,X1,Wb,POR,ALPHA,BETA,Ks,Kb,Kz,Qthresh,Rs,Rb1,Rb2,Prec,Frac4Rise,Error,BFF
06137575,1.73788e+08,860.509,0.197468,81.1,0.15,0.000377,1,125.383,0.26047,0.921181,4379.36,-0.056684,-0.074443,-0.129222,24.4657,0.05,2.665,0.010561
