tmp.site,tmp.area,Lb,X1,Wb,POR,ALPHA,BETA,Ks,Kb,Kz,Qthresh,Rs,Rb1,Rb2,Prec,Frac4Rise,Error,BFF
02333500,3.96268e+08,21707.1,100,1069.15,0.15,0.010083,1,1694.92,7684.11,0.868294,137519,-0.370969,-0.040303,-0.027036,14924.1,0.05,0.24266,0.569806
