tmp.site,tmp.area,Lb,X1,Wb,POR,ALPHA,BETA,Ks,Kb,Kz,Qthresh,Rs,Rb1,Rb2,Prec,Frac4Rise,Error,BFF
13135500,3.54828e+08,36326.2,492.924,425.083,0.15,0.025251,7.2,1.27504,1854.58,0.63824,125998,-0.066766,-0.021297,-0.014691,8073.69,0.05,0.210618,0.715879
