tmp.site,tmp.area,Lb,X1,Wb,POR,ALPHA,BETA,Ks,Kb,Kz,Qthresh,Rs,Rb1,Rb2,Prec,Frac4Rise,Error,BFF
10344500,4.48068e+08,24906.4,51.3556,554.053,0.15,0.014095,0.9,90.2809,9144.81,1.11359,376772,-0.014216,-0.049257,-0.226327,24.4657,0.05,453.768,0.496662
