tmp.site,tmp.area,Lb,X1,Wb,POR,ALPHA,BETA,Ks,Kb,Kz,Qthresh,Rs,Rb1,Rb2,Prec,Frac4Rise,Error,BFF
11148500,2.38797e+09,7230.89,100,115.256,0.15,0.008904,1,4725.52,3217.71,0.971063,18271,-0.202223,-0.116442,-0.121096,24.4657,0.05,7.53052,0.01256
