tmp.site,tmp.area,Lb,X1,Wb,POR,ALPHA,BETA,Ks,Kb,Kz,Qthresh,Rs,Rb1,Rb2,Prec,Frac4Rise,Error,BFF
08330600,3.31518e+08,5312,50.9909,13.332,0.15,0.002582,1,19520.7,36.1907,0.04909,24.4657,-1.80745,-0.002,-0.001,24.4657,0.05,0.22974,0.000476
