tmp.site,tmp.area,Lb,X1,Wb,POR,ALPHA,BETA,Ks,Kb,Kz,Qthresh,Rs,Rb1,Rb2,Prec,Frac4Rise,Error,BFF
03261950,3.93678e+08,4984,100,751.506,0.15,0.01529,1,2742.96,17204.6,0.938809,2178.67,-0.23522,-0.146005,-0.124072,141.901,0.05,0.54466,0.253436
