tmp.site,tmp.area,Lb,X1,Wb,POR,ALPHA,BETA,Ks,Kb,Kz,Qthresh,Rs,Rb1,Rb2,Prec,Frac4Rise,Error,BFF
05389000,5.72387e+08,40120.3,634.493,437.658,0.15,0.009329,6.5,650.015,1344.92,0.764695,171260,-0.125206,-0.044436,-0.023266,5382.46,0.05,0.333087,0.368512
