tmp.site,tmp.area,Lb,X1,Wb,POR,ALPHA,BETA,Ks,Kb,Kz,Qthresh,Rs,Rb1,Rb2,Prec,Frac4Rise,Error,BFF
02185010,5.62027e+07,14662.9,100,432.389,0.15,0.011761,1,421.685,6109.91,0.814751,45261.6,-0.409229,-0.051073,-0.022275,4330.43,0.05,0.244411,0.583935
