tmp.site,tmp.area,Lb,X1,Wb,POR,ALPHA,BETA,Ks,Kb,Kz,Qthresh,Rs,Rb1,Rb2,Prec,Frac4Rise,Error,BFF
04234254,2.97849e+08,8613.91,0.523419,703.035,0.15,0.011875,1.5,2468.22,38.8608,1.02314,30582.1,-0.343624,-0.085056,-0.054196,1323.72,0.05,0.35919,0.419972
