tmp.site,tmp.area,Lb,X1,Wb,POR,ALPHA,BETA,Ks,Kb,Kz,Qthresh,Rs,Rb1,Rb2,Prec,Frac4Rise,Error,BFF
03349510,3.39288e+08,6205.15,0.215353,794.411,0.15,0.01308,1.3,2498.73,18.6402,0.961089,13431.7,-0.273983,-0.113238,-0.068274,353.114,0.05,0.409265,0.329351
