tmp.site,tmp.area,Lb,X1,Wb,POR,ALPHA,BETA,Ks,Kb,Kz,Qthresh,Rs,Rb1,Rb2,Prec,Frac4Rise,Error,BFF
10205030,1.34161e+08,363539,100,85.8043,0.15,0.035548,1,362.486,191.868,0.488136,24465.7,-0.091161,-0.019504,-0.00922,782.903,0.05,0.374968,0.333572
