tmp.site,tmp.area,Lb,X1,Wb,POR,ALPHA,BETA,Ks,Kb,Kz,Qthresh,Rs,Rb1,Rb2,Prec,Frac4Rise,Error,BFF
03291000,1.1111e+08,4806.16,100,419.377,0.15,0.010012,1,2448.7,16819.7,0.880478,113061,-0.362467,-0.12867,-0.19595,24.4657,0.05,1.96091,0.158664
