tmp.site,tmp.area,Lb,X1,Wb,POR,ALPHA,BETA,Ks,Kb,Kz,Qthresh,Rs,Rb1,Rb2,Prec,Frac4Rise,Error,BFF
02467500,1.57212e+09,8108.95,100,1392.76,0.15,0.006778,1,2982.72,4683.6,1.17186,191567,-0.134898,-0.098467,-0.039264,17838,0.05,0.364063,0.26162
