tmp.site,tmp.area,Lb,X1,Wb,POR,ALPHA,BETA,Ks,Kb,Kz,Qthresh,Rs,Rb1,Rb2,Prec,Frac4Rise,Error,BFF
04121970,5.99064e+09,36791.7,16014.1,3523.19,0.15,0.008566,10.1,495.046,7249.06,0.792951,1.87789e+06,-0.037054,-0.026631,-0.020246,196704,0.05,0.190228,0.742854
