tmp.site,tmp.area,Lb,X1,Wb,POR,ALPHA,BETA,Ks,Kb,Kz,Qthresh,Rs,Rb1,Rb2,Prec,Frac4Rise,Error,BFF
12210700,1.5255e+09,21039.7,459.055,2293.65,0.15,0.007753,6.7,2174.5,1043.15,2.83572,4.84421e+06,-0.177562,-0.055591,-0.036917,176745,0.05,0.269116,0.553122
