tmp.site,tmp.area,Lb,X1,Wb,POR,ALPHA,BETA,Ks,Kb,Kz,Qthresh,Rs,Rb1,Rb2,Prec,Frac4Rise,Error,BFF
02052090,2.09012e+09,87081.6,134.449,599.709,0.15,0.005296,1.3,5148.73,70831.4,1.08872,113832,-0.171041,-0.079895,-0.057137,12094.4,0.05,0.408277,0.323876
