tmp.site,tmp.area,Lb,X1,Wb,POR,ALPHA,BETA,Ks,Kb,Kz,Qthresh,Rs,Rb1,Rb2,Prec,Frac4Rise,Error,BFF
402958084363300,2.95259e+07,5726.51,100,123.649,0.15,0.028627,1,628.851,19858.6,0.91677,5015.47,-0.364528,-0.119843,-0.159667,24.4657,0.05,1.35824,0.187905
