tmp.site,tmp.area,Lb,X1,Wb,POR,ALPHA,BETA,Ks,Kb,Kz,Qthresh,Rs,Rb1,Rb2,Prec,Frac4Rise,Error,BFF
10296000,4.68788e+08,51479,142.867,481.327,0.15,0.010422,1.8,301.047,20937.9,1.02803,100309,-0.100335,-0.032629,-0.019909,4648.49,0.05,0.30517,0.530976
