tmp.site,tmp.area,Lb,X1,Wb,POR,ALPHA,BETA,Ks,Kb,Kz,Qthresh,Rs,Rb1,Rb2,Prec,Frac4Rise,Error,BFF
02207220,5.51667e+08,10461.3,100,992.632,0.15,0.011617,1,4190.91,9622.77,0.919313,548032,-0.384029,-0.090527,-0.071316,7290.78,0.05,0.385682,0.340214
