tmp.site,tmp.area,Lb,X1,Wb,POR,ALPHA,BETA,Ks,Kb,Kz,Qthresh,Rs,Rb1,Rb2,Prec,Frac4Rise,Error,BFF
14185900,2.56927e+08,10242.6,315.078,1115.13,0.15,0.013602,1.1,2013.56,14568.7,0.345287,66057.4,-0.246225,-0.079716,-0.020664,4501.69,0.05,0.361804,0.321448
