tmp.site,tmp.area,Lb,X1,Wb,POR,ALPHA,BETA,Ks,Kb,Kz,Qthresh,Rs,Rb1,Rb2,Prec,Frac4Rise,Error,BFF
01396660,3.05619e+07,20513.4,100,149.682,0.15,0.017363,1,295.939,13036.2,0.687416,13089.2,-0.459021,-0.061248,-0.047617,531.616,0.05,0.311525,0.424345
