tmp.site,tmp.area,Lb,X1,Wb,POR,ALPHA,BETA,Ks,Kb,Kz,Qthresh,Rs,Rb1,Rb2,Prec,Frac4Rise,Error,BFF
02095271,3.67778e+07,7937.18,100,129.086,0.15,0.011639,1,1219,6079.64,0.976585,10153.3,-0.676456,-0.125053,-0.126241,294.934,0.05,0.437811,0.143869
