tmp.site,tmp.area,Lb,X1,Wb,POR,ALPHA,BETA,Ks,Kb,Kz,Qthresh,Rs,Rb1,Rb2,Prec,Frac4Rise,Error,BFF
11363000,1.22014e+10,29830.3,10.5413,3164.53,0.15,0.00692,0.9,651.228,1604.47,0.970221,1.27222e+06,-0.076643,-0.034395,-0.052982,12966.8,0.05,0.995715,0.559955
