tmp.site,tmp.area,Lb,X1,Wb,POR,ALPHA,BETA,Ks,Kb,Kz,Qthresh,Rs,Rb1,Rb2,Prec,Frac4Rise,Error,BFF
03053500,7.17427e+08,5152.18,100,1653.51,0.15,0.01505,1,4322.45,13537.6,1.11256,1.48262e+06,-0.197232,-0.08699,-0.089516,1174.35,0.05,0.417718,0.406421
