tmp.site,tmp.area,Lb,X1,Wb,POR,ALPHA,BETA,Ks,Kb,Kz,Qthresh,Rs,Rb1,Rb2,Prec,Frac4Rise,Error,BFF
01480617,1.42449e+08,18213,100,380.509,0.15,0.01221,1,735.434,7346.37,0.875301,71684.5,-0.346574,-0.06093,-0.035612,4159.17,0.05,0.263432,0.472138
