tmp.site,tmp.area,Lb,X1,Wb,POR,ALPHA,BETA,Ks,Kb,Kz,Qthresh,Rs,Rb1,Rb2,Prec,Frac4Rise,Error,BFF
14335072,1.7845e+09,84676.5,100,1802.85,0.15,0.011003,1,115.629,4395.57,0.963983,2.1979e+06,-0.009524,-0.02396,-0.026091,128142,0.05,0.276996,0.577433
