tmp.site,tmp.area,Lb,X1,Wb,POR,ALPHA,BETA,Ks,Kb,Kz,Qthresh,Rs,Rb1,Rb2,Prec,Frac4Rise,Error,BFF
03102500,2.69359e+08,14133,94.8343,532.491,0.15,0.010181,1.6,1984.82,12284.6,0.947487,16392,-0.255413,-0.092771,-0.054586,1467.94,0.05,0.364044,0.375184
