tmp.site,tmp.area,Lb,X1,Wb,POR,ALPHA,BETA,Ks,Kb,Kz,Qthresh,Rs,Rb1,Rb2,Prec,Frac4Rise,Error,BFF
12193400,7.69226e+08,71569.7,21.2454,1119.51,0.15,0.00511,0.8,67.5418,2771.45,1.9332,6.48341e+06,-0.014315,-0.032634,-0.14682,21774.5,0.05,3.07687,0.479401
