tmp.site,tmp.area,Lb,X1,Wb,POR,ALPHA,BETA,Ks,Kb,Kz,Qthresh,Rs,Rb1,Rb2,Prec,Frac4Rise,Error,BFF
08279500,2.69359e+10,16094.6,40.9872,5780.03,0.15,0.004486,5.1,200.24,368.221,1.05052,420810,-0.05268,-0.032115,-0.021422,43549,0.05,0.275424,0.798277
