tmp.site,tmp.area,Lb,X1,Wb,POR,ALPHA,BETA,Ks,Kb,Kz,Qthresh,Rs,Rb1,Rb2,Prec,Frac4Rise,Error,BFF
08033500,9.4172e+09,21924.9,55.2652,8948.82,0.15,0.02266,1,9279.22,15020.9,1.12502,239764,-0.083527,-0.05324,-0.053941,4648.49,0.05,0.526666,0.552037
