tmp.site,tmp.area,Lb,X1,Wb,POR,ALPHA,BETA,Ks,Kb,Kz,Qthresh,Rs,Rb1,Rb2,Prec,Frac4Rise,Error,BFF
03067510,1.55658e+08,6145.29,100,832.309,0.15,0.013965,1,2435.57,13563.3,0.957191,14165.6,-0.364853,-0.085772,-0.071045,1530.04,0.05,0.370959,0.41416
