tmp.site,tmp.area,Lb,X1,Wb,POR,ALPHA,BETA,Ks,Kb,Kz,Qthresh,Rs,Rb1,Rb2,Prec,Frac4Rise,Error,BFF
07083200,6.37137e+07,25001.2,100,133.979,0.15,0.008685,1,133.218,2392.06,0.599098,20750.1,-0.054724,-0.034141,-0.043478,1531.55,0.05,0.384753,0.255023
