tmp.site,tmp.area,Lb,X1,Wb,POR,ALPHA,BETA,Ks,Kb,Kz,Qthresh,Rs,Rb1,Rb2,Prec,Frac4Rise,Error,BFF
06098120,1.24578e+09,383933,3.04942,63.3764,0.15,0.011908,0.8,773.11,223.01,1.39039,48686.8,-0.035701,-0.026111,-0.047535,1351.34,0.05,0.428126,0.642017
