tmp.site,tmp.area,Lb,X1,Wb,POR,ALPHA,BETA,Ks,Kb,Kz,Qthresh,Rs,Rb1,Rb2,Prec,Frac4Rise,Error,BFF
03039000,7.20017e+08,10265.5,0.29615,871.736,0.15,0.008192,1,166.001,65.4783,1.12301,134650,-0.014926,-0.08367,-0.099123,1370.08,0.05,0.847499,0.336115
