tmp.site,tmp.area,Lb,X1,Wb,POR,ALPHA,BETA,Ks,Kb,Kz,Qthresh,Rs,Rb1,Rb2,Prec,Frac4Rise,Error,BFF
01518000,7.30377e+08,31383.5,72.1263,796.374,0.15,0.009983,1.7,2622.91,17763.8,0.95842,119882,-0.178337,-0.082049,-0.044289,3180.54,0.05,0.415956,0.426562
