tmp.site,tmp.area,Lb,X1,Wb,POR,ALPHA,BETA,Ks,Kb,Kz,Qthresh,Rs,Rb1,Rb2,Prec,Frac4Rise,Error,BFF
09032100,1.25873e+07,5435.48,1567.95,264.103,0.15,0.009316,2.7,170.792,422.378,0.109165,3156.08,-0.090355,-0.026026,-0.015281,114.989,0.05,0.467994,0.292048
