tmp.site,tmp.area,Lb,X1,Wb,POR,ALPHA,BETA,Ks,Kb,Kz,Qthresh,Rs,Rb1,Rb2,Prec,Frac4Rise,Error,BFF
09166500,1.30535e+09,19538.4,0.713235,1226.41,0.15,0.00935,1.2,1499.86,84.9809,0.968041,80736.9,-0.109451,-0.037851,-0.029434,5382.46,0.05,0.421143,0.55576
