tmp.site,tmp.area,Lb,X1,Wb,POR,ALPHA,BETA,Ks,Kb,Kz,Qthresh,Rs,Rb1,Rb2,Prec,Frac4Rise,Error,BFF
11476600,7.27787e+07,15268,100,343.568,0.15,0.015853,1,487.584,8658.82,0.968975,1785.51,-0.156829,-0.05827,-0.031393,68.504,0.05,0.397469,0.240652
