tmp.site,tmp.area,Lb,X1,Wb,POR,ALPHA,BETA,Ks,Kb,Kz,Qthresh,Rs,Rb1,Rb2,Prec,Frac4Rise,Error,BFF
05427930,3.26339e+07,7103.83,356.538,204.412,0.15,0.012123,1.2,125.397,2313.6,0.310575,11694.6,-0.152245,-0.05476,-0.044212,554.442,0.05,0.298142,0.485777
