tmp.site,tmp.area,Lb,X1,Wb,POR,ALPHA,BETA,Ks,Kb,Kz,Qthresh,Rs,Rb1,Rb2,Prec,Frac4Rise,Error,BFF
05506800,5.17998e+08,9329.92,5.17449,514.158,0.15,0.007034,1.1,4066.29,1527.37,2.04665,11254.2,-0.266508,-0.181621,-0.126929,83.1834,0.05,0.604099,0.115955
