tmp.site,tmp.area,Lb,X1,Wb,POR,ALPHA,BETA,Ks,Kb,Kz,Qthresh,Rs,Rb1,Rb2,Prec,Frac4Rise,Error,BFF
09413000,1.40118e+09,636391,1.41564,13.5433,0.15,0.07752,0.9,1530.28,68.7872,1.14511,25199.7,-0.160238,-0.044918,-0.080563,24.4657,0.05,2.69767,0.158941
