tmp.site,tmp.area,Lb,X1,Wb,POR,ALPHA,BETA,Ks,Kb,Kz,Qthresh,Rs,Rb1,Rb2,Prec,Frac4Rise,Error,BFF
07010088,1.85443e+08,5263.09,100,209.154,0.15,0.009273,1,4535.84,10102.6,0.954813,22337.2,-0.638363,-0.140297,-0.198216,196.729,0.05,0.550023,0.060018
