tmp.site,tmp.area,Lb,X1,Wb,POR,ALPHA,BETA,Ks,Kb,Kz,Qthresh,Rs,Rb1,Rb2,Prec,Frac4Rise,Error,BFF
03058500,4.68788e+08,5091.34,100,927.556,0.15,0.013537,1,2638.33,18926.1,1.04377,379219,-0.196125,-0.094588,-0.132825,244.657,0.05,0.552547,0.317605
