tmp.site,tmp.area,Lb,X1,Wb,POR,ALPHA,BETA,Ks,Kb,Kz,Qthresh,Rs,Rb1,Rb2,Prec,Frac4Rise,Error,BFF
02152100,1.56694e+08,23586.2,610.531,406.671,0.15,0.012954,5.5,573.172,1846.49,1.49478,103979,-0.346574,-0.047425,-0.032206,3523.06,0.05,0.279234,0.503636
