tmp.site,tmp.area,Lb,X1,Wb,POR,ALPHA,BETA,Ks,Kb,Kz,Qthresh,Rs,Rb1,Rb2,Prec,Frac4Rise,Error,BFF
02376100,2.79719e+07,12857.9,100,296.22,0.15,0.012028,1,390.519,3088.52,0.478481,18633.1,-0.298536,-0.046016,-0.040899,1443.48,0.05,0.242504,0.557391
