tmp.site,tmp.area,Lb,X1,Wb,POR,ALPHA,BETA,Ks,Kb,Kz,Qthresh,Rs,Rb1,Rb2,Prec,Frac4Rise,Error,BFF
02307445,4.14398e+06,7418.51,100,127.032,0.15,0.083672,1,235.505,15918.5,0.406908,13015.8,-0.198899,-0.095589,-0.178871,24.4657,0.05,2.0618,0.246812
