tmp.site,tmp.area,Lb,X1,Wb,POR,ALPHA,BETA,Ks,Kb,Kz,Qthresh,Rs,Rb1,Rb2,Prec,Frac4Rise,Error,BFF
08068780,1.0619e+08,3958.7,0.721153,312.064,0.15,0.014911,1,1258.84,150.318,1.12341,2519.97,-0.273263,-0.166656,-0.18612,24.4657,0.05,1.00206,0.147008
