tmp.site,tmp.area,Lb,X1,Wb,POR,ALPHA,BETA,Ks,Kb,Kz,Qthresh,Rs,Rb1,Rb2,Prec,Frac4Rise,Error,BFF
02335450,3.15979e+09,13454.8,100,3088.77,0.15,0.007831,1,318.301,5492.75,1.05832,1.18018e+06,-0.012547,-0.052226,-0.08071,124286,0.05,0.488971,0.730531
