tmp.site,tmp.area,Lb,X1,Wb,POR,ALPHA,BETA,Ks,Kb,Kz,Qthresh,Rs,Rb1,Rb2,Prec,Frac4Rise,Error,BFF
02207135,5.69797e+06,9012.13,100,82.0837,0.15,0.020277,1,176.67,4951.23,0.412977,1908.33,-0.458012,-0.083306,-0.041582,113.717,0.05,0.355851,0.364875
