tmp.site,tmp.area,Lb,X1,Wb,POR,ALPHA,BETA,Ks,Kb,Kz,Qthresh,Rs,Rb1,Rb2,Prec,Frac4Rise,Error,BFF
01410500,4.63608e+07,11750.1,68.4912,186.16,0.15,0.024008,0.9,201.539,10518.2,0.652988,19572.6,-0.202733,-0.040187,-0.113701,34.252,0.05,4.13103,0.526371
