tmp.site,tmp.area,Lb,X1,Wb,POR,ALPHA,BETA,Ks,Kb,Kz,Qthresh,Rs,Rb1,Rb2,Prec,Frac4Rise,Error,BFF
03403500,2.48639e+09,43663.4,61.2373,1533.41,0.15,0.008691,1.2,8005.95,39794,1.74421,293589,-0.18048,-0.089557,-0.067768,4893.14,0.05,0.40395,0.380642
