tmp.site,tmp.area,Lb,X1,Wb,POR,ALPHA,BETA,Ks,Kb,Kz,Qthresh,Rs,Rb1,Rb2,Prec,Frac4Rise,Error,BFF
06437020,4.06628e+07,10304.2,100,180.848,0.15,0.022876,1,117.732,9190.9,0.549042,2935.89,-0.129884,-0.040028,-0.028817,94.6089,0.05,0.367548,0.5178
