tmp.site,tmp.area,Lb,X1,Wb,POR,ALPHA,BETA,Ks,Kb,Kz,Qthresh,Rs,Rb1,Rb2,Prec,Frac4Rise,Error,BFF
09303400,3.31518e+08,53743.8,100,355.318,0.15,0.011516,1,429.534,4277.57,0.874473,151687,-0.077075,-0.028914,-0.009327,10764.9,0.05,0.32265,0.338
