tmp.site,tmp.area,Lb,X1,Wb,POR,ALPHA,BETA,Ks,Kb,Kz,Qthresh,Rs,Rb1,Rb2,Prec,Frac4Rise,Error,BFF
01137500,2.26883e+08,9155.32,100,782.442,0.15,0.0104,1,1432.69,9269.89,1.01282,70950.6,-0.288463,-0.071217,-0.029039,7339.71,0.05,0.336674,0.438161
