tmp.site,tmp.area,Lb,X1,Wb,POR,ALPHA,BETA,Ks,Kb,Kz,Qthresh,Rs,Rb1,Rb2,Prec,Frac4Rise,Error,BFF
07363500,5.43898e+09,12341.5,0.562766,4488.89,0.15,0.022635,1.3,4784.45,115.215,2.99728,89299.9,-0.083527,-0.097645,-0.057441,4648.49,0.05,0.478768,0.543578
