tmp.site,tmp.area,Lb,X1,Wb,POR,ALPHA,BETA,Ks,Kb,Kz,Qthresh,Rs,Rb1,Rb2,Prec,Frac4Rise,Error,BFF
0422018610,7.04477e+08,45226.1,150.269,1530.56,0.15,0.010694,0.9,2510.47,81093.4,0.906346,959056,-0.165509,-0.039112,-0.054116,28052.4,0.05,0.265233,0.685541
