tmp.site,tmp.area,Lb,X1,Wb,POR,ALPHA,BETA,Ks,Kb,Kz,Qthresh,Rs,Rb1,Rb2,Prec,Frac4Rise,Error,BFF
07241000,3.49467e+10,7234.6,12.7672,1695.76,0.15,0.009184,1,4721.78,1690.57,1.09207,259337,-0.116807,-0.079835,-0.111081,73.3971,0.05,2.95667,0.433329
