tmp.site,tmp.area,Lb,X1,Wb,POR,ALPHA,BETA,Ks,Kb,Kz,Qthresh,Rs,Rb1,Rb2,Prec,Frac4Rise,Error,BFF
08404000,4.6827e+10,2201.48,100,76.4592,0.15,0.000437,1,630.529,9.18823,0.997949,71258.8,-0.021516,-0.129014,-0.292152,24.4657,0.05,0.206107,7e-06
