tmp.site,tmp.area,Lb,X1,Wb,POR,ALPHA,BETA,Ks,Kb,Kz,Qthresh,Rs,Rb1,Rb2,Prec,Frac4Rise,Error,BFF
06711570,5.07638e+06,6135.7,100,10.5941,0.15,0.016008,1,384.677,10732.3,0.470397,117.435,-0.570016,-0.125537,-0.191381,24.4657,0.05,0.536976,0.05276
