tmp.site,tmp.area,Lb,X1,Wb,POR,ALPHA,BETA,Ks,Kb,Kz,Qthresh,Rs,Rb1,Rb2,Prec,Frac4Rise,Error,BFF
03610200,3.47058e+08,6651.95,2057.53,792.642,0.15,0.008955,2.7,4517.29,29694.9,3.57911,7095.06,-0.401449,-0.17911,-0.065467,733.971,0.05,0.440795,0.135986
