tmp.site,tmp.area,Lb,X1,Wb,POR,ALPHA,BETA,Ks,Kb,Kz,Qthresh,Rs,Rb1,Rb2,Prec,Frac4Rise,Error,BFF
01451800,1.37269e+08,24455,84.2024,343.856,0.15,0.019363,1.5,533.784,23546.5,1.19748,24465.7,-0.219675,-0.075355,-0.049187,824.984,0.05,0.347191,0.462056
