tmp.site,tmp.area,Lb,X1,Wb,POR,ALPHA,BETA,Ks,Kb,Kz,Qthresh,Rs,Rb1,Rb2,Prec,Frac4Rise,Error,BFF
14087380,1.17067e+10,54747.7,100,732.147,0.15,0.005961,1,622.537,601.006,1.01969,489314,-0.037006,-0.038777,-0.028973,19748.7,0.05,0.279269,0.39933
