tmp.site,tmp.area,Lb,X1,Wb,POR,ALPHA,BETA,Ks,Kb,Kz,Qthresh,Rs,Rb1,Rb2,Prec,Frac4Rise,Error,BFF
03326500,1.76637e+09,22843.5,3.70156,776.429,0.15,0.009814,1.8,3284.6,365.146,1.14461,144348,-0.172191,-0.118295,-0.058511,5871.77,0.05,0.41064,0.258544
