tmp.site,tmp.area,Lb,X1,Wb,POR,ALPHA,BETA,Ks,Kb,Kz,Qthresh,Rs,Rb1,Rb2,Prec,Frac4Rise,Error,BFF
14087400,1.18026e+10,1.14591e+07,100,1027.51,0.15,0.006316,1,166.979,480.777,0.903066,3.30287e+06,-0.016109,-0.014552,-0.005508,281356,0.05,0.060485,0.826697
