tmp.site,tmp.area,Lb,X1,Wb,POR,ALPHA,BETA,Ks,Kb,Kz,Qthresh,Rs,Rb1,Rb2,Prec,Frac4Rise,Error,BFF
09183500,6.94117e+07,22897.4,100,165.526,0.15,0.010002,1,93.7042,1337.35,0.344126,16349,-0.068736,-0.019037,-0.013675,650.788,0.05,0.260103,0.501651
