tmp.site,tmp.area,Lb,X1,Wb,POR,ALPHA,BETA,Ks,Kb,Kz,Qthresh,Rs,Rb1,Rb2,Prec,Frac4Rise,Error,BFF
02202500,6.86347e+09,26897.4,3.69884,2598.69,0.15,0.009835,1,3605.74,642.402,1.09858,1.83004e+06,-0.07126,-0.039515,-0.041238,29114.2,0.05,0.466298,0.47785
