tmp.site,tmp.area,Lb,X1,Wb,POR,ALPHA,BETA,Ks,Kb,Kz,Qthresh,Rs,Rb1,Rb2,Prec,Frac4Rise,Error,BFF
09127000,5.95697e+08,3124.11,89.8666,1228.9,0.15,0.008324,1,313.612,3186.52,0.486255,146305,-0.095946,-0.047213,-0.041502,3205.01,0.05,0.320882,0.494822
