tmp.site,tmp.area,Lb,X1,Wb,POR,ALPHA,BETA,Ks,Kb,Kz,Qthresh,Rs,Rb1,Rb2,Prec,Frac4Rise,Error,BFF
03165500,3.49648e+09,18825.6,200.817,2733.46,0.15,0.009216,1.1,5196.35,14456.2,0.93075,2.47104e+06,-0.184433,-0.046838,-0.041628,103015,0.05,0.269279,0.562294
