tmp.site,tmp.area,Lb,X1,Wb,POR,ALPHA,BETA,Ks,Kb,Kz,Qthresh,Rs,Rb1,Rb2,Prec,Frac4Rise,Error,BFF
02300300,9.94555e+07,10293.2,4218.66,418.149,0.15,0.013007,3.4,426.325,18176.3,0.469318,7926.89,-0.168236,-0.083007,-0.046702,687.633,0.05,0.355976,0.329092
