tmp.site,tmp.area,Lb,X1,Wb,POR,ALPHA,BETA,Ks,Kb,Kz,Qthresh,Rs,Rb1,Rb2,Prec,Frac4Rise,Error,BFF
06714215,1.0088e+10,6227.86,100,1150.22,0.15,0.006733,1,942.735,22330,0.975431,9468.23,-0.109312,-0.071316,-0.13563,873.426,0.05,1.56391,0.384384
