tmp.site,tmp.area,Lb,X1,Wb,POR,ALPHA,BETA,Ks,Kb,Kz,Qthresh,Rs,Rb1,Rb2,Prec,Frac4Rise,Error,BFF
05542000,1.17844e+09,44024.4,89.6217,832.155,0.15,0.007996,1,4053.24,96995.3,1.28888,14434.8,-0.220646,-0.092051,-0.103644,24.4657,0.05,0.911877,0.396572
