tmp.site,tmp.area,Lb,X1,Wb,POR,ALPHA,BETA,Ks,Kb,Kz,Qthresh,Rs,Rb1,Rb2,Prec,Frac4Rise,Error,BFF
11087020,1.14477e+09,8367.31,100,645.655,0.15,0.011558,1,498.398,11545.4,0.920153,403684,-0.069213,-0.045062,-0.151641,24.4657,0.05,347.205,0.26518
