tmp.site,tmp.area,Lb,X1,Wb,POR,ALPHA,BETA,Ks,Kb,Kz,Qthresh,Rs,Rb1,Rb2,Prec,Frac4Rise,Error,BFF
01095434,8.10666e+06,11307.4,30.5718,123.73,0.15,0.012408,1.3,255.591,2470.36,0.285993,4085.77,-0.427867,-0.046575,-0.036456,129.668,0.05,0.333767,0.494543
