tmp.site,tmp.area,Lb,X1,Wb,POR,ALPHA,BETA,Ks,Kb,Kz,Qthresh,Rs,Rb1,Rb2,Prec,Frac4Rise,Error,BFF
03543500,3.03029e+08,12635.9,917.452,760.546,0.15,0.010383,1.2,1962.28,49829.5,4.92523,48931.4,-0.346574,-0.084513,-0.031451,3669.86,0.05,0.331227,0.345937
