tmp.site,tmp.area,Lb,X1,Wb,POR,ALPHA,BETA,Ks,Kb,Kz,Qthresh,Rs,Rb1,Rb2,Prec,Frac4Rise,Error,BFF
07103700,2.64179e+08,717127,100,47.8629,0.15,0.019859,1,559.526,6680.48,0.948658,24221.1,-0.108104,-0.031458,-0.032863,848.96,0.05,0.570029,0.237574
