tmp.site,tmp.area,Lb,X1,Wb,POR,ALPHA,BETA,Ks,Kb,Kz,Qthresh,Rs,Rb1,Rb2,Prec,Frac4Rise,Error,BFF
09222400,2.49157e+09,25235.7,100,168.211,0.15,0.04,1,2947.85,29884.3,0.89422,44038.3,-0.129003,-0.05871,-0.122233,24.4657,0.05,5.29402,0.249428
