tmp.site,tmp.area,Lb,X1,Wb,POR,ALPHA,BETA,Ks,Kb,Kz,Qthresh,Rs,Rb1,Rb2,Prec,Frac4Rise,Error,BFF
0208524090,2.06422e+07,15014,100,54.1615,0.15,0.061596,1,519.206,29101.9,0.954777,17419.6,-0.363963,-0.097189,-0.095983,24.4657,0.05,0.575526,0.227565
