tmp.site,tmp.area,Lb,X1,Wb,POR,ALPHA,BETA,Ks,Kb,Kz,Qthresh,Rs,Rb1,Rb2,Prec,Frac4Rise,Error,BFF
11077500,2.55373e+08,3664.76,100,31.3705,0.15,0.001025,1,5296.6,48.5296,0.957502,24.4657,-0.454317,-0.176821,-0.267589,24.4657,0.05,0.225731,4.9e-05
