tmp.site,tmp.area,Lb,X1,Wb,POR,ALPHA,BETA,Ks,Kb,Kz,Qthresh,Rs,Rb1,Rb2,Prec,Frac4Rise,Error,BFF
02444161,1.48924e+10,25466.1,111.771,2219.29,0.15,0.00788,2.1,2411.29,13671.3,3.32395,1.53302e+07,-0.049066,-0.103027,-0.063578,231162,0.05,0.277258,0.391661
