tmp.site,tmp.area,Lb,X1,Wb,POR,ALPHA,BETA,Ks,Kb,Kz,Qthresh,Rs,Rb1,Rb2,Prec,Frac4Rise,Error,BFF
04206416,4.24758e+07,9221.53,100,130.672,0.15,0.018486,1,996.211,22386,0.946888,1370.08,-0.46836,-0.107054,-0.145742,100.309,0.05,0.504352,0.211014
