tmp.site,tmp.area,Lb,X1,Wb,POR,ALPHA,BETA,Ks,Kb,Kz,Qthresh,Rs,Rb1,Rb2,Prec,Frac4Rise,Error,BFF
09019000,8.08076e+08,354674,100,109.368,0.15,0.01195,1,71.3877,590.242,0.964432,55292.5,-0.013691,-0.027054,-0.00275,4575.09,0.05,0.10701,0.316562
