tmp.site,tmp.area,Lb,X1,Wb,POR,ALPHA,BETA,Ks,Kb,Kz,Qthresh,Rs,Rb1,Rb2,Prec,Frac4Rise,Error,BFF
03302680,4.92098e+07,6391.86,319.16,253.751,0.15,0.02648,1,948.82,30838.4,0.833448,13333.8,-0.293382,-0.09835,-0.093554,24.4657,0.05,0.757289,0.233353
