tmp.site,tmp.area,Lb,X1,Wb,POR,ALPHA,BETA,Ks,Kb,Kz,Qthresh,Rs,Rb1,Rb2,Prec,Frac4Rise,Error,BFF
02372250,1.14477e+09,15710.6,1.14704,1094.52,0.15,0.009086,1.3,3587.13,157.862,1.07014,70216.6,-0.089545,-0.074514,-0.050508,5534.63,0.05,0.379893,0.393074
