tmp.site,tmp.area,Lb,X1,Wb,POR,ALPHA,BETA,Ks,Kb,Kz,Qthresh,Rs,Rb1,Rb2,Prec,Frac4Rise,Error,BFF
02196690,4.01448e+08,15243.6,274.163,900.288,0.15,0.009976,0.9,238.888,14081.6,0.761732,308268,-0.091161,-0.030181,-0.031071,19504.1,0.05,0.193084,0.698412
