tmp.site,tmp.area,Lb,X1,Wb,POR,ALPHA,BETA,Ks,Kb,Kz,Qthresh,Rs,Rb1,Rb2,Prec,Frac4Rise,Error,BFF
03331500,2.21703e+09,23275.2,65.1447,1715.28,0.15,0.009132,5.3,794.596,418.721,4.46837,594517,-0.062582,-0.034707,-0.021861,35475.3,0.05,0.290124,0.632195
