tmp.site,tmp.area,Lb,X1,Wb,POR,ALPHA,BETA,Ks,Kb,Kz,Qthresh,Rs,Rb1,Rb2,Prec,Frac4Rise,Error,BFF
04152049,4.82774e+08,39987.5,9881.37,438.84,0.15,0.011223,4.3,337.726,4255.41,0.581217,130892,-0.040021,-0.040766,-0.027961,12716.8,0.05,0.341586,0.442349
