tmp.site,tmp.area,Lb,X1,Wb,POR,ALPHA,BETA,Ks,Kb,Kz,Qthresh,Rs,Rb1,Rb2,Prec,Frac4Rise,Error,BFF
03353460,4.24758e+08,2892.4,125.258,1216.67,0.15,0.007924,0.9,602.073,11439.2,0.945995,34252,-0.064212,-0.10413,-0.148163,1530.45,0.05,1.8962,0.325158
