tmp.site,tmp.area,Lb,X1,Wb,POR,ALPHA,BETA,Ks,Kb,Kz,Qthresh,Rs,Rb1,Rb2,Prec,Frac4Rise,Error,BFF
06033000,9.86785e+08,31080.4,18.8824,341.598,0.15,0.011073,1.1,200.113,5653.67,0.797464,112542,-0.111572,-0.041102,-0.036467,1663.67,0.05,0.404997,0.42815
