tmp.site,tmp.area,Lb,X1,Wb,POR,ALPHA,BETA,Ks,Kb,Kz,Qthresh,Rs,Rb1,Rb2,Prec,Frac4Rise,Error,BFF
07019500,1.09815e+08,7981.2,100,275.769,0.15,0.007618,1,356.876,3749.64,0.940034,10642.6,-0.122501,-0.15881,-0.033606,1019.36,0.05,0.286181,0.19379
