tmp.site,tmp.area,Lb,X1,Wb,POR,ALPHA,BETA,Ks,Kb,Kz,Qthresh,Rs,Rb1,Rb2,Prec,Frac4Rise,Error,BFF
08110000,2.6133e+09,2825.51,100,1260.28,0.15,0.009122,1,1457.79,12570.7,0.960391,697273,-0.058892,-0.103722,-0.283512,24.4657,0.05,15.7903,0.121899
