tmp.site,tmp.area,Lb,X1,Wb,POR,ALPHA,BETA,Ks,Kb,Kz,Qthresh,Rs,Rb1,Rb2,Prec,Frac4Rise,Error,BFF
05498150,1.036e+09,6480.49,107.18,785.677,0.15,0.009756,1.1,4731.93,9586.16,1.38911,51270.4,-0.205509,-0.139573,-0.09403,165.78,0.05,0.561636,0.132427
