tmp.site,tmp.area,Lb,X1,Wb,POR,ALPHA,BETA,Ks,Kb,Kz,Qthresh,Rs,Rb1,Rb2,Prec,Frac4Rise,Error,BFF
03198000,2.7099e+10,21798.1,20.3185,5762.4,0.15,0.004786,1.6,8633.18,1727.64,4.63954,4.15917e+06,-0.126418,-0.066711,-0.046807,445276,0.05,0.325564,0.504325
