tmp.site,tmp.area,Lb,X1,Wb,POR,ALPHA,BETA,Ks,Kb,Kz,Qthresh,Rs,Rb1,Rb2,Prec,Frac4Rise,Error,BFF
12323850,1.56694e+08,192216,107.511,597.985,0.15,0.045785,0.8,58.1648,44505.7,0.624907,3767.72,-0.062861,-0.021948,-0.094248,337.627,0.05,1.35666,0.771563
