tmp.site,tmp.area,Lb,X1,Wb,POR,ALPHA,BETA,Ks,Kb,Kz,Qthresh,Rs,Rb1,Rb2,Prec,Frac4Rise,Error,BFF
01396500,1.69126e+08,17778.4,100,459.882,0.15,0.013405,1,625.409,10097.4,0.870402,75843.7,-0.346574,-0.050352,-0.030362,5137.8,0.05,0.282905,0.515258
