tmp.site,tmp.area,Lb,X1,Wb,POR,ALPHA,BETA,Ks,Kb,Kz,Qthresh,Rs,Rb1,Rb2,Prec,Frac4Rise,Error,BFF
07103780,2.10825e+08,3445.86,879.777,665.108,0.15,0.023614,1,226.033,5555.08,0.076266,2691.23,-0.107446,-0.041898,-0.042079,269.123,0.05,0.413033,0.340319
