tmp.site,tmp.area,Lb,X1,Wb,POR,ALPHA,BETA,Ks,Kb,Kz,Qthresh,Rs,Rb1,Rb2,Prec,Frac4Rise,Error,BFF
02042500,6.50087e+08,9693.42,100,1020.14,0.15,0.018669,1,1437.06,16856.1,0.925795,655681,-0.116815,-0.057463,-0.096135,611.643,0.05,0.581403,0.50195
