tmp.site,tmp.area,Lb,X1,Wb,POR,ALPHA,BETA,Ks,Kb,Kz,Qthresh,Rs,Rb1,Rb2,Prec,Frac4Rise,Error,BFF
09066200,1.60061e+07,11167.5,27.6021,214.822,0.15,0.005294,1.7,194.019,1194.87,0.361769,2177.45,-0.111572,-0.040463,-0.021804,100.309,0.05,0.391813,0.313424
