tmp.site,tmp.area,Lb,X1,Wb,POR,ALPHA,BETA,Ks,Kb,Kz,Qthresh,Rs,Rb1,Rb2,Prec,Frac4Rise,Error,BFF
01409280,4.09218e+07,5603.53,130.283,972.617,0.15,0.010955,0.9,100.856,1798.86,0.22396,43304.3,-0.062082,-0.019506,-0.021143,3180.54,0.05,0.164595,0.812391
