tmp.site,tmp.area,Lb,X1,Wb,POR,ALPHA,BETA,Ks,Kb,Kz,Qthresh,Rs,Rb1,Rb2,Prec,Frac4Rise,Error,BFF
01047200,6.50087e+07,11251.4,100,338.879,0.15,0.01581,1,670.937,13219.7,0.955423,6616.75,-0.321415,-0.071278,-0.043981,702.166,0.05,0.402679,0.370829
