tmp.site,tmp.area,Lb,X1,Wb,POR,ALPHA,BETA,Ks,Kb,Kz,Qthresh,Rs,Rb1,Rb2,Prec,Frac4Rise,Error,BFF
05084000,1.18103e+09,88702.9,100,164.145,0.15,0.010916,1,2423.38,1982.27,0.980245,24221.1,-0.112724,-0.047275,-0.029885,440.383,0.05,0.513422,0.121113
