tmp.site,tmp.area,Lb,X1,Wb,POR,ALPHA,BETA,Ks,Kb,Kz,Qthresh,Rs,Rb1,Rb2,Prec,Frac4Rise,Error,BFF
02441390,1.14995e+10,11776.1,100,3767.48,0.15,0.01316,1,10792,12649.9,3.09539,93772.2,-0.137141,-0.086289,-0.057336,31352.8,0.05,0.462076,0.315003
