tmp.site,tmp.area,Lb,X1,Wb,POR,ALPHA,BETA,Ks,Kb,Kz,Qthresh,Rs,Rb1,Rb2,Prec,Frac4Rise,Error,BFF
14312000,4.32528e+09,14657.9,0.37007,2782.04,0.15,0.010135,2,6856.34,8.4025,1.65479,310715,-0.141175,-0.063234,-0.023863,13747,0.05,0.35862,0.405795
