tmp.site,tmp.area,Lb,X1,Wb,POR,ALPHA,BETA,Ks,Kb,Kz,Qthresh,Rs,Rb1,Rb2,Prec,Frac4Rise,Error,BFF
06926080,3.64411e+10,23767.2,36.5062,3690.91,0.15,0.022559,0.8,42404.1,11683.8,1.85085,2.59337e+06,-0.158636,-0.048261,-0.120516,222570,0.05,0.620347,0.210769
