tmp.site,tmp.area,Lb,X1,Wb,POR,ALPHA,BETA,Ks,Kb,Kz,Qthresh,Rs,Rb1,Rb2,Prec,Frac4Rise,Error,BFF
07049000,6.81167e+08,7973.3,100,963.43,0.15,0.012006,1,2532.59,9806.5,0.930595,22508.5,-0.181752,-0.097623,-0.051823,1052.03,0.05,0.449059,0.262528
