tmp.site,tmp.area,Lb,X1,Wb,POR,ALPHA,BETA,Ks,Kb,Kz,Qthresh,Rs,Rb1,Rb2,Prec,Frac4Rise,Error,BFF
03146405,6.24187e+08,7427.32,2.04111,1174.11,0.15,0.006878,2,2646.32,63.4602,1.22187,53090.6,-0.202983,-0.085624,-0.044182,2446.57,0.05,0.298229,0.39249
