tmp.site,tmp.area,Lb,X1,Wb,POR,ALPHA,BETA,Ks,Kb,Kz,Qthresh,Rs,Rb1,Rb2,Prec,Frac4Rise,Error,BFF
01451650,2.54337e+08,21896.6,1550.92,588.938,0.15,0.013992,10,506.355,1088.61,1.45661,163676,-0.319452,-0.035296,-0.025462,9712.89,0.05,0.192953,0.630391
