tmp.site,tmp.area,Lb,X1,Wb,POR,ALPHA,BETA,Ks,Kb,Kz,Qthresh,Rs,Rb1,Rb2,Prec,Frac4Rise,Error,BFF
01477120,6.96707e+07,46121.6,100,206.371,0.15,0.005337,1,512.078,23986.3,0.935877,25444.3,-0.346574,-0.057946,-0.034963,1981.72,0.05,0.283543,0.486677
