tmp.site,tmp.area,Lb,X1,Wb,POR,ALPHA,BETA,Ks,Kb,Kz,Qthresh,Rs,Rb1,Rb2,Prec,Frac4Rise,Error,BFF
12157005,4.50658e+07,19878.8,4593.62,199.026,0.15,0.013499,3.3,211.728,3616.48,0.357569,23903,-0.075124,-0.041797,-0.024696,1389.26,0.05,0.263818,0.402676
