tmp.site,tmp.area,Lb,X1,Wb,POR,ALPHA,BETA,Ks,Kb,Kz,Qthresh,Rs,Rb1,Rb2,Prec,Frac4Rise,Error,BFF
02312300,1.6291e+09,40252.8,50.3335,1579.27,0.15,0.018578,1,574.32,10314.2,1.08714,555372,-0.057109,-0.026273,-0.032932,24.4657,0.05,1.67726,0.595379
