tmp.site,tmp.area,Lb,X1,Wb,POR,ALPHA,BETA,Ks,Kb,Kz,Qthresh,Rs,Rb1,Rb2,Prec,Frac4Rise,Error,BFF
03599500,3.12871e+09,12267.6,175.78,2184.26,0.15,0.011175,1.1,8477.65,23714.5,1.82781,499101,-0.202733,-0.093768,-0.074782,13211.5,0.05,0.429326,0.311613
