tmp.site,tmp.area,Lb,X1,Wb,POR,ALPHA,BETA,Ks,Kb,Kz,Qthresh,Rs,Rb1,Rb2,Prec,Frac4Rise,Error,BFF
14216500,3.49648e+08,9150.86,100,2658.9,0.15,0.003914,1,917.994,3673.36,1.13209,256890,-0.112928,-0.045244,-0.009202,26667.6,0.05,0.32682,0.474293
