tmp.site,tmp.area,Lb,X1,Wb,POR,ALPHA,BETA,Ks,Kb,Kz,Qthresh,Rs,Rb1,Rb2,Prec,Frac4Rise,Error,BFF
13025500,2.95259e+08,28409.2,51.6855,732.402,0.15,0.008607,1.3,76.9495,2404.97,0.446631,132115,-0.073086,-0.012711,-0.011578,6214.29,0.05,0.256062,0.765692
