tmp.site,tmp.area,Lb,X1,Wb,POR,ALPHA,BETA,Ks,Kb,Kz,Qthresh,Rs,Rb1,Rb2,Prec,Frac4Rise,Error,BFF
03343400,4.81738e+08,11176.2,100,745.478,0.15,0.01865,1,1545.18,20983.1,0.969825,1663.67,-0.20787,-0.076055,-0.092697,24.4657,0.05,1.04798,0.403611
