tmp.site,tmp.area,Lb,X1,Wb,POR,ALPHA,BETA,Ks,Kb,Kz,Qthresh,Rs,Rb1,Rb2,Prec,Frac4Rise,Error,BFF
02392780,3.60008e+08,10040.8,100,796.984,0.15,0.015822,1,1953.51,12027.9,0.941986,445129,-0.302911,-0.072527,-0.071195,2336.57,0.05,0.361499,0.430723
