tmp.site,tmp.area,Lb,X1,Wb,POR,ALPHA,BETA,Ks,Kb,Kz,Qthresh,Rs,Rb1,Rb2,Prec,Frac4Rise,Error,BFF
02358000,4.45478e+10,42837.4,14773.9,8597,0.15,0.004456,10.1,2241.95,721.436,1.92217,1.30647e+07,-0.047655,-0.035094,-0.021945,1.25264e+06,0.05,0.273496,0.558514
