tmp.site,tmp.area,Lb,X1,Wb,POR,ALPHA,BETA,Ks,Kb,Kz,Qthresh,Rs,Rb1,Rb2,Prec,Frac4Rise,Error,BFF
02131500,1.74824e+09,12818.9,104.888,1298.24,0.15,0.00673,1.2,3342.55,4468.63,1.08627,689933,-0.194559,-0.053193,-0.044195,25444.3,0.05,0.357049,0.414613
