tmp.site,tmp.area,Lb,X1,Wb,POR,ALPHA,BETA,Ks,Kb,Kz,Qthresh,Rs,Rb1,Rb2,Prec,Frac4Rise,Error,BFF
09511300,1.71328e+10,17213.1,73.8735,1402.55,0.15,0.006908,0.9,2115.5,17735.7,0.995013,1.09606e+06,-0.072567,-0.055115,-0.107322,48.9314,0.05,39.7139,0.42623
