tmp.site,tmp.area,Lb,X1,Wb,POR,ALPHA,BETA,Ks,Kb,Kz,Qthresh,Rs,Rb1,Rb2,Prec,Frac4Rise,Error,BFF
09237450,5.33538e+08,8959.33,81.3714,853.591,0.15,0.027493,0.9,533.963,505.441,0.149961,58717.7,-0.083527,-0.0245,-0.02497,3425.2,0.05,0.314398,0.511306
