tmp.site,tmp.area,Lb,X1,Wb,POR,ALPHA,BETA,Ks,Kb,Kz,Qthresh,Rs,Rb1,Rb2,Prec,Frac4Rise,Error,BFF
02169570,1.54363e+08,12882.1,100,311.692,0.15,0.013074,1,612.322,15544.2,0.922088,34252,-0.154571,-0.062912,-0.086356,1149.89,0.05,0.464243,0.384187
