tmp.site,tmp.area,Lb,X1,Wb,POR,ALPHA,BETA,Ks,Kb,Kz,Qthresh,Rs,Rb1,Rb2,Prec,Frac4Rise,Error,BFF
08405150,1.16808e+09,85475.1,100,16.5532,0.15,0.006935,1,12798.1,528.699,0.129945,73.3971,-1.35649,-0.002,-0.001,73.3971,0.05,0.23639,1.5e-05
