tmp.site,tmp.area,Lb,X1,Wb,POR,ALPHA,BETA,Ks,Kb,Kz,Qthresh,Rs,Rb1,Rb2,Prec,Frac4Rise,Error,BFF
07230000,6.65627e+08,8976.27,62.6254,518.938,0.15,0.008636,1.2,81.1276,7035.44,0.929748,1908.33,-0.006474,-0.188929,-0.080914,24.4657,0.05,8.13993,0.18274
