tmp.site,tmp.area,Lb,X1,Wb,POR,ALPHA,BETA,Ks,Kb,Kz,Qthresh,Rs,Rb1,Rb2,Prec,Frac4Rise,Error,BFF
07047932,4.73968e+08,10088.5,100,2224.6,0.15,0.040938,1,739.181,26011.1,0.937904,540692,-0.081177,-0.058638,-0.186273,24.4657,0.05,203.201,0.6997
