tmp.site,tmp.area,Lb,X1,Wb,POR,ALPHA,BETA,Ks,Kb,Kz,Qthresh,Rs,Rb1,Rb2,Prec,Frac4Rise,Error,BFF
01311500,9.76426e+06,9124.46,114.871,138.51,0.15,0.023799,0.9,354.279,16168.9,0.366166,6458.95,-0.396007,-0.056394,-0.147133,24.4657,0.05,7.46199,0.29929
