tmp.site,tmp.area,Lb,X1,Wb,POR,ALPHA,BETA,Ks,Kb,Kz,Qthresh,Rs,Rb1,Rb2,Prec,Frac4Rise,Error,BFF
07017020,7.09657e+09,5196.3,100,4991.85,0.15,0.006683,1,5372.71,1365.19,1.71542,1.12053e+06,-0.101408,-0.090551,-0.02299,84257.5,0.05,0.361155,0.273302
