tmp.site,tmp.area,Lb,X1,Wb,POR,ALPHA,BETA,Ks,Kb,Kz,Qthresh,Rs,Rb1,Rb2,Prec,Frac4Rise,Error,BFF
13050500,4.58428e+09,26663.5,100,7676.37,0.15,0.011397,1,171.992,22101.2,1.00352,4.11024e+06,-0.05268,-0.026417,-0.031039,152177,0.05,0.249655,0.895812
