tmp.site,tmp.area,Lb,X1,Wb,POR,ALPHA,BETA,Ks,Kb,Kz,Qthresh,Rs,Rb1,Rb2,Prec,Frac4Rise,Error,BFF
02477045,2.49934e+09,12826.6,0.333365,2301.49,0.15,0.011306,1.3,7584.74,39.5221,1.3651,300928,-0.18425,-0.083463,-0.058923,25689,0.05,0.394576,0.466365
