tmp.site,tmp.area,Lb,X1,Wb,POR,ALPHA,BETA,Ks,Kb,Kz,Qthresh,Rs,Rb1,Rb2,Prec,Frac4Rise,Error,BFF
02228500,4.14398e+08,11266.9,100,957.06,0.15,0.029793,1,764.681,21414.5,0.938995,131381,-0.092643,-0.060615,-0.099382,24.4657,0.05,5.03211,0.524178
