tmp.site,tmp.area,Lb,X1,Wb,POR,ALPHA,BETA,Ks,Kb,Kz,Qthresh,Rs,Rb1,Rb2,Prec,Frac4Rise,Error,BFF
02203900,2.56409e+08,4855.15,211.906,847.409,0.15,0.010978,1,3396.78,10738,0.629451,85630,-0.69113,-0.093863,-0.084019,3816.65,0.05,0.382993,0.3022
