tmp.site,tmp.area,Lb,X1,Wb,POR,ALPHA,BETA,Ks,Kb,Kz,Qthresh,Rs,Rb1,Rb2,Prec,Frac4Rise,Error,BFF
06714800,3.10799e+07,3677.01,232.298,501.089,0.15,0.013568,1.1,131.712,3697.43,0.328886,3718.79,-0.124463,-0.024624,-0.020202,325.394,0.05,0.289595,0.578513
