tmp.site,tmp.area,Lb,X1,Wb,POR,ALPHA,BETA,Ks,Kb,Kz,Qthresh,Rs,Rb1,Rb2,Prec,Frac4Rise,Error,BFF
02310368,9.58296e+07,27668.6,124.222,39.8,0.15,0.046801,0.9,974.487,60663,0.958299,9794.12,-0.230744,-0.096487,-0.166396,24.4657,0.05,3.97727,0.169168
