tmp.site,tmp.area,Lb,X1,Wb,POR,ALPHA,BETA,Ks,Kb,Kz,Qthresh,Rs,Rb1,Rb2,Prec,Frac4Rise,Error,BFF
04177080,1.83371e+08,19040.7,172.311,347.339,0.15,0.015756,2.2,577.719,18820.4,1.0168,46974.2,-0.177063,-0.074103,-0.044453,946.383,0.05,0.341023,0.467413
