tmp.site,tmp.area,Lb,X1,Wb,POR,ALPHA,BETA,Ks,Kb,Kz,Qthresh,Rs,Rb1,Rb2,Prec,Frac4Rise,Error,BFF
01091500,5.23178e+08,36028.1,84.9172,1063.6,0.15,0.022489,0.9,1714.03,39162.2,1.01561,144348,-0.12782,-0.057627,-0.112764,2104.05,0.05,0.844566,0.512778
