tmp.site,tmp.area,Lb,X1,Wb,POR,ALPHA,BETA,Ks,Kb,Kz,Qthresh,Rs,Rb1,Rb2,Prec,Frac4Rise,Error,BFF
05484650,9.14007e+09,11031.9,100,3699.38,0.15,0.008503,1,4067.91,10757.2,0.872619,645895,-0.081148,-0.045801,-0.037084,21283.2,0.05,0.362456,0.490691
