tmp.site,tmp.area,Lb,X1,Wb,POR,ALPHA,BETA,Ks,Kb,Kz,Qthresh,Rs,Rb1,Rb2,Prec,Frac4Rise,Error,BFF
06712000,4.37708e+08,239156,100,39.8809,0.15,0.018822,1,992.178,5064.03,0.963496,19890.6,-0.127155,-0.05431,-0.050125,181.046,0.05,0.573012,0.217068
