tmp.site,tmp.area,Lb,X1,Wb,POR,ALPHA,BETA,Ks,Kb,Kz,Qthresh,Rs,Rb1,Rb2,Prec,Frac4Rise,Error,BFF
01451380,5.51667e+07,4849.29,118.152,636.255,0.15,0.017117,1,996.898,2165.57,0.138752,32539.4,-0.389415,-0.037428,-0.036403,522.049,0.05,0.28284,0.524954
