tmp.site,tmp.area,Lb,X1,Wb,POR,ALPHA,BETA,Ks,Kb,Kz,Qthresh,Rs,Rb1,Rb2,Prec,Frac4Rise,Error,BFF
06018500,9.37058e+09,111646,12.4649,1322.25,0.15,0.013019,0.9,412.741,1758.08,1.19149,851407,-0.066766,-0.027079,-0.057184,6361.09,0.05,0.907944,0.705314
