tmp.site,tmp.area,Lb,X1,Wb,POR,ALPHA,BETA,Ks,Kb,Kz,Qthresh,Rs,Rb1,Rb2,Prec,Frac4Rise,Error,BFF
07182200,4.92098e+08,12165.8,51.1261,601.54,0.15,0.009381,1.1,952.527,7707.75,1.18563,24955,-0.145024,-0.079247,-0.061398,24.4657,0.05,1.29855,0.25845
