tmp.site,tmp.area,Lb,X1,Wb,POR,ALPHA,BETA,Ks,Kb,Kz,Qthresh,Rs,Rb1,Rb2,Prec,Frac4Rise,Error,BFF
02342881,1.53068e+10,10461.5,100,5348.82,0.15,0.009292,1,6709.66,10217,1.86268,1.90001e+07,-0.11055,-0.053036,-0.061372,366986,0.05,0.294727,0.560545
