tmp.site,tmp.area,Lb,X1,Wb,POR,ALPHA,BETA,Ks,Kb,Kz,Qthresh,Rs,Rb1,Rb2,Prec,Frac4Rise,Error,BFF
03351310,4.63608e+07,16977.6,100,135.943,0.15,0.015087,1,515.07,25455.3,0.916788,3180.54,-0.436847,-0.097352,-0.092024,137.008,0.05,0.567403,0.24505
