tmp.site,tmp.area,Lb,X1,Wb,POR,ALPHA,BETA,Ks,Kb,Kz,Qthresh,Rs,Rb1,Rb2,Prec,Frac4Rise,Error,BFF
07263875,3.00439e+08,6608.33,100,854.033,0.15,0.024147,1,1541.74,20438.6,1.00838,21530.8,-0.123576,-0.077674,-0.185117,122.329,0.05,3.52031,0.372248
