tmp.site,tmp.area,Lb,X1,Wb,POR,ALPHA,BETA,Ks,Kb,Kz,Qthresh,Rs,Rb1,Rb2,Prec,Frac4Rise,Error,BFF
12323800,1.69903e+09,6578.47,211.562,1315.61,0.15,0.011578,0.9,126.191,8905.38,0.203595,41591.7,-0.048943,-0.026266,-0.029761,4893.14,0.05,0.318932,0.611687
