tmp.site,tmp.area,Lb,X1,Wb,POR,ALPHA,BETA,Ks,Kb,Kz,Qthresh,Rs,Rb1,Rb2,Prec,Frac4Rise,Error,BFF
10333000,4.0155e+10,63931.6,41.1054,834.233,0.15,0.011354,0.9,7863.43,1990.4,0.922496,168813,-0.066766,-0.027971,-0.050572,24.4657,0.05,49.2297,0.087259
