tmp.site,tmp.area,Lb,X1,Wb,POR,ALPHA,BETA,Ks,Kb,Kz,Qthresh,Rs,Rb1,Rb2,Prec,Frac4Rise,Error,BFF
02447025,1.87256e+10,7195.09,100,9179.97,0.15,0.023749,1,14728.8,16881.7,4.09125,1.59761e+06,-0.166028,-0.08418,-0.097221,85353.5,0.05,0.42491,0.435537
