tmp.site,tmp.area,Lb,X1,Wb,POR,ALPHA,BETA,Ks,Kb,Kz,Qthresh,Rs,Rb1,Rb2,Prec,Frac4Rise,Error,BFF
09507480,1.77414e+08,136490,100,877.096,0.15,0.013822,1,472.003,31.4817,0.969782,103245,-0.10991,-0.064304,-0.005995,9052.31,0.05,0.052662,0.722774
