tmp.site,tmp.area,Lb,X1,Wb,POR,ALPHA,BETA,Ks,Kb,Kz,Qthresh,Rs,Rb1,Rb2,Prec,Frac4Rise,Error,BFF
01043500,1.3442e+09,15243.6,33.6882,1234.37,0.15,0.006248,0.9,129.84,2098.52,1.20738,868533,-0.010192,-0.04097,-0.246301,244.657,0.05,31.9378,0.345641
