tmp.site,tmp.area,Lb,X1,Wb,POR,ALPHA,BETA,Ks,Kb,Kz,Qthresh,Rs,Rb1,Rb2,Prec,Frac4Rise,Error,BFF
02173030,1.96062e+09,28984.2,100,1213.92,0.15,0.010968,1,604.931,8369.65,0.956315,483834,-0.036723,-0.033237,-0.029515,36698.6,0.05,0.306693,0.590804
