tmp.site,tmp.area,Lb,X1,Wb,POR,ALPHA,BETA,Ks,Kb,Kz,Qthresh,Rs,Rb1,Rb2,Prec,Frac4Rise,Error,BFF
10336700,1.74565e+07,6070.6,22.661,407.796,0.15,0.016992,1.1,125.346,415.928,0.202274,9492.7,-0.085908,-0.015579,-0.014222,225.085,0.05,0.328288,0.674336
