tmp.site,tmp.area,Lb,X1,Wb,POR,ALPHA,BETA,Ks,Kb,Kz,Qthresh,Rs,Rb1,Rb2,Prec,Frac4Rise,Error,BFF
13212549,3.19346e+07,14992.2,2382.1,344.327,0.15,0.007689,2.7,197.897,252.318,0.200772,23976.4,-0.059593,-0.022246,-0.007832,2124.63,0.05,0.226822,0.481557
