tmp.site,tmp.area,Lb,X1,Wb,POR,ALPHA,BETA,Ks,Kb,Kz,Qthresh,Rs,Rb1,Rb2,Prec,Frac4Rise,Error,BFF
08018000,1.74565e+08,5115.07,100,337.026,0.15,0.009959,1,994.807,9325.31,0.914383,18210.8,-0.281937,-0.121814,-0.169725,24.4657,0.05,4.92662,0.158391
