tmp.site,tmp.area,Lb,X1,Wb,POR,ALPHA,BETA,Ks,Kb,Kz,Qthresh,Rs,Rb1,Rb2,Prec,Frac4Rise,Error,BFF
08194500,2.09608e+10,4083.75,100,1993.19,0.15,0.01046,1,5815.58,12445.1,0.974218,851407,-0.143841,-0.110016,-0.241249,24.4657,0.05,37.6764,0.205968
