tmp.site,tmp.area,Lb,X1,Wb,POR,ALPHA,BETA,Ks,Kb,Kz,Qthresh,Rs,Rb1,Rb2,Prec,Frac4Rise,Error,BFF
11132500,1.21988e+08,111903,100,44.8022,0.15,0.040714,1,1096.7,37219.3,0.941626,6850.4,-0.202733,-0.053767,-0.028787,24.4657,0.05,0.771222,0.150277
