tmp.site,tmp.area,Lb,X1,Wb,POR,ALPHA,BETA,Ks,Kb,Kz,Qthresh,Rs,Rb1,Rb2,Prec,Frac4Rise,Error,BFF
13153776,9.19446e+10,331475,100,61979.8,0.15,0.01342,1,80689.1,8.45774,0.929326,1.6025e+07,-0.031866,-0.014758,-0.009607,1.34997e+06,0.05,0.138878,0.712233
