tmp.site,tmp.area,Lb,X1,Wb,POR,ALPHA,BETA,Ks,Kb,Kz,Qthresh,Rs,Rb1,Rb2,Prec,Frac4Rise,Error,BFF
13052200,8.72826e+08,78896.7,647.128,913.466,0.15,0.004371,3.8,300.012,10682.2,0.98912,856300,-0.088475,-0.019618,-0.01569,28869.5,0.05,0.260312,0.67753
