tmp.site,tmp.area,Lb,X1,Wb,POR,ALPHA,BETA,Ks,Kb,Kz,Qthresh,Rs,Rb1,Rb2,Prec,Frac4Rise,Error,BFF
06635000,6.05539e+09,35902.1,100,537.671,0.15,0.010583,1,604.718,57422.6,0.980636,95416.3,-0.111572,-0.052226,-0.065211,782.903,0.05,0.544842,0.515491
