tmp.site,tmp.area,Lb,X1,Wb,POR,ALPHA,BETA,Ks,Kb,Kz,Qthresh,Rs,Rb1,Rb2,Prec,Frac4Rise,Error,BFF
06088500,6.63037e+08,19291.9,100,570.613,0.15,0.011517,1,684.507,10860.4,0.973557,154134,-0.111572,-0.030601,-0.03713,3669.86,0.05,0.335404,0.579871
