tmp.site,tmp.area,Lb,X1,Wb,POR,ALPHA,BETA,Ks,Kb,Kz,Qthresh,Rs,Rb1,Rb2,Prec,Frac4Rise,Error,BFF
07311500,1.56435e+09,8620.1,0.049842,299.788,0.15,0.003571,1,1814,7.0095,0.875802,21799,-0.218676,-0.149709,-0.189273,24.4657,0.05,10.1977,0.022919
