tmp.site,tmp.area,Lb,X1,Wb,POR,ALPHA,BETA,Ks,Kb,Kz,Qthresh,Rs,Rb1,Rb2,Prec,Frac4Rise,Error,BFF
02330450,1.15772e+08,23987.2,100,717.545,0.15,0.015967,1,745.126,7132.53,0.733519,56271.1,-0.336479,-0.033519,-0.023662,5871.77,0.05,0.232888,0.613666
