tmp.site,tmp.area,Lb,X1,Wb,POR,ALPHA,BETA,Ks,Kb,Kz,Qthresh,Rs,Rb1,Rb2,Prec,Frac4Rise,Error,BFF
02264000,7.58867e+07,56686.7,209.568,60.4628,0.15,0.058892,0.9,276.694,55254.4,0.848459,19132.2,-0.08495,-0.038643,-0.075978,24.4657,0.05,1.2106,0.158309
