tmp.site,tmp.area,Lb,X1,Wb,POR,ALPHA,BETA,Ks,Kb,Kz,Qthresh,Rs,Rb1,Rb2,Prec,Frac4Rise,Error,BFF
11522500,1.94508e+09,14105.3,100,2663.39,0.15,0.009503,1,3911.75,7547.88,0.981337,242211,-0.143841,-0.040762,-0.014249,26149,0.05,0.37114,0.468474
