tmp.site,tmp.area,Lb,X1,Wb,POR,ALPHA,BETA,Ks,Kb,Kz,Qthresh,Rs,Rb1,Rb2,Prec,Frac4Rise,Error,BFF
01520000,7.71816e+08,5283.1,0.205227,1269.81,0.15,0.012767,1.2,3041.46,15.7654,1.19692,58717.7,-0.188979,-0.089475,-0.061626,1076.49,0.05,0.437268,0.385191
