tmp.site,tmp.area,Lb,X1,Wb,POR,ALPHA,BETA,Ks,Kb,Kz,Qthresh,Rs,Rb1,Rb2,Prec,Frac4Rise,Error,BFF
09486520,9.43015e+09,497447,100,45.544,0.15,0.051015,1,4798.92,9804.67,0.902109,99330.8,-0.196866,-0.015577,-0.098282,24.4657,0.05,306.872,0.204841
