tmp.site,tmp.area,Lb,X1,Wb,POR,ALPHA,BETA,Ks,Kb,Kz,Qthresh,Rs,Rb1,Rb2,Prec,Frac4Rise,Error,BFF
01362336,2.39574e+07,11267.3,100,243.421,0.15,0.015561,1,99.328,13655.9,0.638578,4279.54,-0.096363,-0.063248,-0.025527,415.917,0.05,0.286336,0.515558
