tmp.site,tmp.area,Lb,X1,Wb,POR,ALPHA,BETA,Ks,Kb,Kz,Qthresh,Rs,Rb1,Rb2,Prec,Frac4Rise,Error,BFF
08145000,1.52291e+09,23769.4,2.87972,3.85205,0.15,0.005095,1,3428.27,36.3195,1.12183,25689,-0.202733,-0.123381,-0.16902,24.4657,0.05,13.8083,0.002127
