tmp.site,tmp.area,Lb,X1,Wb,POR,ALPHA,BETA,Ks,Kb,Kz,Qthresh,Rs,Rb1,Rb2,Prec,Frac4Rise,Error,BFF
06903400,4.71378e+08,3842.45,100,533.565,0.15,0.009779,1,1966.2,10575.4,0.938887,2935.89,-0.168236,-0.164883,-0.127681,24.4657,0.05,1.03393,0.106969
