tmp.site,tmp.area,Lb,X1,Wb,POR,ALPHA,BETA,Ks,Kb,Kz,Qthresh,Rs,Rb1,Rb2,Prec,Frac4Rise,Error,BFF
02196820,1.94249e+07,11167.4,100,127.188,0.15,0.062766,1,541.35,10075.7,0.546695,19327.9,-0.362969,-0.058991,-0.090109,78.2903,0.05,0.549416,0.282377
