tmp.site,tmp.area,Lb,X1,Wb,POR,ALPHA,BETA,Ks,Kb,Kz,Qthresh,Rs,Rb1,Rb2,Prec,Frac4Rise,Error,BFF
07105600,1.35715e+08,12510.7,29.037,57.4379,0.15,0.012483,0.9,1397.52,4564.81,0.974669,4012.38,-0.232845,-0.098549,-0.168268,63.6109,0.05,0.689998,0.098177
