tmp.site,tmp.area,Lb,X1,Wb,POR,ALPHA,BETA,Ks,Kb,Kz,Qthresh,Rs,Rb1,Rb2,Prec,Frac4Rise,Error,BFF
14163000,1.23283e+08,16814.9,100,570.121,0.15,0.01047,1,1029.78,7222.29,0.970579,31805.4,-0.209153,-0.057872,-0.017457,3425.2,0.05,0.317852,0.388903
