tmp.site,tmp.area,Lb,X1,Wb,POR,ALPHA,BETA,Ks,Kb,Kz,Qthresh,Rs,Rb1,Rb2,Prec,Frac4Rise,Error,BFF
09489500,1.45039e+09,16281.2,100,842.884,0.15,0.016395,1,961.438,13517.4,0.926862,83183.4,-0.091161,-0.041217,-0.037575,2935.89,0.05,0.40007,0.46864
