tmp.site,tmp.area,Lb,X1,Wb,POR,ALPHA,BETA,Ks,Kb,Kz,Qthresh,Rs,Rb1,Rb2,Prec,Frac4Rise,Error,BFF
09399400,7.64046e+08,12949.7,1.77658,18.9362,0.15,0.001156,0.9,53392.6,4.91357,0.885056,7781.57,-0.452691,-0.176126,-0.338857,24.4657,0.05,0.224822,6.4e-05
