tmp.site,tmp.area,Lb,X1,Wb,POR,ALPHA,BETA,Ks,Kb,Kz,Qthresh,Rs,Rb1,Rb2,Prec,Frac4Rise,Error,BFF
01209761,2.58999e+06,2148.89,100,120.612,0.15,0.019937,1,246.125,2614.3,0.211355,1932.79,-0.279808,-0.070846,-0.093574,24.4657,0.05,0.599172,0.309207
