tmp.site,tmp.area,Lb,X1,Wb,POR,ALPHA,BETA,Ks,Kb,Kz,Qthresh,Rs,Rb1,Rb2,Prec,Frac4Rise,Error,BFF
03353910,1.24319e+08,27241.3,95.7491,326.166,0.15,0.011444,1.3,1587.98,32145,0.998974,15291.1,-0.447797,-0.106855,-0.074528,1155.47,0.05,0.375605,0.316515
