tmp.site,tmp.area,Lb,X1,Wb,POR,ALPHA,BETA,Ks,Kb,Kz,Qthresh,Rs,Rb1,Rb2,Prec,Frac4Rise,Error,BFF
07344400,1.47736e+11,27077.5,92.7215,10520.6,0.15,0.010434,1.1,20058.3,20142.4,1.16466,2.96867e+06,-0.083202,-0.050419,-0.04399,337627,0.05,0.33818,0.562951
