tmp.site,tmp.area,Lb,X1,Wb,POR,ALPHA,BETA,Ks,Kb,Kz,Qthresh,Rs,Rb1,Rb2,Prec,Frac4Rise,Error,BFF
103530001,3.58713e+08,14305.2,285.383,128.32,0.15,0.010428,1,487.436,541.695,0.498852,3963.45,-0.061593,-0.029626,-0.025759,259.337,0.05,0.600304,0.074624
