tmp.site,tmp.area,Lb,X1,Wb,POR,ALPHA,BETA,Ks,Kb,Kz,Qthresh,Rs,Rb1,Rb2,Prec,Frac4Rise,Error,BFF
11478500,5.74977e+08,15033.8,464.961,1210.29,0.15,0.008873,1.1,3965.38,37483.3,2.03836,23756.2,-0.194614,-0.079247,-0.020845,1042.24,0.05,0.405996,0.229647
