tmp.site,tmp.area,Lb,X1,Wb,POR,ALPHA,BETA,Ks,Kb,Kz,Qthresh,Rs,Rb1,Rb2,Prec,Frac4Rise,Error,BFF
01379773,1.98134e+07,11336.1,100,252.766,0.15,0.013686,1,249.935,16176.1,0.577981,5382.46,-0.082253,-0.051972,-0.051359,97.8629,0.05,0.360048,0.570627
