tmp.site,tmp.area,Lb,X1,Wb,POR,ALPHA,BETA,Ks,Kb,Kz,Qthresh,Rs,Rb1,Rb2,Prec,Frac4Rise,Error,BFF
13210831,1.16549e+07,8393.47,1088.59,411.21,0.15,0.01189,2.1,60.6001,708.782,0.696784,52356.6,-0.043612,-0.027398,-0.01657,2088.59,0.05,0.362365,0.461382
