tmp.site,tmp.area,Lb,X1,Wb,POR,ALPHA,BETA,Ks,Kb,Kz,Qthresh,Rs,Rb1,Rb2,Prec,Frac4Rise,Error,BFF
05057000,1.67572e+10,25059.6,30.2934,719.295,0.15,0.006281,1,1903.83,2506.39,1.07583,198172,-0.089259,-0.040464,-0.042031,122.329,0.05,1.77764,0.25133
