tmp.site,tmp.area,Lb,X1,Wb,POR,ALPHA,BETA,Ks,Kb,Kz,Qthresh,Rs,Rb1,Rb2,Prec,Frac4Rise,Error,BFF
09301500,2.75575e+09,46929.3,100,275.933,0.15,0.019996,1,2283.15,3482.3,0.96286,205512,-0.128612,-0.055679,-0.053548,861.536,0.05,0.560067,0.202643
