tmp.site,tmp.area,Lb,X1,Wb,POR,ALPHA,BETA,Ks,Kb,Kz,Qthresh,Rs,Rb1,Rb2,Prec,Frac4Rise,Error,BFF
09032200,5.38718e+06,3540.92,100,148.278,0.15,0.010922,1,79.2241,2095.26,0.220451,1467.94,-0.091616,-0.043066,-0.032357,63.5619,0.05,0.319753,0.329172
