tmp.site,tmp.area,Lb,X1,Wb,POR,ALPHA,BETA,Ks,Kb,Kz,Qthresh,Rs,Rb1,Rb2,Prec,Frac4Rise,Error,BFF
03020000,1.2406e+09,7498.12,100,2326.98,0.15,0.008732,1,163.694,11679,0.951232,315608,-0.010163,-0.068633,-0.072018,8073.69,0.05,1.1914,0.572509
