tmp.site,tmp.area,Lb,X1,Wb,POR,ALPHA,BETA,Ks,Kb,Kz,Qthresh,Rs,Rb1,Rb2,Prec,Frac4Rise,Error,BFF
07179750,1.96062e+09,9237.4,5.51576,962.575,0.15,0.012489,1,3337.69,1099.64,1.2115,116946,-0.141996,-0.107166,-0.109316,443.466,0.05,0.716881,0.239583
