tmp.site,tmp.area,Lb,X1,Wb,POR,ALPHA,BETA,Ks,Kb,Kz,Qthresh,Rs,Rb1,Rb2,Prec,Frac4Rise,Error,BFF
08103940,3.09504e+09,15584.4,100,634.944,0.15,0.009997,1,5884.61,2141.58,1.0102,55781.8,-0.222355,-0.055249,-0.071191,24.4657,0.05,8.17568,0.1298
