tmp.site,tmp.area,Lb,X1,Wb,POR,ALPHA,BETA,Ks,Kb,Kz,Qthresh,Rs,Rb1,Rb2,Prec,Frac4Rise,Error,BFF
12452800,5.25768e+08,4854.95,100,2747.27,0.15,0.005791,1,160.093,2001.38,0.930687,124775,-0.061301,-0.028334,-0.017113,11498.9,0.05,0.233295,0.520955
