tmp.site,tmp.area,Lb,X1,Wb,POR,ALPHA,BETA,Ks,Kb,Kz,Qthresh,Rs,Rb1,Rb2,Prec,Frac4Rise,Error,BFF
01649190,3.39288e+07,27200.6,100,68.3005,0.15,0.034993,1,1071.27,15348.1,0.96694,13431.7,-0.600569,-0.0802,-0.074802,281.527,0.05,0.456694,0.259971
