tmp.site,tmp.area,Lb,X1,Wb,POR,ALPHA,BETA,Ks,Kb,Kz,Qthresh,Rs,Rb1,Rb2,Prec,Frac4Rise,Error,BFF
02094659,1.89846e+07,4101.19,190.977,99.2337,0.15,0.014426,0.9,1134.35,11462.4,0.683477,7143.99,-0.827712,-0.123663,-0.166995,55.0968,0.05,0.510479,0.103931
