tmp.site,tmp.area,Lb,X1,Wb,POR,ALPHA,BETA,Ks,Kb,Kz,Qthresh,Rs,Rb1,Rb2,Prec,Frac4Rise,Error,BFF
03221000,2.53819e+09,21152.4,3.77512,992.954,0.15,0.010141,1.1,3966.07,1105.81,0.55274,190833,-0.109505,-0.106879,-0.091938,2349.69,0.05,0.553712,0.271045
