tmp.site,tmp.area,Lb,X1,Wb,POR,ALPHA,BETA,Ks,Kb,Kz,Qthresh,Rs,Rb1,Rb2,Prec,Frac4Rise,Error,BFF
04218518,2.06422e+08,15794.9,0.62537,419.799,0.15,0.010965,1.3,1127.6,84.2299,1.1425,190833,-0.210964,-0.081428,-0.061368,2201.91,0.05,0.360896,0.390407
