tmp.site,tmp.area,Lb,X1,Wb,POR,ALPHA,BETA,Ks,Kb,Kz,Qthresh,Rs,Rb1,Rb2,Prec,Frac4Rise,Error,BFF
02019500,5.36905e+09,5765.71,100,5284.7,0.15,0.00732,1,10282.4,1624.61,1.47768,770670,-0.126468,-0.075947,-0.028128,74375.8,0.05,0.34585,0.342142
