tmp.site,tmp.area,Lb,X1,Wb,POR,ALPHA,BETA,Ks,Kb,Kz,Qthresh,Rs,Rb1,Rb2,Prec,Frac4Rise,Error,BFF
10146400,5.82747e+08,456004,100,74.2716,0.15,0.027606,1,1996.55,7044.9,0.95306,24392.3,-0.135843,-0.033873,-0.035472,29.3589,0.05,1.12055,0.219495
