tmp.site,tmp.area,Lb,X1,Wb,POR,ALPHA,BETA,Ks,Kb,Kz,Qthresh,Rs,Rb1,Rb2,Prec,Frac4Rise,Error,BFF
07142300,1.80522e+09,21004.3,15.7591,241.285,0.15,0.011026,0.9,121.281,1463.84,0.987009,43304.3,-0.143841,-0.030997,-0.075376,24.4657,0.05,13.205,0.399569
