tmp.site,tmp.area,Lb,X1,Wb,POR,ALPHA,BETA,Ks,Kb,Kz,Qthresh,Rs,Rb1,Rb2,Prec,Frac4Rise,Error,BFF
09034250,2.04091e+09,53737.2,20614.4,545.641,0.15,0.005259,9.7,448.943,162.117,0.856106,251997,-0.066766,-0.035949,-0.019063,14190.1,0.05,0.25642,0.284595
