tmp.site,tmp.area,Lb,X1,Wb,POR,ALPHA,BETA,Ks,Kb,Kz,Qthresh,Rs,Rb1,Rb2,Prec,Frac4Rise,Error,BFF
01463500,1.75601e+10,28125,30.4878,5036.03,0.15,0.007093,8.3,6087.46,54.1134,2.9498,8.96228e+06,-0.102397,-0.048122,-0.029813,442829,0.05,0.23607,0.586934
