tmp.site,tmp.area,Lb,X1,Wb,POR,ALPHA,BETA,Ks,Kb,Kz,Qthresh,Rs,Rb1,Rb2,Prec,Frac4Rise,Error,BFF
04219915,2.77129e+08,5430.95,100,597.491,0.15,0.00885,1,529.376,8728.4,0.861536,110751,-0.121391,-0.082078,-0.081041,1671.2,0.05,0.365524,0.405508
