tmp.site,tmp.area,Lb,X1,Wb,POR,ALPHA,BETA,Ks,Kb,Kz,Qthresh,Rs,Rb1,Rb2,Prec,Frac4Rise,Error,BFF
04059000,2.25329e+09,35516.9,48.9877,1231.03,0.15,0.006369,1.9,1347.4,1168.44,1.02123,513780,-0.077075,-0.042741,-0.031778,41591.7,0.05,0.320076,0.514924
