tmp.site,tmp.area,Lb,X1,Wb,POR,ALPHA,BETA,Ks,Kb,Kz,Qthresh,Rs,Rb1,Rb2,Prec,Frac4Rise,Error,BFF
07365000,9.19446e+08,5222.59,100,2084.19,0.15,0.032563,1,2891.07,13264.7,0.897334,455062,-0.107325,-0.084988,-0.11538,24.4657,0.05,1.1469,0.381248
