tmp.site,tmp.area,Lb,X1,Wb,POR,ALPHA,BETA,Ks,Kb,Kz,Qthresh,Rs,Rb1,Rb2,Prec,Frac4Rise,Error,BFF
01380450,3.00439e+08,15350.9,100,760.751,0.15,0.020951,1,1153.71,16249.1,0.917738,37863.1,-0.227795,-0.0534,-0.049507,4159.17,0.05,0.343794,0.482666
