tmp.site,tmp.area,Lb,X1,Wb,POR,ALPHA,BETA,Ks,Kb,Kz,Qthresh,Rs,Rb1,Rb2,Prec,Frac4Rise,Error,BFF
02483000,1.06449e+09,33721.8,17.2747,382.156,0.15,0.007965,1.3,5644.7,5219.71,1.39647,26912.3,-0.244885,-0.152072,-0.096296,1198.82,0.05,0.518325,0.119552
