tmp.site,tmp.area,Lb,X1,Wb,POR,ALPHA,BETA,Ks,Kb,Kz,Qthresh,Rs,Rb1,Rb2,Prec,Frac4Rise,Error,BFF
11389720,1.58766e+08,38611.3,100,173.152,0.15,0.016967,1,131.449,1544.65,0.502664,24465.7,-0.091616,-0.021088,-0.015783,2055.12,0.05,0.410732,0.398594
