tmp.site,tmp.area,Lb,X1,Wb,POR,ALPHA,BETA,Ks,Kb,Kz,Qthresh,Rs,Rb1,Rb2,Prec,Frac4Rise,Error,BFF
0212466000,3.26339e+07,38908.1,98.144,45.2063,0.15,0.038894,1,650.418,22904.3,1.16329,18300.4,-0.48835,-0.08642,-0.094832,24.4657,0.05,0.729372,0.194546
