tmp.site,tmp.area,Lb,X1,Wb,POR,ALPHA,BETA,Ks,Kb,Kz,Qthresh,Rs,Rb1,Rb2,Prec,Frac4Rise,Error,BFF
01638480,2.31804e+08,21688.2,176.499,483.315,0.15,0.01523,1,1437.18,43507.8,1.13995,113430,-0.346574,-0.06467,-0.064597,244.657,0.05,0.413348,0.374454
