tmp.site,tmp.area,Lb,X1,Wb,POR,ALPHA,BETA,Ks,Kb,Kz,Qthresh,Rs,Rb1,Rb2,Prec,Frac4Rise,Error,BFF
06123030,3.9316e+09,28586.4,100,1092.68,0.15,0.05292,1,2891.02,15298.4,0.929797,9052.31,-0.113025,-0.052801,-0.079369,318.054,0.05,0.57559,0.212928
