tmp.site,tmp.area,Lb,X1,Wb,POR,ALPHA,BETA,Ks,Kb,Kz,Qthresh,Rs,Rb1,Rb2,Prec,Frac4Rise,Error,BFF
01349950,1.77673e+08,15302.6,106.198,607.364,0.15,0.014918,1.3,1161.49,21717.5,0.598252,15021.9,-0.227447,-0.072848,-0.046306,829.95,0.05,0.355583,0.475012
