tmp.site,tmp.area,Lb,X1,Wb,POR,ALPHA,BETA,Ks,Kb,Kz,Qthresh,Rs,Rb1,Rb2,Prec,Frac4Rise,Error,BFF
07029500,3.83318e+09,10387.7,100,4832.94,0.15,0.013706,1,10230.5,14598.3,1.43546,338361,-0.080624,-0.064468,-0.066411,36453.9,0.05,0.429797,0.464379
