tmp.site,tmp.area,Lb,X1,Wb,POR,ALPHA,BETA,Ks,Kb,Kz,Qthresh,Rs,Rb1,Rb2,Prec,Frac4Rise,Error,BFF
08275500,2.14969e+08,24959.1,621.54,187.13,0.15,0.020769,1.1,504.906,14564.9,0.123207,20306.5,-0.091161,-0.030935,-0.027344,342.52,0.05,0.504915,0.226355
