tmp.site,tmp.area,Lb,X1,Wb,POR,ALPHA,BETA,Ks,Kb,Kz,Qthresh,Rs,Rb1,Rb2,Prec,Frac4Rise,Error,BFF
06896000,6.63037e+08,9492.01,7.99339,452.256,0.15,0.006117,1.3,2317.47,1896.42,1.01117,7095.06,-0.255413,-0.180951,-0.080887,195.726,0.05,0.802835,0.099864
