tmp.site,tmp.area,Lb,X1,Wb,POR,ALPHA,BETA,Ks,Kb,Kz,Qthresh,Rs,Rb1,Rb2,Prec,Frac4Rise,Error,BFF
07189700,5.67207e+07,2827.89,100.686,175.855,0.15,0.009025,1.1,800.609,10405.3,1.2781,220.191,-0.346574,-0.258751,-0.148706,24.4657,0.05,0.854205,0.053893
