tmp.site,tmp.area,Lb,X1,Wb,POR,ALPHA,BETA,Ks,Kb,Kz,Qthresh,Rs,Rb1,Rb2,Prec,Frac4Rise,Error,BFF
06918060,2.78165e+09,6803.12,100,1372.56,0.15,0.012706,1,6373.79,13918.2,1.35847,77801,-0.173012,-0.132722,-0.117855,376.014,0.05,0.605921,0.161489
