tmp.site,tmp.area,Lb,X1,Wb,POR,ALPHA,BETA,Ks,Kb,Kz,Qthresh,Rs,Rb1,Rb2,Prec,Frac4Rise,Error,BFF
12324590,1.07226e+09,8972.6,100,1359.47,0.15,0.00346,1,19.1392,6375.95,0.94494,205720,-0.068302,-0.032502,-0.032089,3669.86,0.05,0.297896,0.541026
