tmp.site,tmp.area,Lb,X1,Wb,POR,ALPHA,BETA,Ks,Kb,Kz,Qthresh,Rs,Rb1,Rb2,Prec,Frac4Rise,Error,BFF
07057500,1.45298e+09,123016,25042.5,1009.27,0.15,0.004114,3.7,223.265,9047.21,0.672089,577391,-0.08254,-0.037465,-0.010043,56026.5,0.05,0.256622,0.452138
