tmp.site,tmp.area,Lb,X1,Wb,POR,ALPHA,BETA,Ks,Kb,Kz,Qthresh,Rs,Rb1,Rb2,Prec,Frac4Rise,Error,BFF
11475500,1.137e+08,17460.6,3686.28,647.079,0.15,0.010749,3.6,1116.02,68333.7,0.759704,4893.14,-0.225993,-0.079925,-0.021327,391.451,0.05,0.325612,0.307878
