tmp.site,tmp.area,Lb,X1,Wb,POR,ALPHA,BETA,Ks,Kb,Kz,Qthresh,Rs,Rb1,Rb2,Prec,Frac4Rise,Error,BFF
03054500,2.3802e+09,7122.36,100,2732.92,0.15,0.015349,1,6943.71,20190.5,1.72212,173707,-0.203053,-0.086597,-0.08711,4159.17,0.05,0.417099,0.434
