tmp.site,tmp.area,Lb,X1,Wb,POR,ALPHA,BETA,Ks,Kb,Kz,Qthresh,Rs,Rb1,Rb2,Prec,Frac4Rise,Error,BFF
14185865,1.05672e+08,9775.41,100,634.284,0.15,0.009253,1,1208.4,6063.19,1.42354,20359.4,-0.373445,-0.087372,-0.018539,1573.54,0.05,0.376911,0.223617
