tmp.site,tmp.area,Lb,X1,Wb,POR,ALPHA,BETA,Ks,Kb,Kz,Qthresh,Rs,Rb1,Rb2,Prec,Frac4Rise,Error,BFF
04285500,1.79227e+08,11066.1,100,590.831,0.15,0.022369,1,1156.89,13879.7,0.942033,20061.9,-0.097218,-0.072975,-0.078075,1272.22,0.05,0.480045,0.359604
