tmp.site,tmp.area,Lb,X1,Wb,POR,ALPHA,BETA,Ks,Kb,Kz,Qthresh,Rs,Rb1,Rb2,Prec,Frac4Rise,Error,BFF
01104415,1.0619e+06,3994,100,88.9891,0.15,0.03846,1,347.467,6835.09,0.188495,831.834,-0.614594,-0.079625,-0.092865,24.4657,0.05,0.578673,0.305486
