tmp.site,tmp.area,Lb,X1,Wb,POR,ALPHA,BETA,Ks,Kb,Kz,Qthresh,Rs,Rb1,Rb2,Prec,Frac4Rise,Error,BFF
02181580,4.77594e+08,207662,100,125.86,0.15,0.00655,1,77.3421,5933.69,0.856892,104958,-0.116609,-0.050722,-0.053966,4164.55,0.05,0.392841,0.427218
