tmp.site,tmp.area,Lb,X1,Wb,POR,ALPHA,BETA,Ks,Kb,Kz,Qthresh,Rs,Rb1,Rb2,Prec,Frac4Rise,Error,BFF
03285000,8.23616e+08,11661.5,2.44654,1496.28,0.15,0.016298,1,5447.59,1032.12,1.17144,3669.86,-0.280555,-0.108812,-0.127114,24.4657,0.05,0.671536,0.344193
