tmp.site,tmp.area,Lb,X1,Wb,POR,ALPHA,BETA,Ks,Kb,Kz,Qthresh,Rs,Rb1,Rb2,Prec,Frac4Rise,Error,BFF
08393610,7.51097e+09,849600,100,28.4858,0.15,0.024876,1,2573.15,6832.71,0.919836,6703.61,-0.082358,-0.041394,-0.04102,193.279,0.05,0.558671,0.286885
