tmp.site,tmp.area,Lb,X1,Wb,POR,ALPHA,BETA,Ks,Kb,Kz,Qthresh,Rs,Rb1,Rb2,Prec,Frac4Rise,Error,BFF
01410150,2.10048e+07,6958.85,100,456.82,0.15,0.010091,1,270.193,2279.1,0.213845,24465.7,-0.253443,-0.02279,-0.015772,1645.49,0.05,0.23499,0.692213
