tmp.site,tmp.area,Lb,X1,Wb,POR,ALPHA,BETA,Ks,Kb,Kz,Qthresh,Rs,Rb1,Rb2,Prec,Frac4Rise,Error,BFF
03091500,7.07067e+08,70472.4,4.95972,467.838,0.15,0.004763,0.9,56.2987,135.523,0.846868,697273,-0.006673,-0.049594,-0.084227,2446.57,0.05,1.21317,0.29708
