tmp.site,tmp.area,Lb,X1,Wb,POR,ALPHA,BETA,Ks,Kb,Kz,Qthresh,Rs,Rb1,Rb2,Prec,Frac4Rise,Error,BFF
09234500,5.02458e+10,42486.9,100,5871.9,0.15,0.009161,1,2056.7,1331.21,0.8858,2.1432e+06,-0.027109,-0.02971,-0.033281,38298.6,0.05,0.900127,0.681432
