tmp.site,tmp.area,Lb,X1,Wb,POR,ALPHA,BETA,Ks,Kb,Kz,Qthresh,Rs,Rb1,Rb2,Prec,Frac4Rise,Error,BFF
10174500,8.80596e+08,29065.2,532.821,167.577,0.15,0.025595,2.9,699.257,0.001865,0.768014,166367,-0.077556,-0.018018,-0.009675,8563,0.05,0.369075,0.364324
