tmp.site,tmp.area,Lb,X1,Wb,POR,ALPHA,BETA,Ks,Kb,Kz,Qthresh,Rs,Rb1,Rb2,Prec,Frac4Rise,Error,BFF
01085000,9.53116e+08,28202.7,100,1200.23,0.15,0.011825,1,2166.95,36490.3,0.923369,114989,-0.078754,-0.05217,-0.06148,10275.6,0.05,0.344146,0.547872
