tmp.site,tmp.area,Lb,X1,Wb,POR,ALPHA,BETA,Ks,Kb,Kz,Qthresh,Rs,Rb1,Rb2,Prec,Frac4Rise,Error,BFF
05430500,8.65056e+09,30098.2,43.562,17019.4,0.15,0.01393,0.9,1677.33,11414.3,0.79272,1.80802e+06,-0.065083,-0.023393,-0.03437,53824.6,0.05,0.323264,0.83117
