tmp.site,tmp.area,Lb,X1,Wb,POR,ALPHA,BETA,Ks,Kb,Kz,Qthresh,Rs,Rb1,Rb2,Prec,Frac4Rise,Error,BFF
12355500,4.03002e+09,23466.2,1.58505,3941.25,0.15,0.005397,2.1,1132.87,20.2999,0.677982,1.14989e+06,-0.065683,-0.024329,-0.016232,90523.1,0.05,0.257199,0.612563
