tmp.site,tmp.area,Lb,X1,Wb,POR,ALPHA,BETA,Ks,Kb,Kz,Qthresh,Rs,Rb1,Rb2,Prec,Frac4Rise,Error,BFF
05550001,3.70109e+09,45745.9,47.8671,3014.71,0.15,0.008678,0.9,802.158,42271.6,1.09228,853266,-0.041389,-0.036442,-0.050146,45207.7,0.05,0.318282,0.773261
