tmp.site,tmp.area,Lb,X1,Wb,POR,ALPHA,BETA,Ks,Kb,Kz,Qthresh,Rs,Rb1,Rb2,Prec,Frac4Rise,Error,BFF
02266025,6.57857e+07,11010.1,100,10.5958,0.15,0.00165,1,226.264,306.548,0.837114,14679.4,-0.066766,-0.04814,-0.069873,24.4657,0.05,0.487233,0.000366
