tmp.site,tmp.area,Lb,X1,Wb,POR,ALPHA,BETA,Ks,Kb,Kz,Qthresh,Rs,Rb1,Rb2,Prec,Frac4Rise,Error,BFF
04122001,6.21597e+09,57386,116.413,6969.18,0.15,0.007827,0.9,1275.86,96544.3,0.88667,2.71569e+06,-0.032861,-0.030284,-0.034472,153946,0.05,0.2842,0.924291
