tmp.site,tmp.area,Lb,X1,Wb,POR,ALPHA,BETA,Ks,Kb,Kz,Qthresh,Rs,Rb1,Rb2,Prec,Frac4Rise,Error,BFF
14306340,1.47629e+07,10106.5,3316.51,284.51,0.15,0.017545,3.4,404.321,42094.2,0.957201,1712.6,-0.198507,-0.075122,-0.026562,102.756,0.05,0.334437,0.365598
