tmp.site,tmp.area,Lb,X1,Wb,POR,ALPHA,BETA,Ks,Kb,Kz,Qthresh,Rs,Rb1,Rb2,Prec,Frac4Rise,Error,BFF
01169000,2.30509e+08,8759.47,100,900.511,0.15,0.014178,1,2466.56,10745.4,1.01002,141901,-0.308899,-0.064662,-0.052745,2422.11,0.05,0.372489,0.419709
