tmp.site,tmp.area,Lb,X1,Wb,POR,ALPHA,BETA,Ks,Kb,Kz,Qthresh,Rs,Rb1,Rb2,Prec,Frac4Rise,Error,BFF
08166200,1.32089e+09,369768,1.30325,408.234,0.15,0.024399,0.9,1287.04,29.8296,1.00112,281356,-0.143841,-0.030092,-0.046368,1157.23,0.05,0.63054,0.369411
