tmp.site,tmp.area,Lb,X1,Wb,POR,ALPHA,BETA,Ks,Kb,Kz,Qthresh,Rs,Rb1,Rb2,Prec,Frac4Rise,Error,BFF
0422026250,2.61589e+07,16197.2,35.6381,142.183,0.15,0.00913,1.3,175.42,3468.92,0.860932,34252,-0.21798,-0.060641,-0.050012,415.917,0.05,0.368122,0.431268
