tmp.site,tmp.area,Lb,X1,Wb,POR,ALPHA,BETA,Ks,Kb,Kz,Qthresh,Rs,Rb1,Rb2,Prec,Frac4Rise,Error,BFF
11215000,4.68788e+08,26888.8,100,600.273,0.15,0.001432,1,12.7439,1013.68,0.876285,24465.7,-0.125657,-0.04592,-0.026229,1076.49,0.05,0.881544,0.096118
