tmp.site,tmp.area,Lb,X1,Wb,POR,ALPHA,BETA,Ks,Kb,Kz,Qthresh,Rs,Rb1,Rb2,Prec,Frac4Rise,Error,BFF
04099750,9.34986e+08,7815.01,3.03765,2771.54,0.15,0.008327,3.5,62.9941,12.2587,1.25127,371879,-0.047433,-0.026022,-0.019759,22247.4,0.05,0.20292,0.77591
