tmp.site,tmp.area,Lb,X1,Wb,POR,ALPHA,BETA,Ks,Kb,Kz,Qthresh,Rs,Rb1,Rb2,Prec,Frac4Rise,Error,BFF
05099600,8.67646e+09,50490.5,66.7579,2682.71,0.15,0.013536,1,3691.18,18425,0.164658,97862.9,-0.141874,-0.027078,-0.036907,24.4657,0.05,4.60971,0.508781
