tmp.site,tmp.area,Lb,X1,Wb,POR,ALPHA,BETA,Ks,Kb,Kz,Qthresh,Rs,Rb1,Rb2,Prec,Frac4Rise,Error,BFF
10312150,4.66457e+09,15972.7,100.25,2888.96,0.15,0.030023,0.9,194.27,12021.3,1.01067,1565.81,-0.012439,-0.037162,-0.201596,134.561,0.05,19.7279,0.727256
