tmp.site,tmp.area,Lb,X1,Wb,POR,ALPHA,BETA,Ks,Kb,Kz,Qthresh,Rs,Rb1,Rb2,Prec,Frac4Rise,Error,BFF
02367310,7.14837e+07,18726.7,100,1033.67,0.15,0.007082,1,320.666,2672.01,0.315824,170771,-0.369925,-0.015016,-0.012349,11009.6,0.05,0.136352,0.793058
