tmp.site,tmp.area,Lb,X1,Wb,POR,ALPHA,BETA,Ks,Kb,Kz,Qthresh,Rs,Rb1,Rb2,Prec,Frac4Rise,Error,BFF
01465500,5.43898e+08,12651.4,7.41144,1035.76,0.15,0.012062,1.5,4498.77,413.435,0.84978,51378,-0.390274,-0.086305,-0.056668,3425.2,0.05,0.356759,0.339952
