tmp.site,tmp.area,Lb,X1,Wb,POR,ALPHA,BETA,Ks,Kb,Kz,Qthresh,Rs,Rb1,Rb2,Prec,Frac4Rise,Error,BFF
06423500,3.28385e+10,7469.34,13.023,1630.96,0.15,0.00217,1,3622.75,723.78,1.37533,658128,-0.125657,-0.065234,-0.065284,4159.17,0.05,0.515571,0.237229
