tmp.site,tmp.area,Lb,X1,Wb,POR,ALPHA,BETA,Ks,Kb,Kz,Qthresh,Rs,Rb1,Rb2,Prec,Frac4Rise,Error,BFF
07017200,4.53248e+08,13646.8,89.4702,706.915,0.15,0.008869,1.8,2002.36,13972.1,0.967607,39145.1,-0.217732,-0.10581,-0.050032,1027.32,0.05,0.414214,0.318098
