tmp.site,tmp.area,Lb,X1,Wb,POR,ALPHA,BETA,Ks,Kb,Kz,Qthresh,Rs,Rb1,Rb2,Prec,Frac4Rise,Error,BFF
01197000,1.49183e+08,28938.4,70.6078,336.941,0.15,0.010976,1.5,798.694,17162.2,0.937809,34741.3,-0.189165,-0.067154,-0.048509,2935.89,0.05,0.329292,0.461131
