tmp.site,tmp.area,Lb,X1,Wb,POR,ALPHA,BETA,Ks,Kb,Kz,Qthresh,Rs,Rb1,Rb2,Prec,Frac4Rise,Error,BFF
13186000,1.66018e+09,4281.1,3.11684,10585,0.15,0.001391,5.5,316.8,3.26261,1.25536,557818,-0.060517,-0.026792,-0.016488,30337.5,0.05,0.22264,0.71956
