tmp.site,tmp.area,Lb,X1,Wb,POR,ALPHA,BETA,Ks,Kb,Kz,Qthresh,Rs,Rb1,Rb2,Prec,Frac4Rise,Error,BFF
01123600,2.44495e+08,10268.1,340.489,698.904,0.15,0.018528,1,311.39,42637.2,0.767189,393898,-0.063167,-0.049253,-0.046237,2691.23,0.05,0.316888,0.575925
