tmp.site,tmp.area,Lb,X1,Wb,POR,ALPHA,BETA,Ks,Kb,Kz,Qthresh,Rs,Rb1,Rb2,Prec,Frac4Rise,Error,BFF
02388320,4.29938e+07,3529.3,332.394,205.462,0.15,0.008889,1.1,44.568,3935.68,0.026765,5088.87,-0.118245,-0.104635,-0.081503,269.123,0.05,0.46938,0.109422
