tmp.site,tmp.area,Lb,X1,Wb,POR,ALPHA,BETA,Ks,Kb,Kz,Qthresh,Rs,Rb1,Rb2,Prec,Frac4Rise,Error,BFF
11055500,4.37708e+07,59037.9,161.929,90.2702,0.15,0.060303,0.9,238,45457.4,0.924176,13602.9,-0.159227,-0.061295,-0.111392,24.4657,0.05,8.3896,0.229394
