tmp.site,tmp.area,Lb,X1,Wb,POR,ALPHA,BETA,Ks,Kb,Kz,Qthresh,Rs,Rb1,Rb2,Prec,Frac4Rise,Error,BFF
10149500,2.77129e+08,10120.6,100,1192.25,0.15,0.011499,1,44.5156,10464.3,0.994981,296035,-0.085061,-0.038382,-0.086529,2201.91,0.05,0.690333,0.745669
