tmp.site,tmp.area,Lb,X1,Wb,POR,ALPHA,BETA,Ks,Kb,Kz,Qthresh,Rs,Rb1,Rb2,Prec,Frac4Rise,Error,BFF
094196783,3.54569e+09,2.27334e+06,4.01426,23.3589,0.15,0.022195,0.8,1729.36,269.973,1.54452,12599.6,-0.091161,-0.020052,-0.034903,1263.92,0.05,0.233724,0.309541
