tmp.site,tmp.area,Lb,X1,Wb,POR,ALPHA,BETA,Ks,Kb,Kz,Qthresh,Rs,Rb1,Rb2,Prec,Frac4Rise,Error,BFF
12020525,1.50219e+08,22686.7,35.4002,599.874,0.15,0.014856,0.9,1144.48,12712.4,1.07918,72995.9,-0.211142,-0.053545,-0.09876,3376.27,0.05,0.513221,0.470436
