tmp.site,tmp.area,Lb,X1,Wb,POR,ALPHA,BETA,Ks,Kb,Kz,Qthresh,Rs,Rb1,Rb2,Prec,Frac4Rise,Error,BFF
02198100,7.97716e+07,5115.18,100,325.872,0.15,0.00408,1,59.1094,3201.61,0.928865,7339.71,-0.16985,-0.098398,-0.034219,604.01,0.05,0.355438,0.213904
