tmp.site,tmp.area,Lb,X1,Wb,POR,ALPHA,BETA,Ks,Kb,Kz,Qthresh,Rs,Rb1,Rb2,Prec,Frac4Rise,Error,BFF
02392975,8.96136e+07,4293.72,256.764,473.143,0.15,0.014983,1,1725.17,10964,0.891804,87587.3,-0.558017,-0.102415,-0.089077,622.604,0.05,0.40657,0.258482
