tmp.site,tmp.area,Lb,X1,Wb,POR,ALPHA,BETA,Ks,Kb,Kz,Qthresh,Rs,Rb1,Rb2,Prec,Frac4Rise,Error,BFF
14107000,3.91088e+08,39673.9,100,637.704,0.15,0.009282,1,107.227,17862.3,0.854331,141901,-0.091161,-0.026571,-0.013868,14679.4,0.05,0.29242,0.580338
