tmp.site,tmp.area,Lb,X1,Wb,POR,ALPHA,BETA,Ks,Kb,Kz,Qthresh,Rs,Rb1,Rb2,Prec,Frac4Rise,Error,BFF
12149000,1.56176e+09,12971.9,100,2867.85,0.15,0.009051,1,3247.28,5540.13,2.90923,1.12053e+06,-0.205443,-0.056457,-0.024987,116701,0.05,0.286236,0.477116
