tmp.site,tmp.area,Lb,X1,Wb,POR,ALPHA,BETA,Ks,Kb,Kz,Qthresh,Rs,Rb1,Rb2,Prec,Frac4Rise,Error,BFF
09271000,6.24187e+08,76139.7,100,231.517,0.15,0.011262,1,586.821,6745.37,0.976991,90523.1,-0.105001,-0.028188,-0.008114,3180.54,0.05,0.338954,0.27714
