tmp.site,tmp.area,Lb,X1,Wb,POR,ALPHA,BETA,Ks,Kb,Kz,Qthresh,Rs,Rb1,Rb2,Prec,Frac4Rise,Error,BFF
03114306,6.78266e+10,3.01346e+06,4.73231,9.25296,0.15,0.01,0.6,14070,2.3752e+06,37.7944,4.10779e+07,-0.145983,-0.047673,-0.074464,871077,0.05,0.978632,0.006801
