tmp.site,tmp.area,Lb,X1,Wb,POR,ALPHA,BETA,Ks,Kb,Kz,Qthresh,Rs,Rb1,Rb2,Prec,Frac4Rise,Error,BFF
03242050,9.47936e+08,11594.1,100,1166.48,0.15,0.007626,1,2194.93,7074.17,0.991993,159370,-0.280639,-0.064687,-0.030788,16803.1,0.05,0.317906,0.443566
