tmp.site,tmp.area,Lb,X1,Wb,POR,ALPHA,BETA,Ks,Kb,Kz,Qthresh,Rs,Rb1,Rb2,Prec,Frac4Rise,Error,BFF
02111180,1.3183e+08,20781.5,100,384.318,0.15,0.013952,1,448.891,9580.61,0.993469,66057.4,-0.30952,-0.054854,-0.03206,3669.86,0.05,0.292886,0.479418
