tmp.site,tmp.area,Lb,X1,Wb,POR,ALPHA,BETA,Ks,Kb,Kz,Qthresh,Rs,Rb1,Rb2,Prec,Frac4Rise,Error,BFF
05382267,1.57212e+08,72151,100,738.924,0.15,0.017256,1,279.178,809.445,0.461804,117191,-0.104084,-0.01776,-0.007173,11986.5,0.05,0.140412,0.747619
