tmp.site,tmp.area,Lb,X1,Wb,POR,ALPHA,BETA,Ks,Kb,Kz,Qthresh,Rs,Rb1,Rb2,Prec,Frac4Rise,Error,BFF
09292000,2.95259e+08,38880.4,934.583,338.403,0.15,0.007547,6.5,160.073,5243.62,0.901367,119393,-0.070893,-0.035214,-0.021401,3914.51,0.05,0.30015,0.458004
