tmp.site,tmp.area,Lb,X1,Wb,POR,ALPHA,BETA,Ks,Kb,Kz,Qthresh,Rs,Rb1,Rb2,Prec,Frac4Rise,Error,BFF
08050840,7.56277e+07,284.591,1.10104,167.59,0.15,0.000164,0.9,45.2729,0.055314,1.36091,31805.4,-0.422473,-0.191575,-0.310037,24.4657,0.05,0.43806,5.4e-05
