tmp.site,tmp.area,Lb,X1,Wb,POR,ALPHA,BETA,Ks,Kb,Kz,Qthresh,Rs,Rb1,Rb2,Prec,Frac4Rise,Error,BFF
13039500,2.45013e+08,23453.7,0.355472,730.596,0.15,0.016885,1,57.6015,31.324,0.051158,131870,-0.016951,-0.026776,-0.027569,97.8629,0.05,4.27181,0.515711
