tmp.site,tmp.area,Lb,X1,Wb,POR,ALPHA,BETA,Ks,Kb,Kz,Qthresh,Rs,Rb1,Rb2,Prec,Frac4Rise,Error,BFF
06482610,1.24837e+09,28903.4,38.0019,502.03,0.15,0.010953,1.1,715.863,11975.8,1.22348,68504,-0.124107,-0.058993,-0.0493,244.657,0.05,0.581181,0.368535
