tmp.site,tmp.area,Lb,X1,Wb,POR,ALPHA,BETA,Ks,Kb,Kz,Qthresh,Rs,Rb1,Rb2,Prec,Frac4Rise,Error,BFF
04100222,3.67778e+08,76411.4,100,358.21,0.15,0.015715,1,44.7451,47542.9,1.02711,177009,-0.041567,-0.026907,-0.038512,2104.05,0.05,0.37687,0.641614
