tmp.site,tmp.area,Lb,X1,Wb,POR,ALPHA,BETA,Ks,Kb,Kz,Qthresh,Rs,Rb1,Rb2,Prec,Frac4Rise,Error,BFF
12036000,1.91918e+08,5110.58,100,2890.72,0.15,0.004633,1,116.185,1401.83,2.09191,697273,-0.110724,-0.060951,-0.017499,25689,0.05,0.323685,0.400322
