tmp.site,tmp.area,Lb,X1,Wb,POR,ALPHA,BETA,Ks,Kb,Kz,Qthresh,Rs,Rb1,Rb2,Prec,Frac4Rise,Error,BFF
04199500,6.78577e+08,8963.35,100,757.668,0.15,0.014376,1,3061.01,23846.5,1.01198,56271.1,-0.239346,-0.118332,-0.109531,122.329,0.05,0.514019,0.245222
