tmp.site,tmp.area,Lb,X1,Wb,POR,ALPHA,BETA,Ks,Kb,Kz,Qthresh,Rs,Rb1,Rb2,Prec,Frac4Rise,Error,BFF
01013500,2.25329e+09,12337.4,147.7,4990.21,0.15,0.010691,1.2,1193.54,6975.47,1.09198,782903,-0.042627,-0.026125,-0.020685,21040.5,0.05,0.3364,0.66474
