tmp.site,tmp.area,Lb,X1,Wb,POR,ALPHA,BETA,Ks,Kb,Kz,Qthresh,Rs,Rb1,Rb2,Prec,Frac4Rise,Error,BFF
07289350,2.65992e+09,8043.89,0.708901,1717.67,0.15,0.017836,1.5,5542.69,37.9565,3.16581,155886,-0.097643,-0.135223,-0.067867,6361.09,0.05,0.427277,0.249173
