tmp.site,tmp.area,Lb,X1,Wb,POR,ALPHA,BETA,Ks,Kb,Kz,Qthresh,Rs,Rb1,Rb2,Prec,Frac4Rise,Error,BFF
03201500,1.36741e+11,4.27872e+06,3.85189,9.57762,0.15,0.01,0.6,15402,3.62082e+06,55.7203,1.92056e+07,-0.110616,-0.051184,-0.059126,2.05512e+06,0.05,0.966033,0.009664
