tmp.site,tmp.area,Lb,X1,Wb,POR,ALPHA,BETA,Ks,Kb,Kz,Qthresh,Rs,Rb1,Rb2,Prec,Frac4Rise,Error,BFF
09352800,3.36698e+08,39985.7,100,272.79,0.15,0.009339,1,400.056,4539.14,0.87879,56760.5,-0.106687,-0.03192,-0.011982,5480.32,0.05,0.389586,0.255732
