tmp.site,tmp.area,Lb,X1,Wb,POR,ALPHA,BETA,Ks,Kb,Kz,Qthresh,Rs,Rb1,Rb2,Prec,Frac4Rise,Error,BFF
01196210,5.33538e+06,5044.31,100,195.76,0.15,0.013993,1,345.962,2388.91,0.291746,3118.89,-0.436762,-0.046235,-0.055134,227.531,0.05,0.330336,0.47179
