tmp.site,tmp.area,Lb,X1,Wb,POR,ALPHA,BETA,Ks,Kb,Kz,Qthresh,Rs,Rb1,Rb2,Prec,Frac4Rise,Error,BFF
14299800,1.80729e+08,13724.9,100,653.965,0.15,0.012524,1,711.819,8362.89,0.899776,9737.35,-0.130083,-0.05625,-0.027537,770.034,0.05,0.302298,0.356959
