tmp.site,tmp.area,Lb,X1,Wb,POR,ALPHA,BETA,Ks,Kb,Kz,Qthresh,Rs,Rb1,Rb2,Prec,Frac4Rise,Error,BFF
05078000,1.43744e+09,44689.7,100,362.701,0.15,0.009313,1,1078.76,1769.4,0.872516,207959,-0.08474,-0.044779,-0.030867,4159.17,0.05,0.497912,0.237897
