tmp.site,tmp.area,Lb,X1,Wb,POR,ALPHA,BETA,Ks,Kb,Kz,Qthresh,Rs,Rb1,Rb2,Prec,Frac4Rise,Error,BFF
01477800,1.93213e+07,8234.82,100,85.7176,0.15,0.013269,1,541.314,8965,0.874079,4893.14,-0.628873,-0.121928,-0.110706,83.1834,0.05,0.451399,0.141696
