tmp.site,tmp.area,Lb,X1,Wb,POR,ALPHA,BETA,Ks,Kb,Kz,Qthresh,Rs,Rb1,Rb2,Prec,Frac4Rise,Error,BFF
06192500,9.19705e+09,27446,6107.02,9454.79,0.15,0.006436,10.1,16.9957,2883.28,0.906265,3.89005e+06,-0.05268,-0.014813,-0.009996,202067,0.05,0.223178,0.824998
