tmp.site,tmp.area,Lb,X1,Wb,POR,ALPHA,BETA,Ks,Kb,Kz,Qthresh,Rs,Rb1,Rb2,Prec,Frac4Rise,Error,BFF
02051190,8.62466e+08,16962.6,43.5673,792.537,0.15,0.007915,1.4,5745.97,7398.45,1.03112,93459,-0.410425,-0.105827,-0.067044,1983.83,0.05,0.417542,0.257564
