tmp.site,tmp.area,Lb,X1,Wb,POR,ALPHA,BETA,Ks,Kb,Kz,Qthresh,Rs,Rb1,Rb2,Prec,Frac4Rise,Error,BFF
01381000,3.08209e+08,11356.4,100,805.743,0.15,0.014862,1,1276.34,22246.2,0.97144,36698.6,-0.196207,-0.065257,-0.158255,244.657,0.05,6.06123,0.502044
