tmp.site,tmp.area,Lb,X1,Wb,POR,ALPHA,BETA,Ks,Kb,Kz,Qthresh,Rs,Rb1,Rb2,Prec,Frac4Rise,Error,BFF
05288487,3.98858e+07,11023.8,100,306.28,0.15,0.027217,1,157.259,8528.67,0.497806,21354.7,-0.084622,-0.037004,-0.0461,358.839,0.05,0.287659,0.645843
