tmp.site,tmp.area,Lb,X1,Wb,POR,ALPHA,BETA,Ks,Kb,Kz,Qthresh,Rs,Rb1,Rb2,Prec,Frac4Rise,Error,BFF
03068000,2.95259e+08,11703.9,100,953.206,0.15,0.011447,1,3341.7,21371.9,0.901921,78290.3,-0.304588,-0.072584,-0.068558,4423.4,0.05,0.392693,0.416392
