tmp.site,tmp.area,Lb,X1,Wb,POR,ALPHA,BETA,Ks,Kb,Kz,Qthresh,Rs,Rb1,Rb2,Prec,Frac4Rise,Error,BFF
01384500,4.63608e+07,23221.5,93.4249,272.131,0.15,0.035952,1,234.753,32356.6,0.861072,4939.63,-0.207871,-0.052579,-0.059102,146.794,0.05,0.368165,0.517618
