tmp.site,tmp.area,Lb,X1,Wb,POR,ALPHA,BETA,Ks,Kb,Kz,Qthresh,Rs,Rb1,Rb2,Prec,Frac4Rise,Error,BFF
09419530,3.46877e+10,26603.5,128.673,705.823,0.15,0.021496,0.9,8344.75,20542.1,0.974176,455405,-0.127984,-0.039509,-0.066249,1756.88,0.05,0.708623,0.214292
