tmp.site,tmp.area,Lb,X1,Wb,POR,ALPHA,BETA,Ks,Kb,Kz,Qthresh,Rs,Rb1,Rb2,Prec,Frac4Rise,Error,BFF
06890100,1.11628e+09,7118.69,100,713.391,0.15,0.008705,1,3543.21,9780.2,0.939923,51622.7,-0.231312,-0.110505,-0.102337,58.7177,0.05,0.773696,0.14313
