tmp.site,tmp.area,Lb,X1,Wb,POR,ALPHA,BETA,Ks,Kb,Kz,Qthresh,Rs,Rb1,Rb2,Prec,Frac4Rise,Error,BFF
452737122231400,5.93107e+06,6475.46,100,94.3831,0.15,0.026412,1,146.528,8726.96,0.585176,1396.01,-0.236734,-0.122427,-0.065096,24.4657,0.05,0.307738,0.342822
