tmp.site,tmp.area,Lb,X1,Wb,POR,ALPHA,BETA,Ks,Kb,Kz,Qthresh,Rs,Rb1,Rb2,Prec,Frac4Rise,Error,BFF
07072000,2.92669e+09,11606.6,100,3949.25,0.15,0.005169,1,1080.74,1518.95,1.03523,892999,-0.116145,-0.027468,-0.009106,72173.9,0.05,0.254037,0.558488
