tmp.site,tmp.area,Lb,X1,Wb,POR,ALPHA,BETA,Ks,Kb,Kz,Qthresh,Rs,Rb1,Rb2,Prec,Frac4Rise,Error,BFF
08313000,3.70368e+10,17270.5,100,3136.87,0.15,0.007714,1,1574.22,9062.39,0.877931,2.18723e+06,-0.056322,-0.035386,-0.045003,46484.9,0.05,0.413101,0.620315
