tmp.site,tmp.area,Lb,X1,Wb,POR,ALPHA,BETA,Ks,Kb,Kz,Qthresh,Rs,Rb1,Rb2,Prec,Frac4Rise,Error,BFF
05536265,2.28955e+07,8512.1,44.496,230.023,0.15,0.04715,0.9,513.286,7542.41,0.887166,20477.8,-0.216944,-0.078839,-0.190029,24.4657,0.05,2.29813,0.300244
