tmp.site,tmp.area,Lb,X1,Wb,POR,ALPHA,BETA,Ks,Kb,Kz,Qthresh,Rs,Rb1,Rb2,Prec,Frac4Rise,Error,BFF
01311810,3.34108e+07,44690.4,225.066,20.8473,0.15,0.084071,0.9,2300.32,87267.9,0.81817,4599.55,-0.376339,-0.066866,-0.10985,24.4657,0.05,0.584431,0.301781
