tmp.site,tmp.area,Lb,X1,Wb,POR,ALPHA,BETA,Ks,Kb,Kz,Qthresh,Rs,Rb1,Rb2,Prec,Frac4Rise,Error,BFF
07140890,6.16417e+08,68688.5,154.512,31.3438,0.15,0.054567,0.9,415.105,34543,1.12194,6067.5,-0.085162,-0.069165,-0.086875,24.4657,0.05,2.59607,0.170787
