tmp.site,tmp.area,Lb,X1,Wb,POR,ALPHA,BETA,Ks,Kb,Kz,Qthresh,Rs,Rb1,Rb2,Prec,Frac4Rise,Error,BFF
02060500,4.61536e+09,19735.4,6.65387,2014.88,0.15,0.004712,0.9,1920.97,490.929,1.03112,2.09427e+06,-0.048928,-0.061414,-0.069975,60356.9,0.05,0.468486,0.449804
