tmp.site,tmp.area,Lb,X1,Wb,POR,ALPHA,BETA,Ks,Kb,Kz,Qthresh,Rs,Rb1,Rb2,Prec,Frac4Rise,Error,BFF
02193340,8.78006e+07,30474.4,100,115.906,0.15,0.029763,1,1387.12,19088.8,0.978671,23242.4,-0.423878,-0.0733,-0.091775,24.4657,0.05,0.953718,0.23218
