tmp.site,tmp.area,Lb,X1,Wb,POR,ALPHA,BETA,Ks,Kb,Kz,Qthresh,Rs,Rb1,Rb2,Prec,Frac4Rise,Error,BFF
11468000,7.84766e+08,20763,2918.71,1220.02,0.15,0.008464,2.6,4544.28,88017.1,8.82752,1321.15,-0.202733,-0.075827,-0.032306,139.455,0.05,0.742364,0.267583
