tmp.site,tmp.area,Lb,X1,Wb,POR,ALPHA,BETA,Ks,Kb,Kz,Qthresh,Rs,Rb1,Rb2,Prec,Frac4Rise,Error,BFF
06868200,4.96501e+09,30174.7,100,254.532,0.15,0.010834,1,202.778,1939.78,0.972934,38655.8,-0.008622,-0.054941,-0.048945,464.849,0.05,0.700413,0.124259
