tmp.site,tmp.area,Lb,X1,Wb,POR,ALPHA,BETA,Ks,Kb,Kz,Qthresh,Rs,Rb1,Rb2,Prec,Frac4Rise,Error,BFF
07301410,7.69226e+08,2.87678e+06,100,42.8185,0.15,0.035464,1,3335.59,6253.19,0.930826,24465.7,-0.157386,-0.040418,-0.091372,24.4657,0.05,12.6728,0.415037
