tmp.site,tmp.area,Lb,X1,Wb,POR,ALPHA,BETA,Ks,Kb,Kz,Qthresh,Rs,Rb1,Rb2,Prec,Frac4Rise,Error,BFF
11409400,7.53687e+07,9119.31,255.378,341.984,0.15,0.006944,0.9,123.787,6746.43,5.90579,24244.8,-0.098216,-0.026645,-0.030594,318.054,0.05,0.4139,0.269198
