tmp.site,tmp.area,Lb,X1,Wb,POR,ALPHA,BETA,Ks,Kb,Kz,Qthresh,Rs,Rb1,Rb2,Prec,Frac4Rise,Error,BFF
06935450,1.35508e+12,151036,47.2586,46248.2,0.15,0.0131,1.1,71433.6,6041.49,1.03105,1.31626e+08,-0.082201,-0.023842,-0.022144,7.17922e+06,0.05,0.299464,0.542947
