tmp.site,tmp.area,Lb,X1,Wb,POR,ALPHA,BETA,Ks,Kb,Kz,Qthresh,Rs,Rb1,Rb2,Prec,Frac4Rise,Error,BFF
01586210,3.62598e+07,16543.7,100,191.676,0.15,0.016387,1,237.856,9603.71,0.451368,12795.6,-0.371579,-0.037616,-0.035626,660.574,0.05,0.309182,0.512351
