tmp.site,tmp.area,Lb,X1,Wb,POR,ALPHA,BETA,Ks,Kb,Kz,Qthresh,Rs,Rb1,Rb2,Prec,Frac4Rise,Error,BFF
04152238,4.14398e+08,4408.9,3245.33,4041.35,0.15,0.007015,10.1,342.974,122.743,1.0245,149241,-0.130078,-0.052354,-0.022577,10030.9,0.05,0.275333,0.496915
