tmp.site,tmp.area,Lb,X1,Wb,POR,ALPHA,BETA,Ks,Kb,Kz,Qthresh,Rs,Rb1,Rb2,Prec,Frac4Rise,Error,BFF
02142000,7.30377e+07,124208,100,129.13,0.15,0.009923,1,228.026,60684.6,0.855097,58717.7,-0.317994,-0.047713,-0.036118,1125.42,0.05,0.287576,0.502724
