tmp.site,tmp.area,Lb,X1,Wb,POR,ALPHA,BETA,Ks,Kb,Kz,Qthresh,Rs,Rb1,Rb2,Prec,Frac4Rise,Error,BFF
02312667,2.07199e+07,5965.64,94.0204,2241.82,0.15,0.068862,1,201.94,2484.35,0.48129,13900.4,-0.074399,-0.01785,-0.019463,489.314,0.05,0.316272,0.695447
