tmp.site,tmp.area,Lb,X1,Wb,POR,ALPHA,BETA,Ks,Kb,Kz,Qthresh,Rs,Rb1,Rb2,Prec,Frac4Rise,Error,BFF
04182000,1.97357e+09,23362.2,99.1036,2894.75,0.15,0.009977,1.2,12022.3,74122.1,1.25064,29358.9,-0.121611,-0.121559,-0.081906,3058.21,0.05,0.467979,0.498767
