tmp.site,tmp.area,Lb,X1,Wb,POR,ALPHA,BETA,Ks,Kb,Kz,Qthresh,Rs,Rb1,Rb2,Prec,Frac4Rise,Error,BFF
10118000,1.62418e+10,15358.3,100,8950.3,0.15,0.03042,1,4303.3,17512.2,0.933897,215298,-0.099225,-0.04226,-0.145384,3914.51,0.05,2.46209,0.653779
