tmp.site,tmp.area,Lb,X1,Wb,POR,ALPHA,BETA,Ks,Kb,Kz,Qthresh,Rs,Rb1,Rb2,Prec,Frac4Rise,Error,BFF
11243405,6.50087e+07,11517.4,55.2515,342.629,0.15,0.014504,0.9,194.383,2600.29,0.298685,14190.1,-0.096702,-0.017865,-0.028599,41.5917,0.05,0.464089,0.646813
