tmp.site,tmp.area,Lb,X1,Wb,POR,ALPHA,BETA,Ks,Kb,Kz,Qthresh,Rs,Rb1,Rb2,Prec,Frac4Rise,Error,BFF
01580700,3.41878e+07,10383.5,100,135.439,0.15,0.018409,1,562.816,13133.4,1.00822,1419.01,-0.504256,-0.107455,-0.083953,105.203,0.05,0.46362,0.212462
