tmp.site,tmp.area,Lb,X1,Wb,POR,ALPHA,BETA,Ks,Kb,Kz,Qthresh,Rs,Rb1,Rb2,Prec,Frac4Rise,Error,BFF
11404500,5.05825e+09,26044.5,29.4848,2809.59,0.15,0.003416,0.9,801.998,4220.56,1.10552,1.52177e+06,-0.083527,-0.049463,-0.091042,11254.2,0.05,1.52486,0.453261
