tmp.site,tmp.area,Lb,X1,Wb,POR,ALPHA,BETA,Ks,Kb,Kz,Qthresh,Rs,Rb1,Rb2,Prec,Frac4Rise,Error,BFF
01480675,2.21962e+07,5076.5,295.494,171.685,0.15,0.026546,1,294.022,10941.3,0.392832,1590.27,-0.314304,-0.072118,-0.066386,183.493,0.05,0.370404,0.338698
