tmp.site,tmp.area,Lb,X1,Wb,POR,ALPHA,BETA,Ks,Kb,Kz,Qthresh,Rs,Rb1,Rb2,Prec,Frac4Rise,Error,BFF
09050700,8.65056e+08,13426.3,171.165,1705.5,0.15,0.012891,0.9,253.359,642.114,0.848631,141901,-0.017259,-0.027598,-0.028547,5627.11,0.05,0.634305,0.311359
