tmp.site,tmp.area,Lb,X1,Wb,POR,ALPHA,BETA,Ks,Kb,Kz,Qthresh,Rs,Rb1,Rb2,Prec,Frac4Rise,Error,BFF
12464800,1.67572e+08,34031.9,243.774,49.7543,0.15,0.086666,0.9,713.147,36108.1,0.468944,1786,-0.128915,-0.0366,-0.043786,24.4657,0.05,1.26031,0.207515
