tmp.site,tmp.area,Lb,X1,Wb,POR,ALPHA,BETA,Ks,Kb,Kz,Qthresh,Rs,Rb1,Rb2,Prec,Frac4Rise,Error,BFF
05333500,4.09218e+09,91610.3,34351.2,2161.5,0.15,0.007807,10.1,1098.54,500.031,0.772895,2.69123e+06,-0.058892,-0.02406,-0.013437,133093,0.05,0.234421,0.591958
