tmp.site,tmp.area,Lb,X1,Wb,POR,ALPHA,BETA,Ks,Kb,Kz,Qthresh,Rs,Rb1,Rb2,Prec,Frac4Rise,Error,BFF
03322485,2.92669e+08,13317,99.0235,451.517,0.15,0.01712,0.9,329.849,19265.3,0.960918,29114.2,-0.069428,-0.072938,-0.24683,24.4657,0.05,33.6499,0.37587
