tmp.site,tmp.area,Lb,X1,Wb,POR,ALPHA,BETA,Ks,Kb,Kz,Qthresh,Rs,Rb1,Rb2,Prec,Frac4Rise,Error,BFF
10302002,7.29082e+09,39338.6,123.434,1542.32,0.15,0.008266,0.9,1124.14,31505.8,0.9766,344967,-0.050974,-0.063332,-0.168262,24.4657,0.05,103.396,0.619929
