tmp.site,tmp.area,Lb,X1,Wb,POR,ALPHA,BETA,Ks,Kb,Kz,Qthresh,Rs,Rb1,Rb2,Prec,Frac4Rise,Error,BFF
01547500,8.78006e+08,12233.5,2100.92,1782.8,0.15,0.005211,2.6,361.755,1948.31,0.63121,435490,-0.037935,-0.058494,-0.034036,26178.3,0.05,0.269952,0.489697
