tmp.site,tmp.area,Lb,X1,Wb,POR,ALPHA,BETA,Ks,Kb,Kz,Qthresh,Rs,Rb1,Rb2,Prec,Frac4Rise,Error,BFF
03350655,4.53248e+07,4276.5,1106.02,409.037,0.15,0.017854,1.5,913.931,37220.2,0.066883,3009.28,-0.346574,-0.11898,-0.058268,63.2928,0.05,0.478108,0.237723
