tmp.site,tmp.area,Lb,X1,Wb,POR,ALPHA,BETA,Ks,Kb,Kz,Qthresh,Rs,Rb1,Rb2,Prec,Frac4Rise,Error,BFF
11376040,1.88033e+08,169083,100,79.5333,0.15,0.02227,1,389.212,427.489,0.328225,13945.5,-0.077075,-0.012081,-0.017781,1223.29,0.05,0.338078,0.503357
