tmp.site,tmp.area,Lb,X1,Wb,POR,ALPHA,BETA,Ks,Kb,Kz,Qthresh,Rs,Rb1,Rb2,Prec,Frac4Rise,Error,BFF
08086290,7.25197e+08,12248.8,100,21.6681,0.15,0.000234,1,1187.88,165.519,1.02955,5137.8,-0.306751,-0.194757,-0.22286,24.4657,0.05,0.523557,4.9e-05
