tmp.site,tmp.area,Lb,X1,Wb,POR,ALPHA,BETA,Ks,Kb,Kz,Qthresh,Rs,Rb1,Rb2,Prec,Frac4Rise,Error,BFF
03453500,3.44986e+09,30056.4,28.9973,4194.19,0.15,0.010654,7.3,7197.72,70.5139,0.191893,1.6025e+06,-0.188326,-0.043422,-0.030519,122573,0.05,0.229239,0.598534
