tmp.site,tmp.area,Lb,X1,Wb,POR,ALPHA,BETA,Ks,Kb,Kz,Qthresh,Rs,Rb1,Rb2,Prec,Frac4Rise,Error,BFF
06774000,1.53586e+11,12957.2,100,7941.27,0.15,0.012444,1,12811.7,21599.2,1.02954,4.79528e+06,-0.104716,-0.047287,-0.130772,24.4657,0.05,337.454,0.584592
