tmp.site,tmp.area,Lb,X1,Wb,POR,ALPHA,BETA,Ks,Kb,Kz,Qthresh,Rs,Rb1,Rb2,Prec,Frac4Rise,Error,BFF
03275600,5.17998e+08,8881.82,100,901.635,0.15,0.009864,1,2450.77,8532.11,0.962205,95416.3,-0.313536,-0.084491,-0.039949,4611.54,0.05,0.357686,0.357392
