tmp.site,tmp.area,Lb,X1,Wb,POR,ALPHA,BETA,Ks,Kb,Kz,Qthresh,Rs,Rb1,Rb2,Prec,Frac4Rise,Error,BFF
05244000,2.66769e+09,136229,100,737.644,0.15,0.016178,1,317.794,4384.69,0.994141,922357,-0.041479,-0.016513,-0.016782,30337.5,0.05,0.331295,0.539999
