tmp.site,tmp.area,Lb,X1,Wb,POR,ALPHA,BETA,Ks,Kb,Kz,Qthresh,Rs,Rb1,Rb2,Prec,Frac4Rise,Error,BFF
11313485,1.47111e+07,7396.9,60.4932,917.682,0.15,0.014284,0.8,52.9633,1346.14,0.387514,24465.7,-0.040696,-0.025156,-0.074744,366.986,0.05,0.951148,0.676056
