tmp.site,tmp.area,Lb,X1,Wb,POR,ALPHA,BETA,Ks,Kb,Kz,Qthresh,Rs,Rb1,Rb2,Prec,Frac4Rise,Error,BFF
11149900,5.62027e+08,22670.5,100,546.61,0.15,0.041838,1,1240.71,14758.6,1.01838,181046,-0.199914,-0.056531,-0.081599,24.4657,0.05,9.41517,0.242993
