tmp.site,tmp.area,Lb,X1,Wb,POR,ALPHA,BETA,Ks,Kb,Kz,Qthresh,Rs,Rb1,Rb2,Prec,Frac4Rise,Error,BFF
01643580,2.48898e+09,29913.1,46.2095,1326.86,0.15,0.006807,1.6,5570.58,5069.45,0.996809,428395,-0.237614,-0.064903,-0.044223,25092,0.05,0.302544,0.428933
