tmp.site,tmp.area,Lb,X1,Wb,POR,ALPHA,BETA,Ks,Kb,Kz,Qthresh,Rs,Rb1,Rb2,Prec,Frac4Rise,Error,BFF
08110800,3.33331e+09,10192.8,9.51943,766.091,0.15,0.004476,1.5,3219.03,621.288,1.2176,162208,-0.132754,-0.17214,-0.074779,1429.29,0.05,0.46585,0.085486
