tmp.site,tmp.area,Lb,X1,Wb,POR,ALPHA,BETA,Ks,Kb,Kz,Qthresh,Rs,Rb1,Rb2,Prec,Frac4Rise,Error,BFF
03310400,2.21185e+08,11990.9,100,416.685,0.15,0.010793,1,669.632,7762.71,0.945107,22508.5,-0.279641,-0.061293,-0.023918,1443.48,0.05,0.327941,0.400117
