tmp.site,tmp.area,Lb,X1,Wb,POR,ALPHA,BETA,Ks,Kb,Kz,Qthresh,Rs,Rb1,Rb2,Prec,Frac4Rise,Error,BFF
13063000,8.62466e+08,21095.3,921.686,800.698,0.15,0.015039,1.1,297.94,69230.9,0.666136,203065,-0.111572,-0.021912,-0.018223,4436.12,0.05,0.30868,0.625522
