tmp.site,tmp.area,Lb,X1,Wb,POR,ALPHA,BETA,Ks,Kb,Kz,Qthresh,Rs,Rb1,Rb2,Prec,Frac4Rise,Error,BFF
13055000,2.26883e+09,69308.5,11586.4,1370.74,0.15,0.006121,3.3,443.602,4325.05,0.668867,858747,-0.054076,-0.019479,-0.01144,70950.6,0.05,0.19923,0.546377
