tmp.site,tmp.area,Lb,X1,Wb,POR,ALPHA,BETA,Ks,Kb,Kz,Qthresh,Rs,Rb1,Rb2,Prec,Frac4Rise,Error,BFF
01591700,6.99297e+07,20711.2,100,164.302,0.15,0.02022,1,269.922,15433.7,0.953047,24465.7,-0.400739,-0.054764,-0.05612,457.509,0.05,0.364649,0.401917
