tmp.site,tmp.area,Lb,X1,Wb,POR,ALPHA,BETA,Ks,Kb,Kz,Qthresh,Rs,Rb1,Rb2,Prec,Frac4Rise,Error,BFF
08183978,4.19578e+08,7146.85,100,17.7836,0.15,0.003014,1,6987.02,98.8645,1.02539,8563,-0.634421,-0.185548,-0.277642,24.4657,0.05,0.175452,2.4e-05
