tmp.site,tmp.area,Lb,X1,Wb,POR,ALPHA,BETA,Ks,Kb,Kz,Qthresh,Rs,Rb1,Rb2,Prec,Frac4Rise,Error,BFF
09516500,2.06163e+09,13994.2,77.89,85.5678,0.15,0.011634,1,4600.28,3803.69,0.953667,1223.29,-0.248218,-0.069895,-0.069897,24.4657,0.05,13.2393,0.014777
