tmp.site,tmp.area,Lb,X1,Wb,POR,ALPHA,BETA,Ks,Kb,Kz,Qthresh,Rs,Rb1,Rb2,Prec,Frac4Rise,Error,BFF
08158827,4.68788e+08,3725.68,239.848,230.566,0.15,0.009195,1,1294.34,9233.24,0.927423,9566.09,-0.162829,-0.104268,-0.085518,24.4657,0.05,1.38503,0.037285
