tmp.site,tmp.area,Lb,X1,Wb,POR,ALPHA,BETA,Ks,Kb,Kz,Qthresh,Rs,Rb1,Rb2,Prec,Frac4Rise,Error,BFF
01536500,2.57963e+10,27579.6,167.365,5344.35,0.15,0.011325,2.8,10530.6,3922.65,4.07249,2.06491e+06,-0.128915,-0.062423,-0.030911,220478,0.05,0.337354,0.522386
