tmp.site,tmp.area,Lb,X1,Wb,POR,ALPHA,BETA,Ks,Kb,Kz,Qthresh,Rs,Rb1,Rb2,Prec,Frac4Rise,Error,BFF
11460605,2.87489e+07,8846.6,2257.95,240.714,0.15,0.020561,1.8,419.593,37306.3,0.11117,1467.94,-0.202733,-0.077474,-0.030837,24.4657,0.05,0.499169,0.182983
