tmp.site,tmp.area,Lb,X1,Wb,POR,ALPHA,BETA,Ks,Kb,Kz,Qthresh,Rs,Rb1,Rb2,Prec,Frac4Rise,Error,BFF
05418500,4.02225e+09,38034.5,2180.29,1421.79,0.15,0.007341,9.8,2918.34,2497.75,1.55433,1.49241e+06,-0.117085,-0.050051,-0.030638,41836.4,0.05,0.326245,0.468052
