tmp.site,tmp.area,Lb,X1,Wb,POR,ALPHA,BETA,Ks,Kb,Kz,Qthresh,Rs,Rb1,Rb2,Prec,Frac4Rise,Error,BFF
08252500,6.50087e+07,6811.4,286.891,466.025,0.15,0.018083,0.9,555.049,19850.9,5.56035,3180.54,-0.143841,-0.035467,-0.032888,293.589,0.05,0.306725,0.588242
