tmp.site,tmp.area,Lb,X1,Wb,POR,ALPHA,BETA,Ks,Kb,Kz,Qthresh,Rs,Rb1,Rb2,Prec,Frac4Rise,Error,BFF
04208923,1.9917e+07,9981.91,173.055,342.833,0.15,0.02654,0.9,827.771,72634.7,0.869821,30582.1,-0.472781,-0.082551,-0.161935,137.008,0.05,0.565079,0.36024
