tmp.site,tmp.area,Lb,X1,Wb,POR,ALPHA,BETA,Ks,Kb,Kz,Qthresh,Rs,Rb1,Rb2,Prec,Frac4Rise,Error,BFF
02423130,5.10228e+07,5838.34,100,330.034,0.15,0.018463,1,810.966,13772.9,0.955811,67770,-0.296752,-0.086476,-0.16314,24.4657,0.05,4.3613,0.303825
