tmp.site,tmp.area,Lb,X1,Wb,POR,ALPHA,BETA,Ks,Kb,Kz,Qthresh,Rs,Rb1,Rb2,Prec,Frac4Rise,Error,BFF
06436198,2.64179e+08,73398.2,21.126,188.434,0.15,0.019686,0.9,1177.92,1405.48,0.995473,42081,-0.143841,-0.044234,-0.065251,24.4657,0.05,10.8572,0.225668
