tmp.site,tmp.area,Lb,X1,Wb,POR,ALPHA,BETA,Ks,Kb,Kz,Qthresh,Rs,Rb1,Rb2,Prec,Frac4Rise,Error,BFF
05532000,4.63608e+07,17589.6,0.984679,108.943,0.15,0.022348,1,818.741,231.053,0.940738,17126,-0.317554,-0.088353,-0.099298,124.751,0.05,0.528075,0.27356
