tmp.site,tmp.area,Lb,X1,Wb,POR,ALPHA,BETA,Ks,Kb,Kz,Qthresh,Rs,Rb1,Rb2,Prec,Frac4Rise,Error,BFF
06610765,1.30017e+08,12502,100,180.737,0.15,0.013618,1,1444.63,7326.94,0.89198,8929.99,-0.389558,-0.079333,-0.087875,580.449,0.05,0.444576,0.215175
