tmp.site,tmp.area,Lb,X1,Wb,POR,ALPHA,BETA,Ks,Kb,Kz,Qthresh,Rs,Rb1,Rb2,Prec,Frac4Rise,Error,BFF
01105870,5.12818e+07,11544.6,6.2518,282.172,0.15,0.019609,1,249.878,537.338,0.751832,10030.9,-0.141476,-0.04258,-0.042978,1149.89,0.05,0.3024,0.547598
