tmp.site,tmp.area,Lb,X1,Wb,POR,ALPHA,BETA,Ks,Kb,Kz,Qthresh,Rs,Rb1,Rb2,Prec,Frac4Rise,Error,BFF
02246515,2.5615e+07,12159.4,21.3629,144.014,0.15,0.020112,1,322.624,4653.98,1.03886,15804.9,-0.287167,-0.09441,-0.100134,144.348,0.05,0.506354,0.253795
