tmp.site,tmp.area,Lb,X1,Wb,POR,ALPHA,BETA,Ks,Kb,Kz,Qthresh,Rs,Rb1,Rb2,Prec,Frac4Rise,Error,BFF
12158010,2.44495e+07,4677.35,198.081,359.397,0.15,0.005997,1,170.44,1518.62,0.392436,9761.82,-0.092361,-0.025719,-0.02524,573.012,0.05,0.288053,0.546013
