tmp.site,tmp.area,Lb,X1,Wb,POR,ALPHA,BETA,Ks,Kb,Kz,Qthresh,Rs,Rb1,Rb2,Prec,Frac4Rise,Error,BFF
03133500,5.12818e+08,39399.3,38.9598,376.948,0.15,0.006704,1.8,419.05,2577.48,0.316878,105692,-0.052858,-0.062623,-0.041305,4403.83,0.05,0.391452,0.356649
