tmp.site,tmp.area,Lb,X1,Wb,POR,ALPHA,BETA,Ks,Kb,Kz,Qthresh,Rs,Rb1,Rb2,Prec,Frac4Rise,Error,BFF
03232470,1.47629e+09,11652.4,100,877.032,0.15,0.009032,1,1614.91,13813.3,0.982972,124775,-0.063686,-0.081746,-0.105468,2242.04,0.05,0.936092,0.266829
