tmp.site,tmp.area,Lb,X1,Wb,POR,ALPHA,BETA,Ks,Kb,Kz,Qthresh,Rs,Rb1,Rb2,Prec,Frac4Rise,Error,BFF
11525530,5.77567e+07,26380.2,100,182.933,0.15,0.021545,1,188.464,23970.2,0.783971,10202.2,-0.141067,-0.047113,-0.036923,78.2903,0.05,0.360904,0.473379
