tmp.site,tmp.area,Lb,X1,Wb,POR,ALPHA,BETA,Ks,Kb,Kz,Qthresh,Rs,Rb1,Rb2,Prec,Frac4Rise,Error,BFF
06478390,1.02823e+09,40978.3,73.4385,266.051,0.15,0.021216,1.1,1426.58,22011.7,0.918066,16147.4,-0.127797,-0.074237,-0.05981,24.4657,0.05,3.44107,0.234938
