tmp.site,tmp.area,Lb,X1,Wb,POR,ALPHA,BETA,Ks,Kb,Kz,Qthresh,Rs,Rb1,Rb2,Prec,Frac4Rise,Error,BFF
08074250,2.95259e+07,2893.33,215.485,178.806,0.15,0.010645,1,760.578,8863.04,0.828105,11743.5,-0.423649,-0.144412,-0.130158,97.8629,0.05,0.540325,0.139964
