tmp.site,tmp.area,Lb,X1,Wb,POR,ALPHA,BETA,Ks,Kb,Kz,Qthresh,Rs,Rb1,Rb2,Prec,Frac4Rise,Error,BFF
01674500,1.56176e+09,14154.4,100,1215.64,0.15,0.015344,1,2884.88,15322.3,0.884708,1.34317e+06,-0.138513,-0.053907,-0.065711,3425.2,0.05,0.418351,0.418882
