tmp.site,tmp.area,Lb,X1,Wb,POR,ALPHA,BETA,Ks,Kb,Kz,Qthresh,Rs,Rb1,Rb2,Prec,Frac4Rise,Error,BFF
0546494170,1.19139e+07,15025.5,100,77.5563,0.15,0.057312,1,253.998,15140.9,0.436811,8978.92,-0.245258,-0.062132,-0.098892,24.4657,0.05,0.803657,0.241981
