tmp.site,tmp.area,Lb,X1,Wb,POR,ALPHA,BETA,Ks,Kb,Kz,Qthresh,Rs,Rb1,Rb2,Prec,Frac4Rise,Error,BFF
0205551460,1.31312e+07,17720.7,100,147.434,0.15,0.014033,1,252.38,1562.06,0.655403,12135,-0.522742,-0.086751,-0.027094,762.865,0.05,0.192929,0.50316
