tmp.site,tmp.area,Lb,X1,Wb,POR,ALPHA,BETA,Ks,Kb,Kz,Qthresh,Rs,Rb1,Rb2,Prec,Frac4Rise,Error,BFF
11266500,8.31386e+08,30804.3,72.6828,1167.51,0.15,0.014963,1.4,1624.43,12641.3,1.23876,29358.9,-0.100335,-0.042208,-0.022465,2984.82,0.05,0.394239,0.532017
