tmp.site,tmp.area,Lb,X1,Wb,POR,ALPHA,BETA,Ks,Kb,Kz,Qthresh,Rs,Rb1,Rb2,Prec,Frac4Rise,Error,BFF
09447000,1.61097e+09,25409.2,65.2112,2340.92,0.15,0.028674,0.9,3466.18,106.363,0.025564,100799,-0.091161,-0.045787,-0.025274,2324.24,0.05,0.361346,0.286271
