tmp.site,tmp.area,Lb,X1,Wb,POR,ALPHA,BETA,Ks,Kb,Kz,Qthresh,Rs,Rb1,Rb2,Prec,Frac4Rise,Error,BFF
09021000,3.47058e+08,277311,100,50.9849,0.15,0.013187,1,54.1274,3137.52,0.866259,18593.9,-0.021442,-0.021724,-0.100488,97.8629,0.05,3.77897,0.15854
