tmp.site,tmp.area,Lb,X1,Wb,POR,ALPHA,BETA,Ks,Kb,Kz,Qthresh,Rs,Rb1,Rb2,Prec,Frac4Rise,Error,BFF
02407000,2.17352e+10,20686.7,100,4736.33,0.15,0.015416,1,5605.23,8221.43,2.539,6.14089e+06,-0.07704,-0.052846,-0.074309,264230,0.05,0.57918,0.447871
