tmp.site,tmp.area,Lb,X1,Wb,POR,ALPHA,BETA,Ks,Kb,Kz,Qthresh,Rs,Rb1,Rb2,Prec,Frac4Rise,Error,BFF
11336585,8.26206e+07,3894.02,121.563,329.665,0.15,0.023153,1,496.927,62918.6,1.25615,6361.09,-0.170722,-0.14172,-0.185091,24.4657,0.05,1.24866,0.385269
