tmp.site,tmp.area,Lb,X1,Wb,POR,ALPHA,BETA,Ks,Kb,Kz,Qthresh,Rs,Rb1,Rb2,Prec,Frac4Rise,Error,BFF
04274000,3.00439e+08,23982.8,165.372,551.829,0.15,0.008747,2.5,1392.02,7452.21,0.976881,88076.6,-0.190354,-0.067619,-0.045118,8318.34,0.05,0.322109,0.450337
