tmp.site,tmp.area,Lb,X1,Wb,POR,ALPHA,BETA,Ks,Kb,Kz,Qthresh,Rs,Rb1,Rb2,Prec,Frac4Rise,Error,BFF
02391860,1.55399e+09,21278.7,17.0971,1866.73,0.15,0.008822,2.2,4040.22,240.705,0.677163,601857,-0.305477,-0.05012,-0.034558,34496.7,0.05,0.261999,0.543471
