tmp.site,tmp.area,Lb,X1,Wb,POR,ALPHA,BETA,Ks,Kb,Kz,Qthresh,Rs,Rb1,Rb2,Prec,Frac4Rise,Error,BFF
07227000,2.88551e+10,205285,100,65.1497,0.15,0.004219,1,61024.4,4.24965,0.858356,9076.78,-0.131182,-0.125053,-0.112216,244.657,0.05,3.67048,0.012254
