tmp.site,tmp.area,Lb,X1,Wb,POR,ALPHA,BETA,Ks,Kb,Kz,Qthresh,Rs,Rb1,Rb2,Prec,Frac4Rise,Error,BFF
12453700,2.27401e+11,32093.4,100,62003.4,0.15,0.009319,1,6619.47,12684.7,2.73464,2.74016e+08,-0.055613,-0.022539,-0.03288,1.05937e+07,0.05,0.204493,0.933325
