tmp.site,tmp.area,Lb,X1,Wb,POR,ALPHA,BETA,Ks,Kb,Kz,Qthresh,Rs,Rb1,Rb2,Prec,Frac4Rise,Error,BFF
10347310,6.26777e+07,123897,100,30.3101,0.15,0.002742,1,134.374,3125.31,0.788745,2006.19,-0.091161,-0.043344,-0.022524,83.1834,0.05,0.504518,0.065077
