tmp.site,tmp.area,Lb,X1,Wb,POR,ALPHA,BETA,Ks,Kb,Kz,Qthresh,Rs,Rb1,Rb2,Prec,Frac4Rise,Error,BFF
02366996,1.01269e+08,31045.7,8904.91,527.606,0.15,0.011074,3.6,471.5,12221.4,0.677199,117435,-0.448442,-0.048164,-0.025596,6825.93,0.05,0.240694,0.545478
