tmp.site,tmp.area,Lb,X1,Wb,POR,ALPHA,BETA,Ks,Kb,Kz,Qthresh,Rs,Rb1,Rb2,Prec,Frac4Rise,Error,BFF
02176930,1.20952e+08,17700.7,100,715.863,0.15,0.014116,1,943.212,7663.56,0.892748,64041.5,-0.316542,-0.05496,-0.028047,6581.28,0.05,0.241974,0.53289
