tmp.site,tmp.area,Lb,X1,Wb,POR,ALPHA,BETA,Ks,Kb,Kz,Qthresh,Rs,Rb1,Rb2,Prec,Frac4Rise,Error,BFF
01472199,5.95697e+07,18906.3,100,220.767,0.15,0.019259,1,398.61,11726.6,0.890066,17138.2,-0.426412,-0.068808,-0.04165,1247.75,0.05,0.305409,0.429196
