tmp.site,tmp.area,Lb,X1,Wb,POR,ALPHA,BETA,Ks,Kb,Kz,Qthresh,Rs,Rb1,Rb2,Prec,Frac4Rise,Error,BFF
02346180,3.15979e+09,17588,100,1702.82,0.15,0.009222,1,4629.69,14865.7,1.07994,1.98662e+06,-0.103461,-0.0697,-0.051474,27049.3,0.05,0.353505,0.400336
