tmp.site,tmp.area,Lb,X1,Wb,POR,ALPHA,BETA,Ks,Kb,Kz,Qthresh,Rs,Rb1,Rb2,Prec,Frac4Rise,Error,BFF
02429900,7.01887e+07,9232.67,201.706,669.638,0.15,0.020548,1,2033.48,29142.6,1.1485,97862.9,-0.405465,-0.084932,-0.084428,41.5917,0.05,0.498004,0.32854
