tmp.site,tmp.area,Lb,X1,Wb,POR,ALPHA,BETA,Ks,Kb,Kz,Qthresh,Rs,Rb1,Rb2,Prec,Frac4Rise,Error,BFF
11043000,5.74977e+08,20775.3,100,59.2249,0.15,0.009976,1,2301.72,1048.49,0.95928,20034,-0.202733,-0.089315,-0.064566,24.4657,0.05,3.03537,0.023991
