tmp.site,tmp.area,Lb,X1,Wb,POR,ALPHA,BETA,Ks,Kb,Kz,Qthresh,Rs,Rb1,Rb2,Prec,Frac4Rise,Error,BFF
11186000,2.19113e+09,18699.8,100,543.585,0.15,0.004429,1,677.735,1686.34,0.94512,344967,-0.077584,-0.043868,-0.05304,562.711,0.05,0.794361,0.088577
