tmp.site,tmp.area,Lb,X1,Wb,POR,ALPHA,BETA,Ks,Kb,Kz,Qthresh,Rs,Rb1,Rb2,Prec,Frac4Rise,Error,BFF
10172765,1.73788e+07,9212.48,100,249.956,0.15,0.010093,1,190.464,891.172,0.110363,2128.52,-0.168236,-0.012955,-0.007585,210.405,0.05,0.248132,0.562356
