tmp.site,tmp.area,Lb,X1,Wb,POR,ALPHA,BETA,Ks,Kb,Kz,Qthresh,Rs,Rb1,Rb2,Prec,Frac4Rise,Error,BFF
06181000,8.21026e+09,3898.74,230.665,3519.18,0.15,0.01791,1,3931.27,8136.86,0.120655,97862.9,-0.122754,-0.045773,-0.048931,48.9314,0.05,2.48519,0.298458
