tmp.site,tmp.area,Lb,X1,Wb,POR,ALPHA,BETA,Ks,Kb,Kz,Qthresh,Rs,Rb1,Rb2,Prec,Frac4Rise,Error,BFF
08343500,5.95697e+09,368096,593.546,92.7869,0.15,0.029721,0.9,1008.01,2139.59,0.157395,5627.11,-0.107556,-0.014019,-0.011628,430.597,0.05,0.262195,0.569177
