tmp.site,tmp.area,Lb,X1,Wb,POR,ALPHA,BETA,Ks,Kb,Kz,Qthresh,Rs,Rb1,Rb2,Prec,Frac4Rise,Error,BFF
07074670,2.2248e+07,4344.24,100,154.113,0.15,0.021668,1,300.595,56387.9,0.877052,20460.2,-0.262488,-0.124372,-0.320257,24.4657,0.05,2.04254,0.282053
