tmp.site,tmp.area,Lb,X1,Wb,POR,ALPHA,BETA,Ks,Kb,Kz,Qthresh,Rs,Rb1,Rb2,Prec,Frac4Rise,Error,BFF
10172727,3.75548e+08,103556,146.789,18.4669,0.15,0.033112,0.9,571.674,45289.2,0.276807,2935.89,-0.143841,-0.042099,-0.060877,24.4657,0.05,0.828569,0.249008
