tmp.site,tmp.area,Lb,X1,Wb,POR,ALPHA,BETA,Ks,Kb,Kz,Qthresh,Rs,Rb1,Rb2,Prec,Frac4Rise,Error,BFF
09013500,7.04477e+07,10268.8,2772.38,284.193,0.15,0.008698,2.6,674.212,2370.61,0.454596,9786.29,-0.202733,-0.037035,-0.01347,415.917,0.05,0.383394,0.115083
