tmp.site,tmp.area,Lb,X1,Wb,POR,ALPHA,BETA,Ks,Kb,Kz,Qthresh,Rs,Rb1,Rb2,Prec,Frac4Rise,Error,BFF
01478185,1.21211e+07,24471.1,100,67.4064,0.15,0.020668,1,452.926,905.953,0.720768,5553.72,-0.382872,-0.09487,-0.040647,374.325,0.05,0.380459,0.306997
