tmp.site,tmp.area,Lb,X1,Wb,POR,ALPHA,BETA,Ks,Kb,Kz,Qthresh,Rs,Rb1,Rb2,Prec,Frac4Rise,Error,BFF
10349980,6.31957e+08,1.63961e+06,100,221.194,0.15,0.036677,1,3246.63,3839.76,0.959898,116946,-0.125657,-0.027802,-0.037372,724.063,0.05,1.58267,0.397346
