tmp.site,tmp.area,Lb,X1,Wb,POR,ALPHA,BETA,Ks,Kb,Kz,Qthresh,Rs,Rb1,Rb2,Prec,Frac4Rise,Error,BFF
06099500,7.03441e+09,11217.2,100,2644.47,0.15,0.007615,1,1586.36,8321.19,0.987469,778010,-0.08003,-0.032832,-0.030613,18349.3,0.05,0.400756,0.547823
