tmp.site,tmp.area,Lb,X1,Wb,POR,ALPHA,BETA,Ks,Kb,Kz,Qthresh,Rs,Rb1,Rb2,Prec,Frac4Rise,Error,BFF
05335492,8.26206e+08,177483,100,540.107,0.15,0.014647,1,582.292,1153.02,0.950614,391451,-0.050992,-0.023083,-0.032945,27768.6,0.05,0.206103,0.667819
