tmp.site,tmp.area,Lb,X1,Wb,POR,ALPHA,BETA,Ks,Kb,Kz,Qthresh,Rs,Rb1,Rb2,Prec,Frac4Rise,Error,BFF
14152000,3.47058e+09,34116.2,104.135,2429.77,0.15,0.005932,1.5,549.043,2295.91,1.76263,7.68223e+06,-0.032269,-0.046808,-0.036703,178600,0.05,0.346674,0.500946
