tmp.site,tmp.area,Lb,X1,Wb,POR,ALPHA,BETA,Ks,Kb,Kz,Qthresh,Rs,Rb1,Rb2,Prec,Frac4Rise,Error,BFF
01203600,4.58428e+07,14865,100,229.693,0.15,0.020432,1,450.129,23281,1.02816,13335.8,-0.346574,-0.069076,-0.066889,203.065,0.05,0.381447,0.409249
