tmp.site,tmp.area,Lb,X1,Wb,POR,ALPHA,BETA,Ks,Kb,Kz,Qthresh,Rs,Rb1,Rb2,Prec,Frac4Rise,Error,BFF
01161000,1.0878e+09,13970.5,0.537134,1711.5,0.15,0.014414,1,2734.5,92.2039,1.12376,733971,-0.115656,-0.051158,-0.053865,11498.9,0.05,0.355229,0.532227
