tmp.site,tmp.area,Lb,X1,Wb,POR,ALPHA,BETA,Ks,Kb,Kz,Qthresh,Rs,Rb1,Rb2,Prec,Frac4Rise,Error,BFF
05536500,2.90079e+07,8103,100,112.283,0.15,0.033036,1,668.791,23078.8,0.870809,7095.06,-0.346574,-0.120528,-0.129483,24.4657,0.05,0.746733,0.233646
