tmp.site,tmp.area,Lb,X1,Wb,POR,ALPHA,BETA,Ks,Kb,Kz,Qthresh,Rs,Rb1,Rb2,Prec,Frac4Rise,Error,BFF
10321925,1.19139e+08,213025,100,10.7196,0.15,0.022551,1,209.364,4480.54,0.177778,1614.74,-0.105361,-0.037659,-0.018511,36.6986,0.05,0.451565,0.349894
