tmp.site,tmp.area,Lb,X1,Wb,POR,ALPHA,BETA,Ks,Kb,Kz,Qthresh,Rs,Rb1,Rb2,Prec,Frac4Rise,Error,BFF
07265000,2.05127e+08,9029.02,312.376,2629.38,0.15,0.0434,0.9,1072.62,72868.7,0.883874,628769,-0.081471,-0.056881,-0.24126,244.657,0.05,2.11025,0.405934
