tmp.site,tmp.area,Lb,X1,Wb,POR,ALPHA,BETA,Ks,Kb,Kz,Qthresh,Rs,Rb1,Rb2,Prec,Frac4Rise,Error,BFF
11123000,5.59437e+08,38635.5,200.825,390.934,0.15,0.010469,1,513.515,85169.9,1.1864,39145.1,-0.111572,-0.06624,-0.083622,24.4657,0.05,23.6747,0.228157
