tmp.site,tmp.area,Lb,X1,Wb,POR,ALPHA,BETA,Ks,Kb,Kz,Qthresh,Rs,Rb1,Rb2,Prec,Frac4Rise,Error,BFF
09413500,1.06785e+10,26250.2,81.6851,700.867,0.15,0.02553,0.9,11371.4,10847.9,1.11868,423257,-0.202733,-0.049663,-0.079976,244.657,0.05,20.7279,0.242241
