tmp.site,tmp.area,Lb,X1,Wb,POR,ALPHA,BETA,Ks,Kb,Kz,Qthresh,Rs,Rb1,Rb2,Prec,Frac4Rise,Error,BFF
14199704,1.57989e+06,3173.32,980.122,146.286,0.15,0.016493,10.1,23.7543,665.439,0.167978,636.109,-0.1039,-0.03362,-0.012836,26.9123,0.05,0.25436,0.59801
