tmp.site,tmp.area,Lb,X1,Wb,POR,ALPHA,BETA,Ks,Kb,Kz,Qthresh,Rs,Rb1,Rb2,Prec,Frac4Rise,Error,BFF
09073400,2.74539e+08,54205.8,100,206.732,0.15,0.010892,1,480.956,5420.94,0.905201,31805.4,-0.091161,-0.030239,-0.013324,3278.41,0.05,0.34382,0.287843
