tmp.site,tmp.area,Lb,X1,Wb,POR,ALPHA,BETA,Ks,Kb,Kz,Qthresh,Rs,Rb1,Rb2,Prec,Frac4Rise,Error,BFF
08387000,3.10799e+08,1.07211e+06,100,69.6242,0.15,0.023163,1,701.044,5880.53,0.948176,23976.4,-0.123942,-0.037766,-0.036499,366.986,0.05,0.57887,0.203883
