tmp.site,tmp.area,Lb,X1,Wb,POR,ALPHA,BETA,Ks,Kb,Kz,Qthresh,Rs,Rb1,Rb2,Prec,Frac4Rise,Error,BFF
10324500,2.2371e+09,18901.9,100,319.846,0.15,0.058768,1,4532.62,22495.8,0.914654,53824.6,-0.113721,-0.055319,-0.091619,24.4657,0.05,2.76679,0.219303
