tmp.site,tmp.area,Lb,X1,Wb,POR,ALPHA,BETA,Ks,Kb,Kz,Qthresh,Rs,Rb1,Rb2,Prec,Frac4Rise,Error,BFF
05480500,1.08521e+10,15804.1,100,3933.84,0.15,0.013513,1,4098.91,13662.8,0.976751,85630,-0.077503,-0.039668,-0.038651,9296.97,0.05,0.417799,0.525011
