tmp.site,tmp.area,Lb,X1,Wb,POR,ALPHA,BETA,Ks,Kb,Kz,Qthresh,Rs,Rb1,Rb2,Prec,Frac4Rise,Error,BFF
02301500,8.67646e+08,32053,83.1308,732.654,0.15,0.010878,1.4,1340.82,16238,1.10522,203065,-0.117691,-0.05576,-0.040369,3792.19,0.05,0.381874,0.482417
