tmp.site,tmp.area,Lb,X1,Wb,POR,ALPHA,BETA,Ks,Kb,Kz,Qthresh,Rs,Rb1,Rb2,Prec,Frac4Rise,Error,BFF
07358250,2.14969e+06,4563.46,5.34772,11.6209,0.15,0.002629,0.9,194.955,17.2945,0.475271,2104.05,-0.183862,-0.10446,-0.202784,24.4657,0.05,0.379234,0.005879
