tmp.site,tmp.area,Lb,X1,Wb,POR,ALPHA,BETA,Ks,Kb,Kz,Qthresh,Rs,Rb1,Rb2,Prec,Frac4Rise,Error,BFF
06923250,9.76426e+08,8594.48,37.5722,1258.56,0.15,0.00893,4.6,2627.32,321.973,0.930896,89789.2,-0.163201,-0.087772,-0.033887,4806.05,0.05,0.362806,0.358748
