tmp.site,tmp.area,Lb,X1,Wb,POR,ALPHA,BETA,Ks,Kb,Kz,Qthresh,Rs,Rb1,Rb2,Prec,Frac4Rise,Error,BFF
11368000,1.56435e+09,14255.4,100,2105.76,0.15,0.017929,1,551.528,496.805,0.933267,633662,-0.101942,-0.035909,-0.008754,52356.6,0.05,0.354953,0.343379
