tmp.site,tmp.area,Lb,X1,Wb,POR,ALPHA,BETA,Ks,Kb,Kz,Qthresh,Rs,Rb1,Rb2,Prec,Frac4Rise,Error,BFF
14302900,1.60579e+07,6777.23,100,271.517,0.15,0.012678,1,245.103,5258.07,0.546681,1663.67,-0.141866,-0.065541,-0.032189,195.726,0.05,0.390232,0.354116
