tmp.site,tmp.area,Lb,X1,Wb,POR,ALPHA,BETA,Ks,Kb,Kz,Qthresh,Rs,Rb1,Rb2,Prec,Frac4Rise,Error,BFF
14140001,2.77129e+08,7952.71,7.98149,2557.01,0.15,0.006418,1.8,231.055,898.639,1.97703,340073,-0.073799,-0.06911,-0.05023,32539.4,0.05,0.299309,0.70803
