tmp.site,tmp.area,Lb,X1,Wb,POR,ALPHA,BETA,Ks,Kb,Kz,Qthresh,Rs,Rb1,Rb2,Prec,Frac4Rise,Error,BFF
07071500,2.05386e+09,11546.3,697.465,4803.47,0.15,0.004326,1.7,21.0737,750.057,1.60131,450169,-0.088497,-0.022801,-0.008375,46484.9,0.05,0.21608,0.603487
