tmp.site,tmp.area,Lb,X1,Wb,POR,ALPHA,BETA,Ks,Kb,Kz,Qthresh,Rs,Rb1,Rb2,Prec,Frac4Rise,Error,BFF
11362880,3.41878e+07,91169.5,2.83252,4.15519,0.15,0.001048,0.9,854.909,75.7329,0.9514,19939.6,-0.172019,-0.093713,-0.14927,24.4657,0.05,0.327101,0.000105
