tmp.site,tmp.area,Lb,X1,Wb,POR,ALPHA,BETA,Ks,Kb,Kz,Qthresh,Rs,Rb1,Rb2,Prec,Frac4Rise,Error,BFF
02266205,3.36698e+07,4417.68,100,20.5028,0.15,0.000505,1,1808.07,0.411983,0.49557,1834.93,-0.066441,-0.050025,-0.054328,24.4657,0.05,0.292201,0.000129
