tmp.site,tmp.area,Lb,X1,Wb,POR,ALPHA,BETA,Ks,Kb,Kz,Qthresh,Rs,Rb1,Rb2,Prec,Frac4Rise,Error,BFF
07189100,1.57471e+08,15142.1,100,355.963,0.15,0.015165,1,470.722,12548.1,0.994741,30337.5,-0.110226,-0.070149,-0.060773,51.2557,0.05,0.829558,0.270048
