tmp.site,tmp.area,Lb,X1,Wb,POR,ALPHA,BETA,Ks,Kb,Kz,Qthresh,Rs,Rb1,Rb2,Prec,Frac4Rise,Error,BFF
04230650,5.72387e+09,9191.37,100,2911.15,0.15,0.009393,1,2661.69,12860.3,0.918561,1.74812e+06,-0.064584,-0.052789,-0.066272,43549,0.05,0.285898,0.532118
