tmp.site,tmp.area,Lb,X1,Wb,POR,ALPHA,BETA,Ks,Kb,Kz,Qthresh,Rs,Rb1,Rb2,Prec,Frac4Rise,Error,BFF
01578310,7.01887e+10,12311.3,100,23727.4,0.15,0.037216,1,18800,23208.3,5.15266,1.54868e+07,-0.121777,-0.053875,-0.098543,259752,0.05,0.786984,0.569101
