tmp.site,tmp.area,Lb,X1,Wb,POR,ALPHA,BETA,Ks,Kb,Kz,Qthresh,Rs,Rb1,Rb2,Prec,Frac4Rise,Error,BFF
12113344,1.16808e+09,17954.9,100,1871.99,0.15,0.008383,1,621.296,7103.97,1.05699,763330,-0.054011,-0.045913,-0.01592,67422.6,0.05,0.32806,0.536473
