tmp.site,tmp.area,Lb,X1,Wb,POR,ALPHA,BETA,Ks,Kb,Kz,Qthresh,Rs,Rb1,Rb2,Prec,Frac4Rise,Error,BFF
02227270,9.86785e+08,5011.42,100,1595.27,0.15,0.017893,1,2223.41,18152.2,0.908254,643448,-0.111572,-0.093374,-0.177089,24.4657,0.05,1.35849,0.468916
