tmp.site,tmp.area,Lb,X1,Wb,POR,ALPHA,BETA,Ks,Kb,Kz,Qthresh,Rs,Rb1,Rb2,Prec,Frac4Rise,Error,BFF
12459000,2.58999e+09,47994.8,34.8351,2418.42,0.15,0.007202,3.4,1852.04,652.759,0.266735,841621,-0.076544,-0.032691,-0.019506,90278.5,0.05,0.258762,0.602586
