tmp.site,tmp.area,Lb,X1,Wb,POR,ALPHA,BETA,Ks,Kb,Kz,Qthresh,Rs,Rb1,Rb2,Prec,Frac4Rise,Error,BFF
11042700,7.76996e+07,5972.93,1.34936,15.9307,0.15,0.00247,1,4249.87,0.781267,1.25039,8685.33,-0.564642,-0.135566,-0.17467,24.4657,0.05,0.287402,9.8e-05
