tmp.site,tmp.area,Lb,X1,Wb,POR,ALPHA,BETA,Ks,Kb,Kz,Qthresh,Rs,Rb1,Rb2,Prec,Frac4Rise,Error,BFF
11176500,3.80728e+08,11756.1,15.6069,229.722,0.15,0.013319,1,202.994,1516.43,1.2873,32784.1,-0.077075,-0.079173,-0.093062,24.4657,0.05,2.26095,0.13964
