tmp.site,tmp.area,Lb,X1,Wb,POR,ALPHA,BETA,Ks,Kb,Kz,Qthresh,Rs,Rb1,Rb2,Prec,Frac4Rise,Error,BFF
04180500,2.74539e+09,9435.73,0.821281,2546.27,0.15,0.008962,1.2,8290.87,66.9368,1.22961,366986,-0.111572,-0.07394,-0.06082,13145.4,0.05,0.439006,0.438499
