tmp.site,tmp.area,Lb,X1,Wb,POR,ALPHA,BETA,Ks,Kb,Kz,Qthresh,Rs,Rb1,Rb2,Prec,Frac4Rise,Error,BFF
05535500,2.97849e+07,2665.77,330.623,281.127,0.15,0.018126,1.1,636.376,7671.06,1.22668,10030.9,-0.336937,-0.099698,-0.076392,244.657,0.05,0.401673,0.293371
