tmp.site,tmp.area,Lb,X1,Wb,POR,ALPHA,BETA,Ks,Kb,Kz,Qthresh,Rs,Rb1,Rb2,Prec,Frac4Rise,Error,BFF
12451000,8.31386e+08,12796.5,0.313538,2377.68,0.15,0.008948,2.5,1872.88,2.52241,1.04757,496654,-0.090838,-0.035203,-0.021579,35475.3,0.05,0.298958,0.590944
