tmp.site,tmp.area,Lb,X1,Wb,POR,ALPHA,BETA,Ks,Kb,Kz,Qthresh,Rs,Rb1,Rb2,Prec,Frac4Rise,Error,BFF
02051500,1.42967e+09,9842.53,100,1192.44,0.15,0.008921,1,5025.17,8901.6,0.945478,513780,-0.273272,-0.084706,-0.061342,4159.17,0.05,0.386262,0.325643
