tmp.site,tmp.area,Lb,X1,Wb,POR,ALPHA,BETA,Ks,Kb,Kz,Qthresh,Rs,Rb1,Rb2,Prec,Frac4Rise,Error,BFF
06024540,3.30223e+09,11658.9,57.9852,2459.05,0.15,0.007188,1.5,3375.11,3968.43,1.04794,219506,-0.077934,-0.045485,-0.029371,10204.6,0.05,0.335583,0.629173
