tmp.site,tmp.area,Lb,X1,Wb,POR,ALPHA,BETA,Ks,Kb,Kz,Qthresh,Rs,Rb1,Rb2,Prec,Frac4Rise,Error,BFF
06408700,2.03055e+07,2182.3,100,8644.51,0.15,0.018383,1,22.7888,8.8565,0.027208,8807.66,-0.049226,-0.002362,-0.00283,778.01,0.05,0.234909,0.73662
