tmp.site,tmp.area,Lb,X1,Wb,POR,ALPHA,BETA,Ks,Kb,Kz,Qthresh,Rs,Rb1,Rb2,Prec,Frac4Rise,Error,BFF
09172500,8.00306e+08,8938.98,1074.61,1986.5,0.15,0.005387,1.4,25.5634,10041.9,0.25726,168813,-0.083527,-0.026281,-0.018727,9786.29,0.05,0.244393,0.528278
