tmp.site,tmp.area,Lb,X1,Wb,POR,ALPHA,BETA,Ks,Kb,Kz,Qthresh,Rs,Rb1,Rb2,Prec,Frac4Rise,Error,BFF
02036500,5.80157e+07,32466.7,100,77.4085,0.15,0.027625,1,99.7415,40189.5,1.03071,29358.9,-0.272952,-0.06769,-0.075772,122.329,0.05,0.423501,0.366695
