tmp.site,tmp.area,Lb,X1,Wb,POR,ALPHA,BETA,Ks,Kb,Kz,Qthresh,Rs,Rb1,Rb2,Prec,Frac4Rise,Error,BFF
03204500,6.63037e+08,5579.05,352.795,1272.78,0.15,0.013427,1,5856.98,38443.4,0.670804,8876.16,-0.255413,-0.109545,-0.096288,244.657,0.05,0.494094,0.24695
