tmp.site,tmp.area,Lb,X1,Wb,POR,ALPHA,BETA,Ks,Kb,Kz,Qthresh,Rs,Rb1,Rb2,Prec,Frac4Rise,Error,BFF
05478265,2.28955e+09,21144.9,100,1997.68,0.15,0.026778,1,1874.74,29949.3,0.91903,90033.8,-0.07719,-0.045723,-0.065019,419,0.05,0.458187,0.520765
