tmp.site,tmp.area,Lb,X1,Wb,POR,ALPHA,BETA,Ks,Kb,Kz,Qthresh,Rs,Rb1,Rb2,Prec,Frac4Rise,Error,BFF
06386500,1.37865e+10,11168.6,15.3626,260.831,0.15,0.007745,1,3901.69,1541.6,0.962398,88076.6,-0.143841,-0.113267,-0.167479,24.4657,0.05,42.7144,0.064532
