tmp.site,tmp.area,Lb,X1,Wb,POR,ALPHA,BETA,Ks,Kb,Kz,Qthresh,Rs,Rb1,Rb2,Prec,Frac4Rise,Error,BFF
05374000,2.97849e+09,29718.4,47.2169,1037.89,0.15,0.006814,1.5,1745.4,3914.91,0.917162,518673,-0.088153,-0.066426,-0.048702,18593.9,0.05,0.336952,0.481316
