tmp.site,tmp.area,Lb,X1,Wb,POR,ALPHA,BETA,Ks,Kb,Kz,Qthresh,Rs,Rb1,Rb2,Prec,Frac4Rise,Error,BFF
08164390,1.4996e+09,7578.7,100,665.562,0.15,0.008981,1,4172.81,6692.15,0.915744,99377.3,-0.30952,-0.127865,-0.150535,24.4657,0.05,21.6002,0.09648
