tmp.site,tmp.area,Lb,X1,Wb,POR,ALPHA,BETA,Ks,Kb,Kz,Qthresh,Rs,Rb1,Rb2,Prec,Frac4Rise,Error,BFF
11414410,1.19139e+07,241354,0.130557,33.7221,0.15,0.007545,0.7,196.306,0.786149,0.10261,7339.71,-0.094026,-0.002263,-0.005794,636.109,0.05,0.082796,0.910123
