tmp.site,tmp.area,Lb,X1,Wb,POR,ALPHA,BETA,Ks,Kb,Kz,Qthresh,Rs,Rb1,Rb2,Prec,Frac4Rise,Error,BFF
04146063,5.72387e+08,17398.3,100,571.942,0.15,0.013646,1,451.097,13360.7,0.910339,204289,-0.068852,-0.048032,-0.035218,5627.11,0.05,0.310239,0.522608
