tmp.site,tmp.area,Lb,X1,Wb,POR,ALPHA,BETA,Ks,Kb,Kz,Qthresh,Rs,Rb1,Rb2,Prec,Frac4Rise,Error,BFF
06023000,2.51229e+09,40708.5,10.6801,1059.26,0.15,0.006991,0.9,954.214,814.077,0.898829,477081,-0.056664,-0.033881,-0.048344,4946.97,0.05,0.629634,0.626047
