tmp.site,tmp.area,Lb,X1,Wb,POR,ALPHA,BETA,Ks,Kb,Kz,Qthresh,Rs,Rb1,Rb2,Prec,Frac4Rise,Error,BFF
03302050,1.036e+07,39211.8,62.034,123.216,0.15,0.044724,1.1,233.658,73368.7,0.901791,220.191,-0.202733,-0.120618,-0.094045,24.4657,0.05,0.788678,0.320371
