tmp.site,tmp.area,Lb,X1,Wb,POR,ALPHA,BETA,Ks,Kb,Kz,Qthresh,Rs,Rb1,Rb2,Prec,Frac4Rise,Error,BFF
06324970,3.20382e+09,9686.46,4.18278,253.797,0.15,0.036497,1,2701.6,651.723,0.988951,31316.1,-0.124629,-0.087766,-0.127618,24.4657,0.05,2.44497,0.206954
