tmp.site,tmp.area,Lb,X1,Wb,POR,ALPHA,BETA,Ks,Kb,Kz,Qthresh,Rs,Rb1,Rb2,Prec,Frac4Rise,Error,BFF
01342602,1.43226e+09,22712.6,0.359333,1514.93,0.15,0.008041,1.3,3687.42,49.8776,1.31389,1.05937e+06,-0.168193,-0.055448,-0.045274,68748.7,0.05,0.3096,0.517588
