tmp.site,tmp.area,Lb,X1,Wb,POR,ALPHA,BETA,Ks,Kb,Kz,Qthresh,Rs,Rb1,Rb2,Prec,Frac4Rise,Error,BFF
01196500,2.97849e+08,17065.7,100,712.595,0.15,0.012464,1,1256,9329.16,0.985821,177132,-0.244946,-0.049541,-0.041363,9052.31,0.05,0.287537,0.508234
