tmp.site,tmp.area,Lb,X1,Wb,POR,ALPHA,BETA,Ks,Kb,Kz,Qthresh,Rs,Rb1,Rb2,Prec,Frac4Rise,Error,BFF
08188800,2.62314e+10,45465.5,100,2268.67,0.15,0.009468,1,1199.12,6555.15,1.03303,3.4252e+06,-0.043506,-0.021484,-0.042269,55292.5,0.05,0.448656,0.532063
