tmp.site,tmp.area,Lb,X1,Wb,POR,ALPHA,BETA,Ks,Kb,Kz,Qthresh,Rs,Rb1,Rb2,Prec,Frac4Rise,Error,BFF
03261500,1.40118e+09,15510.9,53.2465,1085.9,0.15,0.007928,2,4172.53,3461.89,1.19323,95416.3,-0.178337,-0.098913,-0.051029,6361.09,0.05,0.38949,0.339571
