tmp.site,tmp.area,Lb,X1,Wb,POR,ALPHA,BETA,Ks,Kb,Kz,Qthresh,Rs,Rb1,Rb2,Prec,Frac4Rise,Error,BFF
07358257,2.07199e+06,4259.07,32.2723,93.6237,0.15,0.013725,0.8,233.335,288.468,0.232452,4134.71,-0.370343,-0.016346,-0.077394,24.4657,0.05,1.07033,0.279214
