tmp.site,tmp.area,Lb,X1,Wb,POR,ALPHA,BETA,Ks,Kb,Kz,Qthresh,Rs,Rb1,Rb2,Prec,Frac4Rise,Error,BFF
09033100,1.70939e+08,14027.2,4136.77,273.164,0.15,0.006906,3.7,260.818,2822.62,0.554082,19181.1,-0.090976,-0.050163,-0.026657,956.903,0.05,0.457595,0.193291
