tmp.site,tmp.area,Lb,X1,Wb,POR,ALPHA,BETA,Ks,Kb,Kz,Qthresh,Rs,Rb1,Rb2,Prec,Frac4Rise,Error,BFF
01337005,1.51514e+08,39570.5,28.6021,318.45,0.15,0.009632,1.1,1812.62,11838,0.906937,103837,-0.331766,-0.085818,-0.076173,2261.07,0.05,0.500467,0.312774
