tmp.site,tmp.area,Lb,X1,Wb,POR,ALPHA,BETA,Ks,Kb,Kz,Qthresh,Rs,Rb1,Rb2,Prec,Frac4Rise,Error,BFF
03598000,1.24578e+09,27007.6,100.154,813.949,0.15,0.009457,2.3,2077.49,4391.99,1.12467,481975,-0.168236,-0.093121,-0.052492,16392,0.05,0.374047,0.311971
