tmp.site,tmp.area,Lb,X1,Wb,POR,ALPHA,BETA,Ks,Kb,Kz,Qthresh,Rs,Rb1,Rb2,Prec,Frac4Rise,Error,BFF
02336517,1.97875e+07,5191.14,100,142.964,0.15,0.008225,1,557.573,3503.12,0.923776,3327.34,-1.04331,-0.202505,-0.083727,271.569,0.05,0.341017,0.180904
