tmp.site,tmp.area,Lb,X1,Wb,POR,ALPHA,BETA,Ks,Kb,Kz,Qthresh,Rs,Rb1,Rb2,Prec,Frac4Rise,Error,BFF
11351948,6.41022e+09,18961.3,73.3744,1872.68,0.15,0.016534,0.9,10490.8,8072.06,1.33907,574284,-0.148597,-0.099656,-0.123387,244.657,0.05,111.627,0.192358
