tmp.site,tmp.area,Lb,X1,Wb,POR,ALPHA,BETA,Ks,Kb,Kz,Qthresh,Rs,Rb1,Rb2,Prec,Frac4Rise,Error,BFF
08066200,3.65188e+08,5455.53,100,474.864,0.15,0.009096,1,3028.52,9601.16,0.945388,23731.7,-0.339813,-0.138689,-0.114426,24.4657,0.05,3.40453,0.10194
