tmp.site,tmp.area,Lb,X1,Wb,POR,ALPHA,BETA,Ks,Kb,Kz,Qthresh,Rs,Rb1,Rb2,Prec,Frac4Rise,Error,BFF
12170300,1.71457e+09,8117.17,72.5632,3127.15,0.15,0.011592,1,3958.35,6909.26,4.24433,2.44041e+06,-0.142107,-0.073091,-0.071364,85549.3,0.05,0.320409,0.454603
