tmp.site,tmp.area,Lb,X1,Wb,POR,ALPHA,BETA,Ks,Kb,Kz,Qthresh,Rs,Rb1,Rb2,Prec,Frac4Rise,Error,BFF
11465690,8.80596e+06,4582.85,100,74.7681,0.15,0.019663,1,614.22,10108,0.600137,5431.39,-0.634037,-0.101218,-0.22062,24.4657,0.05,5.41597,0.105466
