tmp.site,tmp.area,Lb,X1,Wb,POR,ALPHA,BETA,Ks,Kb,Kz,Qthresh,Rs,Rb1,Rb2,Prec,Frac4Rise,Error,BFF
12031000,3.35144e+09,9697.36,315.277,7267.73,0.15,0.014188,1.2,9255.28,5783.9,2.71152,819601,-0.117453,-0.055865,-0.017257,57494.4,0.05,0.293579,0.436858
