tmp.site,tmp.area,Lb,X1,Wb,POR,ALPHA,BETA,Ks,Kb,Kz,Qthresh,Rs,Rb1,Rb2,Prec,Frac4Rise,Error,BFF
06431500,4.27348e+08,123355,41.2915,377.754,0.15,0.01741,1.2,66.7475,246.736,0.750797,148018,-0.058892,-0.01672,-0.015567,5871.77,0.05,0.182519,0.720884
