tmp.site,tmp.area,Lb,X1,Wb,POR,ALPHA,BETA,Ks,Kb,Kz,Qthresh,Rs,Rb1,Rb2,Prec,Frac4Rise,Error,BFF
02223360,4.76558e+08,14001.1,102.948,474.882,0.15,0.010535,1.9,690.828,9047.01,0.95512,128934,-0.103807,-0.088521,-0.045905,853.364,0.05,0.346416,0.36003
