tmp.site,tmp.area,Lb,X1,Wb,POR,ALPHA,BETA,Ks,Kb,Kz,Qthresh,Rs,Rb1,Rb2,Prec,Frac4Rise,Error,BFF
04174518,2.82309e+07,11492.7,100,89.5114,0.15,0.013559,1,286.221,8082.65,0.946172,4819.75,-0.352629,-0.11395,-0.090334,366.986,0.05,0.367068,0.245479
