tmp.site,tmp.area,Lb,X1,Wb,POR,ALPHA,BETA,Ks,Kb,Kz,Qthresh,Rs,Rb1,Rb2,Prec,Frac4Rise,Error,BFF
07020500,1.83527e+12,87979,4.40352,76726.6,0.15,0.011073,1,75431,903.819,2.21211,1.77758e+08,-0.042072,-0.021957,-0.023021,1.35051e+07,0.05,0.321266,0.606078
