tmp.site,tmp.area,Lb,X1,Wb,POR,ALPHA,BETA,Ks,Kb,Kz,Qthresh,Rs,Rb1,Rb2,Prec,Frac4Rise,Error,BFF
06446000,5.58401e+09,23700.4,40.349,258.284,0.15,0.019556,0.9,2888.92,5540.95,1.04939,112542,-0.143841,-0.061489,-0.092743,24.4657,0.05,8.54,0.192564
