tmp.site,tmp.area,Lb,X1,Wb,POR,ALPHA,BETA,Ks,Kb,Kz,Qthresh,Rs,Rb1,Rb2,Prec,Frac4Rise,Error,BFF
03020500,7.32967e+08,20424.5,63.8263,1084.67,0.15,0.008081,2,4478.47,6576.18,0.99801,107649,-0.291584,-0.082111,-0.045547,8563,0.05,0.33416,0.441474
