tmp.site,tmp.area,Lb,X1,Wb,POR,ALPHA,BETA,Ks,Kb,Kz,Qthresh,Rs,Rb1,Rb2,Prec,Frac4Rise,Error,BFF
08174550,2.77129e+08,5246.12,100,144.702,0.15,0.008916,1,2333.78,5132.37,0.90432,15604.2,-0.346574,-0.143366,-0.281179,24.4657,0.05,9.71266,0.01482
