tmp.site,tmp.area,Lb,X1,Wb,POR,ALPHA,BETA,Ks,Kb,Kz,Qthresh,Rs,Rb1,Rb2,Prec,Frac4Rise,Error,BFF
14044000,1.33384e+09,14379.9,100,1082.55,0.15,0.01172,1,1357.3,13084.7,0.998658,134561,-0.116807,-0.036963,-0.034396,2446.57,0.05,0.355646,0.550763
