tmp.site,tmp.area,Lb,X1,Wb,POR,ALPHA,BETA,Ks,Kb,Kz,Qthresh,Rs,Rb1,Rb2,Prec,Frac4Rise,Error,BFF
06131200,2.84899e+08,4642.85,100,9.62666,0.15,0.003539,1,3643.53,176.907,0.950563,269.123,-0.238863,-0.133432,-0.14552,24.4657,0.05,0.401125,0.000701
