tmp.site,tmp.area,Lb,X1,Wb,POR,ALPHA,BETA,Ks,Kb,Kz,Qthresh,Rs,Rb1,Rb2,Prec,Frac4Rise,Error,BFF
07301420,1.13182e+09,3.75408e+06,100,146.653,0.15,0.034174,1,981.314,4663.76,0.959527,48931.4,-0.111572,-0.041484,-0.085039,24.4657,0.05,14.5917,0.384032
