tmp.site,tmp.area,Lb,X1,Wb,POR,ALPHA,BETA,Ks,Kb,Kz,Qthresh,Rs,Rb1,Rb2,Prec,Frac4Rise,Error,BFF
06400000,2.4838e+09,12077.2,33.1486,220.374,0.15,0.010531,1,3812,4930.27,1.02854,26912.3,-0.143841,-0.105735,-0.144382,24.4657,0.05,10.9865,0.114876
