tmp.site,tmp.area,Lb,X1,Wb,POR,ALPHA,BETA,Ks,Kb,Kz,Qthresh,Rs,Rb1,Rb2,Prec,Frac4Rise,Error,BFF
07144780,1.84666e+09,12165.2,0.964193,705.387,0.15,0.005015,1.4,733.883,60.0585,1.05326,286249,-0.10382,-0.063895,-0.046891,1670.27,0.05,0.429713,0.355263
