tmp.site,tmp.area,Lb,X1,Wb,POR,ALPHA,BETA,Ks,Kb,Kz,Qthresh,Rs,Rb1,Rb2,Prec,Frac4Rise,Error,BFF
02093800,5.33538e+07,15235.6,97.4651,181.542,0.15,0.013544,1.8,299.523,6677.1,1.11658,24221.1,-0.37451,-0.067932,-0.049798,518.673,0.05,0.324989,0.415855
