tmp.site,tmp.area,Lb,X1,Wb,POR,ALPHA,BETA,Ks,Kb,Kz,Qthresh,Rs,Rb1,Rb2,Prec,Frac4Rise,Error,BFF
01074520,2.97849e+08,9720.57,100,995.17,0.15,0.01018,1,1779.28,10313,1.01174,85143.1,-0.342468,-0.068976,-0.031961,9174.64,0.05,0.323189,0.443018
