tmp.site,tmp.area,Lb,X1,Wb,POR,ALPHA,BETA,Ks,Kb,Kz,Qthresh,Rs,Rb1,Rb2,Prec,Frac4Rise,Error,BFF
09026500,8.52106e+07,35559.9,100,112.373,0.15,0.009389,1,151.939,3010.74,0.598873,16392,-0.091161,-0.030543,-0.014196,611.643,0.05,0.396131,0.229495
