tmp.site,tmp.area,Lb,X1,Wb,POR,ALPHA,BETA,Ks,Kb,Kz,Qthresh,Rs,Rb1,Rb2,Prec,Frac4Rise,Error,BFF
11136800,2.29473e+09,14938.8,100,229.805,0.15,0.019399,1,1251.25,6748.3,0.943539,11498.9,-0.202733,-0.064334,-0.056374,24.4657,0.05,6.45937,0.107082
