tmp.site,tmp.area,Lb,X1,Wb,POR,ALPHA,BETA,Ks,Kb,Kz,Qthresh,Rs,Rb1,Rb2,Prec,Frac4Rise,Error,BFF
03202750,3.26339e+08,16224.1,67.0532,639.451,0.15,0.011815,1.3,2195.82,15548.5,1.00101,10304.7,-0.193639,-0.09372,-0.059544,1174.35,0.05,0.374195,0.388551
