tmp.site,tmp.area,Lb,X1,Wb,POR,ALPHA,BETA,Ks,Kb,Kz,Qthresh,Rs,Rb1,Rb2,Prec,Frac4Rise,Error,BFF
09292500,3.41878e+08,84065.3,50566.2,550.925,0.15,0.016685,10.1,109.65,2326.42,0.435281,146550,-0.091161,-0.022193,-0.007776,8318.34,0.05,0.240022,0.469137
