tmp.site,tmp.area,Lb,X1,Wb,POR,ALPHA,BETA,Ks,Kb,Kz,Qthresh,Rs,Rb1,Rb2,Prec,Frac4Rise,Error,BFF
02427020,8.52106e+08,3927.65,100,1013.15,0.15,0.011813,1,4609.35,10609,1.11206,1167.5,-0.214781,-0.151848,-0.161757,24.4657,0.05,0.937316,0.139621
