tmp.site,tmp.area,Lb,X1,Wb,POR,ALPHA,BETA,Ks,Kb,Kz,Qthresh,Rs,Rb1,Rb2,Prec,Frac4Rise,Error,BFF
0137462010,1.1111e+08,32317.7,11.6153,415.418,0.15,0.012858,0.8,104.786,124.795,0.226503,24465.7,-0.025323,-0.011555,-0.03582,1695.47,0.05,0.920325,0.453142
