tmp.site,tmp.area,Lb,X1,Wb,POR,ALPHA,BETA,Ks,Kb,Kz,Qthresh,Rs,Rb1,Rb2,Prec,Frac4Rise,Error,BFF
06803520,1.23801e+08,6458.62,120.319,159.122,0.15,0.013416,1.1,252.351,6540.37,1.13179,12281.8,-0.202733,-0.093696,-0.073455,58.7177,0.05,0.600227,0.16948
