tmp.site,tmp.area,Lb,X1,Wb,POR,ALPHA,BETA,Ks,Kb,Kz,Qthresh,Rs,Rb1,Rb2,Prec,Frac4Rise,Error,BFF
09444500,7.16391e+09,2592.41,125.628,3337.81,0.15,0.010225,1.1,4687.03,363.997,0.262576,168065,-0.091161,-0.050755,-0.039562,2894.54,0.05,0.445848,0.261602
