tmp.site,tmp.area,Lb,X1,Wb,POR,ALPHA,BETA,Ks,Kb,Kz,Qthresh,Rs,Rb1,Rb2,Prec,Frac4Rise,Error,BFF
02196000,1.41154e+09,14043.2,22.3053,1002.33,0.15,0.009843,1.1,6068.28,5824.03,1.47506,183493,-0.308871,-0.114006,-0.091333,318.054,0.05,0.489053,0.246587
