tmp.site,tmp.area,Lb,X1,Wb,POR,ALPHA,BETA,Ks,Kb,Kz,Qthresh,Rs,Rb1,Rb2,Prec,Frac4Rise,Error,BFF
07308500,5.32761e+10,5677.36,100,2187.9,0.15,0.006378,1,8160.04,4949.57,0.95188,983522,-0.146934,-0.078058,-0.112522,24.4657,0.05,38.201,0.180983
