tmp.site,tmp.area,Lb,X1,Wb,POR,ALPHA,BETA,Ks,Kb,Kz,Qthresh,Rs,Rb1,Rb2,Prec,Frac4Rise,Error,BFF
06919020,3.34626e+09,6606.53,0.128239,3879.59,0.15,0.007788,0.9,1594.17,16.731,0.875609,169736,-0.056355,-0.06153,-0.149752,11254.2,0.05,3.27768,0.658253
