tmp.site,tmp.area,Lb,X1,Wb,POR,ALPHA,BETA,Ks,Kb,Kz,Qthresh,Rs,Rb1,Rb2,Prec,Frac4Rise,Error,BFF
05451080,3.10799e+07,8992.41,1273.96,228.798,0.15,0.014822,1,126.517,64927.1,0.39622,7419.96,-0.198112,-0.061347,-0.068819,18.6673,0.05,1.41561,0.400383
