tmp.site,tmp.area,Lb,X1,Wb,POR,ALPHA,BETA,Ks,Kb,Kz,Qthresh,Rs,Rb1,Rb2,Prec,Frac4Rise,Error,BFF
12087000,2.09012e+08,33150.4,48.2481,515.182,0.15,0.008743,1.4,1800.51,11994.6,1.01875,19848.5,-0.217323,-0.068474,-0.042524,1570.7,0.05,0.332535,0.425562
