tmp.site,tmp.area,Lb,X1,Wb,POR,ALPHA,BETA,Ks,Kb,Kz,Qthresh,Rs,Rb1,Rb2,Prec,Frac4Rise,Error,BFF
09406100,2.53819e+09,11426.2,179.005,557.766,0.15,0.004603,0.9,477.851,6485.05,0.056322,57739.1,-0.102397,-0.051293,-0.052546,4437.35,0.05,0.292536,0.373396
