tmp.site,tmp.area,Lb,X1,Wb,POR,ALPHA,BETA,Ks,Kb,Kz,Qthresh,Rs,Rb1,Rb2,Prec,Frac4Rise,Error,BFF
07370500,7.01887e+08,12509.3,156.014,1279.74,0.15,0.033535,1,1439.1,79914.4,1.4221,183493,-0.097357,-0.115322,-0.148359,24.4657,0.05,1.46743,0.491472
