tmp.site,tmp.area,Lb,X1,Wb,POR,ALPHA,BETA,Ks,Kb,Kz,Qthresh,Rs,Rb1,Rb2,Prec,Frac4Rise,Error,BFF
02219500,1.12923e+09,38738.7,111.871,851.333,0.15,0.00685,2.3,2377.97,7781.74,0.371705,318054,-0.220575,-0.060678,-0.041693,16392,0.05,0.317696,0.458956
