tmp.site,tmp.area,Lb,X1,Wb,POR,ALPHA,BETA,Ks,Kb,Kz,Qthresh,Rs,Rb1,Rb2,Prec,Frac4Rise,Error,BFF
06845110,3.8539e+09,2.6123e+06,100,20.2734,0.15,0.060301,1,3656.07,29255.3,0.999195,15780.4,-0.111572,-0.044344,-0.063328,24.4657,0.05,3.45251,0.271856
