tmp.site,tmp.area,Lb,X1,Wb,POR,ALPHA,BETA,Ks,Kb,Kz,Qthresh,Rs,Rb1,Rb2,Prec,Frac4Rise,Error,BFF
09132500,1.35974e+09,6791.69,100,2103.27,0.15,0.007698,1,459.162,4790.14,0.894303,69482.6,-0.077075,-0.034127,-0.031244,7510.97,0.05,0.307252,0.515432
