tmp.site,tmp.area,Lb,X1,Wb,POR,ALPHA,BETA,Ks,Kb,Kz,Qthresh,Rs,Rb1,Rb2,Prec,Frac4Rise,Error,BFF
13077000,3.52238e+10,30168.9,100,11517.6,0.15,0.011857,1,794.365,9182.96,0.884396,1.27956e+06,-0.009798,-0.026272,-0.074321,34829.4,0.05,1.42732,0.742132
