tmp.site,tmp.area,Lb,X1,Wb,POR,ALPHA,BETA,Ks,Kb,Kz,Qthresh,Rs,Rb1,Rb2,Prec,Frac4Rise,Error,BFF
05473450,1.50219e+08,7947,100,378.68,0.15,0.019691,1,718.95,19917,0.939323,7217.39,-0.202733,-0.101458,-0.097462,24.4657,0.05,0.77058,0.332006
