tmp.site,tmp.area,Lb,X1,Wb,POR,ALPHA,BETA,Ks,Kb,Kz,Qthresh,Rs,Rb1,Rb2,Prec,Frac4Rise,Error,BFF
06873460,3.89016e+09,60989,100,198.956,0.15,0.033334,1,1997.02,14699,0.934572,2691.23,-0.134563,-0.055425,-0.073457,24.4657,0.05,2.28099,0.174649
