tmp.site,tmp.area,Lb,X1,Wb,POR,ALPHA,BETA,Ks,Kb,Kz,Qthresh,Rs,Rb1,Rb2,Prec,Frac4Rise,Error,BFF
03114500,1.1888e+09,5424.47,100,1420.12,0.15,0.013463,1,6331.7,14561.1,1.21073,1.57559e+06,-0.256397,-0.117962,-0.108032,122.329,0.05,0.493807,0.244622
