tmp.site,tmp.area,Lb,X1,Wb,POR,ALPHA,BETA,Ks,Kb,Kz,Qthresh,Rs,Rb1,Rb2,Prec,Frac4Rise,Error,BFF
04102500,1.0101e+09,38533.1,8752.37,1427.17,0.15,0.008394,3.4,215.921,4061.58,0.635482,411024,-0.02741,-0.027532,-0.018991,43059.7,0.05,0.2433,0.603973
