tmp.site,tmp.area,Lb,X1,Wb,POR,ALPHA,BETA,Ks,Kb,Kz,Qthresh,Rs,Rb1,Rb2,Prec,Frac4Rise,Error,BFF
03252500,1.60838e+09,15827.5,60.9509,1191.04,0.15,0.01072,1.1,6890.47,15988.3,1.30354,6605.74,-0.21162,-0.118029,-0.09167,318.054,0.05,0.623357,0.244875
