tmp.site,tmp.area,Lb,X1,Wb,POR,ALPHA,BETA,Ks,Kb,Kz,Qthresh,Rs,Rb1,Rb2,Prec,Frac4Rise,Error,BFF
0214657975,2.16782e+07,33191,129.496,51.3731,0.15,0.013744,1,522.724,50446.6,1.14266,11058.5,-0.615609,-0.107677,-0.118937,24.4657,0.05,0.573752,0.168317
