tmp.site,tmp.area,Lb,X1,Wb,POR,ALPHA,BETA,Ks,Kb,Kz,Qthresh,Rs,Rb1,Rb2,Prec,Frac4Rise,Error,BFF
04236800,2.2248e+08,48566.2,46.9528,163.205,0.15,0.010004,0.9,133.104,19114.5,0.923165,42325.7,-0.101559,-0.039904,-0.057346,1705.92,0.05,0.420632,0.349962
