tmp.site,tmp.area,Lb,X1,Wb,POR,ALPHA,BETA,Ks,Kb,Kz,Qthresh,Rs,Rb1,Rb2,Prec,Frac4Rise,Error,BFF
06344600,3.93678e+08,33044.9,100,51.5651,0.15,0.015587,1,1075.61,3120.61,0.957175,5137.8,-0.11976,-0.115349,-0.097794,24.4657,0.05,4.6252,0.04778
