tmp.site,tmp.area,Lb,X1,Wb,POR,ALPHA,BETA,Ks,Kb,Kz,Qthresh,Rs,Rb1,Rb2,Prec,Frac4Rise,Error,BFF
03361500,1.09038e+09,8294.68,100,1355.89,0.15,0.007824,1,2730.82,5637.57,0.925292,112635,-0.204378,-0.079899,-0.026308,11009.6,0.05,0.366364,0.356899
