tmp.site,tmp.area,Lb,X1,Wb,POR,ALPHA,BETA,Ks,Kb,Kz,Qthresh,Rs,Rb1,Rb2,Prec,Frac4Rise,Error,BFF
06436156,1.70421e+07,6051.99,100,227.819,0.15,0.005786,1,34.344,3842.28,0.352675,2446.57,-0.127308,-0.035341,-0.01494,122.329,0.05,0.260763,0.481444
