tmp.site,tmp.area,Lb,X1,Wb,POR,ALPHA,BETA,Ks,Kb,Kz,Qthresh,Rs,Rb1,Rb2,Prec,Frac4Rise,Error,BFF
11465700,1.75601e+07,10888.7,100,55.9803,0.15,0.015982,1,460.687,7168.83,0.9789,2666.76,-0.423649,-0.117696,-0.152199,24.4657,0.05,2.6094,0.072732
