tmp.site,tmp.area,Lb,X1,Wb,POR,ALPHA,BETA,Ks,Kb,Kz,Qthresh,Rs,Rb1,Rb2,Prec,Frac4Rise,Error,BFF
01548005,1.45557e+09,27277.7,9483.3,1349.55,0.15,0.009173,10.1,890.057,13890.6,0.719976,538246,-0.054993,-0.054806,-0.02939,38824.6,0.05,0.262422,0.539426
