tmp.site,tmp.area,Lb,X1,Wb,POR,ALPHA,BETA,Ks,Kb,Kz,Qthresh,Rs,Rb1,Rb2,Prec,Frac4Rise,Error,BFF
03408500,9.89375e+08,5083.65,100,2298.86,0.15,0.015432,1,6716.93,13235,1.22288,2446.57,-0.220313,-0.098549,-0.090835,342.52,0.05,0.409509,0.3707
