tmp.site,tmp.area,Lb,X1,Wb,POR,ALPHA,BETA,Ks,Kb,Kz,Qthresh,Rs,Rb1,Rb2,Prec,Frac4Rise,Error,BFF
08103900,8.62466e+07,19676.3,100,71.4104,0.15,0.097914,1,509.871,23682.9,0.893068,6703.61,-0.346574,-0.053859,-0.081496,24.4657,0.05,6.86946,0.184881
