tmp.site,tmp.area,Lb,X1,Wb,POR,ALPHA,BETA,Ks,Kb,Kz,Qthresh,Rs,Rb1,Rb2,Prec,Frac4Rise,Error,BFF
04213394,6.52677e+07,13106,100,200.296,0.15,0.037894,1,1221.67,12015,0.948595,52845.9,-0.284336,-0.080865,-0.07729,220.632,0.05,0.488179,0.29151
