tmp.site,tmp.area,Lb,X1,Wb,POR,ALPHA,BETA,Ks,Kb,Kz,Qthresh,Rs,Rb1,Rb2,Prec,Frac4Rise,Error,BFF
03353620,4.04038e+07,15347.9,45.953,117.229,0.15,0.022619,1,920.503,16601.7,1.27817,489.314,-0.434519,-0.112643,-0.121635,58.7177,0.05,0.529112,0.236482
