tmp.site,tmp.area,Lb,X1,Wb,POR,ALPHA,BETA,Ks,Kb,Kz,Qthresh,Rs,Rb1,Rb2,Prec,Frac4Rise,Error,BFF
03597860,1.10074e+09,102598,100,525.644,0.15,0.008358,1,902.773,2035.78,0.904418,401238,-0.072021,-0.033111,-0.04091,32294.7,0.05,0.201819,0.583636
