tmp.site,tmp.area,Lb,X1,Wb,POR,ALPHA,BETA,Ks,Kb,Kz,Qthresh,Rs,Rb1,Rb2,Prec,Frac4Rise,Error,BFF
12446400,1.67313e+08,8778.13,1885.43,358.989,0.15,0.029193,6.1,324.719,15.8867,0.317411,21260.7,-0.076116,-0.021541,-0.013933,1284.45,0.05,0.333073,0.308092
