tmp.site,tmp.area,Lb,X1,Wb,POR,ALPHA,BETA,Ks,Kb,Kz,Qthresh,Rs,Rb1,Rb2,Prec,Frac4Rise,Error,BFF
11452500,2.95e+09,10306.5,100,1595.97,0.15,0.020303,1,4693.49,9865.55,0.98616,1.23307e+06,-0.143841,-0.076715,-0.149911,24.4657,0.05,247.504,0.179945
