tmp.site,tmp.area,Lb,X1,Wb,POR,ALPHA,BETA,Ks,Kb,Kz,Qthresh,Rs,Rb1,Rb2,Prec,Frac4Rise,Error,BFF
03353451,4.19578e+08,7.41831e+06,100,39.9576,0.15,0.039813,1,438.417,177.098,0.543592,24318.9,-0.07248,-0.013918,-0.022082,782.903,0.05,0.574082,0.317234
