tmp.site,tmp.area,Lb,X1,Wb,POR,ALPHA,BETA,Ks,Kb,Kz,Qthresh,Rs,Rb1,Rb2,Prec,Frac4Rise,Error,BFF
07228940,6.50968e+10,4837.41,86.043,1639.4,0.15,0.011368,0.9,1559.45,4528.22,0.952056,858747,-0.146082,-0.056626,-0.090788,289.185,0.05,1.94657,0.393077
