tmp.site,tmp.area,Lb,X1,Wb,POR,ALPHA,BETA,Ks,Kb,Kz,Qthresh,Rs,Rb1,Rb2,Prec,Frac4Rise,Error,BFF
11128250,7.61457e+07,31939.2,100,8.67658,0.15,0.005829,1,865.094,519.733,0.453069,2960.35,-0.168236,-0.060135,-0.077816,24.4657,0.05,0.633409,0.007147
