tmp.site,tmp.area,Lb,X1,Wb,POR,ALPHA,BETA,Ks,Kb,Kz,Qthresh,Rs,Rb1,Rb2,Prec,Frac4Rise,Error,BFF
11172955,9.03906e+07,9472.14,448.077,172.517,0.15,0.030118,1.1,265.17,30131.5,0.43808,978.629,-0.1645,-0.06484,-0.036537,24.4657,0.05,0.879761,0.163008
