tmp.site,tmp.area,Lb,X1,Wb,POR,ALPHA,BETA,Ks,Kb,Kz,Qthresh,Rs,Rb1,Rb2,Prec,Frac4Rise,Error,BFF
13168500,6.95671e+09,13978.1,1.29016,3651.54,0.15,0.00354,1.1,3.02193,158.453,1.24589,144348,-0.07155,-0.029825,-0.026565,8391.74,0.05,0.329676,0.792337
