tmp.site,tmp.area,Lb,X1,Wb,POR,ALPHA,BETA,Ks,Kb,Kz,Qthresh,Rs,Rb1,Rb2,Prec,Frac4Rise,Error,BFF
04119160,1.30794e+08,17687,100,343.62,0.15,0.009063,1,506.321,6436.71,0.951989,51219,-0.237343,-0.076499,-0.043342,4599.55,0.05,0.231258,0.483819
