tmp.site,tmp.area,Lb,X1,Wb,POR,ALPHA,BETA,Ks,Kb,Kz,Qthresh,Rs,Rb1,Rb2,Prec,Frac4Rise,Error,BFF
02312500,2.09789e+09,45832,0.691155,1164.61,0.15,0.026722,1,322.264,146.809,1.23007,364539,-0.057249,-0.025635,-0.02771,24.4657,0.05,1.79845,0.553199
