tmp.site,tmp.area,Lb,X1,Wb,POR,ALPHA,BETA,Ks,Kb,Kz,Qthresh,Rs,Rb1,Rb2,Prec,Frac4Rise,Error,BFF
12202310,3.03029e+06,1950.44,2.85178,158.437,0.15,0.023076,1,235.057,125.053,0.307078,4477.23,-0.230616,-0.07122,-0.074465,24.4657,0.05,0.436369,0.450868
