tmp.site,tmp.area,Lb,X1,Wb,POR,ALPHA,BETA,Ks,Kb,Kz,Qthresh,Rs,Rb1,Rb2,Prec,Frac4Rise,Error,BFF
02138500,1.72752e+08,9044.66,15.8559,728.102,0.15,0.015553,4.6,970.409,69.7312,0.494622,57110.3,-0.235002,-0.061358,-0.036972,4893.14,0.05,0.291028,0.479077
