tmp.site,tmp.area,Lb,X1,Wb,POR,ALPHA,BETA,Ks,Kb,Kz,Qthresh,Rs,Rb1,Rb2,Prec,Frac4Rise,Error,BFF
04122025,6.37137e+09,37008.9,11260.9,4094.26,0.15,0.009753,10.1,1083.16,7703.63,0.875672,3.66986e+06,-0.031984,-0.027899,-0.021355,261783,0.05,0.166952,0.765403
