tmp.site,tmp.area,Lb,X1,Wb,POR,ALPHA,BETA,Ks,Kb,Kz,Qthresh,Rs,Rb1,Rb2,Prec,Frac4Rise,Error,BFF
08382000,8.10666e+08,77081.5,100,62.0392,0.15,0.021849,1,2554.25,6920.35,1.01337,20795.9,-0.17908,-0.063991,-0.075123,73.3971,0.05,1.0048,0.179636
