tmp.site,tmp.area,Lb,X1,Wb,POR,ALPHA,BETA,Ks,Kb,Kz,Qthresh,Rs,Rb1,Rb2,Prec,Frac4Rise,Error,BFF
07099050,3.15979e+08,54285.9,9.81426,154.176,0.15,0.01018,0.9,227.86,3325.11,0.656029,6728.07,-0.064213,-0.038336,-0.049876,389.152,0.05,0.393527,0.40345
