tmp.site,tmp.area,Lb,X1,Wb,POR,ALPHA,BETA,Ks,Kb,Kz,Qthresh,Rs,Rb1,Rb2,Prec,Frac4Rise,Error,BFF
14200100,6.47497e+07,14409.7,100,677.842,0.15,0.038709,1,526.546,18224.6,0.743515,831.834,-0.12688,-0.044186,-0.055494,24.4657,0.05,0.418916,0.558581
