tmp.site,tmp.area,Lb,X1,Wb,POR,ALPHA,BETA,Ks,Kb,Kz,Qthresh,Rs,Rb1,Rb2,Prec,Frac4Rise,Error,BFF
02232500,3.98599e+09,52434.1,248.376,5329.61,0.15,0.037618,0.9,935.079,57596.2,1.06317,2.44168e+06,-0.053914,-0.01674,-0.025613,5945.17,0.05,0.438084,0.614673
