tmp.site,tmp.area,Lb,X1,Wb,POR,ALPHA,BETA,Ks,Kb,Kz,Qthresh,Rs,Rb1,Rb2,Prec,Frac4Rise,Error,BFF
01642600,2.28437e+08,22703.8,100,156.562,0.15,0.01774,1,1525.18,5451.94,0.900209,33170.6,-0.25055,-0.067927,-0.044273,2612.45,0.05,0.47321,0.292282
