tmp.site,tmp.area,Lb,X1,Wb,POR,ALPHA,BETA,Ks,Kb,Kz,Qthresh,Rs,Rb1,Rb2,Prec,Frac4Rise,Error,BFF
05481950,9.27216e+08,21353,100,722.09,0.15,0.022751,1,918.206,37837.8,0.972607,83183.4,-0.157541,-0.058379,-0.080475,24.4657,0.05,0.989669,0.474046
