tmp.site,tmp.area,Lb,X1,Wb,POR,ALPHA,BETA,Ks,Kb,Kz,Qthresh,Rs,Rb1,Rb2,Prec,Frac4Rise,Error,BFF
03213500,8.02896e+07,10301.4,100,239.161,0.15,0.021297,1,483.604,25831.4,0.900162,4403.83,-0.202733,-0.093262,-0.09104,73.3971,0.05,0.458299,0.327342
