tmp.site,tmp.area,Lb,X1,Wb,POR,ALPHA,BETA,Ks,Kb,Kz,Qthresh,Rs,Rb1,Rb2,Prec,Frac4Rise,Error,BFF
06402000,3.52238e+08,348756,100,187.185,0.15,0.004764,1,2738.61,57.3548,0.20385,61408.9,-0.202733,-0.005222,-0.007691,4403.83,0.05,0.168,0.807952
