tmp.site,tmp.area,Lb,X1,Wb,POR,ALPHA,BETA,Ks,Kb,Kz,Qthresh,Rs,Rb1,Rb2,Prec,Frac4Rise,Error,BFF
08254000,1.41413e+08,9792.18,100,168.31,0.15,0.010426,1,33.6279,14358.2,0.886457,18593.9,-0.007742,-0.094328,-0.035745,24.4657,0.05,14.7536,0.19999
