tmp.site,tmp.area,Lb,X1,Wb,POR,ALPHA,BETA,Ks,Kb,Kz,Qthresh,Rs,Rb1,Rb2,Prec,Frac4Rise,Error,BFF
14306500,8.65056e+08,8130.96,218.445,3074.9,0.15,0.014061,1.2,4185.71,3393.15,0.811311,153155,-0.168589,-0.057967,-0.01603,15829.3,0.05,0.26898,0.396816
