tmp.site,tmp.area,Lb,X1,Wb,POR,ALPHA,BETA,Ks,Kb,Kz,Qthresh,Rs,Rb1,Rb2,Prec,Frac4Rise,Error,BFF
01485500,1.1629e+08,12504.4,100,304.919,0.15,0.017916,1,464.586,20133,0.928609,2911.42,-0.143841,-0.077595,-0.060163,335.18,0.05,0.414563,0.409164
