tmp.site,tmp.area,Lb,X1,Wb,POR,ALPHA,BETA,Ks,Kb,Kz,Qthresh,Rs,Rb1,Rb2,Prec,Frac4Rise,Error,BFF
10321940,8.59876e+08,27921.1,100,40.6825,0.15,0.012234,1,1191.98,6307.23,1.04045,17713.2,-0.091788,-0.036963,-0.049257,24.4657,0.05,1.07343,0.0385
