tmp.site,tmp.area,Lb,X1,Wb,POR,ALPHA,BETA,Ks,Kb,Kz,Qthresh,Rs,Rb1,Rb2,Prec,Frac4Rise,Error,BFF
03550000,2.69359e+08,22229.8,6.60011,748.891,0.15,0.010788,5.9,1221.7,47.0955,0.65998,66057.4,-0.283982,-0.049517,-0.028883,7364.18,0.05,0.262268,0.54335
