tmp.site,tmp.area,Lb,X1,Wb,POR,ALPHA,BETA,Ks,Kb,Kz,Qthresh,Rs,Rb1,Rb2,Prec,Frac4Rise,Error,BFF
04280450,4.32528e+08,9428.44,100,1098.49,0.15,0.017019,1,1265.68,10939.7,0.954052,104376,-0.200928,-0.048479,-0.035549,3660.07,0.05,0.316639,0.544567
