tmp.site,tmp.area,Lb,X1,Wb,POR,ALPHA,BETA,Ks,Kb,Kz,Qthresh,Rs,Rb1,Rb2,Prec,Frac4Rise,Error,BFF
05503800,2.07199e+08,5768.27,19.1061,295.986,0.15,0.007847,1,2082.23,3288,2.2319,119882,-0.242855,-0.175101,-0.179865,24.4657,0.05,2.52799,0.076531
