tmp.site,tmp.area,Lb,X1,Wb,POR,ALPHA,BETA,Ks,Kb,Kz,Qthresh,Rs,Rb1,Rb2,Prec,Frac4Rise,Error,BFF
01105880,2.43459e+07,5754.77,100,350.801,0.15,0.024512,1,127.879,2396,0.203002,2422.11,-0.09908,-0.020853,-0.044886,237.317,0.05,0.330309,0.670732
