tmp.site,tmp.area,Lb,X1,Wb,POR,ALPHA,BETA,Ks,Kb,Kz,Qthresh,Rs,Rb1,Rb2,Prec,Frac4Rise,Error,BFF
07194800,4.32528e+08,22034.7,50.9352,477.83,0.15,0.009639,1.7,1510.93,7187.28,0.205189,31805.4,-0.203656,-0.098987,-0.053147,1323.6,0.05,0.462415,0.261856
