tmp.site,tmp.area,Lb,X1,Wb,POR,ALPHA,BETA,Ks,Kb,Kz,Qthresh,Rs,Rb1,Rb2,Prec,Frac4Rise,Error,BFF
13120000,2.97849e+08,76155,100,160.735,0.15,0.013607,1,300.243,5416.67,0.916257,88076.6,-0.091161,-0.025108,-0.011114,3425.2,0.05,0.338062,0.245134
