tmp.site,tmp.area,Lb,X1,Wb,POR,ALPHA,BETA,Ks,Kb,Kz,Qthresh,Rs,Rb1,Rb2,Prec,Frac4Rise,Error,BFF
04061500,1.54622e+09,44691.2,100,927.721,0.15,0.006146,1,956.102,970.572,0.948495,770670,-0.061149,-0.041865,-0.023135,42081,0.05,0.258695,0.444081
