tmp.site,tmp.area,Lb,X1,Wb,POR,ALPHA,BETA,Ks,Kb,Kz,Qthresh,Rs,Rb1,Rb2,Prec,Frac4Rise,Error,BFF
01480629,5.85337e+07,38538.4,10946.3,316.864,0.15,0.021266,9.6,1046.02,52.937,0.051608,59985,-0.438449,-0.045284,-0.023723,1941.5,0.05,0.320327,0.480009
