tmp.site,tmp.area,Lb,X1,Wb,POR,ALPHA,BETA,Ks,Kb,Kz,Qthresh,Rs,Rb1,Rb2,Prec,Frac4Rise,Error,BFF
09149500,2.88525e+09,34801.2,45.7823,700.736,0.15,0.008268,0.9,1203.15,4874.65,0.895996,555372,-0.077075,-0.036322,-0.042737,15658.1,0.05,0.363765,0.52141
