tmp.site,tmp.area,Lb,X1,Wb,POR,ALPHA,BETA,Ks,Kb,Kz,Qthresh,Rs,Rb1,Rb2,Prec,Frac4Rise,Error,BFF
06052500,4.63349e+09,4057.47,2.97512,15630.3,0.15,0.001911,1,243.491,96.3649,1.29078,2.0698e+06,-0.055776,-0.032915,-0.033986,53824.6,0.05,0.375596,0.790363
