tmp.site,tmp.area,Lb,X1,Wb,POR,ALPHA,BETA,Ks,Kb,Kz,Qthresh,Rs,Rb1,Rb2,Prec,Frac4Rise,Error,BFF
02389150,3.39288e+08,29586.2,100,729.815,0.15,0.010058,1,968.738,11442.3,0.983518,225168,-0.280007,-0.03717,-0.030362,10237.7,0.05,0.267244,0.569821
