tmp.site,tmp.area,Lb,X1,Wb,POR,ALPHA,BETA,Ks,Kb,Kz,Qthresh,Rs,Rb1,Rb2,Prec,Frac4Rise,Error,BFF
11402000,4.76558e+08,31075.7,117.744,604.94,0.15,0.009836,1.9,720.387,8586.18,1.21245,151687,-0.143841,-0.048418,-0.026654,2331.58,0.05,0.330279,0.427834
