tmp.site,tmp.area,Lb,X1,Wb,POR,ALPHA,BETA,Ks,Kb,Kz,Qthresh,Rs,Rb1,Rb2,Prec,Frac4Rise,Error,BFF
07010022,2.31545e+07,5408.51,100,57.8328,0.15,0.015867,1,810.678,24482.7,0.926956,11009.6,-0.839636,-0.105744,-0.257987,24.4657,0.05,1.83062,0.062129
