tmp.site,tmp.area,Lb,X1,Wb,POR,ALPHA,BETA,Ks,Kb,Kz,Qthresh,Rs,Rb1,Rb2,Prec,Frac4Rise,Error,BFF
02169520,1.87515e+08,47446.4,21.9595,457.559,0.15,0.009748,0.9,677.877,1536.9,1.0014,271569,-0.21214,-0.040688,-0.045195,16755.1,0.05,0.184871,0.654671
