tmp.site,tmp.area,Lb,X1,Wb,POR,ALPHA,BETA,Ks,Kb,Kz,Qthresh,Rs,Rb1,Rb2,Prec,Frac4Rise,Error,BFF
05340500,1.61615e+10,12495.5,0.040718,14901.5,0.15,0.004856,1,1053.36,6.22703,0.959927,6.55681e+06,-0.055613,-0.040035,-0.040638,225258,0.05,0.245362,0.895213
