tmp.site,tmp.area,Lb,X1,Wb,POR,ALPHA,BETA,Ks,Kb,Kz,Qthresh,Rs,Rb1,Rb2,Prec,Frac4Rise,Error,BFF
04185000,1.0619e+09,20371.3,51.7842,1111.84,0.15,0.011785,1.3,3679.43,13784.6,1.39817,73397.1,-0.142065,-0.086055,-0.056704,2446.57,0.05,0.426588,0.435342
