tmp.site,tmp.area,Lb,X1,Wb,POR,ALPHA,BETA,Ks,Kb,Kz,Qthresh,Rs,Rb1,Rb2,Prec,Frac4Rise,Error,BFF
01122000,4.50658e+08,10951.2,100,731.121,0.15,0.02193,1,996.645,10272.6,0.907122,320501,-0.063509,-0.054102,-0.075259,1648.5,0.05,0.514277,0.42994
