tmp.site,tmp.area,Lb,X1,Wb,POR,ALPHA,BETA,Ks,Kb,Kz,Qthresh,Rs,Rb1,Rb2,Prec,Frac4Rise,Error,BFF
04153300,2.57833e+09,15209.1,100,1578.75,0.15,0.008701,1,1487.41,7837.92,0.92643,1.29913e+06,-0.107452,-0.041644,-0.022506,53090.6,0.05,0.280212,0.578649
