tmp.site,tmp.area,Lb,X1,Wb,POR,ALPHA,BETA,Ks,Kb,Kz,Qthresh,Rs,Rb1,Rb2,Prec,Frac4Rise,Error,BFF
01594440,9.01316e+08,14702.8,2.78333,972.183,0.15,0.006947,7,2642.66,6.15097,0.142099,179297,-0.339426,-0.072893,-0.046741,18349.3,0.05,0.298155,0.428834
