tmp.site,tmp.area,Lb,X1,Wb,POR,ALPHA,BETA,Ks,Kb,Kz,Qthresh,Rs,Rb1,Rb2,Prec,Frac4Rise,Error,BFF
10301720,7.17945e+09,26924.2,23.8506,906.181,0.15,0.009309,0.9,374.531,4795.11,0.893744,3033.75,-0.011723,-0.061086,-0.174562,119.882,0.05,5.72786,0.450201
