tmp.site,tmp.area,Lb,X1,Wb,POR,ALPHA,BETA,Ks,Kb,Kz,Qthresh,Rs,Rb1,Rb2,Prec,Frac4Rise,Error,BFF
07292500,2.03832e+09,5273.61,100,2845.59,0.15,0.005957,1,6471.89,1182.49,1.79185,540692,-0.292863,-0.118631,-0.040015,39145.1,0.05,0.325992,0.271879
