tmp.site,tmp.area,Lb,X1,Wb,POR,ALPHA,BETA,Ks,Kb,Kz,Qthresh,Rs,Rb1,Rb2,Prec,Frac4Rise,Error,BFF
05443500,2.26702e+10,19467.1,100,6796.46,0.15,0.006686,1,3682.54,8305.32,0.943693,7.82903e+06,-0.071092,-0.027029,-0.029145,269123,0.05,0.276168,0.633457
