tmp.site,tmp.area,Lb,X1,Wb,POR,ALPHA,BETA,Ks,Kb,Kz,Qthresh,Rs,Rb1,Rb2,Prec,Frac4Rise,Error,BFF
07197000,8.08076e+08,10289.7,100,1043.83,0.15,0.009751,1,1322.41,8575.9,0.944847,13456.1,-0.120388,-0.069309,-0.034877,1614.74,0.05,0.399035,0.32456
