tmp.site,tmp.area,Lb,X1,Wb,POR,ALPHA,BETA,Ks,Kb,Kz,Qthresh,Rs,Rb1,Rb2,Prec,Frac4Rise,Error,BFF
11140000,1.21988e+09,8986.57,100,1030,0.15,0.022608,1,3716.98,5739.47,0.886057,129668,-0.226121,-0.090273,-0.156525,24.4657,0.05,75.2809,0.198166
