tmp.site,tmp.area,Lb,X1,Wb,POR,ALPHA,BETA,Ks,Kb,Kz,Qthresh,Rs,Rb1,Rb2,Prec,Frac4Rise,Error,BFF
01452500,1.15254e+08,22722.1,100,364.005,0.15,0.010523,1,178.266,6717.92,0.739128,85385.3,-0.162748,-0.034309,-0.019102,2935.89,0.05,0.235198,0.614749
