tmp.site,tmp.area,Lb,X1,Wb,POR,ALPHA,BETA,Ks,Kb,Kz,Qthresh,Rs,Rb1,Rb2,Prec,Frac4Rise,Error,BFF
06164510,4.58195e+10,11089.1,100,1508.24,0.15,0.006454,1,1722.45,3157.04,1.01343,146794,-0.055613,-0.050341,-0.044508,6361.09,0.05,0.509527,0.32419
