tmp.site,tmp.area,Lb,X1,Wb,POR,ALPHA,BETA,Ks,Kb,Kz,Qthresh,Rs,Rb1,Rb2,Prec,Frac4Rise,Error,BFF
03431060,2.41905e+08,6403.5,100,881.77,0.15,0.016078,1,3021.31,14272,0.935859,4159.17,-0.313143,-0.098199,-0.097592,361.603,0.05,0.468223,0.312461
