tmp.site,tmp.area,Lb,X1,Wb,POR,ALPHA,BETA,Ks,Kb,Kz,Qthresh,Rs,Rb1,Rb2,Prec,Frac4Rise,Error,BFF
03456100,1.51255e+08,25564.7,100,564.215,0.15,0.009541,1,916.18,13692.9,1.01656,70950.6,-0.313945,-0.046888,-0.027167,6605.74,0.05,0.26521,0.529519
