tmp.site,tmp.area,Lb,X1,Wb,POR,ALPHA,BETA,Ks,Kb,Kz,Qthresh,Rs,Rb1,Rb2,Prec,Frac4Rise,Error,BFF
12480500,5.17998e+08,12424.1,100,1125.03,0.15,0.019519,1,781.377,15209.8,0.938696,9052.31,-0.092009,-0.040501,-0.056951,782.903,0.05,0.400308,0.590877
