tmp.site,tmp.area,Lb,X1,Wb,POR,ALPHA,BETA,Ks,Kb,Kz,Qthresh,Rs,Rb1,Rb2,Prec,Frac4Rise,Error,BFF
11466170,5.43898e+07,6221.35,100,201.319,0.15,0.016521,1,1291.64,9752.99,0.923366,6468.25,-0.346574,-0.10433,-0.183962,24.4657,0.05,1.84288,0.142167
