tmp.site,tmp.area,Lb,X1,Wb,POR,ALPHA,BETA,Ks,Kb,Kz,Qthresh,Rs,Rb1,Rb2,Prec,Frac4Rise,Error,BFF
09442000,1.03859e+10,4530.12,169.442,2245.09,0.15,0.010651,1,2255.05,4205.17,0.292182,24465.7,-0.100335,-0.051088,-0.04423,2348.71,0.05,0.7158,0.405752
