tmp.site,tmp.area,Lb,X1,Wb,POR,ALPHA,BETA,Ks,Kb,Kz,Qthresh,Rs,Rb1,Rb2,Prec,Frac4Rise,Error,BFF
08109800,6.31957e+08,5450.55,0.453648,419.811,0.15,0.008831,1,1227.82,53.4333,1.07217,65812.8,-0.202733,-0.11829,-0.131045,24.4657,0.05,2.26876,0.148598
