tmp.site,tmp.area,Lb,X1,Wb,POR,ALPHA,BETA,Ks,Kb,Kz,Qthresh,Rs,Rb1,Rb2,Prec,Frac4Rise,Error,BFF
06918740,6.13827e+08,23107.6,0.654179,824.653,0.15,0.013218,1.3,2276.9,180.497,0.712636,34252,-0.157819,-0.076505,-0.051974,1370.08,0.05,0.418578,0.401653
