tmp.site,tmp.area,Lb,X1,Wb,POR,ALPHA,BETA,Ks,Kb,Kz,Qthresh,Rs,Rb1,Rb2,Prec,Frac4Rise,Error,BFF
05485605,1.60579e+08,11870.2,100,366.502,0.15,0.019153,1,559.844,17975.4,0.920287,22263.8,-0.245432,-0.071608,-0.080978,90.5231,0.05,0.686101,0.387398
