tmp.site,tmp.area,Lb,X1,Wb,POR,ALPHA,BETA,Ks,Kb,Kz,Qthresh,Rs,Rb1,Rb2,Prec,Frac4Rise,Error,BFF
08080505,2.33177e+10,70429.7,16.9684,182.629,0.15,0.010389,0.9,32403.6,693.061,0.902106,81960.1,-0.178835,-0.054055,-0.069191,24.4657,0.05,32.1876,0.151933
