tmp.site,tmp.area,Lb,X1,Wb,POR,ALPHA,BETA,Ks,Kb,Kz,Qthresh,Rs,Rb1,Rb2,Prec,Frac4Rise,Error,BFF
01134800,2.08494e+07,4323.36,100,191.063,0.15,0.026733,1,268.243,8083.84,0.579679,8073.69,-0.234406,-0.061042,-0.083129,83.1834,0.05,0.491522,0.375863
