tmp.site,tmp.area,Lb,X1,Wb,POR,ALPHA,BETA,Ks,Kb,Kz,Qthresh,Rs,Rb1,Rb2,Prec,Frac4Rise,Error,BFF
01115183,5.07638e+06,2579.41,100,250.323,0.15,0.031992,1,317.468,6185.87,0.249943,9835.22,-0.311323,-0.05671,-0.117966,24.4657,0.05,0.579682,0.489917
