tmp.site,tmp.area,Lb,X1,Wb,POR,ALPHA,BETA,Ks,Kb,Kz,Qthresh,Rs,Rb1,Rb2,Prec,Frac4Rise,Error,BFF
06395000,1.85728e+10,6793.95,100,705.15,0.15,0.009151,1,1951.93,15020.9,0.92154,151687,-0.151143,-0.086814,-0.13376,24.4657,0.05,23.624,0.248782
