tmp.site,tmp.area,Lb,X1,Wb,POR,ALPHA,BETA,Ks,Kb,Kz,Qthresh,Rs,Rb1,Rb2,Prec,Frac4Rise,Error,BFF
08091500,1.0619e+09,22108,20.0917,278.054,0.15,0.00744,0.9,683.057,4186.97,1.02415,80736.9,-0.202733,-0.062241,-0.096593,24.4657,0.05,6.82384,0.142545
