tmp.site,tmp.area,Lb,X1,Wb,POR,ALPHA,BETA,Ks,Kb,Kz,Qthresh,Rs,Rb1,Rb2,Prec,Frac4Rise,Error,BFF
08211000,4.27426e+10,12945.9,8.26307,1412.03,0.15,0.001224,1.1,964.059,149.011,0.98188,1.36274e+06,-0.044277,-0.098092,-0.082151,6605.74,0.05,0.418764,0.123801
