tmp.site,tmp.area,Lb,X1,Wb,POR,ALPHA,BETA,Ks,Kb,Kz,Qthresh,Rs,Rb1,Rb2,Prec,Frac4Rise,Error,BFF
03113990,3.28928e+08,5152.77,100,1336.38,0.15,0.014881,1,4497.43,12467.8,1.01173,69971.9,-0.324297,-0.089269,-0.091032,398.791,0.05,0.450592,0.386715
