tmp.site,tmp.area,Lb,X1,Wb,POR,ALPHA,BETA,Ks,Kb,Kz,Qthresh,Rs,Rb1,Rb2,Prec,Frac4Rise,Error,BFF
02145910,7.82176e+09,9046.93,0.093673,17886.1,0.15,0.007745,1,1189.39,9.24434,1.48196,2.41819e+06,-0.023453,-0.051702,-0.05459,236339,0.05,0.550495,0.935905
