tmp.site,tmp.area,Lb,X1,Wb,POR,ALPHA,BETA,Ks,Kb,Kz,Qthresh,Rs,Rb1,Rb2,Prec,Frac4Rise,Error,BFF
03238140,1.09815e+07,6723.07,100,45.4803,0.15,0.04488,1,560.028,27217,0.848391,538.246,-0.676923,-0.121381,-0.161945,24.4657,0.05,0.746723,0.179692
