tmp.site,tmp.area,Lb,X1,Wb,POR,ALPHA,BETA,Ks,Kb,Kz,Qthresh,Rs,Rb1,Rb2,Prec,Frac4Rise,Error,BFF
042085017,3.44468e+07,13223.1,100,114.087,0.15,0.013215,1,477.031,27833.3,0.917969,3547.53,-0.376935,-0.113529,-0.129264,297.112,0.05,0.379442,0.249688
