tmp.site,tmp.area,Lb,X1,Wb,POR,ALPHA,BETA,Ks,Kb,Kz,Qthresh,Rs,Rb1,Rb2,Prec,Frac4Rise,Error,BFF
08158380,1.35197e+07,6530.44,100,40.0979,0.15,0.019699,1,453.519,13808.3,0.935906,8636.4,-0.346574,-0.137632,-0.171739,24.4657,0.05,0.693681,0.059446
