tmp.site,tmp.area,Lb,X1,Wb,POR,ALPHA,BETA,Ks,Kb,Kz,Qthresh,Rs,Rb1,Rb2,Prec,Frac4Rise,Error,BFF
07145600,1.13444e+11,98012.3,169.999,1065.54,0.15,0.003074,3.9,2413.57,5416.19,1.056,1.12542e+06,-0.135741,-0.060362,-0.035618,37689.4,0.05,0.369129,0.31162
