tmp.site,tmp.area,Lb,X1,Wb,POR,ALPHA,BETA,Ks,Kb,Kz,Qthresh,Rs,Rb1,Rb2,Prec,Frac4Rise,Error,BFF
01081500,3.90311e+09,20812.8,82.0737,2548.68,0.15,0.007815,1,3204.09,12119.3,0.875683,1.93279e+06,-0.091161,-0.044242,-0.043725,120861,0.05,0.285579,0.556175
