tmp.site,tmp.area,Lb,X1,Wb,POR,ALPHA,BETA,Ks,Kb,Kz,Qthresh,Rs,Rb1,Rb2,Prec,Frac4Rise,Error,BFF
14211315,1.62651e+07,11689.7,26.3152,139.887,0.15,0.018408,1,430.444,2468.83,0.714771,2055.12,-0.282904,-0.077797,-0.084757,56.2711,0.05,0.575959,0.314292
