tmp.site,tmp.area,Lb,X1,Wb,POR,ALPHA,BETA,Ks,Kb,Kz,Qthresh,Rs,Rb1,Rb2,Prec,Frac4Rise,Error,BFF
12472600,1.25355e+10,5.09802e+06,100,97.0725,0.15,0.048722,1,3905.64,10.9415,0.896737,472188,-0.043506,-0.014917,-0.021956,11988.2,0.05,0.540979,0.377255
