tmp.site,tmp.area,Lb,X1,Wb,POR,ALPHA,BETA,Ks,Kb,Kz,Qthresh,Rs,Rb1,Rb2,Prec,Frac4Rise,Error,BFF
11367760,1.04636e+09,642527,14.4947,1604.15,0.15,0.018968,0.8,20.5817,755.591,0.906698,398791,-0.024395,-0.011266,-0.03786,10275.6,0.05,0.435993,0.798163
