tmp.site,tmp.area,Lb,X1,Wb,POR,ALPHA,BETA,Ks,Kb,Kz,Qthresh,Rs,Rb1,Rb2,Prec,Frac4Rise,Error,BFF
03584045,9.71246e+08,10754,1.21411,1450.39,0.15,0.010228,2.1,4373.53,43.0826,1.01128,108227,-0.211347,-0.091789,-0.045656,7108.27,0.05,0.350455,0.380903
