tmp.site,tmp.area,Lb,X1,Wb,POR,ALPHA,BETA,Ks,Kb,Kz,Qthresh,Rs,Rb1,Rb2,Prec,Frac4Rise,Error,BFF
13011500,4.37708e+08,3212.28,1116.56,3707.42,0.15,0.003594,10.1,193.828,133.38,0.883038,140844,-0.109357,-0.03466,-0.014168,6361.09,0.05,0.283061,0.484248
