tmp.site,tmp.area,Lb,X1,Wb,POR,ALPHA,BETA,Ks,Kb,Kz,Qthresh,Rs,Rb1,Rb2,Prec,Frac4Rise,Error,BFF
04100500,1.53845e+09,22814,100,1334.65,0.15,0.011106,1,583.066,15086.1,0.980394,274016,-0.091161,-0.027859,-0.026786,19572.6,0.05,0.276636,0.655868
