tmp.site,tmp.area,Lb,X1,Wb,POR,ALPHA,BETA,Ks,Kb,Kz,Qthresh,Rs,Rb1,Rb2,Prec,Frac4Rise,Error,BFF
02173500,1.76896e+09,17484.2,224.126,1643.6,0.15,0.011371,1,439.125,7667.76,1.01208,1.74196e+06,-0.045486,-0.028822,-0.027816,47708.1,0.05,0.278475,0.608537
