tmp.site,tmp.area,Lb,X1,Wb,POR,ALPHA,BETA,Ks,Kb,Kz,Qthresh,Rs,Rb1,Rb2,Prec,Frac4Rise,Error,BFF
08037050,8.10666e+07,7244.02,100,242.04,0.15,0.030144,1,1622.84,15483.2,1.00535,21024.9,-0.460043,-0.095797,-0.137659,24.4657,0.05,1.62472,0.218267
