tmp.site,tmp.area,Lb,X1,Wb,POR,ALPHA,BETA,Ks,Kb,Kz,Qthresh,Rs,Rb1,Rb2,Prec,Frac4Rise,Error,BFF
394839104570300,4.84328e+08,3451.35,85.8068,602.506,0.15,0.010375,0.9,1130.29,1337.4,0.049411,42325.7,-0.161479,-0.068298,-0.081048,1616.3,0.05,0.385896,0.292422
