tmp.site,tmp.area,Lb,X1,Wb,POR,ALPHA,BETA,Ks,Kb,Kz,Qthresh,Rs,Rb1,Rb2,Prec,Frac4Rise,Error,BFF
13236500,2.82309e+08,15326.8,179.125,1170.8,0.15,0.022144,1.1,34.4302,12849.5,0.935945,144592,-0.005486,-0.025718,-0.016736,107.453,0.05,42.6725,0.514709
