tmp.site,tmp.area,Lb,X1,Wb,POR,ALPHA,BETA,Ks,Kb,Kz,Qthresh,Rs,Rb1,Rb2,Prec,Frac4Rise,Error,BFF
01387095,2.69359e+07,5877.9,100,153.745,0.15,0.036534,1,156.153,13145.1,0.945828,26423,-0.279445,-0.098999,-0.080109,207.322,0.05,0.402614,0.354248
