tmp.site,tmp.area,Lb,X1,Wb,POR,ALPHA,BETA,Ks,Kb,Kz,Qthresh,Rs,Rb1,Rb2,Prec,Frac4Rise,Error,BFF
13117030,1.036e+09,1.46852e+06,100,70.3181,0.15,0.014897,1,276.897,659.059,0.483871,122329,-0.060481,-0.007473,-0.008536,8563,0.05,0.193174,0.753499
