tmp.site,tmp.area,Lb,X1,Wb,POR,ALPHA,BETA,Ks,Kb,Kz,Qthresh,Rs,Rb1,Rb2,Prec,Frac4Rise,Error,BFF
094985005,4.39003e+07,600.119,6.34086,29.4504,0.15,0.003114,1.1,1408.74,0.951858,1.40018,611.643,-0.211742,-0.138713,-0.077815,24.4657,0.05,0.456987,0.00039
