tmp.site,tmp.area,Lb,X1,Wb,POR,ALPHA,BETA,Ks,Kb,Kz,Qthresh,Rs,Rb1,Rb2,Prec,Frac4Rise,Error,BFF
07335790,1.8104e+09,10577.3,32.3572,1444.89,0.15,0.015971,1,4296.25,10872,2.61762,102988,-0.134276,-0.114807,-0.128319,24.4657,0.05,0.819755,0.298553
