tmp.site,tmp.area,Lb,X1,Wb,POR,ALPHA,BETA,Ks,Kb,Kz,Qthresh,Rs,Rb1,Rb2,Prec,Frac4Rise,Error,BFF
01302020,9.94555e+07,14485.1,100,367.556,0.15,0.012277,1,1223.57,10132.4,1.0026,42815,-0.410207,-0.069294,-0.058148,2617.83,0.05,0.338567,0.388974
