tmp.site,tmp.area,Lb,X1,Wb,POR,ALPHA,BETA,Ks,Kb,Kz,Qthresh,Rs,Rb1,Rb2,Prec,Frac4Rise,Error,BFF
07140880,5.72387e+08,181793,100,27.3756,0.15,0.066553,1,1029.94,4853.86,0.937797,10936.2,-0.097333,-0.073444,-0.086055,24.4657,0.05,7.98459,0.183384
