tmp.site,tmp.area,Lb,X1,Wb,POR,ALPHA,BETA,Ks,Kb,Kz,Qthresh,Rs,Rb1,Rb2,Prec,Frac4Rise,Error,BFF
01399200,2.82309e+07,10033.5,100,221.323,0.15,0.019493,1,245.492,8300.74,0.523912,20551.2,-0.202733,-0.045571,-0.055192,610.322,0.05,0.328272,0.511889
