tmp.site,tmp.area,Lb,X1,Wb,POR,ALPHA,BETA,Ks,Kb,Kz,Qthresh,Rs,Rb1,Rb2,Prec,Frac4Rise,Error,BFF
02111500,2.31027e+08,29482.5,863.313,415.172,0.15,0.027972,6.4,244.921,1685.53,1.31119,171015,-0.346574,-0.038071,-0.027833,7829.03,0.05,0.246292,0.585559
