tmp.site,tmp.area,Lb,X1,Wb,POR,ALPHA,BETA,Ks,Kb,Kz,Qthresh,Rs,Rb1,Rb2,Prec,Frac4Rise,Error,BFF
13174500,5.41308e+08,18329.8,170.401,362.794,0.15,0.033637,0.9,25.7653,15797.1,1.01153,56271.1,-0.008801,-0.041236,-0.105808,24.4657,0.05,74.6297,0.476717
