tmp.site,tmp.area,Lb,X1,Wb,POR,ALPHA,BETA,Ks,Kb,Kz,Qthresh,Rs,Rb1,Rb2,Prec,Frac4Rise,Error,BFF
02337498,8.96136e+07,21509.3,8143.44,244.455,0.15,0.02107,7,273.266,1401.28,0.751464,23511.6,-0.09943,-0.053228,-0.032236,1032.45,0.05,0.427419,0.295193
