tmp.site,tmp.area,Lb,X1,Wb,POR,ALPHA,BETA,Ks,Kb,Kz,Qthresh,Rs,Rb1,Rb2,Prec,Frac4Rise,Error,BFF
03535200,1.45298e+08,11081.9,100,474.221,0.15,0.009674,1,1499.44,7889.27,0.916592,14190.1,-0.456205,-0.083684,-0.037433,1632.72,0.05,0.345301,0.363022
