tmp.site,tmp.area,Lb,X1,Wb,POR,ALPHA,BETA,Ks,Kb,Kz,Qthresh,Rs,Rb1,Rb2,Prec,Frac4Rise,Error,BFF
03345500,3.92642e+09,23465.2,47.1458,1780.18,0.15,0.011591,1.3,6231.98,10584.3,1.14754,44038.3,-0.163012,-0.080053,-0.047145,3669.86,0.05,0.438314,0.404629
