tmp.site,tmp.area,Lb,X1,Wb,POR,ALPHA,BETA,Ks,Kb,Kz,Qthresh,Rs,Rb1,Rb2,Prec,Frac4Rise,Error,BFF
11465350,5.62027e+08,23919.6,16.8933,1474.73,0.15,0.001418,1,37.4488,47.0702,1.31946,327841,-0.066766,-0.028139,-0.02974,48.9314,0.05,4.06036,0.316438
