tmp.site,tmp.area,Lb,X1,Wb,POR,ALPHA,BETA,Ks,Kb,Kz,Qthresh,Rs,Rb1,Rb2,Prec,Frac4Rise,Error,BFF
05529000,9.32396e+08,16232.4,100,1594.42,0.15,0.025589,1,1709.6,25197.3,1.00244,215298,-0.101546,-0.054093,-0.066053,366.986,0.05,0.481794,0.511541
