tmp.site,tmp.area,Lb,X1,Wb,POR,ALPHA,BETA,Ks,Kb,Kz,Qthresh,Rs,Rb1,Rb2,Prec,Frac4Rise,Error,BFF
06935830,4.42888e+07,10464.1,100,218.63,0.15,0.007406,1,452.533,4503.31,0.929073,12281.8,-0.492482,-0.124135,-0.042222,944.377,0.05,0.286696,0.307756
