tmp.site,tmp.area,Lb,X1,Wb,POR,ALPHA,BETA,Ks,Kb,Kz,Qthresh,Rs,Rb1,Rb2,Prec,Frac4Rise,Error,BFF
03332349,1.72286e+08,7000.53,107.114,998.345,0.15,0.018537,0.9,500.515,7759.18,0.14762,166612,-0.09823,-0.032127,-0.034687,3469.73,0.05,0.278576,0.665669
