tmp.site,tmp.area,Lb,X1,Wb,POR,ALPHA,BETA,Ks,Kb,Kz,Qthresh,Rs,Rb1,Rb2,Prec,Frac4Rise,Error,BFF
06350000,1.50219e+09,3746.18,703.377,630.291,0.15,0.006458,1.4,865.626,9472.55,0.114136,11156.4,-0.104569,-0.085818,-0.045089,24.4657,0.05,2.17524,0.146827
