tmp.site,tmp.area,Lb,X1,Wb,POR,ALPHA,BETA,Ks,Kb,Kz,Qthresh,Rs,Rb1,Rb2,Prec,Frac4Rise,Error,BFF
01315227,906496,1823,100,44.1717,0.15,0.042961,1,163.758,2947.79,0.141274,391.451,-0.286889,-0.075311,-0.09133,24.4657,0.05,0.55284,0.271105
