tmp.site,tmp.area,Lb,X1,Wb,POR,ALPHA,BETA,Ks,Kb,Kz,Qthresh,Rs,Rb1,Rb2,Prec,Frac4Rise,Error,BFF
02146700,1.80004e+07,9751.95,117.091,54.6885,0.15,0.012878,1,779.68,17569.1,0.857818,8563,-0.694438,-0.143093,-0.145023,24.4657,0.05,0.56051,0.093544
