tmp.site,tmp.area,Lb,X1,Wb,POR,ALPHA,BETA,Ks,Kb,Kz,Qthresh,Rs,Rb1,Rb2,Prec,Frac4Rise,Error,BFF
013621955,3.23749e+07,7126.95,113.046,365.359,0.15,0.021798,8.9,178.117,604.656,0.714435,7339.71,-0.143841,-0.055969,-0.026206,596.963,0.05,0.263309,0.613254
