tmp.site,tmp.area,Lb,X1,Wb,POR,ALPHA,BETA,Ks,Kb,Kz,Qthresh,Rs,Rb1,Rb2,Prec,Frac4Rise,Error,BFF
02307200,1.29758e+07,5257.49,100,119.31,0.15,0.091992,1,557.548,5985.11,0.527619,9394.83,-0.094621,-0.066514,-0.131683,24.4657,0.05,1.62468,0.201128
