tmp.site,tmp.area,Lb,X1,Wb,POR,ALPHA,BETA,Ks,Kb,Kz,Qthresh,Rs,Rb1,Rb2,Prec,Frac4Rise,Error,BFF
03092090,5.64617e+07,8647.94,100,192.709,0.15,0.020564,1,519.087,15337.8,1.00808,3180.54,-0.274623,-0.102277,-0.094568,220.191,0.05,0.509183,0.268648
