tmp.site,tmp.area,Lb,X1,Wb,POR,ALPHA,BETA,Ks,Kb,Kz,Qthresh,Rs,Rb1,Rb2,Prec,Frac4Rise,Error,BFF
11118500,4.86918e+08,55951.4,101.678,235.853,0.15,0.039146,1,1124.7,23358.3,1.17553,80736.9,-0.170575,-0.051252,-0.070489,24.4657,0.05,7.71895,0.172801
