tmp.site,tmp.area,Lb,X1,Wb,POR,ALPHA,BETA,Ks,Kb,Kz,Qthresh,Rs,Rb1,Rb2,Prec,Frac4Rise,Error,BFF
11469000,6.34547e+08,9968.8,100,1505.07,0.15,0.012272,1,3894.04,3875.11,2.09715,75843.7,-0.181401,-0.074972,-0.016162,4208.1,0.05,0.374881,0.200137
