tmp.site,tmp.area,Lb,X1,Wb,POR,ALPHA,BETA,Ks,Kb,Kz,Qthresh,Rs,Rb1,Rb2,Prec,Frac4Rise,Error,BFF
07144490,2.97849e+08,6210.86,107.193,9176.3,0.15,0.007109,1.2,1048.53,86186.1,1.05638,19083.3,-0.227413,-0.169671,-0.120674,39.4387,0.05,7.73421,0.944369
