tmp.site,tmp.area,Lb,X1,Wb,POR,ALPHA,BETA,Ks,Kb,Kz,Qthresh,Rs,Rb1,Rb2,Prec,Frac4Rise,Error,BFF
03298550,2.04868e+07,9483,3.69691,102.099,0.15,0.02468,1,399.374,1003.54,1.10929,24465.7,-0.293347,-0.12831,-0.165007,24.4657,0.05,1.39654,0.206357
