tmp.site,tmp.area,Lb,X1,Wb,POR,ALPHA,BETA,Ks,Kb,Kz,Qthresh,Rs,Rb1,Rb2,Prec,Frac4Rise,Error,BFF
01643880,1.22247e+08,34074.3,100,188.155,0.15,0.043285,1,880.068,36984.9,0.964816,39634.5,-0.322313,-0.064207,-0.109651,24.4657,0.05,1.6103,0.256918
