tmp.site,tmp.area,Lb,X1,Wb,POR,ALPHA,BETA,Ks,Kb,Kz,Qthresh,Rs,Rb1,Rb2,Prec,Frac4Rise,Error,BFF
01413408,2.12897e+08,9225.19,1.58849,902.865,0.15,0.011997,2.4,798.024,52.4579,1.33754,56760.5,-0.195739,-0.064728,-0.033089,2691.23,0.05,0.279943,0.558406
