tmp.site,tmp.area,Lb,X1,Wb,POR,ALPHA,BETA,Ks,Kb,Kz,Qthresh,Rs,Rb1,Rb2,Prec,Frac4Rise,Error,BFF
0214627970,2.34912e+07,24789.3,100,119.859,0.15,0.016791,1,273.878,3549.8,0.794683,27890.9,-0.327957,-0.07542,-0.068966,1025.11,0.05,0.243732,0.392349
