tmp.site,tmp.area,Lb,X1,Wb,POR,ALPHA,BETA,Ks,Kb,Kz,Qthresh,Rs,Rb1,Rb2,Prec,Frac4Rise,Error,BFF
05438500,1.39341e+09,18897.7,151.233,1003.32,0.15,0.009552,2.7,1570.74,2296.28,0.737774,371879,-0.111824,-0.052429,-0.03214,10030.9,0.05,0.324194,0.469637
