tmp.site,tmp.area,Lb,X1,Wb,POR,ALPHA,BETA,Ks,Kb,Kz,Qthresh,Rs,Rb1,Rb2,Prec,Frac4Rise,Error,BFF
08117705,2.27401e+09,4707.09,100,1848.77,0.15,0.011397,1,7570.36,13354.8,0.975418,169814,-0.207404,-0.133297,-0.137123,1861.16,0.05,0.636703,0.237681
