tmp.site,tmp.area,Lb,X1,Wb,POR,ALPHA,BETA,Ks,Kb,Kz,Qthresh,Rs,Rb1,Rb2,Prec,Frac4Rise,Error,BFF
08068000,2.14451e+09,4122.81,100,1041.38,0.15,0.004808,1,4394.69,2393.3,1.15464,22019.1,-0.156882,-0.179933,-0.052058,2250.85,0.05,0.463902,0.076848
