tmp.site,tmp.area,Lb,X1,Wb,POR,ALPHA,BETA,Ks,Kb,Kz,Qthresh,Rs,Rb1,Rb2,Prec,Frac4Rise,Error,BFF
09504500,9.19446e+08,12420.8,6603.31,983.718,0.15,0.003959,6.3,52.4086,199.767,0.584628,95416.3,-0.138709,-0.091626,-0.023788,3425.2,0.05,0.349396,0.243737
