tmp.site,tmp.area,Lb,X1,Wb,POR,ALPHA,BETA,Ks,Kb,Kz,Qthresh,Rs,Rb1,Rb2,Prec,Frac4Rise,Error,BFF
05407468,2.84899e+08,39385.2,100,508.644,0.15,0.010405,1,420.556,1116.16,0.939434,149486,-0.124362,-0.039492,-0.019083,12563.4,0.05,0.124785,0.687934
