tmp.site,tmp.area,Lb,X1,Wb,POR,ALPHA,BETA,Ks,Kb,Kz,Qthresh,Rs,Rb1,Rb2,Prec,Frac4Rise,Error,BFF
06711565,8.78265e+09,23166.2,72.6235,601.343,0.15,0.009738,1,716.363,22100.6,1.03701,146794,-0.069822,-0.049574,-0.05494,4822.44,0.05,0.382436,0.453064
