tmp.site,tmp.area,Lb,X1,Wb,POR,ALPHA,BETA,Ks,Kb,Kz,Qthresh,Rs,Rb1,Rb2,Prec,Frac4Rise,Error,BFF
01567000,8.68682e+09,27240.7,185.775,3361.29,0.15,0.007764,2.6,7694.91,5519.26,1.50486,2.00864e+06,-0.139592,-0.060017,-0.035894,105203,0.05,0.292731,0.527423
