tmp.site,tmp.area,Lb,X1,Wb,POR,ALPHA,BETA,Ks,Kb,Kz,Qthresh,Rs,Rb1,Rb2,Prec,Frac4Rise,Error,BFF
13206000,7.18204e+09,45427.6,19.0383,3899.85,0.15,0.004574,1,136.643,2521.92,0.97569,675254,-0.031446,-0.031297,-0.03238,21529.8,0.05,0.499302,0.557153
