tmp.site,tmp.area,Lb,X1,Wb,POR,ALPHA,BETA,Ks,Kb,Kz,Qthresh,Rs,Rb1,Rb2,Prec,Frac4Rise,Error,BFF
03213700,2.42423e+09,36568.5,20.1145,1271.48,0.15,0.008611,1.6,4632.67,2329.06,1.19655,293589,-0.167195,-0.067643,-0.043063,21529.8,0.05,0.328655,0.420369
