tmp.site,tmp.area,Lb,X1,Wb,POR,ALPHA,BETA,Ks,Kb,Kz,Qthresh,Rs,Rb1,Rb2,Prec,Frac4Rise,Error,BFF
03185400,1.74876e+10,68286.8,174.616,2703.87,0.15,0.007343,1.6,7700.6,37192.3,2.58707,3.27841e+06,-0.105837,-0.063604,-0.04441,289356,0.05,0.265761,0.517907
