tmp.site,tmp.area,Lb,X1,Wb,POR,ALPHA,BETA,Ks,Kb,Kz,Qthresh,Rs,Rb1,Rb2,Prec,Frac4Rise,Error,BFF
03230310,4.19578e+08,30247.3,71.0237,558.613,0.15,0.013511,1.2,1858.86,39320.9,1.53691,41836.4,-0.208543,-0.092224,-0.068403,595.716,0.05,0.420952,0.421185
