tmp.site,tmp.area,Lb,X1,Wb,POR,ALPHA,BETA,Ks,Kb,Kz,Qthresh,Rs,Rb1,Rb2,Prec,Frac4Rise,Error,BFF
05454090,2.25329e+07,3024.09,341.841,238.459,0.15,0.015439,1.3,282.018,4749.33,0.109655,10006.5,-0.272541,-0.091793,-0.067123,358.031,0.05,0.337552,0.349621
