tmp.site,tmp.area,Lb,X1,Wb,POR,ALPHA,BETA,Ks,Kb,Kz,Qthresh,Rs,Rb1,Rb2,Prec,Frac4Rise,Error,BFF
07184000,5.10228e+08,4269.06,100,552.423,0.15,0.009008,1,3511.48,11581.6,0.925682,44038.3,-0.265908,-0.17241,-0.157556,24.4657,0.05,1.91401,0.080232
