tmp.site,tmp.area,Lb,X1,Wb,POR,ALPHA,BETA,Ks,Kb,Kz,Qthresh,Rs,Rb1,Rb2,Prec,Frac4Rise,Error,BFF
08265000,2.92669e+08,3910.47,372.687,4544.47,0.15,0.030837,1,1503.47,6126.71,4.85456,58717.7,-0.10867,-0.021232,-0.021194,1174.35,0.05,0.28261,0.676338
