tmp.site,tmp.area,Lb,X1,Wb,POR,ALPHA,BETA,Ks,Kb,Kz,Qthresh,Rs,Rb1,Rb2,Prec,Frac4Rise,Error,BFF
07299540,2.00077e+10,5277.34,100,345.298,0.15,0.008447,1,14655.2,12242.2,0.972404,23731.7,-0.228278,-0.095987,-0.227655,24.4657,0.05,6.671,0.068113
