tmp.site,tmp.area,Lb,X1,Wb,POR,ALPHA,BETA,Ks,Kb,Kz,Qthresh,Rs,Rb1,Rb2,Prec,Frac4Rise,Error,BFF
02334480,2.42682e+07,22783.7,100,133.131,0.15,0.011924,1,304.379,10573.9,0.818107,6312.15,-0.407734,-0.074558,-0.048979,648.293,0.05,0.30539,0.43184
