tmp.site,tmp.area,Lb,X1,Wb,POR,ALPHA,BETA,Ks,Kb,Kz,Qthresh,Rs,Rb1,Rb2,Prec,Frac4Rise,Error,BFF
07069305,2.18854e+09,8226.13,100,3532.46,0.15,0.006393,1,2146.89,1412.84,0.939915,1.00309e+06,-0.13374,-0.042428,-0.015062,62142.9,0.05,0.276093,0.488588
