tmp.site,tmp.area,Lb,X1,Wb,POR,ALPHA,BETA,Ks,Kb,Kz,Qthresh,Rs,Rb1,Rb2,Prec,Frac4Rise,Error,BFF
02307668,9.50526e+06,6550.3,250.59,101.623,0.15,0.015579,1,251.719,24238,0.769489,2911.42,-0.247479,-0.078266,-0.086537,34.252,0.05,0.515226,0.301152
