tmp.site,tmp.area,Lb,X1,Wb,POR,ALPHA,BETA,Ks,Kb,Kz,Qthresh,Rs,Rb1,Rb2,Prec,Frac4Rise,Error,BFF
07238000,3.25173e+10,329504,100,1100.23,0.15,0.049142,1,4721.78,4151.37,0.965774,408577,-0.101778,-0.049491,-0.088967,24.4657,0.05,895.677,0.193232
