tmp.site,tmp.area,Lb,X1,Wb,POR,ALPHA,BETA,Ks,Kb,Kz,Qthresh,Rs,Rb1,Rb2,Prec,Frac4Rise,Error,BFF
12488500,2.0435e+08,21472,100,1148.82,0.15,0.002443,1,81.6619,12280.2,0.998859,83183.4,-0.077075,-0.035313,-0.015617,7829.03,0.05,0.348328,0.476011
