tmp.site,tmp.area,Lb,X1,Wb,POR,ALPHA,BETA,Ks,Kb,Kz,Qthresh,Rs,Rb1,Rb2,Prec,Frac4Rise,Error,BFF
11119745,1.70939e+07,17252.2,100,33.2934,0.15,0.013943,1,445.088,7676.72,0.828817,954.163,-0.202733,-0.085944,-0.047712,24.4657,0.05,0.619697,0.049568
