tmp.site,tmp.area,Lb,X1,Wb,POR,ALPHA,BETA,Ks,Kb,Kz,Qthresh,Rs,Rb1,Rb2,Prec,Frac4Rise,Error,BFF
05476000,3.23749e+09,23539.4,100,2154.47,0.15,0.03187,1,1129.55,21607.8,0.998882,48931.4,-0.083446,-0.035099,-0.062352,24.4657,0.05,5.62371,0.544435
