tmp.site,tmp.area,Lb,X1,Wb,POR,ALPHA,BETA,Ks,Kb,Kz,Qthresh,Rs,Rb1,Rb2,Prec,Frac4Rise,Error,BFF
08165300,4.37708e+08,3.58205e+06,0.831283,58.7627,0.15,0.047875,0.9,2867.25,35.43,1.40054,84162.1,-0.121201,-0.017555,-0.020335,1172.81,0.05,0.457996,0.32411
