tmp.site,tmp.area,Lb,X1,Wb,POR,ALPHA,BETA,Ks,Kb,Kz,Qthresh,Rs,Rb1,Rb2,Prec,Frac4Rise,Error,BFF
06209500,2.79719e+08,33050.7,9513.11,770.559,0.15,0.038328,3.5,107.806,24365.1,0.217545,60919.6,-0.071218,-0.018581,-0.010561,4893.14,0.05,0.261672,0.61582
