tmp.site,tmp.area,Lb,X1,Wb,POR,ALPHA,BETA,Ks,Kb,Kz,Qthresh,Rs,Rb1,Rb2,Prec,Frac4Rise,Error,BFF
03431599,1.32866e+08,6362.05,100,536.178,0.15,0.015969,1,1994.36,13653.5,0.959648,18680.8,-0.320927,-0.108865,-0.098024,122.329,0.05,0.489919,0.250849
