tmp.site,tmp.area,Lb,X1,Wb,POR,ALPHA,BETA,Ks,Kb,Kz,Qthresh,Rs,Rb1,Rb2,Prec,Frac4Rise,Error,BFF
01401000,1.15254e+08,3999.02,344.337,686.116,0.15,0.020974,1,1990.78,27536.7,0.888096,12722.2,-0.376767,-0.103912,-0.092957,100.309,0.05,0.449711,0.282763
