tmp.site,tmp.area,Lb,X1,Wb,POR,ALPHA,BETA,Ks,Kb,Kz,Qthresh,Rs,Rb1,Rb2,Prec,Frac4Rise,Error,BFF
06065500,4.31725e+10,92265.7,100,7862.49,0.15,0.009592,1,1783.09,1184.18,1.03384,9.4193e+06,-0.025141,-0.025532,-0.033237,283802,0.05,0.449958,0.690172
