tmp.site,tmp.area,Lb,X1,Wb,POR,ALPHA,BETA,Ks,Kb,Kz,Qthresh,Rs,Rb1,Rb2,Prec,Frac4Rise,Error,BFF
01135500,1.12923e+09,12761,100,1600.01,0.15,0.012802,1,4399.21,11349.5,1.01489,831834,-0.229701,-0.054878,-0.051094,23731.7,0.05,0.371946,0.449233
