tmp.site,tmp.area,Lb,X1,Wb,POR,ALPHA,BETA,Ks,Kb,Kz,Qthresh,Rs,Rb1,Rb2,Prec,Frac4Rise,Error,BFF
02132320,2.15746e+08,25913.1,100,292.553,0.15,0.017078,1,342.834,18794,0.939995,172679,-0.143841,-0.045611,-0.050901,2421.05,0.05,0.344147,0.49804
