tmp.site,tmp.area,Lb,X1,Wb,POR,ALPHA,BETA,Ks,Kb,Kz,Qthresh,Rs,Rb1,Rb2,Prec,Frac4Rise,Error,BFF
10287720,9.50526e+06,13615.8,100,228.266,0.15,0.004089,1,49.2356,29.5947,0.177419,16636.7,-0.037054,-0.028018,-0.0208,293.589,0.05,0.37892,0.286033
