tmp.site,tmp.area,Lb,X1,Wb,POR,ALPHA,BETA,Ks,Kb,Kz,Qthresh,Rs,Rb1,Rb2,Prec,Frac4Rise,Error,BFF
08174200,3.54828e+08,9074.94,60.6778,167.044,0.15,0.018328,0.9,1920.79,9327.94,0.876315,17335.2,-0.330653,-0.112841,-0.235351,24.4657,0.05,5.48638,0.066645
