tmp.site,tmp.area,Lb,X1,Wb,POR,ALPHA,BETA,Ks,Kb,Kz,Qthresh,Rs,Rb1,Rb2,Prec,Frac4Rise,Error,BFF
02240500,3.54051e+09,207268,76697.9,1777.68,0.15,0.011335,10.1,402.686,2512.24,0.722526,1.59761e+06,-0.037745,-0.013826,-0.008738,97128.9,0.05,0.312667,0.563997
