tmp.site,tmp.area,Lb,X1,Wb,POR,ALPHA,BETA,Ks,Kb,Kz,Qthresh,Rs,Rb1,Rb2,Prec,Frac4Rise,Error,BFF
12150800,3.98081e+09,730047,4.75831,9.79877,0.15,0.01,0.6,3758.75,664376,32.648,3.93898e+06,-0.162258,-0.056003,-0.021921,308268,0.05,0.967011,0.005731
