tmp.site,tmp.area,Lb,X1,Wb,POR,ALPHA,BETA,Ks,Kb,Kz,Qthresh,Rs,Rb1,Rb2,Prec,Frac4Rise,Error,BFF
06102050,1.81998e+10,55305.4,32.8866,1942.94,0.15,0.010566,0.9,156.31,4751.7,1.01874,220191,-0.028986,-0.027923,-0.039022,23242.4,0.05,0.539584,0.589883
