tmp.site,tmp.area,Lb,X1,Wb,POR,ALPHA,BETA,Ks,Kb,Kz,Qthresh,Rs,Rb1,Rb2,Prec,Frac4Rise,Error,BFF
06926000,3.62598e+10,11493.9,100,17291.2,0.15,0.044493,1,13459.6,16493.5,2.23344,2.98482e+06,-0.073942,-0.067563,-0.148569,91501.8,0.05,1.47815,0.456001
