tmp.site,tmp.area,Lb,X1,Wb,POR,ALPHA,BETA,Ks,Kb,Kz,Qthresh,Rs,Rb1,Rb2,Prec,Frac4Rise,Error,BFF
13018750,6.92045e+09,34802,4.72669,1891.68,0.15,0.04809,1.4,0.634867,65.0275,0.966651,2.6423e+06,-0.043506,-0.01913,-0.015801,222638,0.05,0.334833,0.53545
