tmp.site,tmp.area,Lb,X1,Wb,POR,ALPHA,BETA,Ks,Kb,Kz,Qthresh,Rs,Rb1,Rb2,Prec,Frac4Rise,Error,BFF
05459500,1.36233e+09,32661.5,100,770.47,0.15,0.021423,1,858.222,31553.5,1.03401,191924,-0.104634,-0.049958,-0.04258,1978.54,0.05,0.405929,0.480449
