tmp.site,tmp.area,Lb,X1,Wb,POR,ALPHA,BETA,Ks,Kb,Kz,Qthresh,Rs,Rb1,Rb2,Prec,Frac4Rise,Error,BFF
02430085,4.06628e+07,12134.1,100,201.413,0.15,0.03226,1,508.545,5795.2,0.951053,9786.29,-0.346574,-0.090407,-0.042102,562.711,0.05,0.483933,0.272956
