tmp.site,tmp.area,Lb,X1,Wb,POR,ALPHA,BETA,Ks,Kb,Kz,Qthresh,Rs,Rb1,Rb2,Prec,Frac4Rise,Error,BFF
11480390,2.42941e+08,20136.2,25.4372,597.638,0.15,0.011254,1,1633.72,5283.36,1.07567,259337,-0.200351,-0.063351,-0.075092,24.4657,0.05,2.83161,0.292694
