tmp.site,tmp.area,Lb,X1,Wb,POR,ALPHA,BETA,Ks,Kb,Kz,Qthresh,Rs,Rb1,Rb2,Prec,Frac4Rise,Error,BFF
02214075,5.90517e+08,8792.4,100,904.61,0.15,0.007707,1,1123.93,5324.16,0.920879,82097.2,-0.14976,-0.078351,-0.033765,7953.07,0.05,0.299394,0.405806
