tmp.site,tmp.area,Lb,X1,Wb,POR,ALPHA,BETA,Ks,Kb,Kz,Qthresh,Rs,Rb1,Rb2,Prec,Frac4Rise,Error,BFF
05453520,8.06781e+09,80730.6,63.2434,2353.31,0.15,0.006886,0.9,539.227,65418.3,0.900605,359646,-0.013681,-0.039571,-0.057852,32539.4,0.05,0.455522,0.63837
