tmp.site,tmp.area,Lb,X1,Wb,POR,ALPHA,BETA,Ks,Kb,Kz,Qthresh,Rs,Rb1,Rb2,Prec,Frac4Rise,Error,BFF
04227000,8.67646e+08,12121.7,1.42218,1010.85,0.15,0.009863,2.5,2590.33,43.311,1.05651,106426,-0.213734,-0.072599,-0.04013,5654.76,0.05,0.31978,0.465834
