tmp.site,tmp.area,Lb,X1,Wb,POR,ALPHA,BETA,Ks,Kb,Kz,Qthresh,Rs,Rb1,Rb2,Prec,Frac4Rise,Error,BFF
05355024,2.4061e+09,50439.7,127.668,2263.88,0.15,0.008992,1.9,5688.77,14816.2,0.977031,322947,-0.09791,-0.042998,-0.025867,18590,0.05,0.331656,0.555439
