tmp.site,tmp.area,Lb,X1,Wb,POR,ALPHA,BETA,Ks,Kb,Kz,Qthresh,Rs,Rb1,Rb2,Prec,Frac4Rise,Error,BFF
06848500,2.60812e+09,19901.8,46.3431,117.846,0.15,0.024427,0.9,5308.43,4416.62,1.0867,54803.2,-0.168236,-0.082173,-0.171776,24.4657,0.05,28.903,0.108238
