tmp.site,tmp.area,Lb,X1,Wb,POR,ALPHA,BETA,Ks,Kb,Kz,Qthresh,Rs,Rb1,Rb2,Prec,Frac4Rise,Error,BFF
03165000,1.02046e+08,103744,100,189.756,0.15,0.011576,1,243.23,33964,0.924135,90523.1,-0.346574,-0.041257,-0.027191,4403.83,0.05,0.239074,0.571057
