tmp.site,tmp.area,Lb,X1,Wb,POR,ALPHA,BETA,Ks,Kb,Kz,Qthresh,Rs,Rb1,Rb2,Prec,Frac4Rise,Error,BFF
03590000,5.41308e+08,15879.7,100,983.642,0.15,0.009422,1,2202.77,8368.48,0.921626,198172,-0.279808,-0.061734,-0.025041,12722.2,0.05,0.310045,0.424255
