tmp.site,tmp.area,Lb,X1,Wb,POR,ALPHA,BETA,Ks,Kb,Kz,Qthresh,Rs,Rb1,Rb2,Prec,Frac4Rise,Error,BFF
07081200,2.56668e+08,22001.1,6567.9,407.829,0.15,0.015767,3.2,54.6378,2661.73,0.486566,46484.9,-0.112316,-0.0262,-0.009657,2324.24,0.05,0.31992,0.326783
