tmp.site,tmp.area,Lb,X1,Wb,POR,ALPHA,BETA,Ks,Kb,Kz,Qthresh,Rs,Rb1,Rb2,Prec,Frac4Rise,Error,BFF
01208500,6.73397e+08,18261.8,140.185,1152.9,0.15,0.012051,1.3,2862.34,16480.6,0.960456,325394,-0.194732,-0.060693,-0.045626,14679.4,0.05,0.318824,0.487737
