tmp.site,tmp.area,Lb,X1,Wb,POR,ALPHA,BETA,Ks,Kb,Kz,Qthresh,Rs,Rb1,Rb2,Prec,Frac4Rise,Error,BFF
06893150,2.41128e+08,5703.74,100,484.783,0.15,0.012576,1,1494.6,12884.6,0.897557,31316.1,-0.278864,-0.111481,-0.088681,533.475,0.05,0.472726,0.241056
