tmp.site,tmp.area,Lb,X1,Wb,POR,ALPHA,BETA,Ks,Kb,Kz,Qthresh,Rs,Rb1,Rb2,Prec,Frac4Rise,Error,BFF
02075045,5.48041e+09,24504.1,76.584,2270.84,0.15,0.004795,1.7,3413.33,2647.99,1.21422,2.4955e+06,-0.103748,-0.062959,-0.047608,92451,0.05,0.228713,0.532359
