tmp.site,tmp.area,Lb,X1,Wb,POR,ALPHA,BETA,Ks,Kb,Kz,Qthresh,Rs,Rb1,Rb2,Prec,Frac4Rise,Error,BFF
04087088,4.68788e+07,4507.52,574.086,245.16,0.15,0.029804,1.2,419.166,9835.84,0.132004,8856.59,-0.346574,-0.093988,-0.074874,415.917,0.05,0.38201,0.270327
