tmp.site,tmp.area,Lb,X1,Wb,POR,ALPHA,BETA,Ks,Kb,Kz,Qthresh,Rs,Rb1,Rb2,Prec,Frac4Rise,Error,BFF
01073319,1.44262e+08,11490.4,100,539.742,0.15,0.025515,1,804.836,22074.7,0.954748,209113,-0.216181,-0.067406,-0.064661,129.668,0.05,0.404139,0.47485
