tmp.site,tmp.area,Lb,X1,Wb,POR,ALPHA,BETA,Ks,Kb,Kz,Qthresh,Rs,Rb1,Rb2,Prec,Frac4Rise,Error,BFF
02124269,1.92954e+07,6730.82,100,64.4396,0.15,0.030729,1,907.43,12825.4,0.914365,14190.1,-0.536811,-0.109036,-0.147464,24.4657,0.05,0.646892,0.152776
