tmp.site,tmp.area,Lb,X1,Wb,POR,ALPHA,BETA,Ks,Kb,Kz,Qthresh,Rs,Rb1,Rb2,Prec,Frac4Rise,Error,BFF
02393377,9.32396e+06,5105.48,100,97.5415,0.15,0.037945,1,697.002,8423.09,0.584457,10960.6,-0.83196,-0.089037,-0.140639,24.4657,0.05,0.790732,0.254762
