tmp.site,tmp.area,Lb,X1,Wb,POR,ALPHA,BETA,Ks,Kb,Kz,Qthresh,Rs,Rb1,Rb2,Prec,Frac4Rise,Error,BFF
02236900,4.27348e+08,73614,100,54.7326,0.15,0.011601,1,55.678,4678.46,0.96521,22263.8,-0.011561,-0.028,-0.03689,24.4657,0.05,16.5846,0.033632
