tmp.site,tmp.area,Lb,X1,Wb,POR,ALPHA,BETA,Ks,Kb,Kz,Qthresh,Rs,Rb1,Rb2,Prec,Frac4Rise,Error,BFF
01478100,7.22607e+06,5201.82,100,182.913,0.15,0.010416,1,224.458,1615.46,0.215245,3327.34,-0.354393,-0.038053,-0.030298,253.245,0.05,0.230946,0.523538
