tmp.site,tmp.area,Lb,X1,Wb,POR,ALPHA,BETA,Ks,Kb,Kz,Qthresh,Rs,Rb1,Rb2,Prec,Frac4Rise,Error,BFF
08164503,4.61018e+08,3065.65,100,799.265,0.15,0.010188,1,3831.55,16605.2,0.987266,281356,-0.202625,-0.188326,-0.170074,24.4657,0.05,0.591338,0.144649
