tmp.site,tmp.area,Lb,X1,Wb,POR,ALPHA,BETA,Ks,Kb,Kz,Qthresh,Rs,Rb1,Rb2,Prec,Frac4Rise,Error,BFF
08355050,7.26958e+10,12279.8,3.39175,3820.89,0.15,0.006175,0.9,1936.3,274.508,1.49281,1.69058e+06,-0.086409,-0.042304,-0.093856,987.534,0.05,3.88076,0.672423
