tmp.site,tmp.area,Lb,X1,Wb,POR,ALPHA,BETA,Ks,Kb,Kz,Qthresh,Rs,Rb1,Rb2,Prec,Frac4Rise,Error,BFF
13258500,1.54622e+09,15402,2.32637,1342.72,0.15,0.009909,1.1,1305.38,284.308,1.22097,247104,-0.091161,-0.041111,-0.036196,7860.34,0.05,0.351124,0.514841
