tmp.site,tmp.area,Lb,X1,Wb,POR,ALPHA,BETA,Ks,Kb,Kz,Qthresh,Rs,Rb1,Rb2,Prec,Frac4Rise,Error,BFF
14209000,3.21159e+08,84161.4,100,841.557,0.15,0.014641,1,311.961,2570.46,0.625317,540692,-0.038819,-0.016154,-0.009477,56515.8,0.05,0.227305,0.612083
