tmp.site,tmp.area,Lb,X1,Wb,POR,ALPHA,BETA,Ks,Kb,Kz,Qthresh,Rs,Rb1,Rb2,Prec,Frac4Rise,Error,BFF
03437500,1.20434e+08,8779.41,100,489.989,0.15,0.021517,1,981.033,16860.8,1.00027,1957.26,-0.310404,-0.086585,-0.05827,97.8629,0.05,0.516622,0.372899
