tmp.site,tmp.area,Lb,X1,Wb,POR,ALPHA,BETA,Ks,Kb,Kz,Qthresh,Rs,Rb1,Rb2,Prec,Frac4Rise,Error,BFF
040871488,2.93705e+07,11298.9,266.637,112.574,0.15,0.008807,0.9,545.424,26648.3,0.934881,2446.57,-0.470326,-0.125724,-0.105672,269.123,0.05,0.367893,0.199293
