tmp.site,tmp.area,Lb,X1,Wb,POR,ALPHA,BETA,Ks,Kb,Kz,Qthresh,Rs,Rb1,Rb2,Prec,Frac4Rise,Error,BFF
08074800,3.28928e+07,7822.66,100,101.633,0.15,0.025511,1,622.109,21948.4,0.920545,13700.8,-0.346574,-0.128246,-0.204397,24.4657,0.05,1.4288,0.16558
