tmp.site,tmp.area,Lb,X1,Wb,POR,ALPHA,BETA,Ks,Kb,Kz,Qthresh,Rs,Rb1,Rb2,Prec,Frac4Rise,Error,BFF
01464750,2.35689e+08,12085.2,275.977,559.806,0.15,0.009408,4.1,1899.46,5677.66,0.758576,45988.2,-0.400027,-0.101616,-0.055882,4648.49,0.05,0.343593,0.359123
