tmp.site,tmp.area,Lb,X1,Wb,POR,ALPHA,BETA,Ks,Kb,Kz,Qthresh,Rs,Rb1,Rb2,Prec,Frac4Rise,Error,BFF
08075500,1.63169e+08,5263.76,69.9384,483.894,0.15,0.006731,1,1499.92,2372.22,0.982216,124775,-0.346574,-0.112739,-0.109094,733.971,0.05,0.42537,0.193275
