tmp.site,tmp.area,Lb,X1,Wb,POR,ALPHA,BETA,Ks,Kb,Kz,Qthresh,Rs,Rb1,Rb2,Prec,Frac4Rise,Error,BFF
08437710,8.99762e+10,96802.8,100,28.7139,0.15,0.011452,1,15754.9,2550.61,0.891308,10170.6,-0.115418,-0.041391,-0.038264,24.4657,0.05,0.823215,0.151598
