tmp.site,tmp.area,Lb,X1,Wb,POR,ALPHA,BETA,Ks,Kb,Kz,Qthresh,Rs,Rb1,Rb2,Prec,Frac4Rise,Error,BFF
11289651,3.9834e+09,28195.4,85.9832,4887.6,0.15,0.030997,0.9,2651.7,18271.3,1.00047,428150,-0.050992,-0.037518,-0.091609,22508.5,0.05,0.938748,0.582441
