tmp.site,tmp.area,Lb,X1,Wb,POR,ALPHA,BETA,Ks,Kb,Kz,Qthresh,Rs,Rb1,Rb2,Prec,Frac4Rise,Error,BFF
11509500,1.01528e+10,37405.8,33.5077,3406.83,0.15,0.010873,0.9,578.646,3736.07,0.868668,2.54443e+06,-0.0147,-0.028289,-0.046953,41102.4,0.05,0.668757,0.691803
