tmp.site,tmp.area,Lb,X1,Wb,POR,ALPHA,BETA,Ks,Kb,Kz,Qthresh,Rs,Rb1,Rb2,Prec,Frac4Rise,Error,BFF
11449500,9.47936e+07,15616.9,1867.67,399.2,0.15,0.011519,1.7,569.178,95262.6,0.530494,23487.1,-0.202733,-0.064242,-0.030264,70.9506,0.05,0.448215,0.272282
