tmp.site,tmp.area,Lb,X1,Wb,POR,ALPHA,BETA,Ks,Kb,Kz,Qthresh,Rs,Rb1,Rb2,Prec,Frac4Rise,Error,BFF
10126000,1.8205e+10,24106,149.22,24334.4,0.15,0.0303,0.9,7915.23,32370.6,0.992623,225085,-0.066766,-0.037134,-0.095239,14728.4,0.05,0.763722,0.714258
