tmp.site,tmp.area,Lb,X1,Wb,POR,ALPHA,BETA,Ks,Kb,Kz,Qthresh,Rs,Rb1,Rb2,Prec,Frac4Rise,Error,BFF
11526250,2.73762e+09,3739.41,100,27540.7,0.15,0.000302,1,0.17746,270.008,0.976405,1.24041e+06,-0.053385,-0.030221,-0.02676,75843.7,0.05,0.292283,0.424713
