tmp.site,tmp.area,Lb,X1,Wb,POR,ALPHA,BETA,Ks,Kb,Kz,Qthresh,Rs,Rb1,Rb2,Prec,Frac4Rise,Error,BFF
02244440,1.51514e+09,7803.72,100,1875.5,0.15,0.0201,1,3599.71,29006.2,2.17015,2.51752e+06,-0.157987,-0.061285,-0.17119,5044.1,0.05,2.69245,0.44286
