tmp.site,tmp.area,Lb,X1,Wb,POR,ALPHA,BETA,Ks,Kb,Kz,Qthresh,Rs,Rb1,Rb2,Prec,Frac4Rise,Error,BFF
01673000,2.79201e+09,49461.3,32.9651,855.273,0.15,0.006056,1.3,3947.61,9804.06,1.10954,269123,-0.165197,-0.075309,-0.056026,12232.9,0.05,0.37022,0.35845
