tmp.site,tmp.area,Lb,X1,Wb,POR,ALPHA,BETA,Ks,Kb,Kz,Qthresh,Rs,Rb1,Rb2,Prec,Frac4Rise,Error,BFF
11169860,3.10799e+08,9106.64,2.18578,402.518,0.15,0.007022,1,187.719,99.779,1.08026,7364.18,-0.02628,-0.082784,-0.0877,200.619,0.05,1.2471,0.158208
