tmp.site,tmp.area,Lb,X1,Wb,POR,ALPHA,BETA,Ks,Kb,Kz,Qthresh,Rs,Rb1,Rb2,Prec,Frac4Rise,Error,BFF
02467200,3.49648e+08,10088.1,100,729.695,0.15,0.008834,1,1332.22,7252.1,0.923635,67584.1,-0.302923,-0.077037,-0.02822,4893.14,0.05,0.297394,0.407498
