tmp.site,tmp.area,Lb,X1,Wb,POR,ALPHA,BETA,Ks,Kb,Kz,Qthresh,Rs,Rb1,Rb2,Prec,Frac4Rise,Error,BFF
02296260,4.97278e+08,13556,44.4063,1024.55,0.15,0.023509,1,1631.15,7509.05,1.00495,234382,-0.100307,-0.063959,-0.091927,24.4657,0.05,3.0101,0.39198
