tmp.site,tmp.area,Lb,X1,Wb,POR,ALPHA,BETA,Ks,Kb,Kz,Qthresh,Rs,Rb1,Rb2,Prec,Frac4Rise,Error,BFF
01649500,1.88551e+08,8458.22,100,420.306,0.15,0.009506,1,1844.08,8008.27,0.949552,62632.2,-0.420874,-0.092642,-0.07593,1817.19,0.05,0.393911,0.277638
