tmp.site,tmp.area,Lb,X1,Wb,POR,ALPHA,BETA,Ks,Kb,Kz,Qthresh,Rs,Rb1,Rb2,Prec,Frac4Rise,Error,BFF
05551675,1.42449e+08,14022.8,299.728,292.37,0.15,0.020404,1.1,316.986,42358.2,0.979822,38411.2,-0.164398,-0.060255,-0.052241,472.555,0.05,0.369178,0.459933
