tmp.site,tmp.area,Lb,X1,Wb,POR,ALPHA,BETA,Ks,Kb,Kz,Qthresh,Rs,Rb1,Rb2,Prec,Frac4Rise,Error,BFF
08101000,1.17844e+09,14965,100,414.854,0.15,0.020288,1,4036.6,19190,0.99776,102756,-0.220916,-0.070694,-0.129339,24.4657,0.05,15.7987,0.154434
