tmp.site,tmp.area,Lb,X1,Wb,POR,ALPHA,BETA,Ks,Kb,Kz,Qthresh,Rs,Rb1,Rb2,Prec,Frac4Rise,Error,BFF
04235000,5.05048e+08,24306.1,100,556.762,0.15,0.015126,1,13.1465,18671.8,0.983671,132115,-0.042447,-0.04296,-0.076875,2935.89,0.05,0.547956,0.569524
