tmp.site,tmp.area,Lb,X1,Wb,POR,ALPHA,BETA,Ks,Kb,Kz,Qthresh,Rs,Rb1,Rb2,Prec,Frac4Rise,Error,BFF
11389780,2.61589e+08,141518,100,1190.21,0.15,0.007281,1,79.8065,249.73,0.339013,114989,-0.077075,-0.010994,-0.029902,2935.89,0.05,0.503628,0.805375
