tmp.site,tmp.area,Lb,X1,Wb,POR,ALPHA,BETA,Ks,Kb,Kz,Qthresh,Rs,Rb1,Rb2,Prec,Frac4Rise,Error,BFF
08180586,8.05486e+07,269061,120.911,27.1645,0.15,0.038862,0.9,262.605,52929,0.835592,10075,-0.143841,-0.044139,-0.061798,24.4657,0.05,1.4346,0.159622
