tmp.site,tmp.area,Lb,X1,Wb,POR,ALPHA,BETA,Ks,Kb,Kz,Qthresh,Rs,Rb1,Rb2,Prec,Frac4Rise,Error,BFF
11401920,2.06681e+08,18105.6,100,425.83,0.15,0.013432,1,301.393,10228.5,0.986947,55781.8,-0.111572,-0.043752,-0.026327,771.551,0.05,0.3912,0.346504
