tmp.site,tmp.area,Lb,X1,Wb,POR,ALPHA,BETA,Ks,Kb,Kz,Qthresh,Rs,Rb1,Rb2,Prec,Frac4Rise,Error,BFF
03234300,2.94223e+09,57469.6,159.677,945.196,0.15,0.009049,1.4,3486.03,96421.6,1.48961,161474,-0.075055,-0.088808,-0.051588,11254.2,0.05,0.379733,0.419554
