tmp.site,tmp.area,Lb,X1,Wb,POR,ALPHA,BETA,Ks,Kb,Kz,Qthresh,Rs,Rb1,Rb2,Prec,Frac4Rise,Error,BFF
12079000,2.32581e+08,7522.65,596.234,1138.25,0.15,0.008309,1.5,859.782,3849.46,1.50138,80736.9,-0.187607,-0.065677,-0.016309,5137.8,0.05,0.272581,0.384833
