tmp.site,tmp.area,Lb,X1,Wb,POR,ALPHA,BETA,Ks,Kb,Kz,Qthresh,Rs,Rb1,Rb2,Prec,Frac4Rise,Error,BFF
07349500,1.41413e+09,10403,100,2292.46,0.15,0.019525,1,1522.54,15053,0.943946,1.42146e+06,-0.091161,-0.064623,-0.133487,244.657,0.05,2.15007,0.56569
