tmp.site,tmp.area,Lb,X1,Wb,POR,ALPHA,BETA,Ks,Kb,Kz,Qthresh,Rs,Rb1,Rb2,Prec,Frac4Rise,Error,BFF
02178400,1.51255e+08,31465.9,100,602.155,0.15,0.011673,1,677.05,11885.7,0.959398,107270,-0.3275,-0.039946,-0.02395,8563,0.05,0.21899,0.600759
