tmp.site,tmp.area,Lb,X1,Wb,POR,ALPHA,BETA,Ks,Kb,Kz,Qthresh,Rs,Rb1,Rb2,Prec,Frac4Rise,Error,BFF
13127000,2.07458e+09,287416,100,215.297,0.15,0.007093,1,73.1389,4202.05,0.922949,266676,-0.022142,-0.025143,-0.031119,11988.2,0.05,0.389089,0.277975
