tmp.site,tmp.area,Lb,X1,Wb,POR,ALPHA,BETA,Ks,Kb,Kz,Qthresh,Rs,Rb1,Rb2,Prec,Frac4Rise,Error,BFF
09163492,1.13441e+09,6463.97,0.05521,950.687,0.15,0.012835,0.9,859.905,3.54691,1.00093,23927.5,-0.077429,-0.043064,-0.076155,1684.32,0.05,0.597405,0.629946
