tmp.site,tmp.area,Lb,X1,Wb,POR,ALPHA,BETA,Ks,Kb,Kz,Qthresh,Rs,Rb1,Rb2,Prec,Frac4Rise,Error,BFF
06449100,1.57212e+09,1.31895e+06,100,176.501,0.15,0.053372,1,955.102,147.724,0.944149,156581,-0.066766,-0.026945,-0.02802,3669.86,0.05,0.445603,0.323431
