tmp.site,tmp.area,Lb,X1,Wb,POR,ALPHA,BETA,Ks,Kb,Kz,Qthresh,Rs,Rb1,Rb2,Prec,Frac4Rise,Error,BFF
07305000,1.18103e+10,28205,39.0236,563.843,0.15,0.004039,1,2424.88,12560.2,1.28628,259337,-0.175421,-0.08545,-0.107887,24.4657,0.05,21.0609,0.149855
