tmp.site,tmp.area,Lb,X1,Wb,POR,ALPHA,BETA,Ks,Kb,Kz,Qthresh,Rs,Rb1,Rb2,Prec,Frac4Rise,Error,BFF
14339000,3.14684e+09,20811.6,8527.72,4424.55,0.15,0.007061,10.1,744.985,84.7612,0.890044,2.34626e+06,-0.047655,-0.03056,-0.015545,220191,0.05,0.29727,0.571709
