tmp.site,tmp.area,Lb,X1,Wb,POR,ALPHA,BETA,Ks,Kb,Kz,Qthresh,Rs,Rb1,Rb2,Prec,Frac4Rise,Error,BFF
02264003,7.64046e+07,30912.6,109.166,111.601,0.15,0.034852,0.9,358.418,20495.6,0.715654,34159,-0.082069,-0.038713,-0.07394,24.4657,0.05,6.12778,0.143113
