tmp.site,tmp.area,Lb,X1,Wb,POR,ALPHA,BETA,Ks,Kb,Kz,Qthresh,Rs,Rb1,Rb2,Prec,Frac4Rise,Error,BFF
13046000,2.84122e+09,22132.4,0.641352,10647.5,0.15,0.007895,1,306.032,47.5898,0.72086,3.10715e+06,-0.044989,-0.013255,-0.013299,153400,0.05,0.225473,0.870467
