tmp.site,tmp.area,Lb,X1,Wb,POR,ALPHA,BETA,Ks,Kb,Kz,Qthresh,Rs,Rb1,Rb2,Prec,Frac4Rise,Error,BFF
03129000,6.32734e+09,44395.2,61.4608,1606.32,0.15,0.008289,1.4,4914.33,9759.04,0.875153,795136,-0.104875,-0.058063,-0.04112,66546.7,0.05,0.358116,0.428991
