tmp.site,tmp.area,Lb,X1,Wb,POR,ALPHA,BETA,Ks,Kb,Kz,Qthresh,Rs,Rb1,Rb2,Prec,Frac4Rise,Error,BFF
05592000,2.72985e+09,11005.6,100,1686.66,0.15,0.009306,1,293.828,13478.8,0.992814,117435,-0.013334,-0.053301,-0.113246,611.643,0.05,1.62986,0.382269
