tmp.site,tmp.area,Lb,X1,Wb,POR,ALPHA,BETA,Ks,Kb,Kz,Qthresh,Rs,Rb1,Rb2,Prec,Frac4Rise,Error,BFF
05451770,4.87436e+09,20744,11.9272,2595.2,0.15,0.012504,2.2,3144.38,461.995,1.10283,374325,-0.084665,-0.043879,-0.022517,14339.4,0.05,0.361997,0.562874
