tmp.site,tmp.area,Lb,X1,Wb,POR,ALPHA,BETA,Ks,Kb,Kz,Qthresh,Rs,Rb1,Rb2,Prec,Frac4Rise,Error,BFF
01643805,9.86785e+07,17630.1,100,272.492,0.15,0.024212,1,438.546,25426.6,0.895084,25199.7,-0.307145,-0.066934,-0.062941,256.89,0.05,0.427073,0.406374
