tmp.site,tmp.area,Lb,X1,Wb,POR,ALPHA,BETA,Ks,Kb,Kz,Qthresh,Rs,Rb1,Rb2,Prec,Frac4Rise,Error,BFF
12414500,2.65474e+09,44613,205.29,1959.2,0.15,0.008326,1.4,2804.81,18386,0.922251,831834,-0.101924,-0.030772,-0.02253,61164.3,0.05,0.2821,0.534011
