tmp.site,tmp.area,Lb,X1,Wb,POR,ALPHA,BETA,Ks,Kb,Kz,Qthresh,Rs,Rb1,Rb2,Prec,Frac4Rise,Error,BFF
02028500,2.45531e+08,17507.4,217.301,636.97,0.15,0.014264,1.1,1213.82,33738.4,1.69242,90523.1,-0.223193,-0.052106,-0.047386,985.381,0.05,0.390874,0.438288
