tmp.site,tmp.area,Lb,X1,Wb,POR,ALPHA,BETA,Ks,Kb,Kz,Qthresh,Rs,Rb1,Rb2,Prec,Frac4Rise,Error,BFF
01434017,5.93107e+07,15377.7,100,353.014,0.15,0.013073,1,513.844,13062.6,0.877286,39634.5,-0.406755,-0.063221,-0.03128,1908.33,0.05,0.294469,0.463635
