tmp.site,tmp.area,Lb,X1,Wb,POR,ALPHA,BETA,Ks,Kb,Kz,Qthresh,Rs,Rb1,Rb2,Prec,Frac4Rise,Error,BFF
13290450,1.89846e+11,24168,100,23138.4,0.15,0.008686,1,5216.72,8705.46,0.956207,2.26308e+07,-0.037054,-0.023864,-0.029836,1.60006e+06,0.05,0.259666,0.838996
