tmp.site,tmp.area,Lb,X1,Wb,POR,ALPHA,BETA,Ks,Kb,Kz,Qthresh,Rs,Rb1,Rb2,Prec,Frac4Rise,Error,BFF
04288000,3.60008e+08,14316.8,0.244819,809.56,0.15,0.017013,1.1,1772.72,44.195,1.0535,298482,-0.287485,-0.0636,-0.055128,4403.83,0.05,0.374675,0.462702
