tmp.site,tmp.area,Lb,X1,Wb,POR,ALPHA,BETA,Ks,Kb,Kz,Qthresh,Rs,Rb1,Rb2,Prec,Frac4Rise,Error,BFF
13023000,1.16031e+09,48935.9,14960.7,2259.87,0.15,0.007387,3.5,233.756,30223.9,0.249916,626322,-0.088591,-0.016674,-0.010746,33518,0.05,0.206502,0.677262
