tmp.site,tmp.area,Lb,X1,Wb,POR,ALPHA,BETA,Ks,Kb,Kz,Qthresh,Rs,Rb1,Rb2,Prec,Frac4Rise,Error,BFF
04010500,1.5773e+09,20874.9,290.767,1158.87,0.15,0.007757,1.3,1235.38,8104.84,0.214434,291142,-0.091161,-0.031057,-0.02201,6996.71,0.05,0.441312,0.373481
