tmp.site,tmp.area,Lb,X1,Wb,POR,ALPHA,BETA,Ks,Kb,Kz,Qthresh,Rs,Rb1,Rb2,Prec,Frac4Rise,Error,BFF
09487000,2.00983e+09,14532,100,8.27214,0.15,0.004374,1,70241.9,801.927,0.136901,24.4657,-1.65915,-0.002,-0.001,24.4657,0.05,0.53277,0.00018
