tmp.site,tmp.area,Lb,X1,Wb,POR,ALPHA,BETA,Ks,Kb,Kz,Qthresh,Rs,Rb1,Rb2,Prec,Frac4Rise,Error,BFF
06478000,4.94377e+10,42217.6,111.172,5647.93,0.15,0.016864,0.9,4275.99,18265.8,0.929172,3.18054e+06,-0.077075,-0.026964,-0.051852,562.711,0.05,1.36671,0.470858
