tmp.site,tmp.area,Lb,X1,Wb,POR,ALPHA,BETA,Ks,Kb,Kz,Qthresh,Rs,Rb1,Rb2,Prec,Frac4Rise,Error,BFF
12352500,7.31413e+09,3185.72,0.187919,32731,0.15,0.001991,1.3,111.947,3.69196,1.60872,2.12118e+06,-0.044699,-0.032436,-0.02661,110096,0.05,0.297192,0.844979
