tmp.site,tmp.area,Lb,X1,Wb,POR,ALPHA,BETA,Ks,Kb,Kz,Qthresh,Rs,Rb1,Rb2,Prec,Frac4Rise,Error,BFF
03353611,4.9158e+09,8344.85,100,3012.03,0.15,0.010047,1,7772.3,8779.83,1.39164,802475,-0.152808,-0.080151,-0.049424,48442.1,0.05,0.342658,0.408805
