tmp.site,tmp.area,Lb,X1,Wb,POR,ALPHA,BETA,Ks,Kb,Kz,Qthresh,Rs,Rb1,Rb2,Prec,Frac4Rise,Error,BFF
02146562,1.47888e+07,6401.46,100,57.5994,0.15,0.019006,1,711.591,12411.2,0.904411,10079.9,-0.801859,-0.110341,-0.174088,24.4657,0.05,1.14262,0.122211
