tmp.site,tmp.area,Lb,X1,Wb,POR,ALPHA,BETA,Ks,Kb,Kz,Qthresh,Rs,Rb1,Rb2,Prec,Frac4Rise,Error,BFF
02087324,3.13389e+08,14662,108.431,519.403,0.15,0.0123,1.1,1815.74,33496.4,1.14962,44527.6,-0.294296,-0.104282,-0.088366,2691.23,0.05,0.412687,0.348315
