tmp.site,tmp.area,Lb,X1,Wb,POR,ALPHA,BETA,Ks,Kb,Kz,Qthresh,Rs,Rb1,Rb2,Prec,Frac4Rise,Error,BFF
02329000,2.95259e+09,32935.8,41.2919,1776.78,0.15,0.015005,1.3,3096,11620.7,1.03508,78290.3,-0.092003,-0.059795,-0.039242,7339.71,0.05,0.410222,0.494361
