tmp.site,tmp.area,Lb,X1,Wb,POR,ALPHA,BETA,Ks,Kb,Kz,Qthresh,Rs,Rb1,Rb2,Prec,Frac4Rise,Error,BFF
06856000,6.10201e+10,3875.89,100,3413.69,0.15,0.005442,1,11361.5,1852.62,0.92416,486868,-0.100335,-0.058022,-0.047061,5162.27,0.05,0.470188,0.325405
