tmp.site,tmp.area,Lb,X1,Wb,POR,ALPHA,BETA,Ks,Kb,Kz,Qthresh,Rs,Rb1,Rb2,Prec,Frac4Rise,Error,BFF
05465000,2.01682e+10,22703.8,0.952715,3747.81,0.15,0.008099,2.4,4579.67,7.31411,1.10943,2.07225e+06,-0.081599,-0.037899,-0.024044,122329,0.05,0.32365,0.50799
