tmp.site,tmp.area,Lb,X1,Wb,POR,ALPHA,BETA,Ks,Kb,Kz,Qthresh,Rs,Rb1,Rb2,Prec,Frac4Rise,Error,BFF
05411600,4.58428e+08,17412,100,532.205,0.15,0.00806,1,758.807,6938.62,0.910782,23242.4,-0.145425,-0.053182,-0.027236,2104.05,0.05,0.364809,0.339733
