tmp.site,tmp.area,Lb,X1,Wb,POR,ALPHA,BETA,Ks,Kb,Kz,Qthresh,Rs,Rb1,Rb2,Prec,Frac4Rise,Error,BFF
02234435,4.04038e+08,27978.2,175.469,976.213,0.15,0.019073,0.9,1821.01,87444.3,1.2703,658128,-0.176337,-0.040813,-0.143912,2133.92,0.05,1.98925,0.504971
