tmp.site,tmp.area,Lb,X1,Wb,POR,ALPHA,BETA,Ks,Kb,Kz,Qthresh,Rs,Rb1,Rb2,Prec,Frac4Rise,Error,BFF
08090800,6.53635e+10,45043.3,49.6779,2330.55,0.15,0.010067,1.1,14015.4,47034.8,0.850313,335180,-0.127752,-0.102879,-0.086221,3425.2,0.05,0.536697,0.318531
