tmp.site,tmp.area,Lb,X1,Wb,POR,ALPHA,BETA,Ks,Kb,Kz,Qthresh,Rs,Rb1,Rb2,Prec,Frac4Rise,Error,BFF
01555000,7.79586e+08,18781.5,0.85043,1206.68,0.15,0.0116,2.9,1694.36,14.0585,1.09373,137008,-0.176373,-0.048438,-0.027612,10030.9,0.05,0.267218,0.53746
