tmp.site,tmp.area,Lb,X1,Wb,POR,ALPHA,BETA,Ks,Kb,Kz,Qthresh,Rs,Rb1,Rb2,Prec,Frac4Rise,Error,BFF
012035055,4.01448e+07,7095.35,100,356.088,0.15,0.035964,1,383.321,9384.56,0.677421,3743.25,-0.376395,-0.054298,-0.059889,302.616,0.05,0.346883,0.475216
