tmp.site,tmp.area,Lb,X1,Wb,POR,ALPHA,BETA,Ks,Kb,Kz,Qthresh,Rs,Rb1,Rb2,Prec,Frac4Rise,Error,BFF
03175500,5.77567e+08,10629.5,2.9002,1071.6,0.15,0.012839,2.7,2201.99,62.103,1.05591,67280.7,-0.143841,-0.072229,-0.037064,5969.63,0.05,0.340378,0.459066
