tmp.site,tmp.area,Lb,X1,Wb,POR,ALPHA,BETA,Ks,Kb,Kz,Qthresh,Rs,Rb1,Rb2,Prec,Frac4Rise,Error,BFF
08329840,1.09556e+07,8319.08,100,7.44288,0.15,0.004417,1,174.512,945.014,0.443819,2642.3,-0.308668,-0.063647,-0.222345,24.4657,0.05,0.473435,0.00477
