tmp.site,tmp.area,Lb,X1,Wb,POR,ALPHA,BETA,Ks,Kb,Kz,Qthresh,Rs,Rb1,Rb2,Prec,Frac4Rise,Error,BFF
01549760,1.35327e+10,66987.5,186.533,8532.84,0.15,0.015279,2.3,15851,42966,2.34979,2.01353e+06,-0.105603,-0.052408,-0.029564,142650,0.05,0.314666,0.581288
