tmp.site,tmp.area,Lb,X1,Wb,POR,ALPHA,BETA,Ks,Kb,Kz,Qthresh,Rs,Rb1,Rb2,Prec,Frac4Rise,Error,BFF
04166000,8.62466e+07,16576.9,100,172.162,0.15,0.020148,1,317.918,16402.8,1.00794,8318.34,-0.30952,-0.061989,-0.060476,269.123,0.05,0.365007,0.4216
