tmp.site,tmp.area,Lb,X1,Wb,POR,ALPHA,BETA,Ks,Kb,Kz,Qthresh,Rs,Rb1,Rb2,Prec,Frac4Rise,Error,BFF
01673800,2.00983e+08,3884.61,303.196,651.156,0.15,0.016454,1,1692.1,22398.8,0.879086,177866,-0.290679,-0.088755,-0.08275,48.9314,0.05,0.483945,0.320676
