tmp.site,tmp.area,Lb,X1,Wb,POR,ALPHA,BETA,Ks,Kb,Kz,Qthresh,Rs,Rb1,Rb2,Prec,Frac4Rise,Error,BFF
02413000,2.46308e+08,12403.2,100,488.748,0.15,0.017555,1,1256.87,13441.1,0.952245,176398,-0.20611,-0.073352,-0.06996,1191.36,0.05,0.41618,0.347533
