tmp.site,tmp.area,Lb,X1,Wb,POR,ALPHA,BETA,Ks,Kb,Kz,Qthresh,Rs,Rb1,Rb2,Prec,Frac4Rise,Error,BFF
07010350,5.15408e+08,7926.94,3565.29,911.231,0.15,0.009319,10.1,1051.97,3105.83,0.899756,56271.1,-0.111572,-0.09276,-0.030746,2446.57,0.05,0.367129,0.308684
