tmp.site,tmp.area,Lb,X1,Wb,POR,ALPHA,BETA,Ks,Kb,Kz,Qthresh,Rs,Rb1,Rb2,Prec,Frac4Rise,Error,BFF
11454000,1.48665e+09,8300.25,0.374202,2392.33,0.15,0.019384,1,1161.82,32.9532,1.15663,264230,-0.058892,-0.047462,-0.04763,415.917,0.05,0.673528,0.541426
