tmp.site,tmp.area,Lb,X1,Wb,POR,ALPHA,BETA,Ks,Kb,Kz,Qthresh,Rs,Rb1,Rb2,Prec,Frac4Rise,Error,BFF
05586000,7.53687e+07,30800.7,100,121.66,0.15,0.06565,1,568.176,38222.1,0.908375,48931.4,-0.226946,-0.060864,-0.089793,24.4657,0.05,3.75396,0.252889
