tmp.site,tmp.area,Lb,X1,Wb,POR,ALPHA,BETA,Ks,Kb,Kz,Qthresh,Rs,Rb1,Rb2,Prec,Frac4Rise,Error,BFF
03332555,4.55838e+09,38094.3,88.4086,2081.6,0.15,0.008834,2,1915.79,8316,0.891754,995755,-0.094221,-0.038834,-0.028642,74620.4,0.05,0.271208,0.647829
