tmp.site,tmp.area,Lb,X1,Wb,POR,ALPHA,BETA,Ks,Kb,Kz,Qthresh,Rs,Rb1,Rb2,Prec,Frac4Rise,Error,BFF
02458148,1.0619e+07,7361.02,2747.26,186.646,0.15,0.009955,10.1,193.213,3125.99,0.515783,12722.2,-0.334607,-0.08115,-0.043856,293.589,0.05,0.315254,0.395473
