tmp.site,tmp.area,Lb,X1,Wb,POR,ALPHA,BETA,Ks,Kb,Kz,Qthresh,Rs,Rb1,Rb2,Prec,Frac4Rise,Error,BFF
04286000,1.02823e+09,11880.8,100,1463.1,0.15,0.013355,1,3080.54,14377.5,0.991568,743758,-0.186524,-0.05548,-0.052782,15168.7,0.05,0.334811,0.483661
