tmp.site,tmp.area,Lb,X1,Wb,POR,ALPHA,BETA,Ks,Kb,Kz,Qthresh,Rs,Rb1,Rb2,Prec,Frac4Rise,Error,BFF
01541303,1.22765e+09,14866.5,100,1409.35,0.15,0.009748,1,4246.27,15566.2,0.950098,227531,-0.095992,-0.069519,-0.047863,17370.7,0.05,0.350332,0.414807
