tmp.site,tmp.area,Lb,X1,Wb,POR,ALPHA,BETA,Ks,Kb,Kz,Qthresh,Rs,Rb1,Rb2,Prec,Frac4Rise,Error,BFF
06154410,3.31518e+07,39861.4,100,115.709,0.15,0.004842,1,28.7436,1939.38,0.423475,3180.54,-0.091161,-0.024487,-0.006847,237.317,0.05,0.302674,0.40452
