tmp.site,tmp.area,Lb,X1,Wb,POR,ALPHA,BETA,Ks,Kb,Kz,Qthresh,Rs,Rb1,Rb2,Prec,Frac4Rise,Error,BFF
11521500,3.10799e+08,5988.59,100,1694.06,0.15,0.016677,1,1871.55,1695.65,0.922887,107649,-0.168236,-0.04324,-0.013187,6600.12,0.05,0.330324,0.398828
