tmp.site,tmp.area,Lb,X1,Wb,POR,ALPHA,BETA,Ks,Kb,Kz,Qthresh,Rs,Rb1,Rb2,Prec,Frac4Rise,Error,BFF
08210400,4.01448e+08,7834.04,100,15.3266,0.15,0.006863,1,7956.55,48.4286,0.925191,2185.28,-0.509285,-0.227723,-0.289042,24.4657,0.05,0.190245,7.6e-05
