tmp.site,tmp.area,Lb,X1,Wb,POR,ALPHA,BETA,Ks,Kb,Kz,Qthresh,Rs,Rb1,Rb2,Prec,Frac4Rise,Error,BFF
06024580,4.15434e+09,17624.6,100,1609.06,0.15,0.007648,1,1357.65,11847.2,0.955231,354753,-0.07396,-0.034775,-0.02888,25693.9,0.05,0.308738,0.456402
