tmp.site,tmp.area,Lb,X1,Wb,POR,ALPHA,BETA,Ks,Kb,Kz,Qthresh,Rs,Rb1,Rb2,Prec,Frac4Rise,Error,BFF
01467081,2.32581e+07,13238,100,128.965,0.15,0.018876,1,1047.1,6201.83,0.945043,15658.1,-0.526934,-0.102048,-0.087417,700.062,0.05,0.381456,0.263178
