tmp.site,tmp.area,Lb,X1,Wb,POR,ALPHA,BETA,Ks,Kb,Kz,Qthresh,Rs,Rb1,Rb2,Prec,Frac4Rise,Error,BFF
10247200,3.10799e+07,546380,0.843588,34.8776,0.15,0.01178,0.9,139.275,574.689,0.52062,1891.69,-0.063996,-0.027271,-0.019656,24.4657,0.05,0.844573,0.267296
