tmp.site,tmp.area,Lb,X1,Wb,POR,ALPHA,BETA,Ks,Kb,Kz,Qthresh,Rs,Rb1,Rb2,Prec,Frac4Rise,Error,BFF
01046500,7.05513e+09,14740.7,100,13101.3,0.15,0.005198,1,140.148,19246.1,1.32266,3.40073e+06,-0.040021,-0.042235,-0.038882,315608,0.05,0.292185,0.893416
