tmp.site,tmp.area,Lb,X1,Wb,POR,ALPHA,BETA,Ks,Kb,Kz,Qthresh,Rs,Rb1,Rb2,Prec,Frac4Rise,Error,BFF
03447687,1.65759e+09,16448.4,100,2661.53,0.15,0.010814,1,4087.43,6474.02,1.09529,841621,-0.210524,-0.046085,-0.032225,71170.8,0.05,0.251315,0.56527
