tmp.site,tmp.area,Lb,X1,Wb,POR,ALPHA,BETA,Ks,Kb,Kz,Qthresh,Rs,Rb1,Rb2,Prec,Frac4Rise,Error,BFF
12324680,4.59464e+09,116922,112.477,817.667,0.15,0.009601,1.1,74.7776,84577.1,1.46801,1.27222e+06,-0.051998,-0.029419,-0.02754,21948.2,0.05,0.271342,0.779724
