tmp.site,tmp.area,Lb,X1,Wb,POR,ALPHA,BETA,Ks,Kb,Kz,Qthresh,Rs,Rb1,Rb2,Prec,Frac4Rise,Error,BFF
03381500,8.03414e+09,20429.6,100,9620.36,0.15,0.029707,1,13590.2,52319.6,1.36951,70950.6,-0.092254,-0.075317,-0.150654,2935.89,0.05,0.680343,0.363227
