tmp.site,tmp.area,Lb,X1,Wb,POR,ALPHA,BETA,Ks,Kb,Kz,Qthresh,Rs,Rb1,Rb2,Prec,Frac4Rise,Error,BFF
03293000,4.89508e+07,11430.6,32.9875,257.792,0.15,0.014323,1,1049.68,7307.18,1.07208,8073.69,-0.357245,-0.093832,-0.099241,73.3971,0.05,0.510621,0.278205
