tmp.site,tmp.area,Lb,X1,Wb,POR,ALPHA,BETA,Ks,Kb,Kz,Qthresh,Rs,Rb1,Rb2,Prec,Frac4Rise,Error,BFF
07186000,3.01475e+09,14627.2,4.99907,1437.86,0.15,0.007245,2.3,5491.54,121.919,0.98971,210405,-0.175512,-0.093162,-0.041365,6605.74,0.05,0.415753,0.258022
