tmp.site,tmp.area,Lb,X1,Wb,POR,ALPHA,BETA,Ks,Kb,Kz,Qthresh,Rs,Rb1,Rb2,Prec,Frac4Rise,Error,BFF
03140000,7.04477e+07,27195.3,43.3874,139.519,0.15,0.0298,1.1,1185.04,15141.7,1.02193,4012.38,-0.359561,-0.082935,-0.069795,36.8698,0.05,0.513177,0.267907
