tmp.site,tmp.area,Lb,X1,Wb,POR,ALPHA,BETA,Ks,Kb,Kz,Qthresh,Rs,Rb1,Rb2,Prec,Frac4Rise,Error,BFF
11075720,5.05048e+07,15211.9,100,8.67194,0.15,0.003174,1,1483.1,270.178,0.532424,2984.82,-0.346574,-0.111321,-0.194454,24.4657,0.05,0.312477,0.000697
