tmp.site,tmp.area,Lb,X1,Wb,POR,ALPHA,BETA,Ks,Kb,Kz,Qthresh,Rs,Rb1,Rb2,Prec,Frac4Rise,Error,BFF
03129197,7.25197e+07,6121.98,2.42178,224.569,0.15,0.016929,1,1127.43,306.865,1.14928,4700.35,-0.321743,-0.127885,-0.128914,48.2709,0.05,0.58546,0.200027
