tmp.site,tmp.area,Lb,X1,Wb,POR,ALPHA,BETA,Ks,Kb,Kz,Qthresh,Rs,Rb1,Rb2,Prec,Frac4Rise,Error,BFF
01597500,2.74539e+08,41318,3.54282,356.359,0.15,0.005753,0.9,128.349,142.835,1.14363,220191,-0.012165,-0.062876,-0.078758,2446.57,0.05,0.94291,0.280446
