tmp.site,tmp.area,Lb,X1,Wb,POR,ALPHA,BETA,Ks,Kb,Kz,Qthresh,Rs,Rb1,Rb2,Prec,Frac4Rise,Error,BFF
07010075,5.54257e+07,5163.31,100,212.415,0.15,0.030105,1,1459.69,69297.4,0.988648,18765.2,-0.799564,-0.115793,-0.307508,24.4657,0.05,2.86299,0.260663
