tmp.site,tmp.area,Lb,X1,Wb,POR,ALPHA,BETA,Ks,Kb,Kz,Qthresh,Rs,Rb1,Rb2,Prec,Frac4Rise,Error,BFF
06483950,1.95959e+10,35545.2,10.0553,3310.5,0.15,0.010095,1.7,2984.03,472.115,1.12927,442829,-0.05268,-0.034118,-0.020551,43793.6,0.05,0.378293,0.554518
