tmp.site,tmp.area,Lb,X1,Wb,POR,ALPHA,BETA,Ks,Kb,Kz,Qthresh,Rs,Rb1,Rb2,Prec,Frac4Rise,Error,BFF
08022040,9.29547e+09,10598.6,100,10435.4,0.15,0.040829,1,5870.58,17396.9,0.932571,55669.3,-0.083527,-0.065655,-0.075497,4406.28,0.05,0.49996,0.515847
