tmp.site,tmp.area,Lb,X1,Wb,POR,ALPHA,BETA,Ks,Kb,Kz,Qthresh,Rs,Rb1,Rb2,Prec,Frac4Rise,Error,BFF
14240525,3.78138e+08,24903.8,100,1208.43,0.15,0.008859,1,588.94,5555.99,0.965751,455062,-0.08083,-0.036375,-0.017506,42815,0.05,0.244366,0.57946
