tmp.site,tmp.area,Lb,X1,Wb,POR,ALPHA,BETA,Ks,Kb,Kz,Qthresh,Rs,Rb1,Rb2,Prec,Frac4Rise,Error,BFF
09035900,7.09657e+07,14405.7,4393.7,485.194,0.15,0.024709,2.9,85.4865,4320.78,0.255327,22508.5,-0.100335,-0.0223,-0.008747,954.163,0.05,0.311799,0.47575
