tmp.site,tmp.area,Lb,X1,Wb,POR,ALPHA,BETA,Ks,Kb,Kz,Qthresh,Rs,Rb1,Rb2,Prec,Frac4Rise,Error,BFF
05435500,3.4366e+09,13211.1,257.529,2997.85,0.15,0.007757,1.1,1806.41,2423.72,0.381088,976182,-0.073212,-0.036843,-0.030084,51378,0.05,0.298483,0.497239
