tmp.site,tmp.area,Lb,X1,Wb,POR,ALPHA,BETA,Ks,Kb,Kz,Qthresh,Rs,Rb1,Rb2,Prec,Frac4Rise,Error,BFF
09505200,2.87489e+08,167354,100,185.503,0.15,0.001125,1,823.927,8.37054,0.917531,14190.1,-0.18275,-0.17014,-0.020864,1377.42,0.05,0.153163,0.206894
