tmp.site,tmp.area,Lb,X1,Wb,POR,ALPHA,BETA,Ks,Kb,Kz,Qthresh,Rs,Rb1,Rb2,Prec,Frac4Rise,Error,BFF
02223190,4.04038e+08,9798.28,37.9807,618.981,0.15,0.006091,4.1,566.394,513.64,0.905397,173217,-0.125922,-0.076652,-0.041807,3446.97,0.05,0.335469,0.366859
