tmp.site,tmp.area,Lb,X1,Wb,POR,ALPHA,BETA,Ks,Kb,Kz,Qthresh,Rs,Rb1,Rb2,Prec,Frac4Rise,Error,BFF
04125550,3.75807e+09,178670,46850,3602.62,0.15,0.007581,10.1,805.239,179.3,0.431647,3.15608e+06,-0.044885,-0.016744,-0.013004,293589,0.05,0.102594,0.823853
