tmp.site,tmp.area,Lb,X1,Wb,POR,ALPHA,BETA,Ks,Kb,Kz,Qthresh,Rs,Rb1,Rb2,Prec,Frac4Rise,Error,BFF
06421500,1.56176e+09,235595,1.14833,250.846,0.15,0.020008,0.9,1631.32,22.583,1.33205,187407,-0.122029,-0.041939,-0.075453,171.26,0.05,8.51284,0.219462
