tmp.site,tmp.area,Lb,X1,Wb,POR,ALPHA,BETA,Ks,Kb,Kz,Qthresh,Rs,Rb1,Rb2,Prec,Frac4Rise,Error,BFF
08012150,3.57677e+09,12045.3,192.75,10489.3,0.15,0.015756,0.9,22594.3,92077.5,1.53102,5.84731e+06,-0.157584,-0.075645,-0.197261,3482.45,0.05,2.49914,0.537
