tmp.site,tmp.area,Lb,X1,Wb,POR,ALPHA,BETA,Ks,Kb,Kz,Qthresh,Rs,Rb1,Rb2,Prec,Frac4Rise,Error,BFF
01205500,3.99894e+09,10659.3,100,8397.04,0.15,0.012326,1,23441.4,21232.6,1.16811,1.37008e+06,-0.121248,-0.053974,-0.150717,16636.7,0.05,1.71758,0.547125
