tmp.site,tmp.area,Lb,X1,Wb,POR,ALPHA,BETA,Ks,Kb,Kz,Qthresh,Rs,Rb1,Rb2,Prec,Frac4Rise,Error,BFF
07191179,2.66769e+08,18788.6,5575.64,661.47,0.15,0.01205,3.2,296.589,6666.96,0.666787,59451.7,-0.081963,-0.058294,-0.025454,3009.28,0.05,0.29785,0.390362
