tmp.site,tmp.area,Lb,X1,Wb,POR,ALPHA,BETA,Ks,Kb,Kz,Qthresh,Rs,Rb1,Rb2,Prec,Frac4Rise,Error,BFF
08361000,7.62751e+10,71537.3,18.6544,6676.66,0.15,0.014284,0.9,1092.38,4986.28,1.19947,2.28265e+06,-0.013699,-0.034786,-0.242119,24.4657,0.05,801.052,0.788486
