tmp.site,tmp.area,Lb,X1,Wb,POR,ALPHA,BETA,Ks,Kb,Kz,Qthresh,Rs,Rb1,Rb2,Prec,Frac4Rise,Error,BFF
09378170,2.23775e+07,13667.7,6.89665,17.2861,0.15,0.028172,1,527.456,346.954,0.473473,1321.15,-0.142065,-0.047052,-0.05728,24.4657,0.05,0.741693,0.073529
