tmp.site,tmp.area,Lb,X1,Wb,POR,ALPHA,BETA,Ks,Kb,Kz,Qthresh,Rs,Rb1,Rb2,Prec,Frac4Rise,Error,BFF
03322011,8.65056e+07,6002.14,100,245.637,0.15,0.00997,1,1324.15,8117.4,0.943019,4868.68,-0.401183,-0.158429,-0.089856,172.581,0.05,0.513258,0.122271
