tmp.site,tmp.area,Lb,X1,Wb,POR,ALPHA,BETA,Ks,Kb,Kz,Qthresh,Rs,Rb1,Rb2,Prec,Frac4Rise,Error,BFF
03211500,5.33538e+08,23888,11.3844,297.54,0.15,0.002837,1.1,387.789,955.455,1.00978,24465.7,-0.048595,-0.10419,-0.087606,366.986,0.05,1.5094,0.07773
