tmp.site,tmp.area,Lb,X1,Wb,POR,ALPHA,BETA,Ks,Kb,Kz,Qthresh,Rs,Rb1,Rb2,Prec,Frac4Rise,Error,BFF
04163400,4.27348e+07,8977.9,100,178.988,0.15,0.025845,1,393.253,14800.8,0.907126,5406.92,-0.332585,-0.089995,-0.087876,97.8629,0.05,0.443237,0.323942
