tmp.site,tmp.area,Lb,X1,Wb,POR,ALPHA,BETA,Ks,Kb,Kz,Qthresh,Rs,Rb1,Rb2,Prec,Frac4Rise,Error,BFF
02086624,1.11369e+08,15162.7,109.062,180.687,0.15,0.009984,1.2,708.463,31521.7,1.06692,7535.44,-0.255413,-0.126184,-0.089925,440.383,0.05,0.442123,0.202617
