tmp.site,tmp.area,Lb,X1,Wb,POR,ALPHA,BETA,Ks,Kb,Kz,Qthresh,Rs,Rb1,Rb2,Prec,Frac4Rise,Error,BFF
08068275,4.81738e+08,9242.47,0.252948,476.685,0.15,0.007727,1,3290.14,75.6629,0.909962,37187.9,-0.298402,-0.134085,-0.182312,24.4657,0.05,7.52372,0.114255
