tmp.site,tmp.area,Lb,X1,Wb,POR,ALPHA,BETA,Ks,Kb,Kz,Qthresh,Rs,Rb1,Rb2,Prec,Frac4Rise,Error,BFF
06471800,4.48068e+08,55497.6,100,43.5825,0.15,0.05653,1,1270.18,50969.9,0.956511,1932.79,-0.143841,-0.08312,-0.088694,24.4657,0.05,1.21591,0.114694
