tmp.site,tmp.area,Lb,X1,Wb,POR,ALPHA,BETA,Ks,Kb,Kz,Qthresh,Rs,Rb1,Rb2,Prec,Frac4Rise,Error,BFF
07143375,1.01294e+11,4545.45,174.072,7606.67,0.15,0.010256,1.1,25080,652.125,0.19327,445276,-0.143841,-0.055565,-0.048101,1366.65,0.05,0.795744,0.211279
