tmp.site,tmp.area,Lb,X1,Wb,POR,ALPHA,BETA,Ks,Kb,Kz,Qthresh,Rs,Rb1,Rb2,Prec,Frac4Rise,Error,BFF
02110500,2.87489e+09,16097.4,100,3070.24,0.15,0.02809,1,1292.77,17701.9,0.963191,93972.8,-0.047832,-0.039857,-0.059159,2446.57,0.05,0.503184,0.552129
