tmp.site,tmp.area,Lb,X1,Wb,POR,ALPHA,BETA,Ks,Kb,Kz,Qthresh,Rs,Rb1,Rb2,Prec,Frac4Rise,Error,BFF
04197100,3.85908e+08,26520.4,52.6906,276.668,0.15,0.012352,1.1,2803.85,27214.9,1.10797,3180.54,-0.231306,-0.133954,-0.103455,134.561,0.05,0.520439,0.195712
