tmp.site,tmp.area,Lb,X1,Wb,POR,ALPHA,BETA,Ks,Kb,Kz,Qthresh,Rs,Rb1,Rb2,Prec,Frac4Rise,Error,BFF
041015313,3.64852e+07,10554.9,100,223.708,0.15,0.012383,1,123.574,6922,0.450057,8171.55,-0.131452,-0.035004,-0.033246,831.834,0.05,0.262898,0.644214
