tmp.site,tmp.area,Lb,X1,Wb,POR,ALPHA,BETA,Ks,Kb,Kz,Qthresh,Rs,Rb1,Rb2,Prec,Frac4Rise,Error,BFF
02369600,3.47058e+09,27038.5,100,2772.32,0.15,0.010542,1,1201.01,7796.22,0.941943,2.66676e+06,-0.043891,-0.025599,-0.036855,173217,0.05,0.220434,0.709707
