tmp.site,tmp.area,Lb,X1,Wb,POR,ALPHA,BETA,Ks,Kb,Kz,Qthresh,Rs,Rb1,Rb2,Prec,Frac4Rise,Error,BFF
11109800,1.10074e+09,855725,100,67.991,0.15,0.001503,1,12.3848,6454.91,0.92888,19572.6,-0.012659,-0.033198,-0.062028,24.4657,0.05,19.3371,0.084789
