tmp.site,tmp.area,Lb,X1,Wb,POR,ALPHA,BETA,Ks,Kb,Kz,Qthresh,Rs,Rb1,Rb2,Prec,Frac4Rise,Error,BFF
08166000,2.95259e+08,955314,100,109.814,0.15,0.095133,1,6455.13,11166.1,0.956576,61408.9,-0.202733,-0.026875,-0.029182,709.506,0.05,0.563425,0.247096
