tmp.site,tmp.area,Lb,X1,Wb,POR,ALPHA,BETA,Ks,Kb,Kz,Qthresh,Rs,Rb1,Rb2,Prec,Frac4Rise,Error,BFF
01436655,7.35557e+07,8573.13,100,347.223,0.15,0.019131,1,500.016,14915,0.956098,25547.1,-0.261358,-0.074573,-0.073013,898.846,0.05,0.368189,0.438732
