tmp.site,tmp.area,Lb,X1,Wb,POR,ALPHA,BETA,Ks,Kb,Kz,Qthresh,Rs,Rb1,Rb2,Prec,Frac4Rise,Error,BFF
02207400,2.11861e+07,23492.2,136.63,95.6451,0.15,0.017713,1,222.779,34186.2,0.395166,7535.44,-0.29775,-0.076157,-0.07884,78.168,0.05,0.443333,0.339044
