tmp.site,tmp.area,Lb,X1,Wb,POR,ALPHA,BETA,Ks,Kb,Kz,Qthresh,Rs,Rb1,Rb2,Prec,Frac4Rise,Error,BFF
04027500,7.79586e+08,65722.6,21214,774.395,0.15,0.012779,10.1,270.903,64.9024,1.00201,415917,-0.05268,-0.048936,-0.031712,29848.2,0.05,0.149035,0.626641
