tmp.site,tmp.area,Lb,X1,Wb,POR,ALPHA,BETA,Ks,Kb,Kz,Qthresh,Rs,Rb1,Rb2,Prec,Frac4Rise,Error,BFF
08449000,7.16391e+09,1.03173e+06,100,111.758,0.15,0.015745,1,5331,3707.85,1.00399,215298,-0.143841,-0.008169,-0.007335,5137.8,0.05,0.410041,0.310876
