tmp.site,tmp.area,Lb,X1,Wb,POR,ALPHA,BETA,Ks,Kb,Kz,Qthresh,Rs,Rb1,Rb2,Prec,Frac4Rise,Error,BFF
06036940,2.84899e+06,237043,100,6.46928,0.15,0.031229,1,2947.47,88.761,0.504576,10128.8,-0.117889,-0.016628,-0.024088,533.353,0.05,0.179591,0.75438
