tmp.site,tmp.area,Lb,X1,Wb,POR,ALPHA,BETA,Ks,Kb,Kz,Qthresh,Rs,Rb1,Rb2,Prec,Frac4Rise,Error,BFF
05382000,5.38718e+09,5258.74,3100.76,13244.8,0.15,0.001469,10.1,3905.04,13.8851,0.958823,697273,-0.092938,-0.066372,-0.025618,72173.9,0.05,0.343028,0.332973
