tmp.site,tmp.area,Lb,X1,Wb,POR,ALPHA,BETA,Ks,Kb,Kz,Qthresh,Rs,Rb1,Rb2,Prec,Frac4Rise,Error,BFF
05514840,1.57989e+08,6126.31,0.085609,410.827,0.15,0.013645,1.2,1750.75,8.75487,0.618734,7682.23,-0.314456,-0.135124,-0.095937,272.597,0.05,0.472783,0.203147
