tmp.site,tmp.area,Lb,X1,Wb,POR,ALPHA,BETA,Ks,Kb,Kz,Qthresh,Rs,Rb1,Rb2,Prec,Frac4Rise,Error,BFF
02323592,2.583e+10,63204.2,48.6655,11194.5,0.15,0.008949,0.9,4485.04,18225.9,0.849557,1.8156e+07,-0.086029,-0.019893,-0.029804,481779,0.05,0.180617,0.855094
