tmp.site,tmp.area,Lb,X1,Wb,POR,ALPHA,BETA,Ks,Kb,Kz,Qthresh,Rs,Rb1,Rb2,Prec,Frac4Rise,Error,BFF
03217000,6.26777e+08,5948.76,248.289,1216.63,0.15,0.011586,1,4565.51,36391.9,0.716488,3180.54,-0.243332,-0.101638,-0.096245,146.794,0.05,0.515326,0.309597
