tmp.site,tmp.area,Lb,X1,Wb,POR,ALPHA,BETA,Ks,Kb,Kz,Qthresh,Rs,Rb1,Rb2,Prec,Frac4Rise,Error,BFF
11376550,9.24626e+08,7648.43,100,4307.92,0.15,0.002914,1,191.671,491.033,0.968754,511333,-0.12343,-0.028349,-0.0089,42815,0.05,0.254402,0.577635
