tmp.site,tmp.area,Lb,X1,Wb,POR,ALPHA,BETA,Ks,Kb,Kz,Qthresh,Rs,Rb1,Rb2,Prec,Frac4Rise,Error,BFF
08447300,1.09217e+11,161187,173.83,286.584,0.15,0.009795,0.9,8110.49,624.693,0.152739,74033.3,-0.059796,-0.013241,-0.012493,6458.95,0.05,0.328258,0.60441
