tmp.site,tmp.area,Lb,X1,Wb,POR,ALPHA,BETA,Ks,Kb,Kz,Qthresh,Rs,Rb1,Rb2,Prec,Frac4Rise,Error,BFF
054279465,1.58507e+07,5911.56,100,47.3825,0.15,0.091899,1,593.705,31728.3,0.957408,6822.75,-0.143975,-0.119022,-0.22115,24.4657,0.05,0.77177,0.234445
