tmp.site,tmp.area,Lb,X1,Wb,POR,ALPHA,BETA,Ks,Kb,Kz,Qthresh,Rs,Rb1,Rb2,Prec,Frac4Rise,Error,BFF
12342500,8.21026e+08,20411.5,373.545,780.009,0.15,0.015163,1.3,212.763,193.851,0.324938,200619,-0.011673,-0.025706,-0.01944,4159.17,0.05,0.579116,0.225813
