tmp.site,tmp.area,Lb,X1,Wb,POR,ALPHA,BETA,Ks,Kb,Kz,Qthresh,Rs,Rb1,Rb2,Prec,Frac4Rise,Error,BFF
07290690,2.00465e+08,4591.51,100,555.478,0.15,0.010078,1,3133.66,8485.5,0.957638,8563,-0.553387,-0.184518,-0.078481,488.336,0.05,0.496281,0.149843
