tmp.site,tmp.area,Lb,X1,Wb,POR,ALPHA,BETA,Ks,Kb,Kz,Qthresh,Rs,Rb1,Rb2,Prec,Frac4Rise,Error,BFF
05577500,2.77129e+08,10178.9,100,475.598,0.15,0.0222,1,730.782,18360,0.957991,105692,-0.24525,-0.066436,-0.148748,24.4657,0.05,13.1588,0.405816
