tmp.site,tmp.area,Lb,X1,Wb,POR,ALPHA,BETA,Ks,Kb,Kz,Qthresh,Rs,Rb1,Rb2,Prec,Frac4Rise,Error,BFF
08155400,3.23749e+08,6794.79,173.685,351.043,0.15,0.072875,1,1126.08,8056.15,1.00857,15169.2,-0.178337,-0.067164,-0.060049,24.4657,0.05,14.3604,0.16149
