tmp.site,tmp.area,Lb,X1,Wb,POR,ALPHA,BETA,Ks,Kb,Kz,Qthresh,Rs,Rb1,Rb2,Prec,Frac4Rise,Error,BFF
06307616,6.82203e+09,42858.5,161.955,996.807,0.15,0.007461,1.9,360.394,1045.64,1.4981,976182,-0.022177,-0.027719,-0.020119,17126,0.05,0.313547,0.469284
