tmp.site,tmp.area,Lb,X1,Wb,POR,ALPHA,BETA,Ks,Kb,Kz,Qthresh,Rs,Rb1,Rb2,Prec,Frac4Rise,Error,BFF
03314500,4.78889e+09,11776.5,100,2050.64,0.15,0.018404,1,3455.78,13052.2,1.24102,6.38555e+06,-0.053927,-0.060832,-0.079814,21040.5,0.05,0.461297,0.350548
