tmp.site,tmp.area,Lb,X1,Wb,POR,ALPHA,BETA,Ks,Kb,Kz,Qthresh,Rs,Rb1,Rb2,Prec,Frac4Rise,Error,BFF
06418800,1.16391e+09,35573.9,24.1675,615.158,0.15,0.019354,0.9,315.286,2977.13,0.948503,199396,-0.080834,-0.028676,-0.03427,5484.48,0.05,0.298937,0.662941
