tmp.site,tmp.area,Lb,X1,Wb,POR,ALPHA,BETA,Ks,Kb,Kz,Qthresh,Rs,Rb1,Rb2,Prec,Frac4Rise,Error,BFF
09025300,4.32528e+06,3266.61,100,169.971,0.15,0.014054,1,50.814,1582.05,0.123735,1688.13,-0.075204,-0.031054,-0.043654,24.4657,0.05,3.9829,0.442107
