tmp.site,tmp.area,Lb,X1,Wb,POR,ALPHA,BETA,Ks,Kb,Kz,Qthresh,Rs,Rb1,Rb2,Prec,Frac4Rise,Error,BFF
13046995,8.36566e+08,100755,100,828.555,0.15,0.011241,1,477.677,4895.76,0.978359,1.11074e+06,-0.056737,-0.017071,-0.009199,77801,0.05,0.172441,0.562864
