tmp.site,tmp.area,Lb,X1,Wb,POR,ALPHA,BETA,Ks,Kb,Kz,Qthresh,Rs,Rb1,Rb2,Prec,Frac4Rise,Error,BFF
02312762,4.40298e+09,33743.8,119.032,5741.87,0.15,0.097968,0.9,305.677,12950.9,0.939446,1.29179e+06,-0.055613,-0.016823,-0.024893,2935.89,0.05,0.452846,0.561227
