tmp.site,tmp.area,Lb,X1,Wb,POR,ALPHA,BETA,Ks,Kb,Kz,Qthresh,Rs,Rb1,Rb2,Prec,Frac4Rise,Error,BFF
03498500,6.96707e+08,16861.1,2773.55,1229.18,0.15,0.009117,10.1,2672.22,7003.56,0.913154,118659,-0.284698,-0.069548,-0.033141,12477.5,0.05,0.288934,0.467387
