tmp.site,tmp.area,Lb,X1,Wb,POR,ALPHA,BETA,Ks,Kb,Kz,Qthresh,Rs,Rb1,Rb2,Prec,Frac4Rise,Error,BFF
11365000,1.28256e+10,22913.4,13.6847,16630.5,0.15,0.008018,0.9,2260.55,3882.02,0.977791,1.05692e+07,-0.040727,-0.036697,-0.068826,180158,0.05,0.530483,0.962939
