tmp.site,tmp.area,Lb,X1,Wb,POR,ALPHA,BETA,Ks,Kb,Kz,Qthresh,Rs,Rb1,Rb2,Prec,Frac4Rise,Error,BFF
10311100,1.05154e+07,15281.3,87.02,146.158,0.15,0.027601,0.9,90.373,3318.04,0.225067,1663.67,-0.13514,-0.024585,-0.043451,29.3589,0.05,0.510421,0.608359
