tmp.site,tmp.area,Lb,X1,Wb,POR,ALPHA,BETA,Ks,Kb,Kz,Qthresh,Rs,Rb1,Rb2,Prec,Frac4Rise,Error,BFF
02207385,4.48068e+07,14332.8,100,190.613,0.15,0.014204,1,358.944,9336.9,0.986359,31805.4,-0.377786,-0.084066,-0.048728,728.124,0.05,0.35359,0.37958
