tmp.site,tmp.area,Lb,X1,Wb,POR,ALPHA,BETA,Ks,Kb,Kz,Qthresh,Rs,Rb1,Rb2,Prec,Frac4Rise,Error,BFF
11152050,7.87356e+08,7159.37,70.3641,940.937,0.15,0.013364,0.9,13662.5,2828.33,0.959562,276463,-0.345955,-0.10745,-0.180144,24.4657,0.05,441.245,0.133919
