tmp.site,tmp.area,Lb,X1,Wb,POR,ALPHA,BETA,Ks,Kb,Kz,Qthresh,Rs,Rb1,Rb2,Prec,Frac4Rise,Error,BFF
02378300,4.29938e+07,25258.3,12908.5,527.447,0.15,0.00306,10.1,441.216,1009.24,0.827225,57005.1,-0.319752,-0.066688,-0.017484,2691.23,0.05,0.235764,0.449437
