tmp.site,tmp.area,Lb,X1,Wb,POR,ALPHA,BETA,Ks,Kb,Kz,Qthresh,Rs,Rb1,Rb2,Prec,Frac4Rise,Error,BFF
07314900,2.68582e+09,2946.12,100,387.678,0.15,0.008573,1,5054.94,12497.7,0.994853,169058,-0.205698,-0.151755,-0.322114,24.4657,0.05,16.7654,0.037928
