tmp.site,tmp.area,Lb,X1,Wb,POR,ALPHA,BETA,Ks,Kb,Kz,Qthresh,Rs,Rb1,Rb2,Prec,Frac4Rise,Error,BFF
03230427,3.15979e+07,7879.8,100,144.073,0.15,0.056813,1,111.736,40106.9,0.99601,8661.84,-0.304492,-0.088669,-0.213725,24.4657,0.05,0.729309,0.467727
