tmp.site,tmp.area,Lb,X1,Wb,POR,ALPHA,BETA,Ks,Kb,Kz,Qthresh,Rs,Rb1,Rb2,Prec,Frac4Rise,Error,BFF
02479160,1.81558e+09,34278.7,449.589,1393.77,0.15,0.006288,3.2,6749.77,22423.1,1.49194,521120,-0.190055,-0.081669,-0.04507,28380.2,0.05,0.330349,0.417439
