tmp.site,tmp.area,Lb,X1,Wb,POR,ALPHA,BETA,Ks,Kb,Kz,Qthresh,Rs,Rb1,Rb2,Prec,Frac4Rise,Error,BFF
13075910,3.37993e+09,129336,8.85295,1720.66,0.15,0.014988,0.9,209.535,2978.61,1.08236,1.02022e+06,-0.040021,-0.022764,-0.038176,16080.8,0.05,0.492765,0.793969
