tmp.site,tmp.area,Lb,X1,Wb,POR,ALPHA,BETA,Ks,Kb,Kz,Qthresh,Rs,Rb1,Rb2,Prec,Frac4Rise,Error,BFF
01529950,5.19552e+09,14010,14.8581,2974.86,0.15,0.0102,2.8,8411.87,304.491,1.26968,518673,-0.177921,-0.081025,-0.038254,34007.3,0.05,0.335582,0.475901
