tmp.site,tmp.area,Lb,X1,Wb,POR,ALPHA,BETA,Ks,Kb,Kz,Qthresh,Rs,Rb1,Rb2,Prec,Frac4Rise,Error,BFF
05579500,5.54257e+08,23726.2,18.8017,655.395,0.15,0.013116,1.4,1210.76,4286.13,1.44127,9786.29,-0.168012,-0.060655,-0.03664,513.78,0.05,0.425343,0.455937
