tmp.site,tmp.area,Lb,X1,Wb,POR,ALPHA,BETA,Ks,Kb,Kz,Qthresh,Rs,Rb1,Rb2,Prec,Frac4Rise,Error,BFF
10215900,6.83757e+07,16166.9,4894.12,401.101,0.15,0.010899,10.1,126.877,8405.69,0.433316,13211.5,-0.104359,-0.025953,-0.011158,660.574,0.05,0.261094,0.564096
