tmp.site,tmp.area,Lb,X1,Wb,POR,ALPHA,BETA,Ks,Kb,Kz,Qthresh,Rs,Rb1,Rb2,Prec,Frac4Rise,Error,BFF
01531500,2.01941e+10,10212.6,100,6922.63,0.15,0.012462,1,11563.3,9525.5,2.85541,1.4239e+06,-0.143841,-0.064464,-0.033605,157129,0.05,0.35118,0.446496
