tmp.site,tmp.area,Lb,X1,Wb,POR,ALPHA,BETA,Ks,Kb,Kz,Qthresh,Rs,Rb1,Rb2,Prec,Frac4Rise,Error,BFF
08056500,2.06681e+07,8280.13,7.30936,86.7084,0.15,0.012782,1,283.138,856.447,1.02937,10275.6,-0.346574,-0.127555,-0.134443,244.657,0.05,0.606338,0.139601
