tmp.site,tmp.area,Lb,X1,Wb,POR,ALPHA,BETA,Ks,Kb,Kz,Qthresh,Rs,Rb1,Rb2,Prec,Frac4Rise,Error,BFF
03114431,9.01316e+08,6769.86,101.532,1431.48,0.15,0.011888,1,7190.75,16782.3,0.981928,817155,-0.356974,-0.112947,-0.110932,452.616,0.05,0.430003,0.290915
