tmp.site,tmp.area,Lb,X1,Wb,POR,ALPHA,BETA,Ks,Kb,Kz,Qthresh,Rs,Rb1,Rb2,Prec,Frac4Rise,Error,BFF
11441500,7.12247e+07,5792.87,160.599,822.494,0.15,0.002888,1,39.9319,1511.93,0.75008,48931.4,-0.034878,-0.041329,-0.039017,244.657,0.05,1.91081,0.192713
