tmp.site,tmp.area,Lb,X1,Wb,POR,ALPHA,BETA,Ks,Kb,Kz,Qthresh,Rs,Rb1,Rb2,Prec,Frac4Rise,Error,BFF
05485640,2.40092e+08,15062.4,60.0595,464.981,0.15,0.020554,1,833.767,14594.3,1.15183,7095.06,-0.229745,-0.072311,-0.07995,66.0574,0.05,0.630677,0.419878
