tmp.site,tmp.area,Lb,X1,Wb,POR,ALPHA,BETA,Ks,Kb,Kz,Qthresh,Rs,Rb1,Rb2,Prec,Frac4Rise,Error,BFF
14153500,2.69359e+08,5027.71,99.4455,1402.05,0.15,0.004452,1.2,62.7425,60.0431,0.216509,198172,-0.013826,-0.071494,-0.056605,4893.14,0.05,0.427702,0.191478
