tmp.site,tmp.area,Lb,X1,Wb,POR,ALPHA,BETA,Ks,Kb,Kz,Qthresh,Rs,Rb1,Rb2,Prec,Frac4Rise,Error,BFF
07030000,5.11523e+09,8666.13,100,5890.22,0.15,0.017689,1,4496.77,10464.1,1.17278,709506,-0.07667,-0.050687,-0.04871,68993.3,0.05,0.403028,0.571125
