tmp.site,tmp.area,Lb,X1,Wb,POR,ALPHA,BETA,Ks,Kb,Kz,Qthresh,Rs,Rb1,Rb2,Prec,Frac4Rise,Error,BFF
04214500,3.67778e+08,32096.8,67.0756,617.351,0.15,0.011801,1.3,3078.49,30858.5,0.9934,29358.9,-0.312783,-0.097443,-0.066935,1590.27,0.05,0.395069,0.349814
