tmp.site,tmp.area,Lb,X1,Wb,POR,ALPHA,BETA,Ks,Kb,Kz,Qthresh,Rs,Rb1,Rb2,Prec,Frac4Rise,Error,BFF
03033000,2.17274e+10,45445.9,167.077,14965.1,0.15,0.008131,1.3,61739.2,61670.1,3.59537,2.5689e+06,-0.118057,-0.062734,-0.045372,231225,0.05,0.312663,0.547944
