tmp.site,tmp.area,Lb,X1,Wb,POR,ALPHA,BETA,Ks,Kb,Kz,Qthresh,Rs,Rb1,Rb2,Prec,Frac4Rise,Error,BFF
02479130,9.19446e+08,25005,29.452,846.799,0.15,0.00972,3.1,2431.04,958.715,0.982815,261783,-0.155416,-0.086768,-0.04911,15434.7,0.05,0.333793,0.392453
