tmp.site,tmp.area,Lb,X1,Wb,POR,ALPHA,BETA,Ks,Kb,Kz,Qthresh,Rs,Rb1,Rb2,Prec,Frac4Rise,Error,BFF
07179730,1.61097e+09,17392.6,2.74952,565.136,0.15,0.00443,1.2,1331.6,448.107,1.0374,61164.3,-0.071222,-0.102826,-0.077286,1003.09,0.05,0.695218,0.151498
