tmp.site,tmp.area,Lb,X1,Wb,POR,ALPHA,BETA,Ks,Kb,Kz,Qthresh,Rs,Rb1,Rb2,Prec,Frac4Rise,Error,BFF
10183500,2.92928e+09,44043.7,100,299.2,0.15,0.019122,1,1874.38,4948.16,0.963911,24465.7,-0.095701,-0.037487,-0.062754,1516.87,0.05,0.694923,0.154901
