tmp.site,tmp.area,Lb,X1,Wb,POR,ALPHA,BETA,Ks,Kb,Kz,Qthresh,Rs,Rb1,Rb2,Prec,Frac4Rise,Error,BFF
03566420,4.86918e+07,18081.8,242.836,195.93,0.15,0.019901,3.2,468.591,14554.9,0.60226,11410.8,-0.346574,-0.102598,-0.046658,415.917,0.05,0.364613,0.333865
