tmp.site,tmp.area,Lb,X1,Wb,POR,ALPHA,BETA,Ks,Kb,Kz,Qthresh,Rs,Rb1,Rb2,Prec,Frac4Rise,Error,BFF
01633000,1.31571e+09,8431.91,100,1224.35,0.15,0.010348,1,2289.18,7765.89,0.930452,156581,-0.160331,-0.07022,-0.040265,4648.49,0.05,0.371602,0.364929
