tmp.site,tmp.area,Lb,X1,Wb,POR,ALPHA,BETA,Ks,Kb,Kz,Qthresh,Rs,Rb1,Rb2,Prec,Frac4Rise,Error,BFF
03512000,4.76558e+08,16230.8,100,1312.19,0.15,0.009893,1,1962.75,8694.78,0.946166,249550,-0.32717,-0.048132,-0.027656,23242.4,0.05,0.244719,0.567744
