tmp.site,tmp.area,Lb,X1,Wb,POR,ALPHA,BETA,Ks,Kb,Kz,Qthresh,Rs,Rb1,Rb2,Prec,Frac4Rise,Error,BFF
01403900,1.25355e+08,9262.36,100,435.114,0.15,0.014053,1,1723.31,9734.28,1.03345,17737.6,-0.543164,-0.097212,-0.080478,1477.78,0.05,0.367666,0.306927
