tmp.site,tmp.area,Lb,X1,Wb,POR,ALPHA,BETA,Ks,Kb,Kz,Qthresh,Rs,Rb1,Rb2,Prec,Frac4Rise,Error,BFF
05484800,2.03055e+08,8545.6,100,450.665,0.15,0.022114,1,865.309,16231,1.01057,21647.3,-0.308417,-0.068466,-0.102433,48.9314,0.05,1.05767,0.375681
