tmp.site,tmp.area,Lb,X1,Wb,POR,ALPHA,BETA,Ks,Kb,Kz,Qthresh,Rs,Rb1,Rb2,Prec,Frac4Rise,Error,BFF
02391840,2.15746e+07,5086.92,0.10938,191.126,0.15,0.013078,3.6,167.256,0.132536,0.035895,12477.5,-0.10261,-0.070884,-0.053173,475.809,0.05,0.417025,0.358915
