tmp.site,tmp.area,Lb,X1,Wb,POR,ALPHA,BETA,Ks,Kb,Kz,Qthresh,Rs,Rb1,Rb2,Prec,Frac4Rise,Error,BFF
09403600,5.02458e+08,3.63545e+06,100,45.2857,0.15,0.03174,1,492.462,5232.83,0.946177,19572.6,-0.084878,-0.033179,-0.027417,711.952,0.05,0.279064,0.468555
