tmp.site,tmp.area,Lb,X1,Wb,POR,ALPHA,BETA,Ks,Kb,Kz,Qthresh,Rs,Rb1,Rb2,Prec,Frac4Rise,Error,BFF
02238000,1.67831e+09,47525,6.89441,2737.01,0.15,0.012688,0.9,122.417,421.631,0.543921,286249,-0.018047,-0.037407,-0.079706,24.4657,0.05,89.9133,0.702794
