tmp.site,tmp.area,Lb,X1,Wb,POR,ALPHA,BETA,Ks,Kb,Kz,Qthresh,Rs,Rb1,Rb2,Prec,Frac4Rise,Error,BFF
05414000,3.67778e+08,133353,100,212.704,0.15,0.009135,1,174.379,14051.9,0.916025,121350,-0.202733,-0.031277,-0.020697,6361.09,0.05,0.274147,0.504001
