tmp.site,tmp.area,Lb,X1,Wb,POR,ALPHA,BETA,Ks,Kb,Kz,Qthresh,Rs,Rb1,Rb2,Prec,Frac4Rise,Error,BFF
03045000,4.45478e+08,7580.42,100,1084.71,0.15,0.013524,1,2997.62,14328.3,0.896874,66546.7,-0.276832,-0.075107,-0.072251,1394.55,0.05,0.404055,0.408819
