tmp.site,tmp.area,Lb,X1,Wb,POR,ALPHA,BETA,Ks,Kb,Kz,Qthresh,Rs,Rb1,Rb2,Prec,Frac4Rise,Error,BFF
02375500,9.88598e+09,19717.1,1.84357,3729.25,0.15,0.009447,3.3,4890.36,15.2167,2.16209,2.10405e+06,-0.087945,-0.058351,-0.035951,178110,0.05,0.28995,0.514203
