tmp.site,tmp.area,Lb,X1,Wb,POR,ALPHA,BETA,Ks,Kb,Kz,Qthresh,Rs,Rb1,Rb2,Prec,Frac4Rise,Error,BFF
11159500,3.29446e+09,17328.7,100,585.018,0.15,0.009379,1,1223.61,15340.3,0.867731,2715.69,-0.116457,-0.055506,-0.06337,73.3971,0.05,1.46547,0.176781
