tmp.site,tmp.area,Lb,X1,Wb,POR,ALPHA,BETA,Ks,Kb,Kz,Qthresh,Rs,Rb1,Rb2,Prec,Frac4Rise,Error,BFF
12422500,1.1111e+10,17212.1,100,19373.2,0.15,0.01046,1,433.61,8718.18,0.965944,1.70526e+06,-0.025647,-0.023555,-0.028219,183738,0.05,0.348442,0.78561
