tmp.site,tmp.area,Lb,X1,Wb,POR,ALPHA,BETA,Ks,Kb,Kz,Qthresh,Rs,Rb1,Rb2,Prec,Frac4Rise,Error,BFF
03378550,2.69359e+08,4273.51,100,761.033,0.15,0.011898,1,3775.59,16061.2,0.945163,308268,-0.407132,-0.126474,-0.177666,24.4657,0.05,4.41179,0.192932
