tmp.site,tmp.area,Lb,X1,Wb,POR,ALPHA,BETA,Ks,Kb,Kz,Qthresh,Rs,Rb1,Rb2,Prec,Frac4Rise,Error,BFF
09014050,1.97875e+08,3.17281e+06,0.064161,25.9206,0.15,0.029951,0.9,5917.15,2158.73,7.77302,415379,-0.125975,-0.050706,-0.160773,337.969,0.05,1.04305,0.249689
