tmp.site,tmp.area,Lb,X1,Wb,POR,ALPHA,BETA,Ks,Kb,Kz,Qthresh,Rs,Rb1,Rb2,Prec,Frac4Rise,Error,BFF
03228750,1.6809e+08,10126.7,48.3284,391.208,0.15,0.010431,1.1,2209.1,9288.67,1.07454,20669.9,-0.346574,-0.126408,-0.099612,147.333,0.05,0.486996,0.217864
