tmp.site,tmp.area,Lb,X1,Wb,POR,ALPHA,BETA,Ks,Kb,Kz,Qthresh,Rs,Rb1,Rb2,Prec,Frac4Rise,Error,BFF
04087120,3.18569e+08,12421.8,188.846,518.824,0.15,0.013963,1.2,2149.33,20007.8,1.12486,46484.9,-0.295241,-0.094904,-0.071643,1590.27,0.05,0.441615,0.278995
