tmp.site,tmp.area,Lb,X1,Wb,POR,ALPHA,BETA,Ks,Kb,Kz,Qthresh,Rs,Rb1,Rb2,Prec,Frac4Rise,Error,BFF
14191000,1.88551e+10,14922.1,100,11279.2,0.15,0.008053,1,5386.55,2813.46,4.32074,8.12262e+06,-0.077605,-0.044727,-0.012967,770670,0.05,0.348544,0.427289
