tmp.site,tmp.area,Lb,X1,Wb,POR,ALPHA,BETA,Ks,Kb,Kz,Qthresh,Rs,Rb1,Rb2,Prec,Frac4Rise,Error,BFF
02309425,1.05931e+07,5628.21,100,238.481,0.15,0.010827,1,321.019,4327.29,0.460417,7731.17,-0.374365,-0.071093,-0.042676,452.616,0.05,0.357158,0.372093
