tmp.site,tmp.area,Lb,X1,Wb,POR,ALPHA,BETA,Ks,Kb,Kz,Qthresh,Rs,Rb1,Rb2,Prec,Frac4Rise,Error,BFF
13206305,7.19499e+09,25290.6,946.92,3315.32,0.15,0.009041,1.1,139.531,20836.7,0.482822,572498,-0.024168,-0.022846,-0.018854,22434.6,0.05,0.310199,0.586747
