tmp.site,tmp.area,Lb,X1,Wb,POR,ALPHA,BETA,Ks,Kb,Kz,Qthresh,Rs,Rb1,Rb2,Prec,Frac4Rise,Error,BFF
08111850,1.15695e+11,15424.9,100,6702.39,0.15,0.010894,1,20302.2,14059,0.884476,3.30287e+06,-0.100953,-0.046355,-0.059303,56212.4,0.05,0.47042,0.31163
