tmp.site,tmp.area,Lb,X1,Wb,POR,ALPHA,BETA,Ks,Kb,Kz,Qthresh,Rs,Rb1,Rb2,Prec,Frac4Rise,Error,BFF
11251000,4.34082e+09,23355.3,0.031428,1629.82,0.15,0.004655,1,422.677,1.26258,0.882329,1.1083e+06,-0.021057,-0.031493,-0.034765,7829.03,0.05,0.583592,0.270861
