tmp.site,tmp.area,Lb,X1,Wb,POR,ALPHA,BETA,Ks,Kb,Kz,Qthresh,Rs,Rb1,Rb2,Prec,Frac4Rise,Error,BFF
13296500,2.09012e+09,116077,41537.9,1138.66,0.15,0.003578,7.7,118.567,1818.5,0.793241,1.19637e+06,-0.061807,-0.021008,-0.011249,68504,0.05,0.270538,0.386568
