tmp.site,tmp.area,Lb,X1,Wb,POR,ALPHA,BETA,Ks,Kb,Kz,Qthresh,Rs,Rb1,Rb2,Prec,Frac4Rise,Error,BFF
06355500,3.10799e+09,14527.2,100,619.12,0.15,0.097757,1,2885.37,14961.3,0.990105,58717.7,-0.135564,-0.061104,-0.100754,24.4657,0.05,5.07285,0.199051
