tmp.site,tmp.area,Lb,X1,Wb,POR,ALPHA,BETA,Ks,Kb,Kz,Qthresh,Rs,Rb1,Rb2,Prec,Frac4Rise,Error,BFF
02312640,1.036e+08,37485.2,74.7545,100.448,0.15,0.02219,0.9,554.782,2815.51,0.57054,18338.5,-0.124136,-0.024805,-0.031687,24.4657,0.05,4.92653,0.197437
