tmp.site,tmp.area,Lb,X1,Wb,POR,ALPHA,BETA,Ks,Kb,Kz,Qthresh,Rs,Rb1,Rb2,Prec,Frac4Rise,Error,BFF
07369700,1.30535e+09,224562,76.2552,1109.79,0.15,0.019112,1,1515.26,84351.4,1.26094,259337,-0.089496,-0.043344,-0.049946,3669.86,0.05,0.549202,0.473817
