tmp.site,tmp.area,Lb,X1,Wb,POR,ALPHA,BETA,Ks,Kb,Kz,Qthresh,Rs,Rb1,Rb2,Prec,Frac4Rise,Error,BFF
03228689,1.19139e+08,4559.37,100,450.238,0.15,0.01839,1,1440.6,17054.6,0.924844,13089.2,-0.427005,-0.091608,-0.191564,24.4657,0.05,0.695733,0.297408
