tmp.site,tmp.area,Lb,X1,Wb,POR,ALPHA,BETA,Ks,Kb,Kz,Qthresh,Rs,Rb1,Rb2,Prec,Frac4Rise,Error,BFF
11125600,6.26777e+06,13552.9,8.50353,409.948,0.15,0.016196,0.9,35.8099,30.0349,0.213162,8636.4,-0.033177,-0.020084,-0.03352,24.4657,0.05,27.2625,0.63309
