tmp.site,tmp.area,Lb,X1,Wb,POR,ALPHA,BETA,Ks,Kb,Kz,Qthresh,Rs,Rb1,Rb2,Prec,Frac4Rise,Error,BFF
11051499,5.43898e+08,41115.6,110.913,269.526,0.15,0.020312,0.9,54.8664,51616.1,1.0412,74131.1,-0.054411,-0.070146,-0.165533,24.4657,0.05,104.611,0.463438
