tmp.site,tmp.area,Lb,X1,Wb,POR,ALPHA,BETA,Ks,Kb,Kz,Qthresh,Rs,Rb1,Rb2,Prec,Frac4Rise,Error,BFF
14209700,1.16808e+08,10022.2,100,626.148,0.15,0.009946,1,822.711,6880.83,0.974629,23571.5,-0.191055,-0.076293,-0.014291,1996.82,0.05,0.364841,0.35905
