tmp.site,tmp.area,Lb,X1,Wb,POR,ALPHA,BETA,Ks,Kb,Kz,Qthresh,Rs,Rb1,Rb2,Prec,Frac4Rise,Error,BFF
07061000,2.86712e+10,13337.1,100,6954.66,0.15,0.011393,1,10756.9,11924.2,2.35193,5.67605e+06,-0.093731,-0.055736,-0.060781,276463,0.05,0.381471,0.502717
