tmp.site,tmp.area,Lb,X1,Wb,POR,ALPHA,BETA,Ks,Kb,Kz,Qthresh,Rs,Rb1,Rb2,Prec,Frac4Rise,Error,BFF
0212467451,2.20149e+07,22466.1,100,56.5592,0.15,0.039506,1,303.354,11556.8,0.868665,3669.86,-0.448794,-0.086633,-0.088824,72.2717,0.05,0.473133,0.216995
