tmp.site,tmp.area,Lb,X1,Wb,POR,ALPHA,BETA,Ks,Kb,Kz,Qthresh,Rs,Rb1,Rb2,Prec,Frac4Rise,Error,BFF
01014000,1.5356e+10,9306.79,100,8589.1,0.15,0.010091,1,12057.2,2261.55,2.03966,1.87897e+06,-0.095629,-0.04548,-0.028989,205512,0.05,0.381768,0.314597
