tmp.site,tmp.area,Lb,X1,Wb,POR,ALPHA,BETA,Ks,Kb,Kz,Qthresh,Rs,Rb1,Rb2,Prec,Frac4Rise,Error,BFF
02047000,3.73217e+09,35521.5,24.8568,2280.44,0.15,0.012643,1,7615.21,12691.5,0.976174,61164.3,-0.162711,-0.065199,-0.069934,6875.84,0.05,0.450313,0.453289
