tmp.site,tmp.area,Lb,X1,Wb,POR,ALPHA,BETA,Ks,Kb,Kz,Qthresh,Rs,Rb1,Rb2,Prec,Frac4Rise,Error,BFF
02097386,6.00877e+06,3663.19,100,50.0701,0.15,0.03323,1,442.761,13266.3,0.642062,1728.26,-0.493232,-0.126445,-0.174199,24.4657,0.05,0.913536,0.155613
