tmp.site,tmp.area,Lb,X1,Wb,POR,ALPHA,BETA,Ks,Kb,Kz,Qthresh,Rs,Rb1,Rb2,Prec,Frac4Rise,Error,BFF
03333700,6.31957e+08,13071,131.332,821.295,0.15,0.010975,2.2,2334.4,8489.9,1.1086,41591.7,-0.202733,-0.098101,-0.050579,3425.2,0.05,0.352795,0.385985
