tmp.site,tmp.area,Lb,X1,Wb,POR,ALPHA,BETA,Ks,Kb,Kz,Qthresh,Rs,Rb1,Rb2,Prec,Frac4Rise,Error,BFF
07187600,6.34029e+09,4637.97,100,4114.88,0.15,0.006678,1,7005.95,2537.84,1.45265,499101,-0.141239,-0.086591,-0.036425,32294.7,0.05,0.399227,0.247521
