tmp.site,tmp.area,Lb,X1,Wb,POR,ALPHA,BETA,Ks,Kb,Kz,Qthresh,Rs,Rb1,Rb2,Prec,Frac4Rise,Error,BFF
07363200,2.90079e+09,17685.7,68.4848,1154.32,0.15,0.010271,1.3,4690.61,13074.7,1.19988,85874.7,-0.141181,-0.105064,-0.063032,5211.2,0.05,0.477705,0.235301
