tmp.site,tmp.area,Lb,X1,Wb,POR,ALPHA,BETA,Ks,Kb,Kz,Qthresh,Rs,Rb1,Rb2,Prec,Frac4Rise,Error,BFF
02301718,1.07226e+09,13464.6,100,1361.54,0.15,0.026276,1,1924.47,26896.8,1.05327,1.06426e+06,-0.157984,-0.063079,-0.143166,1105.46,0.05,1.73111,0.500686
