tmp.site,tmp.area,Lb,X1,Wb,POR,ALPHA,BETA,Ks,Kb,Kz,Qthresh,Rs,Rb1,Rb2,Prec,Frac4Rise,Error,BFF
09032300,4.42888e+06,5237.79,100,40.1549,0.15,0.010768,1,106.786,2312.7,0.319156,244.657,-0.180698,-0.076874,-0.036663,24.4657,0.05,0.460635,0.101042
