tmp.site,tmp.area,Lb,X1,Wb,POR,ALPHA,BETA,Ks,Kb,Kz,Qthresh,Rs,Rb1,Rb2,Prec,Frac4Rise,Error,BFF
08023200,2.53301e+08,4080.69,100,535.611,0.15,0.013358,1,2418.18,7404.15,0.920712,4445.42,-0.308407,-0.140435,-0.106593,11.3521,0.05,0.78919,0.133368
