tmp.site,tmp.area,Lb,X1,Wb,POR,ALPHA,BETA,Ks,Kb,Kz,Qthresh,Rs,Rb1,Rb2,Prec,Frac4Rise,Error,BFF
07032200,1.76637e+08,4526.93,24.6285,708.409,0.15,0.014048,1,2430.81,14373,0.89034,8563,-0.543373,-0.173174,-0.247822,24.4657,0.05,1.07659,0.3086
