tmp.site,tmp.area,Lb,X1,Wb,POR,ALPHA,BETA,Ks,Kb,Kz,Qthresh,Rs,Rb1,Rb2,Prec,Frac4Rise,Error,BFF
11436510,2.30509e+06,4726.7,2.26264,472.436,0.15,0.039923,0.9,35.0879,43.5226,0.271756,10275.6,-0.143841,-0.01296,-0.023145,242.211,0.05,0.381619,0.681119
