tmp.site,tmp.area,Lb,X1,Wb,POR,ALPHA,BETA,Ks,Kb,Kz,Qthresh,Rs,Rb1,Rb2,Prec,Frac4Rise,Error,BFF
09471000,3.19605e+09,4563.42,161.636,738.927,0.15,0.010555,1.1,5048.39,250.689,0.408101,80736.9,-0.194567,-0.073358,-0.059889,163.92,0.05,0.710791,0.120759
