tmp.site,tmp.area,Lb,X1,Wb,POR,ALPHA,BETA,Ks,Kb,Kz,Qthresh,Rs,Rb1,Rb2,Prec,Frac4Rise,Error,BFF
05594100,1.13778e+10,18816.1,100,13677.8,0.15,0.024592,1,13431.1,21867.1,0.961577,224106,-0.069084,-0.044507,-0.085274,20551.2,0.05,0.521994,0.541918
