tmp.site,tmp.area,Lb,X1,Wb,POR,ALPHA,BETA,Ks,Kb,Kz,Qthresh,Rs,Rb1,Rb2,Prec,Frac4Rise,Error,BFF
094196784,3.9316e+09,2.25302e+06,2.94384,66.3259,0.15,0.019673,0.8,3666.75,113.224,1.24088,93948.3,-0.137179,-0.011915,-0.027484,2006.19,0.05,0.606362,0.201699
