tmp.site,tmp.area,Lb,X1,Wb,POR,ALPHA,BETA,Ks,Kb,Kz,Qthresh,Rs,Rb1,Rb2,Prec,Frac4Rise,Error,BFF
04144500,1.39341e+09,17503.9,13.4441,1118.21,0.15,0.010929,1.4,1089.25,1301.19,0.797994,415917,-0.081259,-0.0485,-0.03776,7339.71,0.05,0.307747,0.581545
