tmp.site,tmp.area,Lb,X1,Wb,POR,ALPHA,BETA,Ks,Kb,Kz,Qthresh,Rs,Rb1,Rb2,Prec,Frac4Rise,Error,BFF
02134500,3.18051e+09,13445.7,155.482,2854.04,0.15,0.015352,0.9,1642.83,15290.3,0.772556,266676,-0.051799,-0.034468,-0.041172,29848.2,0.05,0.417477,0.522611
