tmp.site,tmp.area,Lb,X1,Wb,POR,ALPHA,BETA,Ks,Kb,Kz,Qthresh,Rs,Rb1,Rb2,Prec,Frac4Rise,Error,BFF
08204005,3.41878e+08,128197,4.8907,3.88109,0.15,0.003277,0.9,2343.56,276.583,1.20807,57249.8,-0.179888,-0.023685,-0.067529,24.4657,0.05,2.69307,0.076872
