tmp.site,tmp.area,Lb,X1,Wb,POR,ALPHA,BETA,Ks,Kb,Kz,Qthresh,Rs,Rb1,Rb2,Prec,Frac4Rise,Error,BFF
01438500,9.01316e+09,17539.3,1.47256,4272.1,0.15,0.009625,1.8,5606.09,56.3031,2.03305,4.42829e+06,-0.121204,-0.053986,-0.040246,217407,0.05,0.247271,0.591056
