tmp.site,tmp.area,Lb,X1,Wb,POR,ALPHA,BETA,Ks,Kb,Kz,Qthresh,Rs,Rb1,Rb2,Prec,Frac4Rise,Error,BFF
06720990,2.77129e+08,92898,13.4577,133.694,0.15,0.019592,0.9,187.976,1435.64,1.26025,85630,-0.094954,-0.037395,-0.065696,1334.85,0.05,0.536144,0.498347
