tmp.site,tmp.area,Lb,X1,Wb,POR,ALPHA,BETA,Ks,Kb,Kz,Qthresh,Rs,Rb1,Rb2,Prec,Frac4Rise,Error,BFF
02352500,1.37528e+10,16660.9,100,3875.99,0.15,0.010048,1,5157.33,11497,1.32395,2.54443e+06,-0.077075,-0.049051,-0.047199,193524,0.05,0.292879,0.544899
