tmp.site,tmp.area,Lb,X1,Wb,POR,ALPHA,BETA,Ks,Kb,Kz,Qthresh,Rs,Rb1,Rb2,Prec,Frac4Rise,Error,BFF
04138536,5.79847e+08,11528.9,2309.58,1058.94,0.15,0.006087,10.1,1913.12,3900.17,0.717475,62142.9,-0.216517,-0.054055,-0.030122,5570.35,0.05,0.297874,0.533648
