tmp.site,tmp.area,Lb,X1,Wb,POR,ALPHA,BETA,Ks,Kb,Kz,Qthresh,Rs,Rb1,Rb2,Prec,Frac4Rise,Error,BFF
03346500,6.04244e+09,38288.6,19.441,1644.28,0.15,0.010939,1.2,8176.39,6439.72,0.793086,112298,-0.158914,-0.089518,-0.058175,9786.29,0.05,0.470033,0.283177
