tmp.site,tmp.area,Lb,X1,Wb,POR,ALPHA,BETA,Ks,Kb,Kz,Qthresh,Rs,Rb1,Rb2,Prec,Frac4Rise,Error,BFF
11070210,9.45346e+08,13327.3,100,12.6322,0.15,0.008658,1,785.168,164.195,0.045279,223.127,-0.049754,-0.115378,-0.138009,24.4657,0.05,1.23182,0.044547
