tmp.site,tmp.area,Lb,X1,Wb,POR,ALPHA,BETA,Ks,Kb,Kz,Qthresh,Rs,Rb1,Rb2,Prec,Frac4Rise,Error,BFF
04198000,3.24008e+09,65474.5,104.358,980.476,0.15,0.007769,1.4,7426.38,99752.1,1.47401,185059,-0.142387,-0.124393,-0.070675,4257.03,0.05,0.447229,0.286723
