tmp.site,tmp.area,Lb,X1,Wb,POR,ALPHA,BETA,Ks,Kb,Kz,Qthresh,Rs,Rb1,Rb2,Prec,Frac4Rise,Error,BFF
02089000,6.21338e+09,62636.7,27.0333,1530.41,0.15,0.009813,1,5722.08,17259.2,0.788766,780456,-0.131182,-0.059493,-0.064576,41102.4,0.05,0.429165,0.400232
