tmp.site,tmp.area,Lb,X1,Wb,POR,ALPHA,BETA,Ks,Kb,Kz,Qthresh,Rs,Rb1,Rb2,Prec,Frac4Rise,Error,BFF
0242354650,3.70368e+07,11000.9,100,196.409,0.15,0.011238,1,185.989,6354.67,0.866636,8293.88,-0.225483,-0.086112,-0.039635,670.361,0.05,0.317204,0.338666
