tmp.site,tmp.area,Lb,X1,Wb,POR,ALPHA,BETA,Ks,Kb,Kz,Qthresh,Rs,Rb1,Rb2,Prec,Frac4Rise,Error,BFF
01500500,2.54337e+09,22767.4,72.5428,2774.94,0.15,0.013139,1.2,5347.54,13189.4,1.0418,207959,-0.184366,-0.049201,-0.037434,22508.5,0.05,0.30009,0.567899
