tmp.site,tmp.area,Lb,X1,Wb,POR,ALPHA,BETA,Ks,Kb,Kz,Qthresh,Rs,Rb1,Rb2,Prec,Frac4Rise,Error,BFF
01475530,1.23801e+07,4998.94,574.611,341.572,0.15,0.034553,1.1,525.16,6467.25,0.055117,10055.4,-0.590042,-0.072883,-0.056884,366.986,0.05,0.302421,0.365847
