tmp.site,tmp.area,Lb,X1,Wb,POR,ALPHA,BETA,Ks,Kb,Kz,Qthresh,Rs,Rb1,Rb2,Prec,Frac4Rise,Error,BFF
12137800,1.99688e+08,6420.48,55.7048,4134.34,0.15,0.005203,0.9,724.427,91.6625,1.01359,244657,-0.088195,-0.029541,-0.03009,22386.1,0.05,0.241683,0.558633
