tmp.site,tmp.area,Lb,X1,Wb,POR,ALPHA,BETA,Ks,Kb,Kz,Qthresh,Rs,Rb1,Rb2,Prec,Frac4Rise,Error,BFF
05320500,2.87489e+09,24627.4,35.0985,1389.21,0.15,0.010066,1.2,2568.54,5068.47,1.05764,70950.6,-0.095528,-0.056358,-0.036754,1614.74,0.05,0.521066,0.419687
