tmp.site,tmp.area,Lb,X1,Wb,POR,ALPHA,BETA,Ks,Kb,Kz,Qthresh,Rs,Rb1,Rb2,Prec,Frac4Rise,Error,BFF
06867000,3.89016e+09,4241.42,262.644,1390.56,0.15,0.015905,1,1957.39,6998.33,0.207882,173707,-0.143841,-0.048518,-0.045147,151.687,0.05,0.602505,0.284866
