tmp.site,tmp.area,Lb,X1,Wb,POR,ALPHA,BETA,Ks,Kb,Kz,Qthresh,Rs,Rb1,Rb2,Prec,Frac4Rise,Error,BFF
05123510,2.52524e+09,29512,100,164.47,0.15,0.076049,1,3081.14,24393.9,0.91021,77067,-0.081042,-0.064763,-0.112349,24.4657,0.05,2.79495,0.143466
