tmp.site,tmp.area,Lb,X1,Wb,POR,ALPHA,BETA,Ks,Kb,Kz,Qthresh,Rs,Rb1,Rb2,Prec,Frac4Rise,Error,BFF
05431017,5.64617e+07,9024.69,100,151.22,0.15,0.024103,1,286.311,10832.8,0.94442,2299.78,-0.270828,-0.092107,-0.081817,68.504,0.05,0.531396,0.281031
