tmp.site,tmp.area,Lb,X1,Wb,POR,ALPHA,BETA,Ks,Kb,Kz,Qthresh,Rs,Rb1,Rb2,Prec,Frac4Rise,Error,BFF
01381400,3.62598e+07,9553.77,100,229.433,0.15,0.013166,1,458.813,4999.37,0.781212,12355.2,-0.528093,-0.064054,-0.036906,756.7,0.05,0.322386,0.386317
