tmp.site,tmp.area,Lb,X1,Wb,POR,ALPHA,BETA,Ks,Kb,Kz,Qthresh,Rs,Rb1,Rb2,Prec,Frac4Rise,Error,BFF
08158922,1.7586e+07,5341.99,100,11.6036,0.15,0.005412,1,1404.71,251.326,0.896607,2495.5,-0.964645,-0.209634,-0.282567,24.4657,0.05,0.24513,0.000325
