tmp.site,tmp.area,Lb,X1,Wb,POR,ALPHA,BETA,Ks,Kb,Kz,Qthresh,Rs,Rb1,Rb2,Prec,Frac4Rise,Error,BFF
05364000,9.42756e+08,12330.4,100,492.468,0.15,0.003354,1,1024.68,4045.97,0.987933,75843.7,-0.096622,-0.090718,-0.053509,1810.46,0.05,0.558515,0.082086
