tmp.site,tmp.area,Lb,X1,Wb,POR,ALPHA,BETA,Ks,Kb,Kz,Qthresh,Rs,Rb1,Rb2,Prec,Frac4Rise,Error,BFF
02344655,3.26339e+07,24970,34.1054,101.736,0.15,0.017458,0.9,238.396,1597.32,0.763224,22809.4,-0.07119,-0.066215,-0.079838,415.648,0.05,0.485871,0.284556
