tmp.site,tmp.area,Lb,X1,Wb,POR,ALPHA,BETA,Ks,Kb,Kz,Qthresh,Rs,Rb1,Rb2,Prec,Frac4Rise,Error,BFF
05430403,3.67778e+06,1264.83,0.153872,27.0685,0.15,0.007586,0.9,362.135,5.42853,0.232996,48.9314,-0.666403,-0.05117,-0.215104,24.4657,0.05,0.482378,0.035957
