tmp.site,tmp.area,Lb,X1,Wb,POR,ALPHA,BETA,Ks,Kb,Kz,Qthresh,Rs,Rb1,Rb2,Prec,Frac4Rise,Error,BFF
01589320,4.94688e+06,7648.6,31.2484,53.1883,0.15,0.010654,1,455.773,2478.03,0.597208,1174.35,-0.576249,-0.115792,-0.133303,46.4849,0.05,0.429642,0.117373
