tmp.site,tmp.area,Lb,X1,Wb,POR,ALPHA,BETA,Ks,Kb,Kz,Qthresh,Rs,Rb1,Rb2,Prec,Frac4Rise,Error,BFF
10068500,9.59591e+09,236420,86.0058,2776.19,0.15,0.047495,0.9,558.355,55413.3,1.07202,77431.5,-0.040244,-0.028538,-0.062921,8929.99,0.05,0.897848,0.589052
