tmp.site,tmp.area,Lb,X1,Wb,POR,ALPHA,BETA,Ks,Kb,Kz,Qthresh,Rs,Rb1,Rb2,Prec,Frac4Rise,Error,BFF
07026500,2.84899e+08,3420.56,100,612.309,0.15,0.009943,1,2589.36,13700.2,1.00267,10275.6,-0.339811,-0.135228,-0.194682,24.4657,0.05,3.98412,0.127832
