tmp.site,tmp.area,Lb,X1,Wb,POR,ALPHA,BETA,Ks,Kb,Kz,Qthresh,Rs,Rb1,Rb2,Prec,Frac4Rise,Error,BFF
09090785,5.20588e+08,15417.5,70.3828,239.246,0.15,0.008172,0.9,386.889,12472,0.883155,28380.2,-0.112046,-0.065922,-0.126102,36.6986,0.05,1.8828,0.217903
