tmp.site,tmp.area,Lb,X1,Wb,POR,ALPHA,BETA,Ks,Kb,Kz,Qthresh,Rs,Rb1,Rb2,Prec,Frac4Rise,Error,BFF
0209741955,5.46487e+07,8641.21,1.68853,222.388,0.15,0.006394,2,696.56,59.3909,1.0765,50399.4,-0.180838,-0.136418,-0.083535,685.04,0.05,0.340449,0.217419
