tmp.site,tmp.area,Lb,X1,Wb,POR,ALPHA,BETA,Ks,Kb,Kz,Qthresh,Rs,Rb1,Rb2,Prec,Frac4Rise,Error,BFF
04176500,2.69877e+09,33063.6,118.055,1054.88,0.15,0.010206,1.8,2485.31,11113.1,0.996492,748651,-0.075255,-0.06403,-0.041889,12722.2,0.05,0.374912,0.424632
