tmp.site,tmp.area,Lb,X1,Wb,POR,ALPHA,BETA,Ks,Kb,Kz,Qthresh,Rs,Rb1,Rb2,Prec,Frac4Rise,Error,BFF
11447360,8.13256e+07,4874.75,100,90.2415,0.15,0.007209,1,1309.96,3458.42,0.998159,13456.1,-0.255413,-0.146442,-0.225199,24.4657,0.05,6.23672,0.030631
