tmp.site,tmp.area,Lb,X1,Wb,POR,ALPHA,BETA,Ks,Kb,Kz,Qthresh,Rs,Rb1,Rb2,Prec,Frac4Rise,Error,BFF
08401500,4.57133e+10,1.66478e+06,0.047497,8.01575,0.15,0.087881,0.9,40738.3,13.2686,0.887391,53335.3,-0.009527,-0.049069,-0.112611,63.6109,0.05,14.7851,0.134297
