tmp.site,tmp.area,Lb,X1,Wb,POR,ALPHA,BETA,Ks,Kb,Kz,Qthresh,Rs,Rb1,Rb2,Prec,Frac4Rise,Error,BFF
01485000,1.56694e+08,18754,100,320.591,0.15,0.010766,1,335.003,17023.4,0.937409,24465.7,-0.178337,-0.061861,-0.0314,733.971,0.05,0.328859,0.421691
