tmp.site,tmp.area,Lb,X1,Wb,POR,ALPHA,BETA,Ks,Kb,Kz,Qthresh,Rs,Rb1,Rb2,Prec,Frac4Rise,Error,BFF
05331580,9.60886e+10,82427.8,85.0401,17540.8,0.15,0.008262,1.1,4811.16,34961,0.990549,9.76182e+06,-0.042977,-0.024762,-0.022865,797582,0.05,0.285695,0.817652
