tmp.site,tmp.area,Lb,X1,Wb,POR,ALPHA,BETA,Ks,Kb,Kz,Qthresh,Rs,Rb1,Rb2,Prec,Frac4Rise,Error,BFF
07052120,2.71949e+07,641.159,0.049966,32.9549,0.15,0.001762,1,99934.1,0.037391,1.46035,9583.22,-0.926792,-0.102092,-0.276085,24.4657,0.05,0.45947,0.000386
