tmp.site,tmp.area,Lb,X1,Wb,POR,ALPHA,BETA,Ks,Kb,Kz,Qthresh,Rs,Rb1,Rb2,Prec,Frac4Rise,Error,BFF
09503700,6.4931e+09,146853,126.411,3201.43,0.15,0.036304,0.8,4086.86,413.47,0.151695,53579.9,-0.289686,-0.020071,-0.006531,3841.12,0.05,0.199817,0.461403
