tmp.site,tmp.area,Lb,X1,Wb,POR,ALPHA,BETA,Ks,Kb,Kz,Qthresh,Rs,Rb1,Rb2,Prec,Frac4Rise,Error,BFF
02062500,6.22633e+09,21667.7,100,2067.27,0.15,0.007974,1,2748.83,7948.76,0.963101,2.91142e+06,-0.080727,-0.055306,-0.061724,75109.7,0.05,0.400621,0.475804
