tmp.site,tmp.area,Lb,X1,Wb,POR,ALPHA,BETA,Ks,Kb,Kz,Qthresh,Rs,Rb1,Rb2,Prec,Frac4Rise,Error,BFF
06801000,2.16523e+11,12823.8,100,8696.91,0.15,0.007957,1,15667.3,10618.4,0.879666,1.34561e+07,-0.089783,-0.040529,-0.054104,160745,0.05,0.377368,0.609694
