tmp.site,tmp.area,Lb,X1,Wb,POR,ALPHA,BETA,Ks,Kb,Kz,Qthresh,Rs,Rb1,Rb2,Prec,Frac4Rise,Error,BFF
05345000,3.34108e+08,4049.07,2586.77,3654.73,0.15,0.001553,10.1,213.222,34.4916,0.93223,95416.3,-0.159367,-0.03765,-0.013792,3425.2,0.05,0.319112,0.497584
