tmp.site,tmp.area,Lb,X1,Wb,POR,ALPHA,BETA,Ks,Kb,Kz,Qthresh,Rs,Rb1,Rb2,Prec,Frac4Rise,Error,BFF
04073365,2.49157e+09,207896,20.1758,806.631,0.15,0.012606,0.9,272.04,2746.63,0.689946,1.64899e+06,-0.015722,-0.014212,-0.017294,78290.3,0.05,0.410398,0.441352
