tmp.site,tmp.area,Lb,X1,Wb,POR,ALPHA,BETA,Ks,Kb,Kz,Qthresh,Rs,Rb1,Rb2,Prec,Frac4Rise,Error,BFF
03460795,1.39341e+09,10757.7,100,2077.43,0.15,0.010131,1,1975.91,14485.8,1.01059,371879,-0.103707,-0.054888,-0.071724,32294.7,0.05,0.500414,0.647438
