tmp.site,tmp.area,Lb,X1,Wb,POR,ALPHA,BETA,Ks,Kb,Kz,Qthresh,Rs,Rb1,Rb2,Prec,Frac4Rise,Error,BFF
13142500,4.17247e+09,15244,43.2292,2960.55,0.15,0.014218,0.9,382.637,2997.87,1.12511,26912.3,-0.026005,-0.046402,-0.162658,188.386,0.05,18.6231,0.605577
