tmp.site,tmp.area,Lb,X1,Wb,POR,ALPHA,BETA,Ks,Kb,Kz,Qthresh,Rs,Rb1,Rb2,Prec,Frac4Rise,Error,BFF
07014500,3.82023e+09,4239.57,100,6500.74,0.15,0.006207,1,7971.55,662.611,0.921811,528459,-0.100949,-0.072795,-0.022449,46974.2,0.05,0.315609,0.334876
