tmp.site,tmp.area,Lb,X1,Wb,POR,ALPHA,BETA,Ks,Kb,Kz,Qthresh,Rs,Rb1,Rb2,Prec,Frac4Rise,Error,BFF
07232470,5.90776e+09,1.17437e+06,100,9.59575,0.15,0.011388,1,1167.88,1437.45,0.15357,6929.67,-0.07155,-0.013192,-0.028308,140.36,0.05,0.655296,0.725573
