tmp.site,tmp.area,Lb,X1,Wb,POR,ALPHA,BETA,Ks,Kb,Kz,Qthresh,Rs,Rb1,Rb2,Prec,Frac4Rise,Error,BFF
01115500,2.64179e+08,20192.9,100,694.139,0.15,0.018409,1,1055.89,32636.8,0.924651,484421,-0.144774,-0.045957,-0.095012,2167.66,0.05,0.554502,0.573067
