tmp.site,tmp.area,Lb,X1,Wb,POR,ALPHA,BETA,Ks,Kb,Kz,Qthresh,Rs,Rb1,Rb2,Prec,Frac4Rise,Error,BFF
12187500,7.58867e+08,11366.6,3.29895,2190.54,0.15,0.008906,3.7,1522.88,10.3314,4.03172,1.22329e+06,-0.16474,-0.052792,-0.03406,83183.4,0.05,0.267294,0.539565
