tmp.site,tmp.area,Lb,X1,Wb,POR,ALPHA,BETA,Ks,Kb,Kz,Qthresh,Rs,Rb1,Rb2,Prec,Frac4Rise,Error,BFF
01595800,6.88937e+08,15110,100,1002.02,0.15,0.008947,1,302.053,866.284,0.979819,533353,-0.016433,-0.054117,-0.054053,8318.34,0.05,0.836055,0.354779
