tmp.site,tmp.area,Lb,X1,Wb,POR,ALPHA,BETA,Ks,Kb,Kz,Qthresh,Rs,Rb1,Rb2,Prec,Frac4Rise,Error,BFF
02233484,5.90517e+08,29965.4,5.10801,766.863,0.15,0.012663,2.2,1239.25,343.662,0.802533,62142.9,-0.11421,-0.053276,-0.031577,5798.37,0.05,0.347256,0.492516
