tmp.site,tmp.area,Lb,X1,Wb,POR,ALPHA,BETA,Ks,Kb,Kz,Qthresh,Rs,Rb1,Rb2,Prec,Frac4Rise,Error,BFF
03255500,1.89069e+08,6062.61,100,399.73,0.15,0.014515,1,1631.26,10005.4,0.947773,51451.4,-0.285272,-0.108254,-0.104313,244.657,0.05,0.671322,0.221332
