tmp.site,tmp.area,Lb,X1,Wb,POR,ALPHA,BETA,Ks,Kb,Kz,Qthresh,Rs,Rb1,Rb2,Prec,Frac4Rise,Error,BFF
03324000,6.81167e+08,7755.39,100,786.264,0.15,0.010879,1,3859.94,8984.82,1.02605,23988.6,-0.253252,-0.132127,-0.06451,1565.81,0.05,0.448188,0.21982
