tmp.site,tmp.area,Lb,X1,Wb,POR,ALPHA,BETA,Ks,Kb,Kz,Qthresh,Rs,Rb1,Rb2,Prec,Frac4Rise,Error,BFF
11111500,1.28204e+08,126595,100,73.2176,0.15,0.065853,1,563.821,54098.4,0.971538,5284.59,-0.168236,-0.042747,-0.030103,24.4657,0.05,0.677695,0.193598
