tmp.site,tmp.area,Lb,X1,Wb,POR,ALPHA,BETA,Ks,Kb,Kz,Qthresh,Rs,Rb1,Rb2,Prec,Frac4Rise,Error,BFF
04206448,4.53248e+07,6940.01,100,157.868,0.15,0.014132,1,1213.54,13005.5,0.931927,61898.3,-0.488898,-0.100292,-0.134594,332.734,0.05,0.491108,0.176294
