tmp.site,tmp.area,Lb,X1,Wb,POR,ALPHA,BETA,Ks,Kb,Kz,Qthresh,Rs,Rb1,Rb2,Prec,Frac4Rise,Error,BFF
01547100,3.67778e+08,272996,80607.3,601.41,0.15,0.015076,9.8,423.367,2723.9,0.315688,342520,-0.111572,-0.020437,-0.008841,26423,0.05,0.261609,0.565162
