tmp.site,tmp.area,Lb,X1,Wb,POR,ALPHA,BETA,Ks,Kb,Kz,Qthresh,Rs,Rb1,Rb2,Prec,Frac4Rise,Error,BFF
05458900,2.19113e+09,37552.6,309.649,960.319,0.15,0.007597,1.7,1631.24,34051.1,0.97197,151687,-0.116268,-0.048173,-0.027448,3425.2,0.05,0.37595,0.430177
