tmp.site,tmp.area,Lb,X1,Wb,POR,ALPHA,BETA,Ks,Kb,Kz,Qthresh,Rs,Rb1,Rb2,Prec,Frac4Rise,Error,BFF
03253000,2.36984e+09,7659.23,100,2024.88,0.15,0.018412,1,18117.8,14735.4,1.59361,14116.7,-0.201388,-0.114799,-0.104824,244.657,0.05,0.46559,0.275431
