tmp.site,tmp.area,Lb,X1,Wb,POR,ALPHA,BETA,Ks,Kb,Kz,Qthresh,Rs,Rb1,Rb2,Prec,Frac4Rise,Error,BFF
02232155,4.45478e+07,16027.1,43.764,114.05,0.15,0.04326,1,588.403,8814.24,1.19148,9296.97,-0.202733,-0.08705,-0.097924,24.4657,0.05,0.807897,0.219948
