tmp.site,tmp.area,Lb,X1,Wb,POR,ALPHA,BETA,Ks,Kb,Kz,Qthresh,Rs,Rb1,Rb2,Prec,Frac4Rise,Error,BFF
08099300,6.83757e+08,10371.1,22.2567,222.911,0.15,0.013023,1,1988.3,3710.81,1.06885,24019.5,-0.202733,-0.126239,-0.14398,24.4657,0.05,13.5882,0.067436
