tmp.site,tmp.area,Lb,X1,Wb,POR,ALPHA,BETA,Ks,Kb,Kz,Qthresh,Rs,Rb1,Rb2,Prec,Frac4Rise,Error,BFF
11459500,4.55838e+07,6788.08,246.186,107.93,0.15,0.035376,1,572.256,11335.8,0.994482,4159.17,-0.187539,-0.082403,-0.078066,24.4657,0.05,1.47288,0.112937
