tmp.site,tmp.area,Lb,X1,Wb,POR,ALPHA,BETA,Ks,Kb,Kz,Qthresh,Rs,Rb1,Rb2,Prec,Frac4Rise,Error,BFF
07343500,1.27945e+09,6374.87,100,681.006,0.15,0.012195,1,3263.63,15102,1.28247,41591.7,-0.144965,-0.171587,-0.138154,24.4657,0.05,2.08429,0.094148
