tmp.site,tmp.area,Lb,X1,Wb,POR,ALPHA,BETA,Ks,Kb,Kz,Qthresh,Rs,Rb1,Rb2,Prec,Frac4Rise,Error,BFF
02084557,5.95697e+07,21291.4,244.484,365.104,0.15,0.054776,0.9,156.758,91882.6,1.17737,63366.2,-0.066766,-0.055477,-0.110569,24.4657,0.05,0.807267,0.529122
