tmp.site,tmp.area,Lb,X1,Wb,POR,ALPHA,BETA,Ks,Kb,Kz,Qthresh,Rs,Rb1,Rb2,Prec,Frac4Rise,Error,BFF
07376000,6.39727e+08,5384.28,915.927,3532.8,0.15,0.003308,2.5,4486.12,84.0177,0.721338,173707,-0.172952,-0.115737,-0.024583,17860,0.05,0.271345,0.305189
