tmp.site,tmp.area,Lb,X1,Wb,POR,ALPHA,BETA,Ks,Kb,Kz,Qthresh,Rs,Rb1,Rb2,Prec,Frac4Rise,Error,BFF
07010000,1.80522e+12,28492.2,100,58050.7,0.15,0.008408,1,37045.3,4847.61,1.80549,1.72728e+08,-0.043506,-0.022188,-0.022053,9.93308e+06,0.05,0.283067,0.603786
