tmp.site,tmp.area,Lb,X1,Wb,POR,ALPHA,BETA,Ks,Kb,Kz,Qthresh,Rs,Rb1,Rb2,Prec,Frac4Rise,Error,BFF
04073462,7.89946e+06,2937.41,0.074739,348.068,0.15,0.02272,1,168.735,1.23128,0.109852,1247.75,-0.161838,-0.022184,-0.022184,24.4657,0.05,0.549507,0.544344
