tmp.site,tmp.area,Lb,X1,Wb,POR,ALPHA,BETA,Ks,Kb,Kz,Qthresh,Rs,Rb1,Rb2,Prec,Frac4Rise,Error,BFF
08184050,5.25768e+08,3269.38,100,25.4106,0.15,0.004921,1,10976.5,129.305,0.897446,11865.9,-0.529261,-0.17081,-0.234788,24.4657,0.05,0.233805,3.3e-05
