tmp.site,tmp.area,Lb,X1,Wb,POR,ALPHA,BETA,Ks,Kb,Kz,Qthresh,Rs,Rb1,Rb2,Prec,Frac4Rise,Error,BFF
05448000,1.61615e+08,16835.8,31.658,269.548,0.15,0.03261,1,1633.75,4189.89,1.1219,61164.3,-0.290704,-0.061853,-0.074345,48.9314,0.05,0.757382,0.240939
