tmp.site,tmp.area,Lb,X1,Wb,POR,ALPHA,BETA,Ks,Kb,Kz,Qthresh,Rs,Rb1,Rb2,Prec,Frac4Rise,Error,BFF
04208700,5.98287e+07,9510.08,23.066,209.19,0.15,0.008074,0.9,1211.89,2763.79,1.15709,11401,-0.514035,-0.084887,-0.123612,828.874,0.05,0.406809,0.210927
