tmp.site,tmp.area,Lb,X1,Wb,POR,ALPHA,BETA,Ks,Kb,Kz,Qthresh,Rs,Rb1,Rb2,Prec,Frac4Rise,Error,BFF
14316700,5.87927e+08,4645.61,282.321,3711.73,0.15,0.020377,1.2,6643.26,2556.32,11.7146,69328.5,-0.199399,-0.078366,-0.016989,7168.45,0.05,0.352792,0.284653
