tmp.site,tmp.area,Lb,X1,Wb,POR,ALPHA,BETA,Ks,Kb,Kz,Qthresh,Rs,Rb1,Rb2,Prec,Frac4Rise,Error,BFF
08052780,3.34108e+08,3479.37,39.7391,848.941,0.15,0.010393,1,2753.17,16443.6,1.14835,80176.6,-0.417434,-0.141126,-0.231094,24.4657,0.05,2.6886,0.253169
