tmp.site,tmp.area,Lb,X1,Wb,POR,ALPHA,BETA,Ks,Kb,Kz,Qthresh,Rs,Rb1,Rb2,Prec,Frac4Rise,Error,BFF
09359082,6.63037e+07,31886.1,100,121.743,0.15,0.017155,1,123.534,9729.28,0.849639,2495.5,-0.081259,-0.046884,-0.015792,203.065,0.05,0.393923,0.26756
