tmp.site,tmp.area,Lb,X1,Wb,POR,ALPHA,BETA,Ks,Kb,Kz,Qthresh,Rs,Rb1,Rb2,Prec,Frac4Rise,Error,BFF
05411850,1.66018e+09,12135.1,100,1451.36,0.15,0.007843,1,1034.77,7094.93,0.954753,138721,-0.108526,-0.053914,-0.027122,10642.6,0.05,0.330143,0.407809
