tmp.site,tmp.area,Lb,X1,Wb,POR,ALPHA,BETA,Ks,Kb,Kz,Qthresh,Rs,Rb1,Rb2,Prec,Frac4Rise,Error,BFF
03208500,7.40737e+08,8302.31,100,1016.68,0.15,0.014434,1,2957.72,16874.2,0.934926,122573,-0.220916,-0.086924,-0.081904,611.643,0.05,0.445013,0.339027
