tmp.site,tmp.area,Lb,X1,Wb,POR,ALPHA,BETA,Ks,Kb,Kz,Qthresh,Rs,Rb1,Rb2,Prec,Frac4Rise,Error,BFF
12331500,1.26909e+09,22017,55.0902,667.043,0.15,0.008381,0.9,236.311,14077.1,1.06349,337627,-0.091161,-0.040119,-0.06861,1296.68,0.05,0.591574,0.648376
