tmp.site,tmp.area,Lb,X1,Wb,POR,ALPHA,BETA,Ks,Kb,Kz,Qthresh,Rs,Rb1,Rb2,Prec,Frac4Rise,Error,BFF
01095220,7.53687e+07,22526.8,100,280.47,0.15,0.01982,1,466,36851.2,0.909475,132115,-0.224524,-0.061481,-0.065983,195.726,0.05,0.394251,0.469161
