tmp.site,tmp.area,Lb,X1,Wb,POR,ALPHA,BETA,Ks,Kb,Kz,Qthresh,Rs,Rb1,Rb2,Prec,Frac4Rise,Error,BFF
10155000,5.95697e+08,46594.3,133.431,1431.85,0.15,0.003291,1.2,79.4125,79245.6,1.22814,222638,-0.077811,-0.040923,-0.033507,5627.11,0.05,0.307237,0.756159
