tmp.site,tmp.area,Lb,X1,Wb,POR,ALPHA,BETA,Ks,Kb,Kz,Qthresh,Rs,Rb1,Rb2,Prec,Frac4Rise,Error,BFF
08045850,3.13389e+08,6465.92,100,127.23,0.15,0.006742,1,383.502,3810.82,0.952967,2299.78,-0.143055,-0.096388,-0.062482,24.4657,0.05,1.02263,0.044399
