tmp.site,tmp.area,Lb,X1,Wb,POR,ALPHA,BETA,Ks,Kb,Kz,Qthresh,Rs,Rb1,Rb2,Prec,Frac4Rise,Error,BFF
01095375,1.19916e+08,14114.6,100,416.274,0.15,0.026775,1,432.298,18054.1,0.930028,160250,-0.202733,-0.055796,-0.052714,430.009,0.05,0.337117,0.517202
