tmp.site,tmp.area,Lb,X1,Wb,POR,ALPHA,BETA,Ks,Kb,Kz,Qthresh,Rs,Rb1,Rb2,Prec,Frac4Rise,Error,BFF
01594000,2.54855e+08,28531.3,21.5086,343.555,0.15,0.012217,1.1,993.033,3891.81,0.894099,226127,-0.447915,-0.061345,-0.05518,2691.23,0.05,0.346286,0.408846
