tmp.site,tmp.area,Lb,X1,Wb,POR,ALPHA,BETA,Ks,Kb,Kz,Qthresh,Rs,Rb1,Rb2,Prec,Frac4Rise,Error,BFF
08158030,4.32528e+06,2460.57,100,34.572,0.15,0.012689,1,142.957,8487.83,0.530257,2422.11,-0.202733,-0.127058,-0.166422,24.4657,0.05,0.971672,0.055994
