tmp.site,tmp.area,Lb,X1,Wb,POR,ALPHA,BETA,Ks,Kb,Kz,Qthresh,Rs,Rb1,Rb2,Prec,Frac4Rise,Error,BFF
13351000,6.47497e+09,26515.3,16.064,1375.31,0.15,0.010383,1.2,2648.18,3122.78,1.22531,276463,-0.127166,-0.044465,-0.034512,1223.29,0.05,0.476003,0.487599
