tmp.site,tmp.area,Lb,X1,Wb,POR,ALPHA,BETA,Ks,Kb,Kz,Qthresh,Rs,Rb1,Rb2,Prec,Frac4Rise,Error,BFF
02143040,6.65627e+07,26210.2,100,266.012,0.15,0.015278,1,464.264,10790.8,0.947967,47218.8,-0.331583,-0.055318,-0.040787,1324.04,0.05,0.286619,0.470376
