tmp.site,tmp.area,Lb,X1,Wb,POR,ALPHA,BETA,Ks,Kb,Kz,Qthresh,Rs,Rb1,Rb2,Prec,Frac4Rise,Error,BFF
02368000,1.61615e+09,20012.4,4485.83,1559.2,0.15,0.008353,10.1,1859.46,4612.64,1.09878,743758,-0.09648,-0.055665,-0.032089,43059.7,0.05,0.295723,0.486617
