tmp.site,tmp.area,Lb,X1,Wb,POR,ALPHA,BETA,Ks,Kb,Kz,Qthresh,Rs,Rb1,Rb2,Prec,Frac4Rise,Error,BFF
06479515,2.82309e+08,15750.7,100,202.173,0.15,0.098255,1,866.166,12988.8,0.961345,14924.1,-0.157771,-0.057426,-0.105038,24.4657,0.05,3.69224,0.272509
