tmp.site,tmp.area,Lb,X1,Wb,POR,ALPHA,BETA,Ks,Kb,Kz,Qthresh,Rs,Rb1,Rb2,Prec,Frac4Rise,Error,BFF
09497980,5.17998e+08,73387.1,26698,196.47,0.15,0.01449,7,750.235,1771.67,0.563148,6229.95,-0.18303,-0.071649,-0.019527,582.284,0.05,0.376425,0.145694
