tmp.site,tmp.area,Lb,X1,Wb,POR,ALPHA,BETA,Ks,Kb,Kz,Qthresh,Rs,Rb1,Rb2,Prec,Frac4Rise,Error,BFF
05421000,2.71431e+09,43043.6,13.076,894.226,0.15,0.006396,1,2118.52,4865.38,0.990325,300928,-0.105862,-0.061737,-0.068209,3180.54,0.05,0.546978,0.357232
