tmp.site,tmp.area,Lb,X1,Wb,POR,ALPHA,BETA,Ks,Kb,Kz,Qthresh,Rs,Rb1,Rb2,Prec,Frac4Rise,Error,BFF
02103000,9.01316e+08,13795.2,100,755.389,0.15,0.015789,1,1469.49,19043.9,0.997327,87342.6,-0.104011,-0.053091,-0.065046,7510.97,0.05,0.419466,0.4107
