tmp.site,tmp.area,Lb,X1,Wb,POR,ALPHA,BETA,Ks,Kb,Kz,Qthresh,Rs,Rb1,Rb2,Prec,Frac4Rise,Error,BFF
02318000,1.49442e+09,6915.85,100,1977.54,0.15,0.028206,1,2984.8,16403.2,0.922563,8685.33,-0.12325,-0.07607,-0.118601,29.3589,0.05,6.76162,0.390952
