tmp.site,tmp.area,Lb,X1,Wb,POR,ALPHA,BETA,Ks,Kb,Kz,Qthresh,Rs,Rb1,Rb2,Prec,Frac4Rise,Error,BFF
10109001,5.54257e+08,32853.6,100,1049.98,0.15,0.006442,1,282.694,2192.75,0.552689,298482,-0.058892,-0.011237,-0.006128,17615.3,0.05,0.227352,0.540795
