tmp.site,tmp.area,Lb,X1,Wb,POR,ALPHA,BETA,Ks,Kb,Kz,Qthresh,Rs,Rb1,Rb2,Prec,Frac4Rise,Error,BFF
11421770,3.18569e+07,40058,100,794.933,0.15,0.001077,1,143.761,4.41283,0.0635,23976.4,-0.143841,-0.00432,-0.003909,636.109,0.05,0.344083,0.30096
