tmp.site,tmp.area,Lb,X1,Wb,POR,ALPHA,BETA,Ks,Kb,Kz,Qthresh,Rs,Rb1,Rb2,Prec,Frac4Rise,Error,BFF
13342500,2.40429e+10,27169.8,0.039486,5905.04,0.15,0.007693,1,4625.8,7.3385,2.02915,4.99101e+06,-0.071261,-0.03056,-0.032364,455062,0.05,0.311895,0.589412
