tmp.site,tmp.area,Lb,X1,Wb,POR,ALPHA,BETA,Ks,Kb,Kz,Qthresh,Rs,Rb1,Rb2,Prec,Frac4Rise,Error,BFF
03161000,5.30948e+08,23133.4,100,1141.72,0.15,0.011795,1,1450.42,7238.46,0.985717,366986,-0.255413,-0.040614,-0.027405,26912.3,0.05,0.224468,0.596563
