tmp.site,tmp.area,Lb,X1,Wb,POR,ALPHA,BETA,Ks,Kb,Kz,Qthresh,Rs,Rb1,Rb2,Prec,Frac4Rise,Error,BFF
02346310,2.46308e+07,2940.89,206.322,233.715,0.15,0.029858,0.9,419.135,6238.71,0.835858,23888.3,-0.52113,-0.076915,-0.107156,29.3589,0.05,1.5211,0.268727
