tmp.site,tmp.area,Lb,X1,Wb,POR,ALPHA,BETA,Ks,Kb,Kz,Qthresh,Rs,Rb1,Rb2,Prec,Frac4Rise,Error,BFF
05433000,5.72387e+08,52225.8,100,483.549,0.15,0.008022,1,330.748,4317.74,0.897837,181046,-0.242754,-0.028074,-0.015519,12477.5,0.05,0.241603,0.568729
