tmp.site,tmp.area,Lb,X1,Wb,POR,ALPHA,BETA,Ks,Kb,Kz,Qthresh,Rs,Rb1,Rb2,Prec,Frac4Rise,Error,BFF
040263205,9.73836e+07,252124,100,92.6694,0.15,0.032969,1,670.632,298.818,0.764357,45995.5,-0.202733,-0.037441,-0.007673,3987.91,0.05,0.199245,0.686831
