tmp.site,tmp.area,Lb,X1,Wb,POR,ALPHA,BETA,Ks,Kb,Kz,Qthresh,Rs,Rb1,Rb2,Prec,Frac4Rise,Error,BFF
03197000,2.96554e+09,10728.7,100,2076.97,0.15,0.014675,1,5404.19,22357.6,1.6874,1.11074e+06,-0.10774,-0.084579,-0.081295,5382.46,0.05,0.431233,0.391299
