tmp.site,tmp.area,Lb,X1,Wb,POR,ALPHA,BETA,Ks,Kb,Kz,Qthresh,Rs,Rb1,Rb2,Prec,Frac4Rise,Error,BFF
01067950,6.75987e+07,16335,50.8222,258.358,0.15,0.023267,1.2,522.132,10154.8,1.06543,4961.65,-0.276034,-0.076338,-0.057093,455.062,0.05,0.411723,0.370263
