tmp.site,tmp.area,Lb,X1,Wb,POR,ALPHA,BETA,Ks,Kb,Kz,Qthresh,Rs,Rb1,Rb2,Prec,Frac4Rise,Error,BFF
04208684,1.84148e+07,5009.51,2.71336,199.342,0.15,0.014206,0.9,732.006,427.74,0.655449,24465.7,-0.596409,-0.07075,-0.120193,284.12,0.05,0.437142,0.349508
