tmp.site,tmp.area,Lb,X1,Wb,POR,ALPHA,BETA,Ks,Kb,Kz,Qthresh,Rs,Rb1,Rb2,Prec,Frac4Rise,Error,BFF
01109000,1.12146e+08,9843.3,100,637.136,0.15,0.041745,1,385.466,13112.5,0.885503,22753.1,-0.130235,-0.044657,-0.058531,406.131,0.05,0.359318,0.563813
