tmp.site,tmp.area,Lb,X1,Wb,POR,ALPHA,BETA,Ks,Kb,Kz,Qthresh,Rs,Rb1,Rb2,Prec,Frac4Rise,Error,BFF
10217000,1.27453e+10,78270.3,8.02374,1518.84,0.15,0.009448,0.9,1134.82,2965.22,0.984586,601857,-0.061693,-0.036234,-0.054286,4648.49,0.05,0.688807,0.657882
