tmp.site,tmp.area,Lb,X1,Wb,POR,ALPHA,BETA,Ks,Kb,Kz,Qthresh,Rs,Rb1,Rb2,Prec,Frac4Rise,Error,BFF
07324200,3.54051e+09,11130,100,651.334,0.15,0.017884,1,671.704,13188.5,0.938146,130892,-0.106787,-0.049758,-0.083027,24.4657,0.05,16.6009,0.425754
