tmp.site,tmp.area,Lb,X1,Wb,POR,ALPHA,BETA,Ks,Kb,Kz,Qthresh,Rs,Rb1,Rb2,Prec,Frac4Rise,Error,BFF
06854500,6.10201e+10,89530.4,84.9467,740.632,0.15,0.00209,1,2510.77,53367.4,1.67633,413471,-0.114398,-0.059507,-0.061181,6679.14,0.05,0.492631,0.32846
