tmp.site,tmp.area,Lb,X1,Wb,POR,ALPHA,BETA,Ks,Kb,Kz,Qthresh,Rs,Rb1,Rb2,Prec,Frac4Rise,Error,BFF
05090000,1.80004e+09,25058.1,63.5689,331.833,0.15,0.024861,1,390.505,22679,0.972047,15902.7,-0.120533,-0.072563,-0.092387,24.4657,0.05,4.65245,0.259757
