tmp.site,tmp.area,Lb,X1,Wb,POR,ALPHA,BETA,Ks,Kb,Kz,Qthresh,Rs,Rb1,Rb2,Prec,Frac4Rise,Error,BFF
01110500,3.65188e+08,21545.1,44.0374,890.494,0.15,0.013185,0.9,1345.5,10744.1,1.06413,181046,-0.179024,-0.044537,-0.058683,7829.03,0.05,0.353131,0.580259
