tmp.site,tmp.area,Lb,X1,Wb,POR,ALPHA,BETA,Ks,Kb,Kz,Qthresh,Rs,Rb1,Rb2,Prec,Frac4Rise,Error,BFF
09489000,2.22247e+10,365.844,0.060358,79.5052,0.15,0.000624,1.1,34710.9,0.002998,2.70838,24221.1,-0.346574,-0.108757,-0.240868,24.4657,0.05,0.623055,0.003012
