tmp.site,tmp.area,Lb,X1,Wb,POR,ALPHA,BETA,Ks,Kb,Kz,Qthresh,Rs,Rb1,Rb2,Prec,Frac4Rise,Error,BFF
04256000,2.29732e+08,34803.4,110.724,442.956,0.15,0.009245,1.4,1267.16,23917.1,0.98613,141901,-0.174153,-0.065229,-0.048234,5871.77,0.05,0.353332,0.436577
