tmp.site,tmp.area,Lb,X1,Wb,POR,ALPHA,BETA,Ks,Kb,Kz,Qthresh,Rs,Rb1,Rb2,Prec,Frac4Rise,Error,BFF
02217274,3.39288e+06,3954.86,100,102.041,0.15,0.012351,1,196.641,2631.22,0.257604,4746.35,-0.367395,-0.070286,-0.072944,24.4657,0.05,0.425899,0.368519
