tmp.site,tmp.area,Lb,X1,Wb,POR,ALPHA,BETA,Ks,Kb,Kz,Qthresh,Rs,Rb1,Rb2,Prec,Frac4Rise,Error,BFF
07290650,1.69385e+09,10245.3,2511.99,1628.41,0.15,0.009682,3.2,9035.89,10969.6,0.786046,122329,-0.282578,-0.151883,-0.062223,8073.69,0.05,0.420246,0.153801
