tmp.site,tmp.area,Lb,X1,Wb,POR,ALPHA,BETA,Ks,Kb,Kz,Qthresh,Rs,Rb1,Rb2,Prec,Frac4Rise,Error,BFF
08062095,1.66277e+08,14783.6,100,243.035,0.15,0.012604,1,586.628,10612.6,1.00982,6959.52,-0.265314,-0.083754,-0.039796,710.582,0.05,0.402142,0.26481
