tmp.site,tmp.area,Lb,X1,Wb,POR,ALPHA,BETA,Ks,Kb,Kz,Qthresh,Rs,Rb1,Rb2,Prec,Frac4Rise,Error,BFF
01432110,1.5255e+09,7707.31,100,1866.75,0.15,0.012209,1,2553.89,15912.3,0.984025,374325,-0.111572,-0.062187,-0.07769,19866.7,0.05,0.423144,0.507933
