tmp.site,tmp.area,Lb,X1,Wb,POR,ALPHA,BETA,Ks,Kb,Kz,Qthresh,Rs,Rb1,Rb2,Prec,Frac4Rise,Error,BFF
04226000,1.76896e+08,13006.2,100,262.685,0.15,0.015179,1,752.12,21674.9,0.974501,8318.34,-0.266357,-0.088767,-0.067461,244.657,0.05,0.409352,0.297852
