tmp.site,tmp.area,Lb,X1,Wb,POR,ALPHA,BETA,Ks,Kb,Kz,Qthresh,Rs,Rb1,Rb2,Prec,Frac4Rise,Error,BFF
04101225,9.37317e+09,13468.1,100,12838.4,0.15,0.007602,1,746.148,16301.8,0.969865,3.3518e+06,-0.054798,-0.020986,-0.022184,276463,0.05,0.178597,0.873122
