tmp.site,tmp.area,Lb,X1,Wb,POR,ALPHA,BETA,Ks,Kb,Kz,Qthresh,Rs,Rb1,Rb2,Prec,Frac4Rise,Error,BFF
09342500,7.27787e+08,36084.3,99.1666,866.839,0.15,0.013562,1.1,1100.61,33956.4,1.00665,149241,-0.111572,-0.041696,-0.036665,5871.77,0.05,0.342009,0.559933
