tmp.site,tmp.area,Lb,X1,Wb,POR,ALPHA,BETA,Ks,Kb,Kz,Qthresh,Rs,Rb1,Rb2,Prec,Frac4Rise,Error,BFF
04119400,1.3701e+10,29638.5,11548.5,6111.89,0.15,0.006261,10.1,2021.32,9142.26,1.05296,4.67295e+06,-0.058892,-0.03297,-0.022355,320501,0.05,0.199821,0.711698
