tmp.site,tmp.area,Lb,X1,Wb,POR,ALPHA,BETA,Ks,Kb,Kz,Qthresh,Rs,Rb1,Rb2,Prec,Frac4Rise,Error,BFF
03150000,1.92229e+10,53038.3,220.045,13777.4,0.15,0.016752,1.3,28336.8,75875.7,2.20232,3.30287e+06,-0.085068,-0.054037,-0.040934,161963,0.05,0.368612,0.494807
