tmp.site,tmp.area,Lb,X1,Wb,POR,ALPHA,BETA,Ks,Kb,Kz,Qthresh,Rs,Rb1,Rb2,Prec,Frac4Rise,Error,BFF
01573000,8.72826e+08,14199.5,0.370113,1430.87,0.15,0.012141,1.3,4259.36,41.3896,0.970092,93556.9,-0.278568,-0.06964,-0.05009,6605.74,0.05,0.348225,0.443827
