tmp.site,tmp.area,Lb,X1,Wb,POR,ALPHA,BETA,Ks,Kb,Kz,Qthresh,Rs,Rb1,Rb2,Prec,Frac4Rise,Error,BFF
09337500,8.28796e+08,170216,15.0091,60.5688,0.15,0.02145,0.9,2131.2,1735.62,1.17359,21774.5,-0.153401,-0.054548,-0.097464,34.252,0.05,1.1147,0.237569
