tmp.site,tmp.area,Lb,X1,Wb,POR,ALPHA,BETA,Ks,Kb,Kz,Qthresh,Rs,Rb1,Rb2,Prec,Frac4Rise,Error,BFF
07063000,3.22454e+09,6610.48,909.391,4652.1,0.15,0.004145,2.5,325.274,293.636,0.742128,653235,-0.046583,-0.051005,-0.024796,67770,0.05,0.30432,0.429476
