tmp.site,tmp.area,Lb,X1,Wb,POR,ALPHA,BETA,Ks,Kb,Kz,Qthresh,Rs,Rb1,Rb2,Prec,Frac4Rise,Error,BFF
04025500,3.05619e+08,120517,39081.2,1159.85,0.15,0.018237,10.1,300.152,308.537,0.265159,269123,-0.069075,-0.018543,-0.006738,25689,0.05,0.157318,0.703632
