tmp.site,tmp.area,Lb,X1,Wb,POR,ALPHA,BETA,Ks,Kb,Kz,Qthresh,Rs,Rb1,Rb2,Prec,Frac4Rise,Error,BFF
01463620,8.88366e+07,18855.7,24.4849,223.84,0.15,0.019858,1,141.524,5196.07,1.09318,27890.9,-0.073302,-0.05107,-0.05508,578.712,0.05,0.358221,0.516383
