tmp.site,tmp.area,Lb,X1,Wb,POR,ALPHA,BETA,Ks,Kb,Kz,Qthresh,Rs,Rb1,Rb2,Prec,Frac4Rise,Error,BFF
01183500,1.28722e+09,31537.1,34.3582,1227.58,0.15,0.009659,1.2,3963.16,9580.71,1.31149,193279,-0.173737,-0.060413,-0.049366,20551.2,0.05,0.32791,0.481411
