tmp.site,tmp.area,Lb,X1,Wb,POR,ALPHA,BETA,Ks,Kb,Kz,Qthresh,Rs,Rb1,Rb2,Prec,Frac4Rise,Error,BFF
02429000,3.13389e+08,21435.8,136.998,7717.68,0.15,0.005908,1.3,955.676,92533.9,0.88682,88101,-0.42896,-0.063039,-0.051494,8115.28,0.05,1.82921,0.966813
