tmp.site,tmp.area,Lb,X1,Wb,POR,ALPHA,BETA,Ks,Kb,Kz,Qthresh,Rs,Rb1,Rb2,Prec,Frac4Rise,Error,BFF
06482848,3.26339e+08,9653.85,100,309.741,0.15,0.010935,1,570.355,9037.25,0.947502,16771.7,-0.143841,-0.079791,-0.073579,21.799,0.05,4.27653,0.195738
