tmp.site,tmp.area,Lb,X1,Wb,POR,ALPHA,BETA,Ks,Kb,Kz,Qthresh,Rs,Rb1,Rb2,Prec,Frac4Rise,Error,BFF
07183000,9.64253e+09,74799.3,47.0967,648.713,0.15,0.006625,1,2438.03,40026.6,0.66511,233515,-0.066533,-0.093093,-0.096926,513.78,0.05,0.974088,0.17293
