tmp.site,tmp.area,Lb,X1,Wb,POR,ALPHA,BETA,Ks,Kb,Kz,Qthresh,Rs,Rb1,Rb2,Prec,Frac4Rise,Error,BFF
10259200,7.92536e+07,1337.99,8.75268,23.1953,0.15,0.006893,1,4739.39,3.03486,0.34754,3914.51,-0.202733,-0.050437,-0.043549,24.4657,0.05,0.48576,0.001423
