tmp.site,tmp.area,Lb,X1,Wb,POR,ALPHA,BETA,Ks,Kb,Kz,Qthresh,Rs,Rb1,Rb2,Prec,Frac4Rise,Error,BFF
04213376,8.52106e+07,6211.83,100,464.459,0.15,0.017149,1,1477.83,8812.07,0.951816,13211.5,-0.34789,-0.082299,-0.075494,667.914,0.05,0.40387,0.330076
