tmp.site,tmp.area,Lb,X1,Wb,POR,ALPHA,BETA,Ks,Kb,Kz,Qthresh,Rs,Rb1,Rb2,Prec,Frac4Rise,Error,BFF
06906500,1.29215e+12,48283.2,4790.67,84285.2,0.15,0.009012,2.7,58385.4,2117.67,0.149469,5.18673e+07,-0.063917,-0.025453,-0.019402,5.30906e+06,0.05,0.265121,0.542852
