tmp.site,tmp.area,Lb,X1,Wb,POR,ALPHA,BETA,Ks,Kb,Kz,Qthresh,Rs,Rb1,Rb2,Prec,Frac4Rise,Error,BFF
03176500,9.76426e+09,5127.66,0.076336,10254.8,0.15,0.004789,1.1,3772.51,11.722,1.86503,3.10715e+06,-0.100335,-0.056139,-0.050715,256890,0.05,0.27634,0.77266
