tmp.site,tmp.area,Lb,X1,Wb,POR,ALPHA,BETA,Ks,Kb,Kz,Qthresh,Rs,Rb1,Rb2,Prec,Frac4Rise,Error,BFF
05518000,4.60759e+09,21941.7,177.904,3625.19,0.15,0.010369,1.2,591.638,8357.48,0.995394,1.27711e+06,-0.04409,-0.022165,-0.019373,111319,0.05,0.299358,0.667177
