tmp.site,tmp.area,Lb,X1,Wb,POR,ALPHA,BETA,Ks,Kb,Kz,Qthresh,Rs,Rb1,Rb2,Prec,Frac4Rise,Error,BFF
05442300,2.23127e+10,31734.2,177.106,8982.35,0.15,0.007715,1.1,2722.64,25642.7,1.09491,1.76479e+07,-0.051898,-0.022814,-0.021306,427000,0.05,0.213893,0.778149
