tmp.site,tmp.area,Lb,X1,Wb,POR,ALPHA,BETA,Ks,Kb,Kz,Qthresh,Rs,Rb1,Rb2,Prec,Frac4Rise,Error,BFF
09291000,2.90079e+08,20497.1,100,5.4725,0.15,0.002617,1,59.7643,518.9,0.959177,13676.3,-0.012659,-0.045551,-0.105991,24.4657,0.05,0.364608,1.2e-05
