tmp.site,tmp.area,Lb,X1,Wb,POR,ALPHA,BETA,Ks,Kb,Kz,Qthresh,Rs,Rb1,Rb2,Prec,Frac4Rise,Error,BFF
14187200,1.44262e+09,10391.1,9.61256,2930.8,0.15,0.003367,1,248.227,78.3665,2.73791,2.12118e+06,-0.033309,-0.05154,-0.051298,144592,0.05,0.350469,0.262648
