tmp.site,tmp.area,Lb,X1,Wb,POR,ALPHA,BETA,Ks,Kb,Kz,Qthresh,Rs,Rb1,Rb2,Prec,Frac4Rise,Error,BFF
04162010,8.80596e+07,6234.2,100,160.219,0.15,0.009887,1,1858.7,5532.33,0.905201,9541.63,-0.50007,-0.120868,-0.135816,195.726,0.05,0.502245,0.11988
