tmp.site,tmp.area,Lb,X1,Wb,POR,ALPHA,BETA,Ks,Kb,Kz,Qthresh,Rs,Rb1,Rb2,Prec,Frac4Rise,Error,BFF
08355490,7.36463e+10,13006.8,111.808,3842.56,0.15,0.010272,0.9,3724.16,15060.2,0.99954,1.51443e+06,-0.104558,-0.049464,-0.133905,24.4657,0.05,1244.09,0.64471
