tmp.site,tmp.area,Lb,X1,Wb,POR,ALPHA,BETA,Ks,Kb,Kz,Qthresh,Rs,Rb1,Rb2,Prec,Frac4Rise,Error,BFF
02398300,9.47936e+08,9160.07,100,1779.01,0.15,0.007221,1,2446.27,5079.11,0.969258,244400,-0.225993,-0.069305,-0.020167,22313.2,0.05,0.290106,0.447262
