tmp.site,tmp.area,Lb,X1,Wb,POR,ALPHA,BETA,Ks,Kb,Kz,Qthresh,Rs,Rb1,Rb2,Prec,Frac4Rise,Error,BFF
01575500,5.74977e+08,22554.6,100,810.392,0.15,0.011092,1,2248.39,16460.7,0.967145,171260,-0.314133,-0.050219,-0.044464,4403.83,0.05,0.321533,0.470787
