tmp.site,tmp.area,Lb,X1,Wb,POR,ALPHA,BETA,Ks,Kb,Kz,Qthresh,Rs,Rb1,Rb2,Prec,Frac4Rise,Error,BFF
09512165,3.42474e+10,4756.47,100,858.721,0.15,0.009485,1,10483.7,14056.3,0.920788,82204.8,-0.152055,-0.119714,-0.143132,24.4657,0.05,40.2836,0.040615
