tmp.site,tmp.area,Lb,X1,Wb,POR,ALPHA,BETA,Ks,Kb,Kz,Qthresh,Rs,Rb1,Rb2,Prec,Frac4Rise,Error,BFF
03075500,3.47058e+08,9137.9,100,998.096,0.15,0.013086,1,2889.45,18323.1,0.95163,16076.2,-0.257477,-0.082492,-0.066567,1859.39,0.05,0.376124,0.422925
