tmp.site,tmp.area,Lb,X1,Wb,POR,ALPHA,BETA,Ks,Kb,Kz,Qthresh,Rs,Rb1,Rb2,Prec,Frac4Rise,Error,BFF
12438000,1.96062e+11,29339.4,100,61645.7,0.15,0.010879,1,4975.27,9685.63,2.94022,2.51997e+08,-0.0465,-0.022562,-0.032948,1.01043e+07,0.05,0.220192,0.911206
