tmp.site,tmp.area,Lb,X1,Wb,POR,ALPHA,BETA,Ks,Kb,Kz,Qthresh,Rs,Rb1,Rb2,Prec,Frac4Rise,Error,BFF
01422747,6.39727e+07,8342.87,607.861,375.094,0.15,0.020733,1.2,285.689,70648.1,0.449494,10094.8,-0.231263,-0.066756,-0.045607,452.616,0.05,0.325652,0.511292
