tmp.site,tmp.area,Lb,X1,Wb,POR,ALPHA,BETA,Ks,Kb,Kz,Qthresh,Rs,Rb1,Rb2,Prec,Frac4Rise,Error,BFF
06347500,1.18103e+09,9171.48,12.5479,246.54,0.15,0.00922,1.1,368.738,1974.76,0.950809,8807.66,-0.143841,-0.107559,-0.074677,24.4657,0.05,1.5766,0.105589
