tmp.site,tmp.area,Lb,X1,Wb,POR,ALPHA,BETA,Ks,Kb,Kz,Qthresh,Rs,Rb1,Rb2,Prec,Frac4Rise,Error,BFF
054041665,1.00233e+09,22978.2,100,837.356,0.15,0.009815,1,661.986,6830.92,0.986256,337627,-0.099667,-0.052058,-0.025416,30826.8,0.05,0.283705,0.588674
