tmp.site,tmp.area,Lb,X1,Wb,POR,ALPHA,BETA,Ks,Kb,Kz,Qthresh,Rs,Rb1,Rb2,Prec,Frac4Rise,Error,BFF
04219768,2.19631e+08,8423.43,326.118,864.143,0.15,0.00688,1.1,329.674,5111.5,0.505734,226553,-0.108654,-0.060987,-0.051033,7215.92,0.05,0.282199,0.526013
