tmp.site,tmp.area,Lb,X1,Wb,POR,ALPHA,BETA,Ks,Kb,Kz,Qthresh,Rs,Rb1,Rb2,Prec,Frac4Rise,Error,BFF
03223425,9.81605e+07,26340.4,76.4125,196.378,0.15,0.010576,1.1,1014.87,47187.8,1.26333,3855.8,-0.269498,-0.118642,-0.100407,147.161,0.05,0.465516,0.256989
