tmp.site,tmp.area,Lb,X1,Wb,POR,ALPHA,BETA,Ks,Kb,Kz,Qthresh,Rs,Rb1,Rb2,Prec,Frac4Rise,Error,BFF
01565000,4.24758e+08,12779.1,46.9265,1003.81,0.15,0.015047,7.1,1014.16,142.928,0.885696,72907.8,-0.160738,-0.043444,-0.020815,4893.14,0.05,0.266691,0.562525
