tmp.site,tmp.area,Lb,X1,Wb,POR,ALPHA,BETA,Ks,Kb,Kz,Qthresh,Rs,Rb1,Rb2,Prec,Frac4Rise,Error,BFF
09147500,1.16031e+09,50858.8,100,335.118,0.15,0.008563,1,612.229,3697.87,0.924452,244657,-0.07155,-0.030272,-0.029343,8587.47,0.05,0.404211,0.283802
