tmp.site,tmp.area,Lb,X1,Wb,POR,ALPHA,BETA,Ks,Kb,Kz,Qthresh,Rs,Rb1,Rb2,Prec,Frac4Rise,Error,BFF
01105500,7.04477e+07,13771.6,100,433.555,0.15,0.025897,1,449.107,15427.9,0.798323,26178.3,-0.192831,-0.044177,-0.049977,902.687,0.05,0.339594,0.534525
