tmp.site,tmp.area,Lb,X1,Wb,POR,ALPHA,BETA,Ks,Kb,Kz,Qthresh,Rs,Rb1,Rb2,Prec,Frac4Rise,Error,BFF
03263000,2.9759e+09,21794.3,149.076,1338.54,0.15,0.007978,3.1,4842.07,5238.23,1.4741,193279,-0.167313,-0.096761,-0.041095,14190.1,0.05,0.36867,0.345191
