tmp.site,tmp.area,Lb,X1,Wb,POR,ALPHA,BETA,Ks,Kb,Kz,Qthresh,Rs,Rb1,Rb2,Prec,Frac4Rise,Error,BFF
12189500,1.84925e+09,39833.7,4.1364,2120.45,0.15,0.006718,4.1,1960.17,38.5441,0.743374,2.38294e+06,-0.164753,-0.046474,-0.032065,210894,0.05,0.25173,0.582031
