tmp.site,tmp.area,Lb,X1,Wb,POR,ALPHA,BETA,Ks,Kb,Kz,Qthresh,Rs,Rb1,Rb2,Prec,Frac4Rise,Error,BFF
04010530,4.27348e+07,32602.9,100,81.4713,0.15,0.020034,1,518.739,3674.04,0.979318,8318.34,-0.225389,-0.068946,-0.0551,120.958,0.05,1.66177,0.261456
