tmp.site,tmp.area,Lb,X1,Wb,POR,ALPHA,BETA,Ks,Kb,Kz,Qthresh,Rs,Rb1,Rb2,Prec,Frac4Rise,Error,BFF
10349700,2.03832e+07,11813.7,3327.37,253.521,0.15,0.01178,10.1,217.097,46.255,0.082845,11254.2,-0.091822,-0.018269,-0.013483,587.177,0.05,0.260691,0.526883
