tmp.site,tmp.area,Lb,X1,Wb,POR,ALPHA,BETA,Ks,Kb,Kz,Qthresh,Rs,Rb1,Rb2,Prec,Frac4Rise,Error,BFF
05080000,1.47111e+10,25117.2,100,2199.17,0.15,0.009963,1,4089.6,2881.03,0.986193,269123,-0.066766,-0.037393,-0.021611,27646.3,0.05,0.439002,0.364366
