tmp.site,tmp.area,Lb,X1,Wb,POR,ALPHA,BETA,Ks,Kb,Kz,Qthresh,Rs,Rb1,Rb2,Prec,Frac4Rise,Error,BFF
03302220,1.68867e+08,10872,100,417.45,0.15,0.016974,1,1032.62,20999.2,0.995267,1981.72,-0.255413,-0.101524,-0.070153,220.191,0.05,0.468768,0.330746
