tmp.site,tmp.area,Lb,X1,Wb,POR,ALPHA,BETA,Ks,Kb,Kz,Qthresh,Rs,Rb1,Rb2,Prec,Frac4Rise,Error,BFF
03127000,7.30377e+08,17671.6,100,666.633,0.15,0.016396,1,1224.89,26946,1.01153,17126,-0.11088,-0.06857,-0.074225,1345.61,0.05,0.46586,0.428964
