tmp.site,tmp.area,Lb,X1,Wb,POR,ALPHA,BETA,Ks,Kb,Kz,Qthresh,Rs,Rb1,Rb2,Prec,Frac4Rise,Error,BFF
05474000,1.1168e+10,12081.1,100,3234.4,0.15,0.010495,1,9848.67,9842.32,0.939796,232424,-0.119059,-0.061717,-0.057066,8563,0.05,0.473717,0.343817
