tmp.site,tmp.area,Lb,X1,Wb,POR,ALPHA,BETA,Ks,Kb,Kz,Qthresh,Rs,Rb1,Rb2,Prec,Frac4Rise,Error,BFF
06892518,1.5536e+11,13660.5,100,5501.46,0.15,0.005753,1,13759.8,9765.87,0.958752,2.86249e+06,-0.076625,-0.04778,-0.05448,223861,0.05,0.351388,0.407708
