tmp.site,tmp.area,Lb,X1,Wb,POR,ALPHA,BETA,Ks,Kb,Kz,Qthresh,Rs,Rb1,Rb2,Prec,Frac4Rise,Error,BFF
09470750,1.06449e+07,174772,100,20.4127,0.15,0.052163,1,120.728,49874.5,0.812732,831.834,-0.143841,-0.030626,-0.044681,24.4657,0.05,0.602339,0.173571
