tmp.site,tmp.area,Lb,X1,Wb,POR,ALPHA,BETA,Ks,Kb,Kz,Qthresh,Rs,Rb1,Rb2,Prec,Frac4Rise,Error,BFF
03177710,1.14736e+08,14592.7,100,331.561,0.15,0.01282,1,411.853,13834.9,0.933425,39145.1,-0.222086,-0.062383,-0.039694,2116.28,0.05,0.297223,0.471971
