tmp.site,tmp.area,Lb,X1,Wb,POR,ALPHA,BETA,Ks,Kb,Kz,Qthresh,Rs,Rb1,Rb2,Prec,Frac4Rise,Error,BFF
12332000,3.13389e+08,7548.26,0.68797,2289.66,0.15,0.005943,1.3,3.82983,46.1275,1.04442,92969.7,-0.110555,-0.025072,-0.020213,4159.17,0.05,0.27473,0.816977
