tmp.site,tmp.area,Lb,X1,Wb,POR,ALPHA,BETA,Ks,Kb,Kz,Qthresh,Rs,Rb1,Rb2,Prec,Frac4Rise,Error,BFF
10310000,1.69385e+08,30796.3,100,331.674,0.15,0.017224,1,120.657,19706.4,0.827595,36698.6,-0.077075,-0.030123,-0.031187,2330.51,0.05,0.330499,0.54762
