tmp.site,tmp.area,Lb,X1,Wb,POR,ALPHA,BETA,Ks,Kb,Kz,Qthresh,Rs,Rb1,Rb2,Prec,Frac4Rise,Error,BFF
06853020,5.72387e+10,117481,11.6948,846.958,0.15,0.013904,0.9,18634.7,1207.17,0.986573,371879,-0.129623,-0.059647,-0.135884,53.8246,0.05,3.09309,0.191387
