tmp.site,tmp.area,Lb,X1,Wb,POR,ALPHA,BETA,Ks,Kb,Kz,Qthresh,Rs,Rb1,Rb2,Prec,Frac4Rise,Error,BFF
01011000,3.828e+09,51552.6,162.538,1947.88,0.15,0.00799,2.1,2843.06,13232,0.939814,369432,-0.075596,-0.043401,-0.026847,41102.4,0.05,0.341796,0.554311
