tmp.site,tmp.area,Lb,X1,Wb,POR,ALPHA,BETA,Ks,Kb,Kz,Qthresh,Rs,Rb1,Rb2,Prec,Frac4Rise,Error,BFF
12123100,3.15979e+07,23067.5,121.839,228.817,0.15,0.016231,6.4,257.561,1523.15,0.460533,13981.7,-0.162722,-0.039145,-0.029592,733.971,0.05,0.337479,0.569935
