tmp.site,tmp.area,Lb,X1,Wb,POR,ALPHA,BETA,Ks,Kb,Kz,Qthresh,Rs,Rb1,Rb2,Prec,Frac4Rise,Error,BFF
023177483,1.30017e+09,15550.7,29.3693,1373.65,0.15,0.011825,1.1,3413.46,11043.1,1.29767,9612.58,-0.109786,-0.090507,-0.068831,464.849,0.05,0.460983,0.438146
