tmp.site,tmp.area,Lb,X1,Wb,POR,ALPHA,BETA,Ks,Kb,Kz,Qthresh,Rs,Rb1,Rb2,Prec,Frac4Rise,Error,BFF
06172310,5.52729e+10,8098.33,100,3656.55,0.15,0.012571,1,6230.75,14840,0.860515,450169,-0.080802,-0.065945,-0.10834,831.834,0.05,1.08509,0.477784
