tmp.site,tmp.area,Lb,X1,Wb,POR,ALPHA,BETA,Ks,Kb,Kz,Qthresh,Rs,Rb1,Rb2,Prec,Frac4Rise,Error,BFF
01135150,8.41746e+06,7064.83,39.5034,179.818,0.15,0.013668,1.4,391.082,2234.46,0.272384,2006.19,-0.314551,-0.051871,-0.03886,210.405,0.05,0.356162,0.471996
