tmp.site,tmp.area,Lb,X1,Wb,POR,ALPHA,BETA,Ks,Kb,Kz,Qthresh,Rs,Rb1,Rb2,Prec,Frac4Rise,Error,BFF
0208250410,2.00724e+09,21381.8,0.610255,707.786,0.15,0.007183,1,1965.85,148.643,1.27857,189648,-0.110247,-0.083861,-0.085084,14312.4,0.05,0.449747,0.267936
