tmp.site,tmp.area,Lb,X1,Wb,POR,ALPHA,BETA,Ks,Kb,Kz,Qthresh,Rs,Rb1,Rb2,Prec,Frac4Rise,Error,BFF
05311150,1.655e+10,38674.7,8.52929,4379.33,0.15,0.012592,0.9,2055.33,2304.3,0.912427,477081,-0.025939,-0.029106,-0.042355,14801.8,0.05,0.45668,0.603292
