tmp.site,tmp.area,Lb,X1,Wb,POR,ALPHA,BETA,Ks,Kb,Kz,Qthresh,Rs,Rb1,Rb2,Prec,Frac4Rise,Error,BFF
05534500,5.10228e+07,12349.9,56.4567,161.345,0.15,0.027554,1,242.407,23506,0.812375,17860,-0.239867,-0.10706,-0.118327,24.4657,0.05,0.997522,0.37151
