tmp.site,tmp.area,Lb,X1,Wb,POR,ALPHA,BETA,Ks,Kb,Kz,Qthresh,Rs,Rb1,Rb2,Prec,Frac4Rise,Error,BFF
12436500,1.93472e+11,38825.2,100,46801.2,0.15,0.010355,1,6592.95,7125.14,2.63166,5.60265e+07,-0.045038,-0.020099,-0.029662,6.04303e+06,0.05,0.275692,0.809748
