tmp.site,tmp.area,Lb,X1,Wb,POR,ALPHA,BETA,Ks,Kb,Kz,Qthresh,Rs,Rb1,Rb2,Prec,Frac4Rise,Error,BFF
09196500,1.97616e+08,23692.6,100,571.546,0.15,0.00697,1,4.76332,12663.9,0.891176,23731.7,-0.077075,-0.030525,-0.017006,1678.35,0.05,0.341081,0.382506
