tmp.site,tmp.area,Lb,X1,Wb,POR,ALPHA,BETA,Ks,Kb,Kz,Qthresh,Rs,Rb1,Rb2,Prec,Frac4Rise,Error,BFF
01553850,2.62107e+08,6759.92,100,651.573,0.15,0.011279,1,2392.02,7856.34,0.943474,12281.8,-0.360703,-0.103809,-0.056224,1289.15,0.05,0.372587,0.310305
