tmp.site,tmp.area,Lb,X1,Wb,POR,ALPHA,BETA,Ks,Kb,Kz,Qthresh,Rs,Rb1,Rb2,Prec,Frac4Rise,Error,BFF
06894000,4.76558e+08,6903.84,100,739.301,0.15,0.01451,1,2070.71,11608.8,0.952048,36698.6,-0.26862,-0.0893,-0.080093,244.657,0.05,0.585721,0.284817
