tmp.site,tmp.area,Lb,X1,Wb,POR,ALPHA,BETA,Ks,Kb,Kz,Qthresh,Rs,Rb1,Rb2,Prec,Frac4Rise,Error,BFF
07373250,9.14266e+07,5788.17,100,597.062,0.15,0.005208,1,305.781,1230.18,0.997599,26912.3,-0.430559,-0.099467,-0.027364,2874.72,0.05,0.272489,0.323284
