tmp.site,tmp.area,Lb,X1,Wb,POR,ALPHA,BETA,Ks,Kb,Kz,Qthresh,Rs,Rb1,Rb2,Prec,Frac4Rise,Error,BFF
08183900,1.77155e+08,65329.9,100,139.784,0.15,0.024229,1,794.995,33623.4,1.02891,7290.78,-0.242754,-0.048093,-0.054769,24.4657,0.05,1.45409,0.189894
