tmp.site,tmp.area,Lb,X1,Wb,POR,ALPHA,BETA,Ks,Kb,Kz,Qthresh,Rs,Rb1,Rb2,Prec,Frac4Rise,Error,BFF
06814000,7.14837e+08,10083.6,71.4365,505.767,0.15,0.010016,1,2080.3,12106.1,1.03351,31805.4,-0.229055,-0.095118,-0.102805,24.4657,0.05,3.22335,0.189855
