tmp.site,tmp.area,Lb,X1,Wb,POR,ALPHA,BETA,Ks,Kb,Kz,Qthresh,Rs,Rb1,Rb2,Prec,Frac4Rise,Error,BFF
06796000,1.82335e+11,11908.1,100,6995.95,0.15,0.007061,1,13146.2,17446.7,0.974991,1.12787e+07,-0.103179,-0.038686,-0.056156,120413,0.05,0.356245,0.645471
