tmp.site,tmp.area,Lb,X1,Wb,POR,ALPHA,BETA,Ks,Kb,Kz,Qthresh,Rs,Rb1,Rb2,Prec,Frac4Rise,Error,BFF
01115280,4.63608e+06,3544.4,100,172.783,0.15,0.038264,1,266.053,7610.65,0.330012,5695.62,-0.394597,-0.072663,-0.115234,24.4657,0.05,0.560724,0.36005
