tmp.site,tmp.area,Lb,X1,Wb,POR,ALPHA,BETA,Ks,Kb,Kz,Qthresh,Rs,Rb1,Rb2,Prec,Frac4Rise,Error,BFF
14211400,3.97822e+07,10180.2,100,209.789,0.15,0.016499,1,523.762,16048.1,0.875037,2250.85,-0.247348,-0.09409,-0.061294,149.241,0.05,0.406762,0.307202
