tmp.site,tmp.area,Lb,X1,Wb,POR,ALPHA,BETA,Ks,Kb,Kz,Qthresh,Rs,Rb1,Rb2,Prec,Frac4Rise,Error,BFF
02370500,6.13827e+08,14097.8,2371.53,2408.63,0.15,0.005022,2.7,1222.2,582.458,0.788313,501547,-0.189398,-0.056209,-0.024087,48931.4,0.05,0.214557,0.547435
