tmp.site,tmp.area,Lb,X1,Wb,POR,ALPHA,BETA,Ks,Kb,Kz,Qthresh,Rs,Rb1,Rb2,Prec,Frac4Rise,Error,BFF
12431000,1.72234e+09,53822,19876.1,1711.21,0.15,0.003713,5.2,162.304,59827.4,0.615304,242211,-0.069679,-0.016425,-0.009731,20306.5,0.05,0.27108,0.682785
