tmp.site,tmp.area,Lb,X1,Wb,POR,ALPHA,BETA,Ks,Kb,Kz,Qthresh,Rs,Rb1,Rb2,Prec,Frac4Rise,Error,BFF
09361500,1.81558e+09,8528.85,1593.43,3762.48,0.15,0.006348,2.7,565.792,256.316,0.765917,521120,-0.069678,-0.03116,-0.016438,30826.8,0.05,0.304908,0.357416
