tmp.site,tmp.area,Lb,X1,Wb,POR,ALPHA,BETA,Ks,Kb,Kz,Qthresh,Rs,Rb1,Rb2,Prec,Frac4Rise,Error,BFF
02353400,4.68788e+08,16849.1,0.138033,661.799,0.15,0.012587,1,1617.74,21.7889,0.973343,526013,-0.223144,-0.053903,-0.058522,4909.78,0.05,0.377232,0.454397
