tmp.site,tmp.area,Lb,X1,Wb,POR,ALPHA,BETA,Ks,Kb,Kz,Qthresh,Rs,Rb1,Rb2,Prec,Frac4Rise,Error,BFF
10251259,3.99376e+09,28432,100,11.0104,0.15,0.00585,1,29430.3,2130.77,0.002891,24.4657,-1.70406,-0.002,-0.001,24.4657,0.05,0.21586,0.001238
