tmp.site,tmp.area,Lb,X1,Wb,POR,ALPHA,BETA,Ks,Kb,Kz,Qthresh,Rs,Rb1,Rb2,Prec,Frac4Rise,Error,BFF
08017200,2.09789e+08,2950.18,100,283.695,0.15,0.008189,1,2048.12,14502.3,0.998601,13211.5,-0.346574,-0.214534,-0.220961,24.4657,0.05,2.19055,0.033072
