tmp.site,tmp.area,Lb,X1,Wb,POR,ALPHA,BETA,Ks,Kb,Kz,Qthresh,Rs,Rb1,Rb2,Prec,Frac4Rise,Error,BFF
09328960,1.84407e+11,31242.9,100,16929.8,0.15,0.009604,1,5753.33,4262.12,0.880078,1.8178e+07,-0.038981,-0.021713,-0.012976,858380,0.05,0.413561,0.745862
