tmp.site,tmp.area,Lb,X1,Wb,POR,ALPHA,BETA,Ks,Kb,Kz,Qthresh,Rs,Rb1,Rb2,Prec,Frac4Rise,Error,BFF
12058790,2.5356e+08,38229.7,27.9026,1772.8,0.15,0.013728,0.8,59.0119,1892.87,0.22539,555372,-0.009382,-0.006969,-0.015885,27890.9,0.05,0.276525,0.681961
