tmp.site,tmp.area,Lb,X1,Wb,POR,ALPHA,BETA,Ks,Kb,Kz,Qthresh,Rs,Rb1,Rb2,Prec,Frac4Rise,Error,BFF
02186702,1.25873e+08,23190.7,100,369.981,0.15,0.0142,1,567.645,8532.83,1.0173,67525.4,-0.332362,-0.055808,-0.035417,3327.34,0.05,0.271419,0.514627
