tmp.site,tmp.area,Lb,X1,Wb,POR,ALPHA,BETA,Ks,Kb,Kz,Qthresh,Rs,Rb1,Rb2,Prec,Frac4Rise,Error,BFF
02324000,9.06496e+08,11919.6,100,1261.36,0.15,0.020125,1,827.323,16991.1,0.924496,9052.31,-0.065173,-0.05249,-0.045354,826.941,0.05,0.413616,0.550822
