tmp.site,tmp.area,Lb,X1,Wb,POR,ALPHA,BETA,Ks,Kb,Kz,Qthresh,Rs,Rb1,Rb2,Prec,Frac4Rise,Error,BFF
07188838,5.05048e+08,14704.8,100,693.494,0.15,0.014071,1,830.649,9735.41,0.958485,39145.1,-0.097435,-0.066717,-0.031954,4234.04,0.05,0.353623,0.36498
