tmp.site,tmp.area,Lb,X1,Wb,POR,ALPHA,BETA,Ks,Kb,Kz,Qthresh,Rs,Rb1,Rb2,Prec,Frac4Rise,Error,BFF
01550000,4.48068e+08,23290.1,8.78064,790.971,0.15,0.012916,1.3,1651.57,2374.76,1.31876,21040.5,-0.202733,-0.067521,-0.04722,2397.64,0.05,0.356383,0.482866
