tmp.site,tmp.area,Lb,X1,Wb,POR,ALPHA,BETA,Ks,Kb,Kz,Qthresh,Rs,Rb1,Rb2,Prec,Frac4Rise,Error,BFF
05051600,1.41413e+09,32602.3,100,212.244,0.15,0.05937,1,2791.79,17906,0.944523,104713,-0.104447,-0.05761,-0.11548,24.4657,0.05,12.0979,0.170361
