tmp.site,tmp.area,Lb,X1,Wb,POR,ALPHA,BETA,Ks,Kb,Kz,Qthresh,Rs,Rb1,Rb2,Prec,Frac4Rise,Error,BFF
08025500,3.83318e+08,14478.6,0.681742,530.495,0.15,0.008212,1.2,3720.16,136.868,0.955419,19327.9,-0.292572,-0.120768,-0.08276,199.689,0.05,0.45657,0.191128
