tmp.site,tmp.area,Lb,X1,Wb,POR,ALPHA,BETA,Ks,Kb,Kz,Qthresh,Rs,Rb1,Rb2,Prec,Frac4Rise,Error,BFF
02465000,1.24837e+10,6341.54,100,10409.2,0.15,0.023249,1,18668.5,13754.6,3.17576,281356,-0.156806,-0.079473,-0.1077,31071.5,0.05,0.684788,0.434869
