tmp.site,tmp.area,Lb,X1,Wb,POR,ALPHA,BETA,Ks,Kb,Kz,Qthresh,Rs,Rb1,Rb2,Prec,Frac4Rise,Error,BFF
01646500,2.99403e+10,31748.3,2.34352,5155.3,0.15,0.009369,1.5,15471.2,213.863,2.33127,7.51097e+06,-0.119228,-0.058052,-0.041726,177132,0.05,0.339002,0.476282
