tmp.site,tmp.area,Lb,X1,Wb,POR,ALPHA,BETA,Ks,Kb,Kz,Qthresh,Rs,Rb1,Rb2,Prec,Frac4Rise,Error,BFF
09355500,8.44336e+09,78105.6,100,1509.7,0.15,0.011291,1,329.45,937.5,0.938378,1.56581e+06,-0.011545,-0.027941,-0.026444,44038.3,0.05,0.654663,0.426532
