tmp.site,tmp.area,Lb,X1,Wb,POR,ALPHA,BETA,Ks,Kb,Kz,Qthresh,Rs,Rb1,Rb2,Prec,Frac4Rise,Error,BFF
13092747,6.70807e+08,214392,100,254.81,0.15,0.013689,1,130.22,23110.3,0.957875,89055.2,-0.045454,-0.023302,-0.01191,8832.12,0.05,0.263917,0.595079
