tmp.site,tmp.area,Lb,X1,Wb,POR,ALPHA,BETA,Ks,Kb,Kz,Qthresh,Rs,Rb1,Rb2,Prec,Frac4Rise,Error,BFF
08044800,1.95803e+08,10293.3,100,85.6963,0.15,0.024934,1,1316.52,13013.5,0.944963,28869.5,-0.203837,-0.099718,-0.148746,24.4657,0.05,2.67141,0.08824
