tmp.site,tmp.area,Lb,X1,Wb,POR,ALPHA,BETA,Ks,Kb,Kz,Qthresh,Rs,Rb1,Rb2,Prec,Frac4Rise,Error,BFF
01015800,2.31545e+09,52161.2,77.6188,2811.26,0.15,0.01081,1.3,8777.05,28712.6,1.21229,814708,-0.08813,-0.053117,-0.039212,21040.5,0.05,0.448304,0.486331
