tmp.site,tmp.area,Lb,X1,Wb,POR,ALPHA,BETA,Ks,Kb,Kz,Qthresh,Rs,Rb1,Rb2,Prec,Frac4Rise,Error,BFF
11173510,3.60008e+08,15154.8,100,124.13,0.15,0.01284,1,167.024,7852.1,1.00912,39879.1,-0.078602,-0.063445,-0.032491,24.4657,0.05,0.753773,0.075233
