tmp.site,tmp.area,Lb,X1,Wb,POR,ALPHA,BETA,Ks,Kb,Kz,Qthresh,Rs,Rb1,Rb2,Prec,Frac4Rise,Error,BFF
03103500,1.51255e+09,29259.2,100,748.34,0.15,0.007231,1,355.471,730.289,0.939113,699719,-0.013658,-0.053765,-0.069943,23976.4,0.05,0.343336,0.252776
