tmp.site,tmp.area,Lb,X1,Wb,POR,ALPHA,BETA,Ks,Kb,Kz,Qthresh,Rs,Rb1,Rb2,Prec,Frac4Rise,Error,BFF
09060799,7.58867e+09,27344.1,97.3946,4583.83,0.15,0.007064,1,634.699,6585.52,0.950184,1.30334e+06,-0.034893,-0.023324,-0.023104,107894,0.05,0.284691,0.819673
