tmp.site,tmp.area,Lb,X1,Wb,POR,ALPHA,BETA,Ks,Kb,Kz,Qthresh,Rs,Rb1,Rb2,Prec,Frac4Rise,Error,BFF
01374531,2.23775e+08,99538.5,26829.5,320.244,0.15,0.030646,9.7,231.078,265.57,1.08991,112542,-0.034752,-0.041021,-0.026257,5464.17,0.05,0.29182,0.42526
