tmp.site,tmp.area,Lb,X1,Wb,POR,ALPHA,BETA,Ks,Kb,Kz,Qthresh,Rs,Rb1,Rb2,Prec,Frac4Rise,Error,BFF
08263500,2.18595e+10,31488.7,87.0287,1726.06,0.15,0.004593,1.3,218.691,18042.3,1.25884,110096,-0.058892,-0.037852,-0.028679,11401,0.05,0.333694,0.696093
