tmp.site,tmp.area,Lb,X1,Wb,POR,ALPHA,BETA,Ks,Kb,Kz,Qthresh,Rs,Rb1,Rb2,Prec,Frac4Rise,Error,BFF
05593945,1.75601e+09,22873.3,26.4912,986.557,0.15,0.010085,1.3,5486.08,10905.9,1.11723,39634.5,-0.218204,-0.125099,-0.077068,1674.83,0.05,0.454748,0.288067
