tmp.site,tmp.area,Lb,X1,Wb,POR,ALPHA,BETA,Ks,Kb,Kz,Qthresh,Rs,Rb1,Rb2,Prec,Frac4Rise,Error,BFF
06813500,1.07459e+12,22526.6,100,47130.8,0.15,0.004765,1,35042.1,1914.82,0.93549,1.06426e+08,-0.063917,-0.01919,-0.024378,2.69123e+06,0.05,0.309991,0.653162
