tmp.site,tmp.area,Lb,X1,Wb,POR,ALPHA,BETA,Ks,Kb,Kz,Qthresh,Rs,Rb1,Rb2,Prec,Frac4Rise,Error,BFF
11276600,1.25355e+09,4080.36,1009.72,3940.37,0.15,0.002902,3.3,366.857,25.1445,0.715511,327841,-0.044542,-0.069937,-0.018634,9052.31,0.05,0.343733,0.16154
