tmp.site,tmp.area,Lb,X1,Wb,POR,ALPHA,BETA,Ks,Kb,Kz,Qthresh,Rs,Rb1,Rb2,Prec,Frac4Rise,Error,BFF
02153700,6.29367e+07,51357.5,183.859,110.072,0.15,0.021263,1,109.224,76526.4,1.05072,56760.5,-0.179019,-0.059128,-0.059403,97.8629,0.05,0.429972,0.449873
