tmp.site,tmp.area,Lb,X1,Wb,POR,ALPHA,BETA,Ks,Kb,Kz,Qthresh,Rs,Rb1,Rb2,Prec,Frac4Rise,Error,BFF
07275500,1.71716e+08,7111.39,100,199.258,0.15,0.006573,1,2412.04,4117.31,0.92333,5871.77,-0.346574,-0.203525,-0.114458,391.451,0.05,0.448732,0.060602
