tmp.site,tmp.area,Lb,X1,Wb,POR,ALPHA,BETA,Ks,Kb,Kz,Qthresh,Rs,Rb1,Rb2,Prec,Frac4Rise,Error,BFF
06625000,6.78577e+08,3961.09,108.046,2040.06,0.15,0.004326,1.1,15.2849,2271.03,1.00343,256890,-0.09741,-0.04303,-0.035786,4746.35,0.05,0.404343,0.389459
