tmp.site,tmp.area,Lb,X1,Wb,POR,ALPHA,BETA,Ks,Kb,Kz,Qthresh,Rs,Rb1,Rb2,Prec,Frac4Rise,Error,BFF
04227500,3.68814e+09,13170.2,159.6,1680.99,0.15,0.012602,1.1,3406.1,17861.8,1.09472,447723,-0.093005,-0.069484,-0.057089,23242.4,0.05,0.367513,0.390093
