tmp.site,tmp.area,Lb,X1,Wb,POR,ALPHA,BETA,Ks,Kb,Kz,Qthresh,Rs,Rb1,Rb2,Prec,Frac4Rise,Error,BFF
02330100,3.26339e+08,12448.9,3074.48,1003.5,0.15,0.009421,2.6,1469.79,6218.22,0.699718,70950.6,-0.21225,-0.072331,-0.040355,7487.73,0.05,0.317396,0.391128
