tmp.site,tmp.area,Lb,X1,Wb,POR,ALPHA,BETA,Ks,Kb,Kz,Qthresh,Rs,Rb1,Rb2,Prec,Frac4Rise,Error,BFF
01502632,4.16988e+09,15157.9,3.20751,3789.34,0.15,0.009885,2,7550.93,141.797,1.46152,675254,-0.183528,-0.055323,-0.034551,65697.8,0.05,0.311336,0.590547
