tmp.site,tmp.area,Lb,X1,Wb,POR,ALPHA,BETA,Ks,Kb,Kz,Qthresh,Rs,Rb1,Rb2,Prec,Frac4Rise,Error,BFF
11460151,1.83889e+07,15578.1,100,100.337,0.15,0.021395,1,257.36,7469.46,0.668805,3474.13,-0.202733,-0.072205,-0.064995,24.4657,0.05,0.644649,0.181415
