tmp.site,tmp.area,Lb,X1,Wb,POR,ALPHA,BETA,Ks,Kb,Kz,Qthresh,Rs,Rb1,Rb2,Prec,Frac4Rise,Error,BFF
13233300,1.00492e+10,11973.6,100,1005.98,0.15,0.009379,1,708.859,8047.53,0.973187,452616,-0.095249,-0.050753,-0.107608,24.4657,0.05,4.19934,0.427632
