tmp.site,tmp.area,Lb,X1,Wb,POR,ALPHA,BETA,Ks,Kb,Kz,Qthresh,Rs,Rb1,Rb2,Prec,Frac4Rise,Error,BFF
06061500,4.97278e+08,251254,525.843,1079.47,0.15,0.028013,1,1690.77,61274,0.134114,19327.9,-0.114572,-0.023666,-0.020393,2152.98,0.05,0.376693,0.379859
