tmp.site,tmp.area,Lb,X1,Wb,POR,ALPHA,BETA,Ks,Kb,Kz,Qthresh,Rs,Rb1,Rb2,Prec,Frac4Rise,Error,BFF
07106300,2.24034e+09,1.71195e+06,0.07553,1170.53,0.15,0.031128,0.9,1735.4,27.7667,1.03629,332734,-0.202733,-0.04779,-0.093321,24.4657,0.05,263.736,0.416174
