tmp.site,tmp.area,Lb,X1,Wb,POR,ALPHA,BETA,Ks,Kb,Kz,Qthresh,Rs,Rb1,Rb2,Prec,Frac4Rise,Error,BFF
02379000,2.23775e+08,31672.5,100,896.926,0.15,0.012135,1,1107.79,6577.14,0.851923,195726,-0.334227,-0.027941,-0.041239,16392,0.05,0.30155,0.590228
