tmp.site,tmp.area,Lb,X1,Wb,POR,ALPHA,BETA,Ks,Kb,Kz,Qthresh,Rs,Rb1,Rb2,Prec,Frac4Rise,Error,BFF
0350011450,1.27168e+08,27443.6,100,459.422,0.15,0.01187,1,431.187,11981.1,0.920097,79758.2,-0.30399,-0.043234,-0.027036,6285.49,0.05,0.225374,0.584091
