tmp.site,tmp.area,Lb,X1,Wb,POR,ALPHA,BETA,Ks,Kb,Kz,Qthresh,Rs,Rb1,Rb2,Prec,Frac4Rise,Error,BFF
01064500,9.97145e+08,10148.5,100,1815.87,0.15,0.010581,1,3013.65,8768.96,1.04937,251997,-0.202733,-0.060697,-0.030779,26423,0.05,0.3335,0.4441
