tmp.site,tmp.area,Lb,X1,Wb,POR,ALPHA,BETA,Ks,Kb,Kz,Qthresh,Rs,Rb1,Rb2,Prec,Frac4Rise,Error,BFF
02436500,1.60579e+09,11036.8,0.629555,1792.06,0.15,0.010018,1.2,10788,162.093,1.93497,22019.1,-0.438067,-0.131605,-0.090017,1786,0.05,0.476325,0.274429
