tmp.site,tmp.area,Lb,X1,Wb,POR,ALPHA,BETA,Ks,Kb,Kz,Qthresh,Rs,Rb1,Rb2,Prec,Frac4Rise,Error,BFF
01645762,7.01887e+06,2905.57,335.178,130.811,0.15,0.014097,1,247.69,8875.69,0.38741,2226.38,-0.390318,-0.063614,-0.060874,34.252,0.05,0.390566,0.345463
