tmp.site,tmp.area,Lb,X1,Wb,POR,ALPHA,BETA,Ks,Kb,Kz,Qthresh,Rs,Rb1,Rb2,Prec,Frac4Rise,Error,BFF
01174565,3.26339e+07,4550.32,485.6,495.544,0.15,0.049318,1,392.747,25068.9,0.766251,31071.5,-0.297322,-0.057938,-0.054829,154.134,0.05,0.386295,0.450789
