tmp.site,tmp.area,Lb,X1,Wb,POR,ALPHA,BETA,Ks,Kb,Kz,Qthresh,Rs,Rb1,Rb2,Prec,Frac4Rise,Error,BFF
08136700,6.26596e+10,11402.9,12.1734,2187.2,0.15,0.012282,0.9,10786.3,235.411,1.03566,22263.8,-0.128127,-0.069835,-0.103149,24.4657,0.05,33.3458,0.246184
