tmp.site,tmp.area,Lb,X1,Wb,POR,ALPHA,BETA,Ks,Kb,Kz,Qthresh,Rs,Rb1,Rb2,Prec,Frac4Rise,Error,BFF
03203000,1.9658e+09,8020.42,100,2060,0.15,0.012435,1,6740.44,14645.2,1.03013,114989,-0.165344,-0.08502,-0.066147,3914.51,0.05,0.415728,0.374828
