tmp.site,tmp.area,Lb,X1,Wb,POR,ALPHA,BETA,Ks,Kb,Kz,Qthresh,Rs,Rb1,Rb2,Prec,Frac4Rise,Error,BFF
09114520,2.61589e+09,66035.1,73.0077,6555.09,0.15,0.010285,1.1,753.335,38872.6,1.02093,418364,-0.036868,-0.023148,-0.021432,41347.1,0.05,0.309233,0.901164
