tmp.site,tmp.area,Lb,X1,Wb,POR,ALPHA,BETA,Ks,Kb,Kz,Qthresh,Rs,Rb1,Rb2,Prec,Frac4Rise,Error,BFF
04058100,5.43898e+08,60198.6,5.5215,246.13,0.15,0.0109,0.9,79.3683,147.943,1.65149,281356,-0.042579,-0.043803,-0.063845,2006.19,0.05,1.06948,0.407118
