tmp.site,tmp.area,Lb,X1,Wb,POR,ALPHA,BETA,Ks,Kb,Kz,Qthresh,Rs,Rb1,Rb2,Prec,Frac4Rise,Error,BFF
07157500,2.99662e+09,284648,0.462302,105.929,0.15,0.025212,0.9,848.819,2.80032,1.17217,24465.7,-0.125657,-0.052402,-0.064232,24.4657,0.05,60.3114,0.208706
