tmp.site,tmp.area,Lb,X1,Wb,POR,ALPHA,BETA,Ks,Kb,Kz,Qthresh,Rs,Rb1,Rb2,Prec,Frac4Rise,Error,BFF
06935955,3.03029e+07,5613.48,100,107.628,0.15,0.00979,1,1163.23,6674.42,0.935422,6361.09,-0.643219,-0.158525,-0.140561,102.756,0.05,0.492289,0.090273
