tmp.site,tmp.area,Lb,X1,Wb,POR,ALPHA,BETA,Ks,Kb,Kz,Qthresh,Rs,Rb1,Rb2,Prec,Frac4Rise,Error,BFF
07170990,8.65574e+09,4375.51,100,4696.48,0.15,0.008925,1,2842.74,12524.1,1.48735,86647.8,-0.055613,-0.095719,-0.116072,4628.18,0.05,0.888395,0.374994
