tmp.site,tmp.area,Lb,X1,Wb,POR,ALPHA,BETA,Ks,Kb,Kz,Qthresh,Rs,Rb1,Rb2,Prec,Frac4Rise,Error,BFF
07258500,6.24187e+08,15103.4,157.349,983.681,0.15,0.010855,1,5178.25,85007.5,1.52012,599410,-0.278243,-0.117011,-0.131893,24.4657,0.05,2.41163,0.274873
