tmp.site,tmp.area,Lb,X1,Wb,POR,ALPHA,BETA,Ks,Kb,Kz,Qthresh,Rs,Rb1,Rb2,Prec,Frac4Rise,Error,BFF
07316000,7.95852e+10,22065.5,31.1368,2886.47,0.15,0.008269,1.5,19974.8,1955.09,1.47569,606750,-0.115252,-0.089836,-0.050874,15364.5,0.05,0.483514,0.238676
