tmp.site,tmp.area,Lb,X1,Wb,POR,ALPHA,BETA,Ks,Kb,Kz,Qthresh,Rs,Rb1,Rb2,Prec,Frac4Rise,Error,BFF
09400815,5.77567e+07,1121.36,0.184638,61.8809,0.15,0.000781,0.9,3072.01,0.274531,0.677216,11775.3,-0.275956,-0.130153,-0.24092,24.4657,0.05,20.8856,0.008557
