tmp.site,tmp.area,Lb,X1,Wb,POR,ALPHA,BETA,Ks,Kb,Kz,Qthresh,Rs,Rb1,Rb2,Prec,Frac4Rise,Error,BFF
02489000,1.48147e+10,7930.59,100.672,5945.91,0.15,0.010176,1.1,10589.1,3502.89,2.98602,2.44657e+06,-0.091233,-0.067998,-0.055762,224913,0.05,0.397682,0.353714
