tmp.site,tmp.area,Lb,X1,Wb,POR,ALPHA,BETA,Ks,Kb,Kz,Qthresh,Rs,Rb1,Rb2,Prec,Frac4Rise,Error,BFF
03301000,1.7327e+09,6967.84,100,1793.29,0.15,0.011611,1,9312.53,16894.5,1.55472,9296.97,-0.269561,-0.123892,-0.118846,122.329,0.05,0.648032,0.239492
