tmp.site,tmp.area,Lb,X1,Wb,POR,ALPHA,BETA,Ks,Kb,Kz,Qthresh,Rs,Rb1,Rb2,Prec,Frac4Rise,Error,BFF
04201400,3.80728e+08,31583.7,65.034,375.394,0.15,0.007561,1.1,2571.5,50937.1,1.01897,30337.5,-0.315584,-0.121341,-0.105733,2862.49,0.05,0.416342,0.254985
