tmp.site,tmp.area,Lb,X1,Wb,POR,ALPHA,BETA,Ks,Kb,Kz,Qthresh,Rs,Rb1,Rb2,Prec,Frac4Rise,Error,BFF
07229050,6.55163e+10,7970.34,100,2110.73,0.15,0.007098,1,8083.34,11649.8,0.871485,1.08138e+06,-0.202733,-0.060316,-0.0782,909.537,0.05,0.572406,0.408671
