tmp.site,tmp.area,Lb,X1,Wb,POR,ALPHA,BETA,Ks,Kb,Kz,Qthresh,Rs,Rb1,Rb2,Prec,Frac4Rise,Error,BFF
01443900,1.38305e+07,2338.86,177.601,247.044,0.15,0.011462,0.9,91.0716,7168.65,0.515545,4281.5,-0.095712,-0.070303,-0.095325,166.367,0.05,0.443695,0.350995
