tmp.site,tmp.area,Lb,X1,Wb,POR,ALPHA,BETA,Ks,Kb,Kz,Qthresh,Rs,Rb1,Rb2,Prec,Frac4Rise,Error,BFF
08136000,1.43537e+10,7373.63,100,274.466,0.15,0.009944,1,6778.7,10601.3,0.918789,191322,-0.143841,-0.083621,-0.19614,24.4657,0.05,3.09507,0.061142
