tmp.site,tmp.area,Lb,X1,Wb,POR,ALPHA,BETA,Ks,Kb,Kz,Qthresh,Rs,Rb1,Rb2,Prec,Frac4Rise,Error,BFF
04233300,1.0101e+08,14370.2,100,281.137,0.15,0.01883,1,462.928,15654.3,0.994734,17835.5,-0.299875,-0.070453,-0.041828,954.163,0.05,0.357086,0.409656
