tmp.site,tmp.area,Lb,X1,Wb,POR,ALPHA,BETA,Ks,Kb,Kz,Qthresh,Rs,Rb1,Rb2,Prec,Frac4Rise,Error,BFF
08061551,2.77388e+09,285552,100,37.244,0.15,0.011986,1,1779.17,12433.7,0.895291,61408.9,-0.219181,-0.028549,-0.08996,24.4657,0.05,13.0677,0.230017
