tmp.site,tmp.area,Lb,X1,Wb,POR,ALPHA,BETA,Ks,Kb,Kz,Qthresh,Rs,Rb1,Rb2,Prec,Frac4Rise,Error,BFF
08084200,6.58375e+09,20595.2,33.7082,323.687,0.15,0.011805,1,5605.6,7099.58,0.807376,84651.4,-0.176804,-0.094072,-0.116291,24.4657,0.05,6.87232,0.125985
