tmp.site,tmp.area,Lb,X1,Wb,POR,ALPHA,BETA,Ks,Kb,Kz,Qthresh,Rs,Rb1,Rb2,Prec,Frac4Rise,Error,BFF
08134000,3.27892e+09,24589.9,38.7658,63.8402,0.15,0.008777,0.9,3873.57,8049.2,0.820522,36561.6,-0.202733,-0.056985,-0.153622,24.4657,0.05,4.16247,0.020795
