tmp.site,tmp.area,Lb,X1,Wb,POR,ALPHA,BETA,Ks,Kb,Kz,Qthresh,Rs,Rb1,Rb2,Prec,Frac4Rise,Error,BFF
02312558,2.11343e+09,22609.7,542.691,2816.18,0.15,0.035258,0.9,505.333,50249.4,0.158846,491761,-0.050993,-0.021606,-0.027523,24.4657,0.05,3.40917,0.519531
