tmp.site,tmp.area,Lb,X1,Wb,POR,ALPHA,BETA,Ks,Kb,Kz,Qthresh,Rs,Rb1,Rb2,Prec,Frac4Rise,Error,BFF
01580000,2.44495e+08,65738.3,100,378.307,0.15,0.007754,1,759.635,23357.6,1.04611,92969.7,-0.394952,-0.037127,-0.030002,6605.74,0.05,0.258978,0.555184
