tmp.site,tmp.area,Lb,X1,Wb,POR,ALPHA,BETA,Ks,Kb,Kz,Qthresh,Rs,Rb1,Rb2,Prec,Frac4Rise,Error,BFF
03465500,2.08494e+09,15353.1,100,2307.96,0.15,0.010191,1,4863.48,8815.15,0.888335,785349,-0.241277,-0.052727,-0.03629,57005.1,0.05,0.271926,0.525807
