tmp.site,tmp.area,Lb,X1,Wb,POR,ALPHA,BETA,Ks,Kb,Kz,Qthresh,Rs,Rb1,Rb2,Prec,Frac4Rise,Error,BFF
03081500,2.75057e+09,5274.92,0.054097,5669.15,0.15,0.008315,1.3,1652.87,6.22184,0.669164,1.48262e+06,-0.089958,-0.060195,-0.051501,138310,0.05,0.302854,0.717894
