tmp.site,tmp.area,Lb,X1,Wb,POR,ALPHA,BETA,Ks,Kb,Kz,Qthresh,Rs,Rb1,Rb2,Prec,Frac4Rise,Error,BFF
07351500,1.70939e+08,5933.07,0.205712,328.486,0.15,0.010292,1,1862.32,38.6901,0.98421,180557,-0.234262,-0.161116,-0.166253,24.4657,0.05,4.49173,0.091307
