tmp.site,tmp.area,Lb,X1,Wb,POR,ALPHA,BETA,Ks,Kb,Kz,Qthresh,Rs,Rb1,Rb2,Prec,Frac4Rise,Error,BFF
0164578734,2.12379e+06,2680.31,100,68.5185,0.15,0.010567,1,126.61,2639.27,0.312152,782.903,-0.594984,-0.101356,-0.101071,31.8054,0.05,0.331146,0.258073
