tmp.site,tmp.area,Lb,X1,Wb,POR,ALPHA,BETA,Ks,Kb,Kz,Qthresh,Rs,Rb1,Rb2,Prec,Frac4Rise,Error,BFF
0343233905,4.73761e+08,46589.7,64.6695,86.11,0.15,0.02167,0.9,950.33,16842.1,0.914557,15846.9,-0.152819,-0.042772,-0.08025,555.372,0.05,0.569157,0.231232
