tmp.site,tmp.area,Lb,X1,Wb,POR,ALPHA,BETA,Ks,Kb,Kz,Qthresh,Rs,Rb1,Rb2,Prec,Frac4Rise,Error,BFF
06660000,2.77388e+09,7431.94,0.20261,707.23,0.15,0.02072,1,418.056,19.1852,1.08913,234871,-0.111572,-0.052494,-0.053203,685.04,0.05,0.506393,0.480975
