tmp.site,tmp.area,Lb,X1,Wb,POR,ALPHA,BETA,Ks,Kb,Kz,Qthresh,Rs,Rb1,Rb2,Prec,Frac4Rise,Error,BFF
11318500,1.94508e+08,35855.2,100,376.346,0.15,0.021951,1,391.305,16926.9,0.948959,24465.7,-0.143841,-0.032279,-0.034054,154.134,0.05,0.439062,0.455231
