tmp.site,tmp.area,Lb,X1,Wb,POR,ALPHA,BETA,Ks,Kb,Kz,Qthresh,Rs,Rb1,Rb2,Prec,Frac4Rise,Error,BFF
02310280,3.88498e+08,16585.4,169.015,65.1407,0.15,0.095222,0.9,1133.06,24715,0.934955,4495.33,-0.109286,-0.057483,-0.118934,24.4657,0.05,2.25004,0.193744
