tmp.site,tmp.area,Lb,X1,Wb,POR,ALPHA,BETA,Ks,Kb,Kz,Qthresh,Rs,Rb1,Rb2,Prec,Frac4Rise,Error,BFF
07124000,3.68944e+10,754.788,74.6945,5016.28,0.15,0.010056,0.9,9267.64,648.054,0.846887,22019.1,-0.131466,-0.071041,-0.081857,1419.01,0.05,0.628235,0.21313
