tmp.site,tmp.area,Lb,X1,Wb,POR,ALPHA,BETA,Ks,Kb,Kz,Qthresh,Rs,Rb1,Rb2,Prec,Frac4Rise,Error,BFF
05588000,9.50526e+07,8382.08,62.0864,316.981,0.15,0.011416,1,1653.27,19470.8,0.963606,70461.3,-0.346574,-0.118085,-0.139768,24.4657,0.05,4.85349,0.213445
