tmp.site,tmp.area,Lb,X1,Wb,POR,ALPHA,BETA,Ks,Kb,Kz,Qthresh,Rs,Rb1,Rb2,Prec,Frac4Rise,Error,BFF
11466800,6.50087e+08,10669.9,100,646.574,0.15,0.013754,1,2336.34,7012.31,1.01458,36698.6,-0.101266,-0.079423,-0.062201,24.4657,0.05,1.72341,0.145597
