tmp.site,tmp.area,Lb,X1,Wb,POR,ALPHA,BETA,Ks,Kb,Kz,Qthresh,Rs,Rb1,Rb2,Prec,Frac4Rise,Error,BFF
03336900,3.47058e+08,10376.7,100,607.6,0.15,0.011634,1,1558.77,9535.15,0.959296,9786.29,-0.279808,-0.080096,-0.044569,1079.97,0.05,0.370533,0.342921
