tmp.site,tmp.area,Lb,X1,Wb,POR,ALPHA,BETA,Ks,Kb,Kz,Qthresh,Rs,Rb1,Rb2,Prec,Frac4Rise,Error,BFF
07375800,2.32322e+08,19261.8,6331.52,752.584,0.15,0.00342,10.1,1759.17,74.3278,1.10289,82694.1,-0.202733,-0.139606,-0.027157,6825.93,0.05,0.229518,0.318838
