tmp.site,tmp.area,Lb,X1,Wb,POR,ALPHA,BETA,Ks,Kb,Kz,Qthresh,Rs,Rb1,Rb2,Prec,Frac4Rise,Error,BFF
12363000,1.1585e+10,10475,100,12092.2,0.15,0.007536,1,1284.86,1084.53,1.43962,9.54163e+06,-0.024392,-0.028983,-0.034738,284610,0.05,0.434402,0.383416
