tmp.site,tmp.area,Lb,X1,Wb,POR,ALPHA,BETA,Ks,Kb,Kz,Qthresh,Rs,Rb1,Rb2,Prec,Frac4Rise,Error,BFF
07337900,8.28796e+08,3880.71,266.822,2217.96,0.15,0.011718,1,7555.5,27095.9,0.737394,46484.9,-0.202733,-0.117376,-0.095725,24.4657,0.05,0.800359,0.276238
