tmp.site,tmp.area,Lb,X1,Wb,POR,ALPHA,BETA,Ks,Kb,Kz,Qthresh,Rs,Rb1,Rb2,Prec,Frac4Rise,Error,BFF
05449500,1.1111e+09,20710.9,0.495245,803.168,0.15,0.009838,1.5,1558.28,44.2203,1.38865,13211.5,-0.128358,-0.056443,-0.034683,1467.94,0.05,0.393845,0.412195
