tmp.site,tmp.area,Lb,X1,Wb,POR,ALPHA,BETA,Ks,Kb,Kz,Qthresh,Rs,Rb1,Rb2,Prec,Frac4Rise,Error,BFF
06807000,1.0619e+12,94359.9,17.6495,26693.2,0.15,0.006691,0.9,28109.9,3311.58,0.955574,9.68842e+07,-0.062701,-0.020937,-0.029712,1.83493e+06,0.05,0.379088,0.654052
