tmp.site,tmp.area,Lb,X1,Wb,POR,ALPHA,BETA,Ks,Kb,Kz,Qthresh,Rs,Rb1,Rb2,Prec,Frac4Rise,Error,BFF
03076600,1.2665e+08,11551.7,3237.47,548.633,0.15,0.015567,2.5,970.547,94836.2,2.71899,7584.37,-0.183384,-0.075204,-0.045905,823.858,0.05,0.375888,0.384104
