tmp.site,tmp.area,Lb,X1,Wb,POR,ALPHA,BETA,Ks,Kb,Kz,Qthresh,Rs,Rb1,Rb2,Prec,Frac4Rise,Error,BFF
07277700,3.13389e+08,2784.4,673.652,1991.39,0.15,0.003191,2.9,0.245359,50.0825,0.782743,102668,-0.419514,-0.199578,-0.034114,6361.09,0.05,0.293253,0.212287
