tmp.site,tmp.area,Lb,X1,Wb,POR,ALPHA,BETA,Ks,Kb,Kz,Qthresh,Rs,Rb1,Rb2,Prec,Frac4Rise,Error,BFF
07025400,9.63476e+08,4493.07,100,1690.14,0.15,0.006414,1,1272.46,1013.39,1.36849,508887,-0.266148,-0.138102,-0.047876,17126,0.05,0.356758,0.247371
