tmp.site,tmp.area,Lb,X1,Wb,POR,ALPHA,BETA,Ks,Kb,Kz,Qthresh,Rs,Rb1,Rb2,Prec,Frac4Rise,Error,BFF
11294500,4.29938e+08,15903,100,795.502,0.15,0.008577,1,432.569,10687.5,0.959555,452616,-0.074959,-0.041599,-0.037141,3914.51,0.05,0.433996,0.370125
