tmp.site,tmp.area,Lb,X1,Wb,POR,ALPHA,BETA,Ks,Kb,Kz,Qthresh,Rs,Rb1,Rb2,Prec,Frac4Rise,Error,BFF
01421000,2.03055e+09,12634.4,1.82624,2191.83,0.15,0.009611,2.7,3927.83,34.8077,1.03441,384112,-0.162277,-0.067412,-0.038506,30337.5,0.05,0.322262,0.493132
