tmp.site,tmp.area,Lb,X1,Wb,POR,ALPHA,BETA,Ks,Kb,Kz,Qthresh,Rs,Rb1,Rb2,Prec,Frac4Rise,Error,BFF
02264495,4.66198e+08,25110.1,51.7038,686.779,0.15,0.015006,1,606.299,14292,1.07387,215298,-0.09484,-0.048239,-0.050251,1883.86,0.05,0.382174,0.569526
