tmp.site,tmp.area,Lb,X1,Wb,POR,ALPHA,BETA,Ks,Kb,Kz,Qthresh,Rs,Rb1,Rb2,Prec,Frac4Rise,Error,BFF
07043500,1.16549e+09,5154.27,38.3411,1572.85,0.15,0.007867,4.1,2834.92,37.5388,1.20086,198172,-0.148017,-0.104605,-0.050245,8250.08,0.05,0.376349,0.268201
