tmp.site,tmp.area,Lb,X1,Wb,POR,ALPHA,BETA,Ks,Kb,Kz,Qthresh,Rs,Rb1,Rb2,Prec,Frac4Rise,Error,BFF
02231600,6.42317e+08,11391.7,100,914.363,0.15,0.024203,1,865.496,16748.7,0.9799,501547,-0.079964,-0.063978,-0.098221,24.4657,0.05,8.99977,0.424658
