tmp.site,tmp.area,Lb,X1,Wb,POR,ALPHA,BETA,Ks,Kb,Kz,Qthresh,Rs,Rb1,Rb2,Prec,Frac4Rise,Error,BFF
07228000,5.92227e+10,2.20494e+06,0.000854,91.4256,0.15,0.001171,0.9,77564.1,0.055342,0.879664,192056,-0.125657,-0.051897,-0.213607,24.4657,0.05,166.293,0.167903
