tmp.site,tmp.area,Lb,X1,Wb,POR,ALPHA,BETA,Ks,Kb,Kz,Qthresh,Rs,Rb1,Rb2,Prec,Frac4Rise,Error,BFF
14165500,3.46281e+09,13119.7,100,6988.54,0.15,0.00981,1,1080.91,1456.57,2.11723,4.91761e+06,-0.082988,-0.035944,-0.009573,396345,0.05,0.232172,0.56619
