tmp.site,tmp.area,Lb,X1,Wb,POR,ALPHA,BETA,Ks,Kb,Kz,Qthresh,Rs,Rb1,Rb2,Prec,Frac4Rise,Error,BFF
06899500,4.45478e+09,24613,30.841,1258.04,0.15,0.006257,1.4,8785.15,7044.98,0.972699,101031,-0.202733,-0.112703,-0.062471,2201.91,0.05,0.504134,0.228341
