tmp.site,tmp.area,Lb,X1,Wb,POR,ALPHA,BETA,Ks,Kb,Kz,Qthresh,Rs,Rb1,Rb2,Prec,Frac4Rise,Error,BFF
103087891,1.42449e+06,675.198,83.5559,434.082,0.15,0.009842,0.8,61.3748,49.7714,0.022246,513.78,-0.202733,-0.01041,-0.014612,24.4657,0.05,0.278633,0.682519
