tmp.site,tmp.area,Lb,X1,Wb,POR,ALPHA,BETA,Ks,Kb,Kz,Qthresh,Rs,Rb1,Rb2,Prec,Frac4Rise,Error,BFF
02455000,7.84766e+08,8725.11,100,1677.28,0.15,0.01163,1,5608.66,16489.6,0.884301,68504,-0.235002,-0.084947,-0.060843,1541.34,0.05,0.431465,0.391582
