tmp.site,tmp.area,Lb,X1,Wb,POR,ALPHA,BETA,Ks,Kb,Kz,Qthresh,Rs,Rb1,Rb2,Prec,Frac4Rise,Error,BFF
033521504,2.66769e+07,11864.1,100,117.478,0.15,0.038689,1,430.525,23648.3,0.966175,293.589,-0.355726,-0.101185,-0.12282,31.8054,0.05,0.498453,0.279855
