tmp.site,tmp.area,Lb,X1,Wb,POR,ALPHA,BETA,Ks,Kb,Kz,Qthresh,Rs,Rb1,Rb2,Prec,Frac4Rise,Error,BFF
06211000,3.67778e+08,29319.5,177.456,471.887,0.15,0.020785,0.9,273.639,56700.8,1.00529,137008,-0.100883,-0.032474,-0.046547,1419.01,0.05,0.367867,0.639282
