tmp.site,tmp.area,Lb,X1,Wb,POR,ALPHA,BETA,Ks,Kb,Kz,Qthresh,Rs,Rb1,Rb2,Prec,Frac4Rise,Error,BFF
07197360,2.33617e+08,16315.9,100,464.821,0.15,0.010111,1,331.147,11904.8,0.928288,34496.7,-0.12474,-0.06912,-0.02865,1421.58,0.05,0.333668,0.345589
