tmp.site,tmp.area,Lb,X1,Wb,POR,ALPHA,BETA,Ks,Kb,Kz,Qthresh,Rs,Rb1,Rb2,Prec,Frac4Rise,Error,BFF
04037500,1.31312e+08,405544,0.191274,59.8606,0.15,0.010822,0.9,79.3951,2.40638,1.03404,110340,-0.014085,-0.048084,-0.21633,44.0383,0.05,17.4443,0.37317
