tmp.site,tmp.area,Lb,X1,Wb,POR,ALPHA,BETA,Ks,Kb,Kz,Qthresh,Rs,Rb1,Rb2,Prec,Frac4Rise,Error,BFF
05568500,4.09684e+10,24521.6,9.77396,23952.5,0.15,0.009219,0.9,3896.93,3848.57,1.2805,1.14255e+07,-0.040147,-0.029059,-0.043989,788310,0.05,0.281412,0.849891
