tmp.site,tmp.area,Lb,X1,Wb,POR,ALPHA,BETA,Ks,Kb,Kz,Qthresh,Rs,Rb1,Rb2,Prec,Frac4Rise,Error,BFF
01451500,2.09271e+08,9247.74,100,676.913,0.15,0.016545,1,208.241,2388.75,0.916642,117435,-0.314014,-0.029407,-0.014884,7095.06,0.05,0.203418,0.642166
