tmp.site,tmp.area,Lb,X1,Wb,POR,ALPHA,BETA,Ks,Kb,Kz,Qthresh,Rs,Rb1,Rb2,Prec,Frac4Rise,Error,BFF
11355010,9.74095e+09,924.865,100,580565,0.15,8.6e-05,1,0.0824,146.319,0.929147,2.83802e+06,-0.058892,-0.022447,-0.013315,212747,0.05,0.171058,0.846201
