tmp.site,tmp.area,Lb,X1,Wb,POR,ALPHA,BETA,Ks,Kb,Kz,Qthresh,Rs,Rb1,Rb2,Prec,Frac4Rise,Error,BFF
06784000,6.00877e+09,101760,2.93204,397.442,0.15,0.004727,0.9,387.257,1118.95,1.00844,535799,-0.080681,-0.036047,-0.041057,9052.31,0.05,0.425275,0.509542
