tmp.site,tmp.area,Lb,X1,Wb,POR,ALPHA,BETA,Ks,Kb,Kz,Qthresh,Rs,Rb1,Rb2,Prec,Frac4Rise,Error,BFF
11151870,2.92669e+08,25452.7,100,553.952,0.15,0.017803,1,975.341,10863.5,0.883518,63610.9,-0.171778,-0.046729,-0.046733,24.4657,0.05,4.73793,0.306292
