tmp.site,tmp.area,Lb,X1,Wb,POR,ALPHA,BETA,Ks,Kb,Kz,Qthresh,Rs,Rb1,Rb2,Prec,Frac4Rise,Error,BFF
02203557,8.36566e+07,12975.9,100,183.711,0.15,0.020851,1,415.141,31209.6,0.90448,8954.45,-0.20448,-0.09939,-0.156532,7.11952,0.05,4.22252,0.313749
