tmp.site,tmp.area,Lb,X1,Wb,POR,ALPHA,BETA,Ks,Kb,Kz,Qthresh,Rs,Rb1,Rb2,Prec,Frac4Rise,Error,BFF
11046360,8.18436e+07,3916.29,1.363,16.9261,0.15,0.002358,0.9,4342.87,0.470716,1.0249,6466.04,-0.603148,-0.098812,-0.119446,24.4657,0.05,0.194566,6.5e-05
