tmp.site,tmp.area,Lb,X1,Wb,POR,ALPHA,BETA,Ks,Kb,Kz,Qthresh,Rs,Rb1,Rb2,Prec,Frac4Rise,Error,BFF
06130000,4.80443e+09,8848.79,100,778.113,0.15,0.013134,1,784.033,10280.1,0.869205,18104.6,-0.077075,-0.056893,-0.0934,24.4657,0.05,27.7667,0.355371
