tmp.site,tmp.area,Lb,X1,Wb,POR,ALPHA,BETA,Ks,Kb,Kz,Qthresh,Rs,Rb1,Rb2,Prec,Frac4Rise,Error,BFF
08063460,1.89069e+09,15910.2,100,609.345,0.15,0.043579,1,2426.29,39150,0.990161,43478,-0.086235,-0.097853,-0.233555,24.4657,0.05,20.8366,0.240517
