tmp.site,tmp.area,Lb,X1,Wb,POR,ALPHA,BETA,Ks,Kb,Kz,Qthresh,Rs,Rb1,Rb2,Prec,Frac4Rise,Error,BFF
02344424,3.23749e+07,7692.63,168.448,289.101,0.15,0.009853,1,32.9703,135.577,0.013296,9884.15,-0.047008,-0.064289,-0.065576,90.5231,0.05,0.606123,0.253015
