tmp.site,tmp.area,Lb,X1,Wb,POR,ALPHA,BETA,Ks,Kb,Kz,Qthresh,Rs,Rb1,Rb2,Prec,Frac4Rise,Error,BFF
01172010,2.15798e+10,22166.5,0.12746,6609.66,0.15,0.013443,1,11466.5,30.9342,3.43316,8.17155e+06,-0.124789,-0.046676,-0.050917,464849,0.05,0.268685,0.574988
