tmp.site,tmp.area,Lb,X1,Wb,POR,ALPHA,BETA,Ks,Kb,Kz,Qthresh,Rs,Rb1,Rb2,Prec,Frac4Rise,Error,BFF
02487900,1.22765e+08,3671.01,1373.8,637.692,0.15,0.007097,2.9,730.166,1515.98,0.853271,22019.1,-0.193083,-0.145619,-0.066116,1449.1,0.05,0.369514,0.181228
