tmp.site,tmp.area,Lb,X1,Wb,POR,ALPHA,BETA,Ks,Kb,Kz,Qthresh,Rs,Rb1,Rb2,Prec,Frac4Rise,Error,BFF
01104405,5.59437e+06,3844.01,100,151.439,0.15,0.035321,1,186.198,9335.36,0.297687,3376.27,-0.244774,-0.060131,-0.122974,24.4657,0.05,0.610341,0.444837
