tmp.site,tmp.area,Lb,X1,Wb,POR,ALPHA,BETA,Ks,Kb,Kz,Qthresh,Rs,Rb1,Rb2,Prec,Frac4Rise,Error,BFF
04105700,1.00751e+08,89081.6,127.061,181.193,0.15,0.009185,1.6,34.4731,24918.4,0.759811,83672.7,-0.095634,-0.026792,-0.023678,4403.83,0.05,0.188763,0.723717
