tmp.site,tmp.area,Lb,X1,Wb,POR,ALPHA,BETA,Ks,Kb,Kz,Qthresh,Rs,Rb1,Rb2,Prec,Frac4Rise,Error,BFF
13345000,8.21026e+08,45852.1,118.999,593.607,0.15,0.009639,1.2,1943.19,52899.1,1.63113,14679.4,-0.179285,-0.062279,-0.041719,417.385,0.05,0.377828,0.414194
