tmp.site,tmp.area,Lb,X1,Wb,POR,ALPHA,BETA,Ks,Kb,Kz,Qthresh,Rs,Rb1,Rb2,Prec,Frac4Rise,Error,BFF
06847000,5.38718e+09,20975.6,100,107.139,0.15,0.026808,1,2272.02,8356.1,0.874382,7095.06,-0.143841,-0.073638,-0.070931,24.4657,0.05,6.57326,0.135155
