tmp.site,tmp.area,Lb,X1,Wb,POR,ALPHA,BETA,Ks,Kb,Kz,Qthresh,Rs,Rb1,Rb2,Prec,Frac4Rise,Error,BFF
09349800,1.69126e+09,8365.16,100,1304.64,0.15,0.010129,1,1004.52,7378.85,1.02607,134561,-0.095023,-0.040074,-0.038046,5382.46,0.05,0.33356,0.485216
