tmp.site,tmp.area,Lb,X1,Wb,POR,ALPHA,BETA,Ks,Kb,Kz,Qthresh,Rs,Rb1,Rb2,Prec,Frac4Rise,Error,BFF
02013000,4.19578e+08,10538.3,1088.77,663.179,0.15,0.010753,10.1,1371.22,3515.52,1.25717,53824.6,-0.151593,-0.097641,-0.032824,2935.89,0.05,0.36527,0.333663
