tmp.site,tmp.area,Lb,X1,Wb,POR,ALPHA,BETA,Ks,Kb,Kz,Qthresh,Rs,Rb1,Rb2,Prec,Frac4Rise,Error,BFF
10020100,1.95544e+09,9256.22,100,1388.39,0.15,0.017602,1,1461.48,17541.1,0.958634,286249,-0.132983,-0.05343,-0.078389,293.589,0.05,0.570226,0.568625
