tmp.site,tmp.area,Lb,X1,Wb,POR,ALPHA,BETA,Ks,Kb,Kz,Qthresh,Rs,Rb1,Rb2,Prec,Frac4Rise,Error,BFF
05453000,4.89508e+08,14081.8,100,653.091,0.15,0.011522,1,1562.94,13558.9,0.883663,11498.9,-0.244659,-0.055429,-0.05498,171.26,0.05,0.547771,0.365206
