tmp.site,tmp.area,Lb,X1,Wb,POR,ALPHA,BETA,Ks,Kb,Kz,Qthresh,Rs,Rb1,Rb2,Prec,Frac4Rise,Error,BFF
05426250,3.15979e+08,78247,119.28,295.354,0.15,0.017868,0.9,88.3165,43691.3,0.879913,149241,-0.05268,-0.026661,-0.036576,2935.89,0.05,0.322074,0.677328
