tmp.site,tmp.area,Lb,X1,Wb,POR,ALPHA,BETA,Ks,Kb,Kz,Qthresh,Rs,Rb1,Rb2,Prec,Frac4Rise,Error,BFF
06803513,1.95026e+09,27277,13839,1064.98,0.15,0.002982,6.3,73.3086,12958.4,0.734798,190343,-0.14974,-0.071743,-0.032513,14654,0.05,0.311134,0.364116
