tmp.site,tmp.area,Lb,X1,Wb,POR,ALPHA,BETA,Ks,Kb,Kz,Qthresh,Rs,Rb1,Rb2,Prec,Frac4Rise,Error,BFF
08402000,4.6568e+10,31536.7,0.385413,780.82,0.15,0.009311,0.9,15456.9,16.2968,1.0819,110096,-0.017293,-0.045686,-0.107278,24.4657,0.05,66.7358,0.1936
