tmp.site,tmp.area,Lb,X1,Wb,POR,ALPHA,BETA,Ks,Kb,Kz,Qthresh,Rs,Rb1,Rb2,Prec,Frac4Rise,Error,BFF
13140335,1.80004e+09,9056.78,189.058,2161.97,0.15,0.007582,1.1,173.153,7686.67,0.929957,271569,-0.039195,-0.023552,-0.020531,9275.93,0.05,0.271421,0.644024
