tmp.site,tmp.area,Lb,X1,Wb,POR,ALPHA,BETA,Ks,Kb,Kz,Qthresh,Rs,Rb1,Rb2,Prec,Frac4Rise,Error,BFF
02274010,1.17585e+08,14169.3,39.3577,215.56,0.15,0.01997,1,353.342,8940.71,1.16674,12086.1,-0.145544,-0.084202,-0.098837,24.4657,0.05,2.25655,0.30892
