tmp.site,tmp.area,Lb,X1,Wb,POR,ALPHA,BETA,Ks,Kb,Kz,Qthresh,Rs,Rb1,Rb2,Prec,Frac4Rise,Error,BFF
01188090,9.79016e+08,25474.5,180.955,1209.03,0.15,0.009457,1.3,1560.86,16333.3,1.74238,264230,-0.124928,-0.045272,-0.036409,24955,0.05,0.276943,0.581859
