tmp.site,tmp.area,Lb,X1,Wb,POR,ALPHA,BETA,Ks,Kb,Kz,Qthresh,Rs,Rb1,Rb2,Prec,Frac4Rise,Error,BFF
0158397967,5.33538e+06,7531.69,100,60.638,0.15,0.02247,1,383.785,4432.34,0.456144,2152.98,-0.673896,-0.092572,-0.086308,41.5917,0.05,0.439687,0.243374
