tmp.site,tmp.area,Lb,X1,Wb,POR,ALPHA,BETA,Ks,Kb,Kz,Qthresh,Rs,Rb1,Rb2,Prec,Frac4Rise,Error,BFF
11532500,1.59025e+09,10741,100,2968.41,0.15,0.008614,1,4569.71,3023.12,3.64916,516227,-0.22427,-0.070612,-0.010282,47952.8,0.05,0.350679,0.261848
