tmp.site,tmp.area,Lb,X1,Wb,POR,ALPHA,BETA,Ks,Kb,Kz,Qthresh,Rs,Rb1,Rb2,Prec,Frac4Rise,Error,BFF
03373508,1.60838e+08,5055.77,100,281.867,0.15,0.012602,1,1267.7,11193.4,0.908337,1883.86,-0.234784,-0.124713,-0.104889,24.4657,0.05,0.669946,0.144808
