tmp.site,tmp.area,Lb,X1,Wb,POR,ALPHA,BETA,Ks,Kb,Kz,Qthresh,Rs,Rb1,Rb2,Prec,Frac4Rise,Error,BFF
03216500,1.036e+09,12308,0.217815,971.318,0.15,0.012766,1.2,3021.85,47.5036,0.782141,130647,-0.127055,-0.104055,-0.076441,1296.68,0.05,0.496967,0.341595
