tmp.site,tmp.area,Lb,X1,Wb,POR,ALPHA,BETA,Ks,Kb,Kz,Qthresh,Rs,Rb1,Rb2,Prec,Frac4Rise,Error,BFF
08061480,1.73529e+07,9133.56,107.678,314.884,0.15,0.038133,0.9,379.225,13416.4,0.615766,7487.73,-0.22159,-0.072398,-0.152842,18.4961,0.05,1.64282,0.456198
