tmp.site,tmp.area,Lb,X1,Wb,POR,ALPHA,BETA,Ks,Kb,Kz,Qthresh,Rs,Rb1,Rb2,Prec,Frac4Rise,Error,BFF
10295000,3.18569e+09,44808.3,18.8299,955.844,0.15,0.009369,0.9,1067.93,4731.32,0.99354,48931.4,-0.091721,-0.037833,-0.077933,173.707,0.05,1.86847,0.590719
