tmp.site,tmp.area,Lb,X1,Wb,POR,ALPHA,BETA,Ks,Kb,Kz,Qthresh,Rs,Rb1,Rb2,Prec,Frac4Rise,Error,BFF
02185200,1.86479e+08,35590.2,100,584.785,0.15,0.011178,1,929.738,10597.2,0.905778,185939,-0.269137,-0.034961,-0.030184,6361.09,0.05,0.269407,0.56134
