tmp.site,tmp.area,Lb,X1,Wb,POR,ALPHA,BETA,Ks,Kb,Kz,Qthresh,Rs,Rb1,Rb2,Prec,Frac4Rise,Error,BFF
01119384,2.53819e+08,10484.8,100,779.451,0.15,0.014566,1,1659.76,12259.6,0.923114,110830,-0.288538,-0.058513,-0.043851,1986.2,0.05,0.382588,0.437028
