tmp.site,tmp.area,Lb,X1,Wb,POR,ALPHA,BETA,Ks,Kb,Kz,Qthresh,Rs,Rb1,Rb2,Prec,Frac4Rise,Error,BFF
09417500,7.58867e+08,2.14021e+07,100,31.6867,0.15,0.044213,1,265.346,474.648,1.01673,11254.2,-0.077075,-0.039122,-0.0271,415.917,0.05,0.388919,0.349109
