tmp.site,tmp.area,Lb,X1,Wb,POR,ALPHA,BETA,Ks,Kb,Kz,Qthresh,Rs,Rb1,Rb2,Prec,Frac4Rise,Error,BFF
07249400,3.80728e+08,6975.19,100,690.545,0.15,0.014401,1,2086.06,15320.2,1.01565,10030.9,-0.222983,-0.104613,-0.099762,24.4657,0.05,1.01431,0.244745
