tmp.site,tmp.area,Lb,X1,Wb,POR,ALPHA,BETA,Ks,Kb,Kz,Qthresh,Rs,Rb1,Rb2,Prec,Frac4Rise,Error,BFF
08398500,2.74539e+09,7368.35,100,29.7413,0.15,0.002346,1,23659.3,53.8001,0.960584,220.191,-0.549306,-0.27426,-0.2612,24.4657,0.05,0.191216,2.5e-05
