tmp.site,tmp.area,Lb,X1,Wb,POR,ALPHA,BETA,Ks,Kb,Kz,Qthresh,Rs,Rb1,Rb2,Prec,Frac4Rise,Error,BFF
01385500,2.64179e+06,5893.42,49.7392,96.8815,0.15,0.021744,0.9,114.089,3645.74,0.26564,489.314,-0.167398,-0.066662,-0.124073,24.4657,0.05,1.01927,0.478538
