tmp.site,tmp.area,Lb,X1,Wb,POR,ALPHA,BETA,Ks,Kb,Kz,Qthresh,Rs,Rb1,Rb2,Prec,Frac4Rise,Error,BFF
06207800,7.25197e+07,93610.2,2.80178,747.705,0.15,0.037745,0.7,15.7399,18.2431,0.044925,68504,-0.143841,-0.002944,-0.004554,5627.11,0.05,0.094917,0.90102
