tmp.site,tmp.area,Lb,X1,Wb,POR,ALPHA,BETA,Ks,Kb,Kz,Qthresh,Rs,Rb1,Rb2,Prec,Frac4Rise,Error,BFF
05564400,1.26909e+08,22705.8,100,181.75,0.15,0.040644,1,1158.87,21879.4,0.92657,39389.8,-0.228917,-0.065306,-0.107404,24.4657,0.05,2.2433,0.248325
