tmp.site,tmp.area,Lb,X1,Wb,POR,ALPHA,BETA,Ks,Kb,Kz,Qthresh,Rs,Rb1,Rb2,Prec,Frac4Rise,Error,BFF
01403535,4.06628e+06,7613.63,11.3872,64.9912,0.15,0.013962,1,220.081,1024.08,0.333177,1712.6,-0.331583,-0.081542,-0.087681,24.4657,0.05,0.655931,0.245142
