tmp.site,tmp.area,Lb,X1,Wb,POR,ALPHA,BETA,Ks,Kb,Kz,Qthresh,Rs,Rb1,Rb2,Prec,Frac4Rise,Error,BFF
02471500,4.42888e+08,15660.3,20.1158,472.864,0.15,0.007147,1.2,1467.84,3175.6,1.1613,73397.1,-0.112374,-0.110636,-0.078746,3914.51,0.05,0.412516,0.180037
