tmp.site,tmp.area,Lb,X1,Wb,POR,ALPHA,BETA,Ks,Kb,Kz,Qthresh,Rs,Rb1,Rb2,Prec,Frac4Rise,Error,BFF
06721000,1.30613e+10,15663.2,100,1110.17,0.15,0.008359,1,1828.85,13235.4,0.888695,1.01288e+06,-0.10137,-0.043245,-0.053302,8318.34,0.05,0.44253,0.462041
