tmp.site,tmp.area,Lb,X1,Wb,POR,ALPHA,BETA,Ks,Kb,Kz,Qthresh,Rs,Rb1,Rb2,Prec,Frac4Rise,Error,BFF
09405500,8.90956e+08,8474.23,419.27,522.843,0.15,0.012733,3,511.43,23.748,0.3839,139455,-0.091161,-0.028157,-0.018964,6605.74,0.05,0.317864,0.363958
