tmp.site,tmp.area,Lb,X1,Wb,POR,ALPHA,BETA,Ks,Kb,Kz,Qthresh,Rs,Rb1,Rb2,Prec,Frac4Rise,Error,BFF
03605078,7.07067e+07,16755.7,100,172.446,0.15,0.018431,1,399.901,36505.3,0.963441,2691.23,-0.357038,-0.068976,-0.097039,24.4657,0.05,0.5782,0.426656
