tmp.site,tmp.area,Lb,X1,Wb,POR,ALPHA,BETA,Ks,Kb,Kz,Qthresh,Rs,Rb1,Rb2,Prec,Frac4Rise,Error,BFF
01204000,1.94508e+08,23907.5,100,548.078,0.15,0.013075,1,1413.72,30361.6,0.907864,23976.4,-0.335969,-0.058683,-0.047341,1614.74,0.05,0.352362,0.471895
