tmp.site,tmp.area,Lb,X1,Wb,POR,ALPHA,BETA,Ks,Kb,Kz,Qthresh,Rs,Rb1,Rb2,Prec,Frac4Rise,Error,BFF
07341000,3.21159e+08,11429.8,100,579.792,0.15,0.021096,1,1548.66,28561.4,0.8582,95416.3,-0.046928,-0.115103,-0.097859,24.4657,0.05,0.716838,0.250702
