tmp.site,tmp.area,Lb,X1,Wb,POR,ALPHA,BETA,Ks,Kb,Kz,Qthresh,Rs,Rb1,Rb2,Prec,Frac4Rise,Error,BFF
02314500,2.92669e+09,18257.4,100,6458.63,0.15,0.024245,1,2417.58,14233.5,0.894228,232424,-0.066766,-0.031552,-0.049457,195.726,0.05,0.694979,0.614664
