tmp.site,tmp.area,Lb,X1,Wb,POR,ALPHA,BETA,Ks,Kb,Kz,Qthresh,Rs,Rb1,Rb2,Prec,Frac4Rise,Error,BFF
05315000,6.70807e+08,28622.4,35.7732,380.644,0.15,0.014956,1,549.743,7251,1.43006,23976.4,-0.11031,-0.04516,-0.056104,24.4657,0.05,2.39904,0.332314
