tmp.site,tmp.area,Lb,X1,Wb,POR,ALPHA,BETA,Ks,Kb,Kz,Qthresh,Rs,Rb1,Rb2,Prec,Frac4Rise,Error,BFF
11491950,5.59437e+07,8070.99,113.673,381.651,0.15,0.011137,1,102.882,1590.74,0.335076,9941.64,-0.033,-0.017995,-0.017803,904.889,0.05,0.346972,0.53551
