tmp.site,tmp.area,Lb,X1,Wb,POR,ALPHA,BETA,Ks,Kb,Kz,Qthresh,Rs,Rb1,Rb2,Prec,Frac4Rise,Error,BFF
01158110,2.97849e+08,11954.6,100,570.857,0.15,0.015371,1,376.708,21061.2,1.01149,271569,-0.052731,-0.062384,-0.057685,1641.65,0.05,0.360504,0.48232
