tmp.site,tmp.area,Lb,X1,Wb,POR,ALPHA,BETA,Ks,Kb,Kz,Qthresh,Rs,Rb1,Rb2,Prec,Frac4Rise,Error,BFF
03298000,3.57418e+08,4816.28,100,1031.54,0.15,0.015068,1,4122.36,17136.3,0.908287,467295,-0.309285,-0.111268,-0.162767,24.4657,0.05,1.71606,0.264653
