tmp.site,tmp.area,Lb,X1,Wb,POR,ALPHA,BETA,Ks,Kb,Kz,Qthresh,Rs,Rb1,Rb2,Prec,Frac4Rise,Error,BFF
03237500,1.00233e+09,2811.79,100,2424.32,0.15,0.01411,1,10700.9,7379.74,1.05119,29358.9,-0.315811,-0.124806,-0.111976,120.689,0.05,0.539039,0.251897
