tmp.site,tmp.area,Lb,X1,Wb,POR,ALPHA,BETA,Ks,Kb,Kz,Qthresh,Rs,Rb1,Rb2,Prec,Frac4Rise,Error,BFF
01589500,1.28722e+07,10085.1,45.4325,196.107,0.15,0.015159,0.9,325.443,1205.73,0.202913,12477.5,-0.423649,-0.029115,-0.061998,24.4657,0.05,0.686157,0.538302
