tmp.site,tmp.area,Lb,X1,Wb,POR,ALPHA,BETA,Ks,Kb,Kz,Qthresh,Rs,Rb1,Rb2,Prec,Frac4Rise,Error,BFF
02374700,1.12664e+09,18994.4,2103,1202.5,0.15,0.007775,10,2806.44,2131.26,1.09279,330287,-0.16626,-0.064309,-0.037782,26469.5,0.05,0.307402,0.435327
