tmp.site,tmp.area,Lb,X1,Wb,POR,ALPHA,BETA,Ks,Kb,Kz,Qthresh,Rs,Rb1,Rb2,Prec,Frac4Rise,Error,BFF
11403530,8.15846e+07,51199.8,100,335.283,0.15,0.005286,1,1.2259,1690.59,0.197025,29358.9,-0.018941,-0.017468,-0.004235,342.52,0.05,1.05682,0.235486
