tmp.site,tmp.area,Lb,X1,Wb,POR,ALPHA,BETA,Ks,Kb,Kz,Qthresh,Rs,Rb1,Rb2,Prec,Frac4Rise,Error,BFF
09519000,1.28593e+11,333907,47.7848,41.1389,0.15,0.01354,0.9,12725.6,150.634,0.025861,24441.2,-0.066766,-0.022942,-0.059709,24.4657,0.05,83.9959,0.678738
