tmp.site,tmp.area,Lb,X1,Wb,POR,ALPHA,BETA,Ks,Kb,Kz,Qthresh,Rs,Rb1,Rb2,Prec,Frac4Rise,Error,BFF
04201484,1.56176e+08,6372.33,0.16284,527.258,0.15,0.011298,1.1,2479.95,22.1075,1.12052,18260,-0.331277,-0.114675,-0.101461,1885.43,0.05,0.397069,0.290448
