tmp.site,tmp.area,Lb,X1,Wb,POR,ALPHA,BETA,Ks,Kb,Kz,Qthresh,Rs,Rb1,Rb2,Prec,Frac4Rise,Error,BFF
07053250,1.36751e+08,14277.9,78.309,305.895,0.15,0.017493,1,340.835,6485.84,0.914247,34252,-0.142015,-0.059391,-0.059267,731.011,0.05,0.569795,0.339888
