tmp.site,tmp.area,Lb,X1,Wb,POR,ALPHA,BETA,Ks,Kb,Kz,Qthresh,Rs,Rb1,Rb2,Prec,Frac4Rise,Error,BFF
11298000,1.7327e+08,7009.44,3.33034,583.32,0.15,0.003135,1.6,67.3355,141.314,1.29571,16636.7,-0.130952,-0.083739,-0.026805,146.794,0.05,0.945971,0.122431
