tmp.site,tmp.area,Lb,X1,Wb,POR,ALPHA,BETA,Ks,Kb,Kz,Qthresh,Rs,Rb1,Rb2,Prec,Frac4Rise,Error,BFF
09035500,4.24758e+07,23616.3,18.8022,186.366,0.15,0.015452,1,155.611,1912.09,0.650733,1223.29,-0.107956,-0.034913,-0.039328,85.63,0.05,1.5033,0.345925
