tmp.site,tmp.area,Lb,X1,Wb,POR,ALPHA,BETA,Ks,Kb,Kz,Qthresh,Rs,Rb1,Rb2,Prec,Frac4Rise,Error,BFF
02056650,1.44521e+08,25404.9,22.872,246.966,0.15,0.020758,1.1,389.247,5749.11,0.792847,14924.1,-0.307854,-0.058969,-0.053593,788.97,0.05,0.403588,0.392978
