tmp.site,tmp.area,Lb,X1,Wb,POR,ALPHA,BETA,Ks,Kb,Kz,Qthresh,Rs,Rb1,Rb2,Prec,Frac4Rise,Error,BFF
04101800,6.60447e+08,25245.7,7458.2,1106.3,0.15,0.013449,10.1,198.745,3466.87,0.942878,411024,-0.075268,-0.024986,-0.019765,27646.3,0.05,0.170548,0.746933
