tmp.site,tmp.area,Lb,X1,Wb,POR,ALPHA,BETA,Ks,Kb,Kz,Qthresh,Rs,Rb1,Rb2,Prec,Frac4Rise,Error,BFF
07369500,8.00306e+08,9880.14,100,1295.82,0.15,0.040317,1,1004.19,24925.4,1.01313,35719.9,-0.086077,-0.071964,-0.113772,481.975,0.05,0.619279,0.447279
