tmp.site,tmp.area,Lb,X1,Wb,POR,ALPHA,BETA,Ks,Kb,Kz,Qthresh,Rs,Rb1,Rb2,Prec,Frac4Rise,Error,BFF
02213000,5.80157e+09,44083.3,2.04831,1855.82,0.15,0.008838,1.6,6566.65,167.928,1.41686,1.16701e+06,-0.097078,-0.064893,-0.048094,70950.6,0.05,0.316913,0.449213
