tmp.site,tmp.area,Lb,X1,Wb,POR,ALPHA,BETA,Ks,Kb,Kz,Qthresh,Rs,Rb1,Rb2,Prec,Frac4Rise,Error,BFF
09510000,1.59569e+10,28838.1,0.785134,903.013,0.15,0.003012,0.9,15437.2,0.076629,0.60847,467295,-0.046125,-0.048995,-0.107482,978.629,0.05,6.3271,0.162942
