tmp.site,tmp.area,Lb,X1,Wb,POR,ALPHA,BETA,Ks,Kb,Kz,Qthresh,Rs,Rb1,Rb2,Prec,Frac4Rise,Error,BFF
02207160,7.35557e+07,7321.67,100,274.482,0.15,0.014008,1,643.724,11346.9,0.926777,4917.61,-0.283724,-0.093707,-0.086431,442.291,0.05,0.386836,0.34672
