tmp.site,tmp.area,Lb,X1,Wb,POR,ALPHA,BETA,Ks,Kb,Kz,Qthresh,Rs,Rb1,Rb2,Prec,Frac4Rise,Error,BFF
13175100,1.01269e+09,52789,78.0824,339.07,0.15,0.007624,0.9,174.994,14248.3,0.987596,19783.5,-0.058967,-0.037408,-0.057806,951.08,0.05,0.722559,0.463874
