tmp.site,tmp.area,Lb,X1,Wb,POR,ALPHA,BETA,Ks,Kb,Kz,Qthresh,Rs,Rb1,Rb2,Prec,Frac4Rise,Error,BFF
08099382,3.70368e+08,2146.3,220.389,456.522,0.15,0.014318,0.9,787.407,9596,0.963824,23866.8,-0.16647,-0.113894,-0.200228,24.4657,0.05,17.0036,0.107873
