tmp.site,tmp.area,Lb,X1,Wb,POR,ALPHA,BETA,Ks,Kb,Kz,Qthresh,Rs,Rb1,Rb2,Prec,Frac4Rise,Error,BFF
04086600,1.57212e+09,21277.3,203.979,1023.34,0.15,0.009621,1.2,1271.4,26493.5,1.34358,550479,-0.079532,-0.050348,-0.041659,15131.3,0.05,0.33828,0.501076
