tmp.site,tmp.area,Lb,X1,Wb,POR,ALPHA,BETA,Ks,Kb,Kz,Qthresh,Rs,Rb1,Rb2,Prec,Frac4Rise,Error,BFF
05452200,1.8363e+08,17004.1,18.9432,666.535,0.15,0.031806,1,1264.81,2039.4,1.026,29114.2,-0.225993,-0.056712,-0.070007,24.4657,0.05,2.41463,0.321141
