tmp.site,tmp.area,Lb,X1,Wb,POR,ALPHA,BETA,Ks,Kb,Kz,Qthresh,Rs,Rb1,Rb2,Prec,Frac4Rise,Error,BFF
07359610,3.52238e+08,5500.58,100,997.542,0.15,0.008135,1,1903.84,4216.7,0.900687,70705.9,-0.227651,-0.110183,-0.041673,5773.91,0.05,0.38136,0.274585
