tmp.site,tmp.area,Lb,X1,Wb,POR,ALPHA,BETA,Ks,Kb,Kz,Qthresh,Rs,Rb1,Rb2,Prec,Frac4Rise,Error,BFF
02336840,2.53042e+08,8903.83,100,520.418,0.15,0.015195,1,1325.46,12803.3,1.04646,171747,-0.246479,-0.084345,-0.079226,320.648,0.05,0.402877,0.342646
