tmp.site,tmp.area,Lb,X1,Wb,POR,ALPHA,BETA,Ks,Kb,Kz,Qthresh,Rs,Rb1,Rb2,Prec,Frac4Rise,Error,BFF
11460400,8.88366e+07,34204.4,13060.9,168.104,0.15,0.007941,7.7,121.092,4726.89,0.52657,20991.6,-0.085071,-0.0986,-0.015086,1100.96,0.05,0.409571,0.150618
