tmp.site,tmp.area,Lb,X1,Wb,POR,ALPHA,BETA,Ks,Kb,Kz,Qthresh,Rs,Rb1,Rb2,Prec,Frac4Rise,Error,BFF
10260700,2.90079e+07,4990.84,100,141.994,0.15,0.07985,1,712.617,2666.55,0.506945,7829.03,-0.16916,-0.04582,-0.070715,24.4657,0.05,1.56815,0.190453
