tmp.site,tmp.area,Lb,X1,Wb,POR,ALPHA,BETA,Ks,Kb,Kz,Qthresh,Rs,Rb1,Rb2,Prec,Frac4Rise,Error,BFF
02335000,3.03029e+09,34473.6,18.8941,2039.98,0.15,0.007743,0.9,331.466,3403.43,1.08484,2.01108e+06,-0.013476,-0.046779,-0.065512,127222,0.05,0.394169,0.72202
