tmp.site,tmp.area,Lb,X1,Wb,POR,ALPHA,BETA,Ks,Kb,Kz,Qthresh,Rs,Rb1,Rb2,Prec,Frac4Rise,Error,BFF
01097300,3.31518e+07,7398.44,100,288.13,0.15,0.050151,1,220.871,12718.7,0.64443,49665.4,-0.19062,-0.052643,-0.078253,26.9123,0.05,0.481375,0.479181
