tmp.site,tmp.area,Lb,X1,Wb,POR,ALPHA,BETA,Ks,Kb,Kz,Qthresh,Rs,Rb1,Rb2,Prec,Frac4Rise,Error,BFF
11440480,2.07199e+06,4700.41,122.145,83.9966,0.15,0.010166,1.2,27.2497,5619.06,0.045526,415.917,-0.148626,-0.026012,-0.017609,24.4657,0.05,0.49926,0.525293
