tmp.site,tmp.area,Lb,X1,Wb,POR,ALPHA,BETA,Ks,Kb,Kz,Qthresh,Rs,Rb1,Rb2,Prec,Frac4Rise,Error,BFF
14316495,7.87356e+07,11889.4,100,346.811,0.15,0.010545,1,499.776,7606.92,0.91712,8807.66,-0.160433,-0.065701,-0.018549,733.971,0.05,0.406788,0.28502
