tmp.site,tmp.area,Lb,X1,Wb,POR,ALPHA,BETA,Ks,Kb,Kz,Qthresh,Rs,Rb1,Rb2,Prec,Frac4Rise,Error,BFF
08261000,5.17998e+08,1370.05,0.097841,952.929,0.15,0.057486,0.9,765.365,6.35932,0.696513,30582.1,-0.185442,-0.085011,-0.176191,24.4657,0.05,25.4147,0.46221
