tmp.site,tmp.area,Lb,X1,Wb,POR,ALPHA,BETA,Ks,Kb,Kz,Qthresh,Rs,Rb1,Rb2,Prec,Frac4Rise,Error,BFF
08188570,1.0707e+10,12224.2,100,1466.75,0.15,0.007208,1,2350.15,5024.47,0.957435,765777,-0.095736,-0.069041,-0.044885,22973.3,0.05,0.403711,0.328258
