tmp.site,tmp.area,Lb,X1,Wb,POR,ALPHA,BETA,Ks,Kb,Kz,Qthresh,Rs,Rb1,Rb2,Prec,Frac4Rise,Error,BFF
04066500,6.60447e+08,77375.6,100,463.806,0.15,0.01177,1,717.835,2513.75,0.888314,233892,-0.101536,-0.031342,-0.01812,18721.2,0.05,0.277474,0.500373
