tmp.site,tmp.area,Lb,X1,Wb,POR,ALPHA,BETA,Ks,Kb,Kz,Qthresh,Rs,Rb1,Rb2,Prec,Frac4Rise,Error,BFF
02255600,1.55399e+08,7258.76,100,797.601,0.15,0.051297,1,607.515,13861.3,0.982578,1174.35,-0.108407,-0.063651,-0.103843,24.4657,0.05,3.9106,0.41656
