tmp.site,tmp.area,Lb,X1,Wb,POR,ALPHA,BETA,Ks,Kb,Kz,Qthresh,Rs,Rb1,Rb2,Prec,Frac4Rise,Error,BFF
06713000,9.97145e+08,7030.43,100,10.6507,0.15,0.004298,1,1581.67,0.440114,0.977104,10445.4,-0.019748,-0.070888,-0.20384,24.4657,0.05,0.205721,5.2e-05
