tmp.site,tmp.area,Lb,X1,Wb,POR,ALPHA,BETA,Ks,Kb,Kz,Qthresh,Rs,Rb1,Rb2,Prec,Frac4Rise,Error,BFF
02084000,6.88937e+09,23105.8,26.1021,2195.18,0.15,0.008761,1,7922.56,8866.56,1.30901,5.43628e+06,-0.146739,-0.067783,-0.080152,14913.6,0.05,0.432678,0.4054
