tmp.site,tmp.area,Lb,X1,Wb,POR,ALPHA,BETA,Ks,Kb,Kz,Qthresh,Rs,Rb1,Rb2,Prec,Frac4Rise,Error,BFF
04071765,2.50193e+09,5791.31,100,3094.54,0.15,0.006991,1,99.0124,3649.12,0.855025,1.12787e+06,-0.066766,-0.037789,-0.029757,45016.9,0.05,0.219955,0.666236
