tmp.site,tmp.area,Lb,X1,Wb,POR,ALPHA,BETA,Ks,Kb,Kz,Qthresh,Rs,Rb1,Rb2,Prec,Frac4Rise,Error,BFF
02203831,1.07744e+07,18989.5,57.0852,86.8754,0.15,0.033547,0.9,376.092,3033.25,0.611324,10985.1,-0.545131,-0.073185,-0.081415,102.756,0.05,0.40816,0.299496
