tmp.site,tmp.area,Lb,X1,Wb,POR,ALPHA,BETA,Ks,Kb,Kz,Qthresh,Rs,Rb1,Rb2,Prec,Frac4Rise,Error,BFF
11451000,1.36751e+09,12649.3,121.806,2580.97,0.15,0.018899,0.9,635.274,12480.7,0.950014,27401.6,-0.032269,-0.051616,-0.148038,61.1643,0.05,9.54905,0.591806
