tmp.site,tmp.area,Lb,X1,Wb,POR,ALPHA,BETA,Ks,Kb,Kz,Qthresh,Rs,Rb1,Rb2,Prec,Frac4Rise,Error,BFF
05014500,8.08076e+07,32892.3,3.31785,390.663,0.15,0.013895,1.1,459.161,538.05,0.857016,31805.4,-0.091161,-0.037653,-0.033864,2691.23,0.05,0.342946,0.499081
