tmp.site,tmp.area,Lb,X1,Wb,POR,ALPHA,BETA,Ks,Kb,Kz,Qthresh,Rs,Rb1,Rb2,Prec,Frac4Rise,Error,BFF
09143500,9.97145e+07,33859.9,66.423,177.955,0.15,0.023005,1,174.9,11556.5,0.918773,10740.4,-0.128294,-0.039078,-0.040156,220.191,0.05,0.491125,0.508177
