tmp.site,tmp.area,Lb,X1,Wb,POR,ALPHA,BETA,Ks,Kb,Kz,Qthresh,Rs,Rb1,Rb2,Prec,Frac4Rise,Error,BFF
05548105,2.18854e+08,14005.7,100,361.039,0.15,0.011204,1,464.004,8957,0.947065,24465.7,-0.16871,-0.062364,-0.040308,1878.38,0.05,0.334065,0.409366
