tmp.site,tmp.area,Lb,X1,Wb,POR,ALPHA,BETA,Ks,Kb,Kz,Qthresh,Rs,Rb1,Rb2,Prec,Frac4Rise,Error,BFF
09408400,4.84328e+07,4908.98,496.1,433.894,0.15,0.019457,1.2,345.262,4401.89,0.129972,7388.65,-0.139375,-0.022483,-0.016377,171.26,0.05,0.391987,0.42749
