tmp.site,tmp.area,Lb,X1,Wb,POR,ALPHA,BETA,Ks,Kb,Kz,Qthresh,Rs,Rb1,Rb2,Prec,Frac4Rise,Error,BFF
12212050,9.79016e+07,17654,100,296.096,0.15,0.019362,1,304.371,10355.5,0.87721,5920.7,-0.208339,-0.049371,-0.03021,555.372,0.05,0.297041,0.502284
