tmp.site,tmp.area,Lb,X1,Wb,POR,ALPHA,BETA,Ks,Kb,Kz,Qthresh,Rs,Rb1,Rb2,Prec,Frac4Rise,Error,BFF
06348300,7.58867e+09,28623.6,42.2772,664.623,0.15,0.011104,1.1,2979.97,1468.9,1.13575,51378,-0.082093,-0.051069,-0.041448,587.177,0.05,0.598822,0.184306
