tmp.site,tmp.area,Lb,X1,Wb,POR,ALPHA,BETA,Ks,Kb,Kz,Qthresh,Rs,Rb1,Rb2,Prec,Frac4Rise,Error,BFF
05506100,4.66198e+08,4545.86,100,506.752,0.15,0.009884,1,2543.08,14035.1,0.986325,56271.1,-0.222802,-0.173651,-0.1893,24.4657,0.05,1.82045,0.085931
