tmp.site,tmp.area,Lb,X1,Wb,POR,ALPHA,BETA,Ks,Kb,Kz,Qthresh,Rs,Rb1,Rb2,Prec,Frac4Rise,Error,BFF
02303000,5.69797e+08,44081,8435.63,544.058,0.15,0.006033,3.1,330.724,3700.71,0.58096,127222,-0.097101,-0.053047,-0.018499,10520.3,0.05,0.309482,0.310951
