tmp.site,tmp.area,Lb,X1,Wb,POR,ALPHA,BETA,Ks,Kb,Kz,Qthresh,Rs,Rb1,Rb2,Prec,Frac4Rise,Error,BFF
10134500,3.72958e+08,126862,19.5544,148.661,0.15,0.002322,0.9,23.9965,1561.11,0.977863,24465.7,-0.011236,-0.030855,-0.041963,1223.29,0.05,0.576252,0.112922
