tmp.site,tmp.area,Lb,X1,Wb,POR,ALPHA,BETA,Ks,Kb,Kz,Qthresh,Rs,Rb1,Rb2,Prec,Frac4Rise,Error,BFF
08074810,1.35974e+08,4323.36,100,1743.47,0.15,0.003457,1,1114.08,260.681,1.41372,158110,-0.362209,-0.166483,-0.070668,11939.3,0.05,0.230665,0.333271
