tmp.site,tmp.area,Lb,X1,Wb,POR,ALPHA,BETA,Ks,Kb,Kz,Qthresh,Rs,Rb1,Rb2,Prec,Frac4Rise,Error,BFF
08148500,2.36725e+09,197337,100,160.264,0.15,0.050343,1,3297.4,9039.47,1.00031,124775,-0.168236,-0.029888,-0.046552,24.4657,0.05,36.6693,0.179986
