tmp.site,tmp.area,Lb,X1,Wb,POR,ALPHA,BETA,Ks,Kb,Kz,Qthresh,Rs,Rb1,Rb2,Prec,Frac4Rise,Error,BFF
05526000,5.41567e+09,24175.2,116.366,2042.61,0.15,0.011942,1.1,5341.61,33279.8,1.18645,226516,-0.091161,-0.074841,-0.059093,7829.03,0.05,0.456952,0.419638
