tmp.site,tmp.area,Lb,X1,Wb,POR,ALPHA,BETA,Ks,Kb,Kz,Qthresh,Rs,Rb1,Rb2,Prec,Frac4Rise,Error,BFF
07166500,2.83345e+09,25481.3,20.9591,607.991,0.15,0.01381,1,1635.74,11140.4,1.15752,66057.4,-0.047655,-0.104568,-0.140607,48.9314,0.05,4.00538,0.207908
