tmp.site,tmp.area,Lb,X1,Wb,POR,ALPHA,BETA,Ks,Kb,Kz,Qthresh,Rs,Rb1,Rb2,Prec,Frac4Rise,Error,BFF
03539600,3.60008e+08,5081.93,370.121,1741.29,0.15,0.017231,1,4243.67,49041.2,0.436725,2177.45,-0.202733,-0.10102,-0.085265,167.664,0.05,0.444901,0.378976
