tmp.site,tmp.area,Lb,X1,Wb,POR,ALPHA,BETA,Ks,Kb,Kz,Qthresh,Rs,Rb1,Rb2,Prec,Frac4Rise,Error,BFF
05066500,3.11576e+09,10475.8,100,661.059,0.15,0.008582,1,951.771,6851.73,0.852065,22508.5,-0.116683,-0.062917,-0.054592,24.4657,0.05,7.41827,0.171394
