tmp.site,tmp.area,Lb,X1,Wb,POR,ALPHA,BETA,Ks,Kb,Kz,Qthresh,Rs,Rb1,Rb2,Prec,Frac4Rise,Error,BFF
07380120,4.13362e+09,8227.62,100,2774.12,0.15,0.010805,1,10180.8,22721.8,1.54563,5.72498e+06,-0.19647,-0.079668,-0.125171,19062.7,0.05,0.635961,0.374799
