tmp.site,tmp.area,Lb,X1,Wb,POR,ALPHA,BETA,Ks,Kb,Kz,Qthresh,Rs,Rb1,Rb2,Prec,Frac4Rise,Error,BFF
03435000,3.6682e+10,14091.3,100,20696,0.15,0.032696,1,19735.3,16362.9,3.0414,4.33043e+07,-0.106952,-0.04315,-0.07673,516545,0.05,0.423985,0.539933
