tmp.site,tmp.area,Lb,X1,Wb,POR,ALPHA,BETA,Ks,Kb,Kz,Qthresh,Rs,Rb1,Rb2,Prec,Frac4Rise,Error,BFF
01047150,8.433e+09,15767.8,721.859,7184.31,0.15,0.007445,1.6,2762.57,2377.27,0.454692,3.71977e+06,-0.049672,-0.044231,-0.028288,364539,0.05,0.242642,0.541829
