tmp.site,tmp.area,Lb,X1,Wb,POR,ALPHA,BETA,Ks,Kb,Kz,Qthresh,Rs,Rb1,Rb2,Prec,Frac4Rise,Error,BFF
06799100,1.81558e+09,18769.3,3.37281,554.977,0.15,0.007158,1.6,487.745,293.942,1.06462,91746.4,-0.125657,-0.049493,-0.03568,1883.86,0.05,0.397125,0.423385
