tmp.site,tmp.area,Lb,X1,Wb,POR,ALPHA,BETA,Ks,Kb,Kz,Qthresh,Rs,Rb1,Rb2,Prec,Frac4Rise,Error,BFF
05591550,8.96136e+07,5057.65,626.32,411.257,0.15,0.028762,0.9,601.528,58170.1,0.441838,82694.1,-0.234442,-0.082195,-0.114967,24.4657,0.05,1.51661,0.322374
