tmp.site,tmp.area,Lb,X1,Wb,POR,ALPHA,BETA,Ks,Kb,Kz,Qthresh,Rs,Rb1,Rb2,Prec,Frac4Rise,Error,BFF
02198500,2.55114e+10,108960,100,3504.29,0.15,0.006746,1,419.226,2673.06,1.10534,1.2453e+07,-0.051914,-0.028197,-0.023477,978629,0.05,0.287849,0.547474
