tmp.site,tmp.area,Lb,X1,Wb,POR,ALPHA,BETA,Ks,Kb,Kz,Qthresh,Rs,Rb1,Rb2,Prec,Frac4Rise,Error,BFF
11449820,6.03467e+07,64718.3,100,10.5606,0.15,0.000271,1,42.7952,6757.24,1.00988,4014.82,-0.353278,-0.074056,-0.147658,48.9314,0.05,0.524589,0.000258
