tmp.site,tmp.area,Lb,X1,Wb,POR,ALPHA,BETA,Ks,Kb,Kz,Qthresh,Rs,Rb1,Rb2,Prec,Frac4Rise,Error,BFF
02335815,3.54828e+09,17409.2,6.69177,2662.03,0.15,0.005109,0.9,2795.65,389.469,1.10508,2.03799e+06,-0.104346,-0.048025,-0.057992,189695,0.05,0.265584,0.61656
