tmp.site,tmp.area,Lb,X1,Wb,POR,ALPHA,BETA,Ks,Kb,Kz,Qthresh,Rs,Rb1,Rb2,Prec,Frac4Rise,Error,BFF
04154000,1.07744e+09,3459.06,100,3221.19,0.15,0.00908,1,75.9033,828.85,0.825367,592070,-0.074518,-0.033535,-0.022698,20795.9,0.05,0.264487,0.602959
