tmp.site,tmp.area,Lb,X1,Wb,POR,ALPHA,BETA,Ks,Kb,Kz,Qthresh,Rs,Rb1,Rb2,Prec,Frac4Rise,Error,BFF
01653000,8.78006e+07,8312.67,100,228.221,0.15,0.012136,1,1459.98,8764.58,0.956688,33028.7,-0.549306,-0.101602,-0.104489,587.177,0.05,0.455112,0.196709
