tmp.site,tmp.area,Lb,X1,Wb,POR,ALPHA,BETA,Ks,Kb,Kz,Qthresh,Rs,Rb1,Rb2,Prec,Frac4Rise,Error,BFF
11206820,2.17559e+07,6086.4,0.096587,215.144,0.15,0.009378,1.1,220.401,7.37861,0.652345,880.766,-0.114078,-0.0626,-0.045362,24.4657,0.05,0.476097,0.199967
