tmp.site,tmp.area,Lb,X1,Wb,POR,ALPHA,BETA,Ks,Kb,Kz,Qthresh,Rs,Rb1,Rb2,Prec,Frac4Rise,Error,BFF
11441900,4.42888e+08,13844.5,5049.9,719.662,0.15,0.001708,6,365.645,177.134,0.653989,24465.7,-0.077075,-0.067038,-0.025234,831.834,0.05,0.387633,0.114672
