tmp.site,tmp.area,Lb,X1,Wb,POR,ALPHA,BETA,Ks,Kb,Kz,Qthresh,Rs,Rb1,Rb2,Prec,Frac4Rise,Error,BFF
01122500,1.04636e+09,12568.8,100,1714.86,0.15,0.017887,1,2804.08,14292.2,0.926387,112542,-0.158881,-0.054289,-0.051342,10604.2,0.05,0.335166,0.504656
