tmp.site,tmp.area,Lb,X1,Wb,POR,ALPHA,BETA,Ks,Kb,Kz,Qthresh,Rs,Rb1,Rb2,Prec,Frac4Rise,Error,BFF
07300500,3.76584e+09,11714.5,100,266.48,0.15,0.021012,1,5062.16,17198.2,0.932275,181291,-0.168236,-0.069476,-0.179592,24.4657,0.05,59.3721,0.133076
