tmp.site,tmp.area,Lb,X1,Wb,POR,ALPHA,BETA,Ks,Kb,Kz,Qthresh,Rs,Rb1,Rb2,Prec,Frac4Rise,Error,BFF
01180500,1.36492e+08,10236.9,100,472.412,0.15,0.017344,1,1002.72,15731,0.947818,10960.6,-0.174104,-0.069888,-0.06753,415.917,0.05,0.447808,0.395681
