tmp.site,tmp.area,Lb,X1,Wb,POR,ALPHA,BETA,Ks,Kb,Kz,Qthresh,Rs,Rb1,Rb2,Prec,Frac4Rise,Error,BFF
07196000,3.00439e+08,25904.5,144.088,473.302,0.15,0.012284,2.2,497.826,8223.59,0.755408,63610.9,-0.125211,-0.057278,-0.035077,2275.31,0.05,0.32775,0.442795
