tmp.site,tmp.area,Lb,X1,Wb,POR,ALPHA,BETA,Ks,Kb,Kz,Qthresh,Rs,Rb1,Rb2,Prec,Frac4Rise,Error,BFF
03212750,4.50658e+08,22392.3,100,652.499,0.15,0.011381,1,731.505,9042.12,0.962883,85630,-0.166925,-0.040489,-0.02204,8073.69,0.05,0.27341,0.508131
