tmp.site,tmp.area,Lb,X1,Wb,POR,ALPHA,BETA,Ks,Kb,Kz,Qthresh,Rs,Rb1,Rb2,Prec,Frac4Rise,Error,BFF
04153905,2.05904e+08,50575.8,14991.7,247.297,0.15,0.016698,10.1,1572.39,293.566,0.160178,51378,-0.192754,-0.060561,-0.020624,2660.65,0.05,0.419474,0.373446
