tmp.site,tmp.area,Lb,X1,Wb,POR,ALPHA,BETA,Ks,Kb,Kz,Qthresh,Rs,Rb1,Rb2,Prec,Frac4Rise,Error,BFF
01063310,3.36698e+06,3033.17,2.53698,162.331,0.15,0.032633,1,175.95,121.427,0.216086,3890.05,-0.202733,-0.055333,-0.064185,24.4657,0.05,0.380684,0.492053
