tmp.site,tmp.area,Lb,X1,Wb,POR,ALPHA,BETA,Ks,Kb,Kz,Qthresh,Rs,Rb1,Rb2,Prec,Frac4Rise,Error,BFF
01029500,2.16782e+09,16617.1,112.136,2409.87,0.15,0.009713,1.2,1636.11,7083.91,1.01886,2.12118e+06,-0.068066,-0.042243,-0.034557,51378,0.05,0.342698,0.539049
