tmp.site,tmp.area,Lb,X1,Wb,POR,ALPHA,BETA,Ks,Kb,Kz,Qthresh,Rs,Rb1,Rb2,Prec,Frac4Rise,Error,BFF
09419665,3.72958e+08,39981.2,100,11.0793,0.15,0.005876,1,1583.2,403.067,0.639725,17052.6,-0.143841,-0.01849,-0.032745,24.4657,0.05,0.836329,0.004939
