tmp.site,tmp.area,Lb,X1,Wb,POR,ALPHA,BETA,Ks,Kb,Kz,Qthresh,Rs,Rb1,Rb2,Prec,Frac4Rise,Error,BFF
13015000,1.76896e+09,9386.58,100,1844.93,0.15,0.025795,1,1131.24,12625.6,0.922205,596963,-0.098802,-0.042226,-0.086529,24.4657,0.05,4.42132,0.605672
