tmp.site,tmp.area,Lb,X1,Wb,POR,ALPHA,BETA,Ks,Kb,Kz,Qthresh,Rs,Rb1,Rb2,Prec,Frac4Rise,Error,BFF
02317500,3.54828e+09,15182.4,0.611896,5228.77,0.15,0.01665,1.3,6195.49,78.192,1.0569,63610.9,-0.077075,-0.054422,-0.034476,6812.97,0.05,0.419758,0.556857
