tmp.site,tmp.area,Lb,X1,Wb,POR,ALPHA,BETA,Ks,Kb,Kz,Qthresh,Rs,Rb1,Rb2,Prec,Frac4Rise,Error,BFF
01135100,466198,1697.04,0.014818,95.5854,0.15,0.031383,1,80.7584,0.340464,0.36384,342.52,-0.333183,-0.046567,-0.051103,24.4657,0.05,0.319209,0.563405
