tmp.site,tmp.area,Lb,X1,Wb,POR,ALPHA,BETA,Ks,Kb,Kz,Qthresh,Rs,Rb1,Rb2,Prec,Frac4Rise,Error,BFF
02424000,2.65992e+09,20173.3,2483.02,1922.47,0.15,0.009105,10,6016.68,4899.01,1.55952,548032,-0.235012,-0.084704,-0.035866,36145.6,0.05,0.327358,0.382948
