tmp.site,tmp.area,Lb,X1,Wb,POR,ALPHA,BETA,Ks,Kb,Kz,Qthresh,Rs,Rb1,Rb2,Prec,Frac4Rise,Error,BFF
02202040,5.05048e+09,13293.9,100,2310.92,0.15,0.013518,1,2676.63,13852.2,0.966778,1.25509e+06,-0.069444,-0.05197,-0.050191,16719.4,0.05,0.445794,0.476541
