tmp.site,tmp.area,Lb,X1,Wb,POR,ALPHA,BETA,Ks,Kb,Kz,Qthresh,Rs,Rb1,Rb2,Prec,Frac4Rise,Error,BFF
05092000,9.01316e+10,18035.3,319.879,6044.53,0.15,0.005756,1.2,6119.12,4812.02,0.888266,4.2815e+06,-0.051427,-0.032659,-0.024972,46484.9,0.05,0.494855,0.333362
