tmp.site,tmp.area,Lb,X1,Wb,POR,ALPHA,BETA,Ks,Kb,Kz,Qthresh,Rs,Rb1,Rb2,Prec,Frac4Rise,Error,BFF
01174500,1.13182e+08,11752.9,100,454.394,0.15,0.027052,1,505.218,19533.6,0.904155,166367,-0.147184,-0.051261,-0.077199,13.2115,0.05,2.52866,0.50906
