tmp.site,tmp.area,Lb,X1,Wb,POR,ALPHA,BETA,Ks,Kb,Kz,Qthresh,Rs,Rb1,Rb2,Prec,Frac4Rise,Error,BFF
01546500,2.25847e+08,16020.3,100,911.766,0.15,0.005439,1,44.3884,6244.22,0.720616,127222,-0.157958,-0.023562,-0.011375,6361.09,0.05,0.19181,0.709866
