tmp.site,tmp.area,Lb,X1,Wb,POR,ALPHA,BETA,Ks,Kb,Kz,Qthresh,Rs,Rb1,Rb2,Prec,Frac4Rise,Error,BFF
03351500,4.37708e+08,12673.3,4190.49,879.495,0.15,0.008102,10.1,1445.88,5257.32,0.787712,77761.8,-0.231664,-0.072182,-0.032416,4159.17,0.05,0.311773,0.412777
