tmp.site,tmp.area,Lb,X1,Wb,POR,ALPHA,BETA,Ks,Kb,Kz,Qthresh,Rs,Rb1,Rb2,Prec,Frac4Rise,Error,BFF
02334578,1.31053e+07,20314.5,100,73.8927,0.15,0.042607,1,508.117,7271.39,0.671157,15829.3,-0.420576,-0.084539,-0.070886,90.5231,0.05,0.440617,0.290266
