tmp.site,tmp.area,Lb,X1,Wb,POR,ALPHA,BETA,Ks,Kb,Kz,Qthresh,Rs,Rb1,Rb2,Prec,Frac4Rise,Error,BFF
01407500,1.27427e+08,22918.9,87.389,245.927,0.15,0.027172,0.9,1685.31,17769.3,1.02884,144348,-0.237926,-0.055028,-0.142916,24.4657,0.05,12.8381,0.269841
