tmp.site,tmp.area,Lb,X1,Wb,POR,ALPHA,BETA,Ks,Kb,Kz,Qthresh,Rs,Rb1,Rb2,Prec,Frac4Rise,Error,BFF
04136000,2.86971e+09,180571,60616,1403.5,0.15,0.006151,10.1,233.93,1775.76,0.721493,1.50709e+06,-0.052268,-0.015557,-0.011104,122084,0.05,0.15337,0.724503
