tmp.site,tmp.area,Lb,X1,Wb,POR,ALPHA,BETA,Ks,Kb,Kz,Qthresh,Rs,Rb1,Rb2,Prec,Frac4Rise,Error,BFF
07139000,7.01136e+10,8994.87,100,751.453,0.15,0.010792,1,13767,7575.93,0.944203,335180,-0.121027,-0.07528,-0.142046,24.4657,0.05,104.004,0.129098
