tmp.site,tmp.area,Lb,X1,Wb,POR,ALPHA,BETA,Ks,Kb,Kz,Qthresh,Rs,Rb1,Rb2,Prec,Frac4Rise,Error,BFF
09486800,1.19916e+09,22132.4,100,8.10004,0.15,0.002479,1,33635.6,265.683,0.111049,24.4657,-2.87812,-0.002,-0.001,24.4657,0.05,0.179345,2.2e-05
