tmp.site,tmp.area,Lb,X1,Wb,POR,ALPHA,BETA,Ks,Kb,Kz,Qthresh,Rs,Rb1,Rb2,Prec,Frac4Rise,Error,BFF
021623957,1.53845e+07,14307.2,108.789,422.189,0.15,0.013902,1.2,388.798,2997.43,0.111613,10687.6,-0.327593,-0.026944,-0.023661,1111.75,0.05,0.227843,0.642791
