tmp.site,tmp.area,Lb,X1,Wb,POR,ALPHA,BETA,Ks,Kb,Kz,Qthresh,Rs,Rb1,Rb2,Prec,Frac4Rise,Error,BFF
02365470,3.83318e+08,10544.2,5000.81,968.567,0.15,0.009435,10.1,847.156,3206.25,0.852629,94927,-0.153934,-0.083164,-0.028798,5088.87,0.05,0.32782,0.373091
