tmp.site,tmp.area,Lb,X1,Wb,POR,ALPHA,BETA,Ks,Kb,Kz,Qthresh,Rs,Rb1,Rb2,Prec,Frac4Rise,Error,BFF
10256500,2.82309e+07,31142.5,1.9342,122.989,0.15,0.012125,0.9,85.896,116.053,0.456461,10520.3,-0.036871,-0.038568,-0.088545,24.4657,0.05,17.2183,0.414992
