tmp.site,tmp.area,Lb,X1,Wb,POR,ALPHA,BETA,Ks,Kb,Kz,Qthresh,Rs,Rb1,Rb2,Prec,Frac4Rise,Error,BFF
01428750,1.05154e+08,34866.5,351.028,308.239,0.15,0.009268,2.9,943.902,75843.9,0.196917,20620.7,-0.294031,-0.085621,-0.042451,1565.81,0.05,0.350167,0.422874
