tmp.site,tmp.area,Lb,X1,Wb,POR,ALPHA,BETA,Ks,Kb,Kz,Qthresh,Rs,Rb1,Rb2,Prec,Frac4Rise,Error,BFF
07362000,1.38823e+10,13505.4,100,6155.66,0.15,0.014219,1,15528.1,22521.5,2.77341,880766,-0.107006,-0.071921,-0.065331,68014.7,0.05,0.424556,0.428791
