tmp.site,tmp.area,Lb,X1,Wb,POR,ALPHA,BETA,Ks,Kb,Kz,Qthresh,Rs,Rb1,Rb2,Prec,Frac4Rise,Error,BFF
04258700,2.51747e+08,32743.4,66.1301,603.442,0.15,0.016477,1,1933.71,42435.3,1.28706,291142,-0.213397,-0.074246,-0.079928,1023.16,0.05,0.477443,0.383843
