tmp.site,tmp.area,Lb,X1,Wb,POR,ALPHA,BETA,Ks,Kb,Kz,Qthresh,Rs,Rb1,Rb2,Prec,Frac4Rise,Error,BFF
03438220,4.55786e+10,66574.5,35.7739,11759.3,0.15,0.02607,0.9,8883.77,30996.3,3.87733,1.52385e+07,-0.038854,-0.040433,-0.075151,325394,0.05,0.599088,0.579278
