tmp.site,tmp.area,Lb,X1,Wb,POR,ALPHA,BETA,Ks,Kb,Kz,Qthresh,Rs,Rb1,Rb2,Prec,Frac4Rise,Error,BFF
040975299,1.70939e+08,6746.29,305.137,917.756,0.15,0.011123,1,98.4595,11383.2,0.314369,64344.8,-0.071818,-0.02639,-0.024852,2715.69,0.05,0.23846,0.71991
