tmp.site,tmp.area,Lb,X1,Wb,POR,ALPHA,BETA,Ks,Kb,Kz,Qthresh,Rs,Rb1,Rb2,Prec,Frac4Rise,Error,BFF
03016000,9.47936e+09,8673.53,100,5465.71,0.15,0.009071,1,3176.19,10591.8,2.18506,1.77132e+06,-0.06068,-0.057149,-0.052419,110585,0.05,0.336014,0.537806
