tmp.site,tmp.area,Lb,X1,Wb,POR,ALPHA,BETA,Ks,Kb,Kz,Qthresh,Rs,Rb1,Rb2,Prec,Frac4Rise,Error,BFF
02349605,7.56277e+09,14296.9,100,3248.17,0.15,0.005985,1,3836.74,5327.47,1.12028,1.41407e+06,-0.096142,-0.053135,-0.028304,133827,0.05,0.311374,0.450829
