tmp.site,tmp.area,Lb,X1,Wb,POR,ALPHA,BETA,Ks,Kb,Kz,Qthresh,Rs,Rb1,Rb2,Prec,Frac4Rise,Error,BFF
02217297,2.82309e+08,124836,134.877,421.321,0.15,0.015423,1,1389.47,95431.4,1.60547,20942.7,-0.339779,-0.061313,-0.064669,1552.69,0.05,0.385766,0.424558
