tmp.site,tmp.area,Lb,X1,Wb,POR,ALPHA,BETA,Ks,Kb,Kz,Qthresh,Rs,Rb1,Rb2,Prec,Frac4Rise,Error,BFF
02294655,1.02305e+09,35188,100,850.085,0.15,0.02556,1,557.274,42389.5,0.9358,115723,-0.065992,-0.044411,-0.08294,24.4657,0.05,13.6707,0.515542
