tmp.site,tmp.area,Lb,X1,Wb,POR,ALPHA,BETA,Ks,Kb,Kz,Qthresh,Rs,Rb1,Rb2,Prec,Frac4Rise,Error,BFF
01483700,8.26206e+07,12927.6,131.244,211.524,0.15,0.024066,0.9,1382.13,14825.9,0.975055,90523.1,-0.22906,-0.066288,-0.098648,168.813,0.05,0.628009,0.258607
