tmp.site,tmp.area,Lb,X1,Wb,POR,ALPHA,BETA,Ks,Kb,Kz,Qthresh,Rs,Rb1,Rb2,Prec,Frac4Rise,Error,BFF
11303000,2.78424e+09,25969.7,13.5379,2841.95,0.15,0.010614,1,1791.2,1155.87,1.08822,802475,-0.07155,-0.043247,-0.049174,11988.2,0.05,0.745969,0.595154
