tmp.site,tmp.area,Lb,X1,Wb,POR,ALPHA,BETA,Ks,Kb,Kz,Qthresh,Rs,Rb1,Rb2,Prec,Frac4Rise,Error,BFF
07239450,3.42889e+10,72407.3,32.1837,341.909,0.15,0.004087,1,1036.7,14818.5,1.07387,78290.3,-0.076577,-0.062796,-0.063503,53.8246,0.05,1.01678,0.23197
