tmp.site,tmp.area,Lb,X1,Wb,POR,ALPHA,BETA,Ks,Kb,Kz,Qthresh,Rs,Rb1,Rb2,Prec,Frac4Rise,Error,BFF
02160390,6.44907e+08,31169.3,359.742,903.581,0.15,0.009339,3.6,2688.53,3334.58,1.02512,371879,-0.449181,-0.057657,-0.039156,14434.8,0.05,0.285231,0.488564
