tmp.site,tmp.area,Lb,X1,Wb,POR,ALPHA,BETA,Ks,Kb,Kz,Qthresh,Rs,Rb1,Rb2,Prec,Frac4Rise,Error,BFF
01403060,2.03314e+09,16871.5,175.751,1669.04,0.15,0.008988,1.2,7140.23,28854.6,1.21365,430597,-0.255954,-0.083136,-0.063905,23165.4,0.05,0.369241,0.389257
