tmp.site,tmp.area,Lb,X1,Wb,POR,ALPHA,BETA,Ks,Kb,Kz,Qthresh,Rs,Rb1,Rb2,Prec,Frac4Rise,Error,BFF
09359080,6.63037e+07,20652,7415.55,225.879,0.15,0.016808,4,193.113,7121.49,0.537438,6871.2,-0.078358,-0.042905,-0.012678,624.61,0.05,0.321948,0.246078
