tmp.site,tmp.area,Lb,X1,Wb,POR,ALPHA,BETA,Ks,Kb,Kz,Qthresh,Rs,Rb1,Rb2,Prec,Frac4Rise,Error,BFF
01105600,1.16549e+07,5947.14,14.7192,175,0.15,0.022518,1,354.067,1565.67,0.682155,19572.6,-0.325254,-0.073368,-0.080652,36.6986,0.05,0.421107,0.389223
