tmp.site,tmp.area,Lb,X1,Wb,POR,ALPHA,BETA,Ks,Kb,Kz,Qthresh,Rs,Rb1,Rb2,Prec,Frac4Rise,Error,BFF
04215000,2.49675e+08,7295.69,100,610.359,0.15,0.015711,1,2332.04,14576.9,0.91778,337627,-0.284882,-0.099926,-0.093561,229.488,0.05,0.455891,0.276705
