tmp.site,tmp.area,Lb,X1,Wb,POR,ALPHA,BETA,Ks,Kb,Kz,Qthresh,Rs,Rb1,Rb2,Prec,Frac4Rise,Error,BFF
14231000,1.40118e+09,32739.3,529.649,1888.41,0.15,0.01032,9.6,1705.19,628.292,1.76505,837828,-0.098496,-0.046077,-0.026679,90278.5,0.05,0.262647,0.553369
