tmp.site,tmp.area,Lb,X1,Wb,POR,ALPHA,BETA,Ks,Kb,Kz,Qthresh,Rs,Rb1,Rb2,Prec,Frac4Rise,Error,BFF
06066500,4.3833e+10,103488,100,7020.79,0.15,0.008477,1,1409.41,952.04,0.936887,9.10125e+06,-0.017955,-0.022062,-0.022154,526013,0.05,0.311623,0.721236
