tmp.site,tmp.area,Lb,X1,Wb,POR,ALPHA,BETA,Ks,Kb,Kz,Qthresh,Rs,Rb1,Rb2,Prec,Frac4Rise,Error,BFF
03343010,3.55657e+10,54469.4,23.9486,5059.56,0.15,0.00836,1.2,7030.08,4737.01,2.27379,4.55062e+06,-0.051446,-0.040249,-0.033131,494599,0.05,0.339023,0.545116
