tmp.site,tmp.area,Lb,X1,Wb,POR,ALPHA,BETA,Ks,Kb,Kz,Qthresh,Rs,Rb1,Rb2,Prec,Frac4Rise,Error,BFF
06819500,1.33384e+09,4884.2,100,966.269,0.15,0.011763,1,3664.74,10777.3,0.903559,12232.9,-0.235002,-0.110998,-0.102003,24.4657,0.05,2.86463,0.191258
