tmp.site,tmp.area,Lb,X1,Wb,POR,ALPHA,BETA,Ks,Kb,Kz,Qthresh,Rs,Rb1,Rb2,Prec,Frac4Rise,Error,BFF
05525500,1.15513e+09,23143.2,92.8409,1110.71,0.15,0.010832,1.4,4527.41,29765.8,0.981372,10275.6,-0.191898,-0.098652,-0.056556,1100.96,0.05,0.440318,0.4039
