tmp.site,tmp.area,Lb,X1,Wb,POR,ALPHA,BETA,Ks,Kb,Kz,Qthresh,Rs,Rb1,Rb2,Prec,Frac4Rise,Error,BFF
01117468,2.29732e+07,8537.96,100,480.297,0.15,0.022377,1,395.771,5882.24,0.28817,4648.49,-0.228704,-0.030644,-0.028932,513.78,0.05,0.280331,0.617684
