tmp.site,tmp.area,Lb,X1,Wb,POR,ALPHA,BETA,Ks,Kb,Kz,Qthresh,Rs,Rb1,Rb2,Prec,Frac4Rise,Error,BFF
13348000,3.41878e+08,23897.3,100,192.056,0.15,0.072488,1,3656.06,13209.1,0.885208,20159.7,-0.202733,-0.060319,-0.040483,146.794,0.05,0.538231,0.267278
