tmp.site,tmp.area,Lb,X1,Wb,POR,ALPHA,BETA,Ks,Kb,Kz,Qthresh,Rs,Rb1,Rb2,Prec,Frac4Rise,Error,BFF
04164800,1.0619e+08,25018.5,78.7972,184.266,0.15,0.013234,1.3,553.422,22762.1,1.0853,23976.4,-0.279808,-0.083955,-0.058573,293.589,0.05,0.40226,0.353205
