tmp.site,tmp.area,Lb,X1,Wb,POR,ALPHA,BETA,Ks,Kb,Kz,Qthresh,Rs,Rb1,Rb2,Prec,Frac4Rise,Error,BFF
06354050,1.08003e+10,12560.5,100,1273.91,0.15,0.007515,1,2098.73,4085.81,0.92344,55635,-0.081239,-0.063227,-0.043683,1934.85,0.05,0.623931,0.300544
