tmp.site,tmp.area,Lb,X1,Wb,POR,ALPHA,BETA,Ks,Kb,Kz,Qthresh,Rs,Rb1,Rb2,Prec,Frac4Rise,Error,BFF
04084500,1.55658e+10,29559.9,31.803,12377.3,0.15,0.006174,0.9,847.155,10831.3,1.02708,1.03979e+07,-0.039112,-0.031537,-0.04172,222149,0.05,0.209359,0.926773
