tmp.site,tmp.area,Lb,X1,Wb,POR,ALPHA,BETA,Ks,Kb,Kz,Qthresh,Rs,Rb1,Rb2,Prec,Frac4Rise,Error,BFF
01379845,1.34938e+08,20686.1,100,430.323,0.15,0.022449,1,550.466,20795.4,0.917763,159027,-0.184308,-0.051773,-0.041541,2015.22,0.05,0.33379,0.493455
