tmp.site,tmp.area,Lb,X1,Wb,POR,ALPHA,BETA,Ks,Kb,Kz,Qthresh,Rs,Rb1,Rb2,Prec,Frac4Rise,Error,BFF
07185700,7.92536e+08,23665,9089.09,1072.8,0.15,0.009718,10.1,569.295,10083.6,0.887518,95416.3,-0.124144,-0.037448,-0.016599,6990.34,0.05,0.295075,0.495562
