tmp.site,tmp.area,Lb,X1,Wb,POR,ALPHA,BETA,Ks,Kb,Kz,Qthresh,Rs,Rb1,Rb2,Prec,Frac4Rise,Error,BFF
06342500,4.82774e+11,50329.6,27.4823,46260.4,0.15,0.005476,0.9,1816.19,3554.47,1.20904,5.45585e+07,-0.037054,-0.020593,-0.027891,1.14989e+06,0.05,0.489514,0.814779
