tmp.site,tmp.area,Lb,X1,Wb,POR,ALPHA,BETA,Ks,Kb,Kz,Qthresh,Rs,Rb1,Rb2,Prec,Frac4Rise,Error,BFF
01408500,3.18569e+08,25941.3,100,542.551,0.15,0.014423,1,280.099,8656.38,0.965767,212852,-0.077991,-0.032267,-0.028255,15731.5,0.05,0.236606,0.62019
