tmp.site,tmp.area,Lb,X1,Wb,POR,ALPHA,BETA,Ks,Kb,Kz,Qthresh,Rs,Rb1,Rb2,Prec,Frac4Rise,Error,BFF
04106400,4.84328e+07,26227.2,44.2476,167.004,0.15,0.024864,0.9,73.6389,4655.79,0.370594,24416.8,-0.091161,-0.022325,-0.033978,366.986,0.05,0.307506,0.640483
