tmp.site,tmp.area,Lb,X1,Wb,POR,ALPHA,BETA,Ks,Kb,Kz,Qthresh,Rs,Rb1,Rb2,Prec,Frac4Rise,Error,BFF
02307323,4.40298e+07,13034.2,88.4381,42.9561,0.15,0.011039,0.9,342.599,10201.1,1.02632,21774.5,-0.114913,-0.085062,-0.172758,24.4657,0.05,1.65515,0.037245
