tmp.site,tmp.area,Lb,X1,Wb,POR,ALPHA,BETA,Ks,Kb,Kz,Qthresh,Rs,Rb1,Rb2,Prec,Frac4Rise,Error,BFF
13090500,5.79121e+10,13817,2.18096,9203.57,0.15,0.002181,0.9,3431.37,98.8194,0.911129,738865,-0.042576,-0.043811,-0.066708,78045.6,0.05,1.23319,0.567844
