tmp.site,tmp.area,Lb,X1,Wb,POR,ALPHA,BETA,Ks,Kb,Kz,Qthresh,Rs,Rb1,Rb2,Prec,Frac4Rise,Error,BFF
06610785,1.5255e+08,11336.5,100,261.708,0.15,0.016627,1,872.064,14088.6,1.01462,16313.2,-0.476891,-0.087099,-0.093598,743.758,0.05,0.451257,0.264232
