tmp.site,tmp.area,Lb,X1,Wb,POR,ALPHA,BETA,Ks,Kb,Kz,Qthresh,Rs,Rb1,Rb2,Prec,Frac4Rise,Error,BFF
06139900,4.16988e+07,58647.3,24.009,139.795,0.15,0.020483,0.9,174.38,9729.4,0.642806,11279.2,-0.091161,-0.045896,-0.072829,24.4657,0.05,0.546772,0.475342
