tmp.site,tmp.area,Lb,X1,Wb,POR,ALPHA,BETA,Ks,Kb,Kz,Qthresh,Rs,Rb1,Rb2,Prec,Frac4Rise,Error,BFF
12092000,2.40351e+08,19630,19.6745,933.111,0.15,0.007157,1.4,568.328,1376.89,1.09315,340073,-0.136613,-0.048872,-0.04067,35964.6,0.05,0.247,0.586602
