tmp.site,tmp.area,Lb,X1,Wb,POR,ALPHA,BETA,Ks,Kb,Kz,Qthresh,Rs,Rb1,Rb2,Prec,Frac4Rise,Error,BFF
05245100,1.12405e+09,93171.7,118.022,720.136,0.15,0.010318,1.1,1151.43,18640.5,1.02291,325394,-0.077075,-0.024325,-0.021472,1266.83,0.05,0.467383,0.483805
