tmp.site,tmp.area,Lb,X1,Wb,POR,ALPHA,BETA,Ks,Kb,Kz,Qthresh,Rs,Rb1,Rb2,Prec,Frac4Rise,Error,BFF
06869950,6.75987e+08,9888.79,100,178.917,0.15,0.015263,1,1449.11,14307.6,0.979844,75354.4,-0.157899,-0.097442,-0.158158,24.4657,0.05,2.64729,0.085707
