tmp.site,tmp.area,Lb,X1,Wb,POR,ALPHA,BETA,Ks,Kb,Kz,Qthresh,Rs,Rb1,Rb2,Prec,Frac4Rise,Error,BFF
03292470,1.82076e+08,6621.93,100,531.68,0.15,0.011859,1,1787.89,16949.7,0.889409,112787,-0.275587,-0.114023,-0.110423,93.3856,0.05,0.596084,0.231878
