tmp.site,tmp.area,Lb,X1,Wb,POR,ALPHA,BETA,Ks,Kb,Kz,Qthresh,Rs,Rb1,Rb2,Prec,Frac4Rise,Error,BFF
12301250,1.02615e+09,9644.11,237.835,852.969,0.15,0.023752,1,40.0848,12366.2,0.687875,231935,-0.049346,-0.026382,-0.022623,10275.6,0.05,0.285034,0.590927
