tmp.site,tmp.area,Lb,X1,Wb,POR,ALPHA,BETA,Ks,Kb,Kz,Qthresh,Rs,Rb1,Rb2,Prec,Frac4Rise,Error,BFF
11439999,5.69797e+07,35935.4,100,137.538,0.15,0.021387,1,107.361,26933.3,0.663748,1100.96,-0.141634,-0.041261,-0.092893,24.4657,0.05,2.29575,0.382713
