tmp.site,tmp.area,Lb,X1,Wb,POR,ALPHA,BETA,Ks,Kb,Kz,Qthresh,Rs,Rb1,Rb2,Prec,Frac4Rise,Error,BFF
02326500,1.93472e+09,28130.6,100,2239.73,0.15,0.043034,1,881.882,34671.4,0.949755,47708.1,-0.064289,-0.041811,-0.057657,48.9314,0.05,0.980208,0.573286
