tmp.site,tmp.area,Lb,X1,Wb,POR,ALPHA,BETA,Ks,Kb,Kz,Qthresh,Rs,Rb1,Rb2,Prec,Frac4Rise,Error,BFF
04275500,1.15513e+09,20040,215.009,1074.57,0.15,0.00778,3.1,2428.51,4099.8,0.759396,322947,-0.157811,-0.068559,-0.04328,28135.6,0.05,0.326813,0.433757
