tmp.site,tmp.area,Lb,X1,Wb,POR,ALPHA,BETA,Ks,Kb,Kz,Qthresh,Rs,Rb1,Rb2,Prec,Frac4Rise,Error,BFF
01603000,2.27142e+09,27635,30.2015,1434.8,0.15,0.007856,1.3,3504.63,6207.04,1.23497,1.04713e+06,-0.147322,-0.064994,-0.04884,21040.5,0.05,0.370478,0.449297
