tmp.site,tmp.area,Lb,X1,Wb,POR,ALPHA,BETA,Ks,Kb,Kz,Qthresh,Rs,Rb1,Rb2,Prec,Frac4Rise,Error,BFF
10244950,2.87489e+07,15672.7,7346.19,805.347,0.15,0.007615,4.7,28.6873,1419.08,0.011282,4795.28,-0.072897,-0.008031,-0.004791,415.917,0.05,0.239714,0.617394
