tmp.site,tmp.area,Lb,X1,Wb,POR,ALPHA,BETA,Ks,Kb,Kz,Qthresh,Rs,Rb1,Rb2,Prec,Frac4Rise,Error,BFF
06111800,4.94688e+08,145934,42017.6,1030.37,0.15,0.015894,10,184.511,881.278,0.556557,415917,-0.078757,-0.014422,-0.010956,25104.3,0.05,0.22926,0.698498
