tmp.site,tmp.area,Lb,X1,Wb,POR,ALPHA,BETA,Ks,Kb,Kz,Qthresh,Rs,Rb1,Rb2,Prec,Frac4Rise,Error,BFF
09408195,3.49389e+09,43367.7,7.22217,4.48075,0.15,0.004852,0.9,35738.2,103.538,0.281716,281.356,-0.46964,-0.02578,-0.087675,24.4657,0.05,0.444449,0.00049
