tmp.site,tmp.area,Lb,X1,Wb,POR,ALPHA,BETA,Ks,Kb,Kz,Qthresh,Rs,Rb1,Rb2,Prec,Frac4Rise,Error,BFF
040871475,5.82747e+06,5461.15,100,50.5272,0.15,0.02132,1,318.003,6782.46,0.668531,3987.91,-0.617655,-0.127516,-0.115127,19.3279,0.05,0.508289,0.171136
