tmp.site,tmp.area,Lb,X1,Wb,POR,ALPHA,BETA,Ks,Kb,Kz,Qthresh,Rs,Rb1,Rb2,Prec,Frac4Rise,Error,BFF
06017000,7.49025e+09,48045,10.2947,1712.89,0.15,0.013309,0.9,310.997,755.74,0.990834,623876,-0.04482,-0.02568,-0.035363,14700,0.05,0.468258,0.765253
