tmp.site,tmp.area,Lb,X1,Wb,POR,ALPHA,BETA,Ks,Kb,Kz,Qthresh,Rs,Rb1,Rb2,Prec,Frac4Rise,Error,BFF
06709740,6.34547e+06,10503,100,26.6057,0.15,0.032419,1,354.232,8451.11,0.521457,2642.3,-0.202733,-0.091633,-0.111881,24.4657,0.05,0.625149,0.226248
