tmp.site,tmp.area,Lb,X1,Wb,POR,ALPHA,BETA,Ks,Kb,Kz,Qthresh,Rs,Rb1,Rb2,Prec,Frac4Rise,Error,BFF
07103790,3.15979e+08,16148,0.023631,60.1421,0.15,0.01333,1,817.067,0.19261,0.937165,19817.2,-0.098478,-0.037642,-0.039346,453.252,0.05,0.339499,0.382977
