tmp.site,tmp.area,Lb,X1,Wb,POR,ALPHA,BETA,Ks,Kb,Kz,Qthresh,Rs,Rb1,Rb2,Prec,Frac4Rise,Error,BFF
11022830,2.79719e+07,81949.3,2095.32,34.4569,0.15,0.067081,4.2,165.683,9062.35,4.45846,1565.81,-0.188798,-0.266654,-0.019248,100.309,0.05,0.221245,0.225705
