tmp.site,tmp.area,Lb,X1,Wb,POR,ALPHA,BETA,Ks,Kb,Kz,Qthresh,Rs,Rb1,Rb2,Prec,Frac4Rise,Error,BFF
09503300,1.22247e+08,1248.97,0.216542,31.2475,0.15,0.001094,1,1948.6,0.201835,1.31525,8318.34,-0.182656,-0.098784,-0.100845,24.4657,0.05,4.81742,0.003067
