tmp.site,tmp.area,Lb,X1,Wb,POR,ALPHA,BETA,Ks,Kb,Kz,Qthresh,Rs,Rb1,Rb2,Prec,Frac4Rise,Error,BFF
03207020,7.76996e+08,6509.11,43.4067,2745.99,0.15,0.007738,2,1352.22,4749.83,1.07987,216747,-0.084566,-0.108631,-0.049203,3226.78,0.05,0.572056,0.759775
