tmp.site,tmp.area,Lb,X1,Wb,POR,ALPHA,BETA,Ks,Kb,Kz,Qthresh,Rs,Rb1,Rb2,Prec,Frac4Rise,Error,BFF
11470500,7.51097e+08,4881.26,29.9988,2620.72,0.15,0.005353,1,272.472,29.4615,0.988924,391451,-0.020792,-0.05323,-0.051907,4893.14,0.05,0.717222,0.201
