tmp.site,tmp.area,Lb,X1,Wb,POR,ALPHA,BETA,Ks,Kb,Kz,Qthresh,Rs,Rb1,Rb2,Prec,Frac4Rise,Error,BFF
02085500,3.85908e+08,5206.55,263.576,759.053,0.15,0.015203,1,2193.83,22180.1,0.891918,183493,-0.345051,-0.093124,-0.082868,151.687,0.05,0.497188,0.277042
