tmp.site,tmp.area,Lb,X1,Wb,POR,ALPHA,BETA,Ks,Kb,Kz,Qthresh,Rs,Rb1,Rb2,Prec,Frac4Rise,Error,BFF
02205522,1.92177e+07,13772.2,82.6861,77.0106,0.15,0.026734,0.9,769.514,7042.7,0.991966,15364.5,-0.669293,-0.085,-0.125712,24.4657,0.05,3.69398,0.216063
