tmp.site,tmp.area,Lb,X1,Wb,POR,ALPHA,BETA,Ks,Kb,Kz,Qthresh,Rs,Rb1,Rb2,Prec,Frac4Rise,Error,BFF
06327500,1.72832e+11,8380.43,100,149015,0.15,0.000147,1,0.484921,117.282,0.882485,2.24595e+07,-0.046822,-0.024788,-0.022147,660574,0.05,0.379091,0.368602
