tmp.site,tmp.area,Lb,X1,Wb,POR,ALPHA,BETA,Ks,Kb,Kz,Qthresh,Rs,Rb1,Rb2,Prec,Frac4Rise,Error,BFF
07380215,4.59723e+09,20532.9,22.5255,1152.75,0.15,0.010258,0.9,6089,7540.07,1.46811,944377,-0.164281,-0.09239,-0.187339,14129.9,0.05,1.39097,0.261619
