tmp.site,tmp.area,Lb,X1,Wb,POR,ALPHA,BETA,Ks,Kb,Kz,Qthresh,Rs,Rb1,Rb2,Prec,Frac4Rise,Error,BFF
07331205,1.2823e+08,38347.7,148.192,257.496,0.15,0.086643,1,394.912,84987.3,0.926716,6230.19,-0.116129,-0.074339,-0.091054,24.4657,0.05,1.24821,0.301048
