tmp.site,tmp.area,Lb,X1,Wb,POR,ALPHA,BETA,Ks,Kb,Kz,Qthresh,Rs,Rb1,Rb2,Prec,Frac4Rise,Error,BFF
07250550,3.91088e+11,9750.56,100,85520.1,0.15,0.02934,1,88849.6,12955.5,1.80445,5.70051e+07,-0.140943,-0.046733,-0.113944,64452.5,0.05,1.26031,0.523804
