tmp.site,tmp.area,Lb,X1,Wb,POR,ALPHA,BETA,Ks,Kb,Kz,Qthresh,Rs,Rb1,Rb2,Prec,Frac4Rise,Error,BFF
01521500,7.92536e+07,8535.81,7.23574,257.921,0.15,0.015415,1.5,640.657,1293.94,1.53462,3498.6,-0.255413,-0.109727,-0.061464,195.726,0.05,0.421356,0.328869
