tmp.site,tmp.area,Lb,X1,Wb,POR,ALPHA,BETA,Ks,Kb,Kz,Qthresh,Rs,Rb1,Rb2,Prec,Frac4Rise,Error,BFF
01350500,1.38305e+09,7652.76,100,1858.33,0.15,0.01397,1,4294.77,15976.3,0.949626,39145.1,-0.19979,-0.09186,-0.065945,1174.35,0.05,0.417398,0.415123
