tmp.site,tmp.area,Lb,X1,Wb,POR,ALPHA,BETA,Ks,Kb,Kz,Qthresh,Rs,Rb1,Rb2,Prec,Frac4Rise,Error,BFF
04214060,1.25355e+08,5859.51,100,419.132,0.15,0.014084,1,1747.87,13411.3,0.92794,188971,-0.288373,-0.116059,-0.107605,163.92,0.05,0.432694,0.251689
