tmp.site,tmp.area,Lb,X1,Wb,POR,ALPHA,BETA,Ks,Kb,Kz,Qthresh,Rs,Rb1,Rb2,Prec,Frac4Rise,Error,BFF
05311000,1.60061e+10,47426.2,100,3229.88,0.15,0.030695,1,1072.65,24879.4,0.933788,587177,-0.040701,-0.029798,-0.043396,365.518,0.05,0.840575,0.580057
