tmp.site,tmp.area,Lb,X1,Wb,POR,ALPHA,BETA,Ks,Kb,Kz,Qthresh,Rs,Rb1,Rb2,Prec,Frac4Rise,Error,BFF
05384500,3.41878e+08,1.40178e+06,100,170.047,0.15,0.034612,1,3516.22,2260.25,0.95395,114989,-0.176809,-0.023318,-0.010116,6605.74,0.05,0.289373,0.552031
