tmp.site,tmp.area,Lb,X1,Wb,POR,ALPHA,BETA,Ks,Kb,Kz,Qthresh,Rs,Rb1,Rb2,Prec,Frac4Rise,Error,BFF
02264051,1.78709e+06,1922.55,100,88.6037,0.15,0.0161,1,137.241,5230.54,0.289928,1859.39,-0.248162,-0.103563,-0.14716,24.4657,0.05,1.0905,0.220305
