tmp.site,tmp.area,Lb,X1,Wb,POR,ALPHA,BETA,Ks,Kb,Kz,Qthresh,Rs,Rb1,Rb2,Prec,Frac4Rise,Error,BFF
03430200,2.41905e+09,13866.8,4.03467,1936.48,0.15,0.007718,0.9,411.438,1281.84,1.26019,389005,-0.019072,-0.069956,-0.183274,3841.12,0.05,3.94907,0.428163
