tmp.site,tmp.area,Lb,X1,Wb,POR,ALPHA,BETA,Ks,Kb,Kz,Qthresh,Rs,Rb1,Rb2,Prec,Frac4Rise,Error,BFF
06752260,2.92151e+09,7640.22,100,747.335,0.15,0.009241,1,1514.38,13288.2,0.959175,8807.66,-0.111572,-0.076986,-0.108397,293.589,0.05,1.26946,0.283068
