tmp.site,tmp.area,Lb,X1,Wb,POR,ALPHA,BETA,Ks,Kb,Kz,Qthresh,Rs,Rb1,Rb2,Prec,Frac4Rise,Error,BFF
04085074,3.23749e+07,8596.33,46.4515,92.7699,0.15,0.029396,1,441.325,16164.4,1.05197,23854.1,-0.205667,-0.133442,-0.179917,24.4657,0.05,0.809873,0.194731
