tmp.site,tmp.area,Lb,X1,Wb,POR,ALPHA,BETA,Ks,Kb,Kz,Qthresh,Rs,Rb1,Rb2,Prec,Frac4Rise,Error,BFF
02384540,2.13415e+07,19233.8,104.497,137.899,0.15,0.023937,1.1,230.422,27920,0.753199,6874.87,-0.255413,-0.074104,-0.065261,83.1834,0.05,0.379694,0.400376
