tmp.site,tmp.area,Lb,X1,Wb,POR,ALPHA,BETA,Ks,Kb,Kz,Qthresh,Rs,Rb1,Rb2,Prec,Frac4Rise,Error,BFF
12175500,2.71949e+08,24939.7,37.8853,894.119,0.15,0.007865,1.4,782.134,4673.95,1.10877,215298,-0.111572,-0.047387,-0.035463,20551.2,0.05,0.308912,0.565566
