tmp.site,tmp.area,Lb,X1,Wb,POR,ALPHA,BETA,Ks,Kb,Kz,Qthresh,Rs,Rb1,Rb2,Prec,Frac4Rise,Error,BFF
05288490,2.49675e+08,20074.7,100,378.204,0.15,0.015153,1,348.42,12399.3,0.925188,75843.7,-0.141551,-0.038226,-0.031313,2158.12,0.05,0.266518,0.57576
