tmp.site,tmp.area,Lb,X1,Wb,POR,ALPHA,BETA,Ks,Kb,Kz,Qthresh,Rs,Rb1,Rb2,Prec,Frac4Rise,Error,BFF
07261000,4.37708e+08,6526.6,100,1314.18,0.15,0.020714,1,2322.29,15302.3,0.911184,623876,-0.189059,-0.076553,-0.111365,24.4657,0.05,1.83321,0.410293
