tmp.site,tmp.area,Lb,X1,Wb,POR,ALPHA,BETA,Ks,Kb,Kz,Qthresh,Rs,Rb1,Rb2,Prec,Frac4Rise,Error,BFF
10219000,1.33773e+10,9678.33,100,1534.13,0.15,0.010165,1,247.485,8504.78,0.962281,7339.71,-0.010374,-0.053641,-0.155262,34.252,0.05,14.6297,0.561018
