tmp.site,tmp.area,Lb,X1,Wb,POR,ALPHA,BETA,Ks,Kb,Kz,Qthresh,Rs,Rb1,Rb2,Prec,Frac4Rise,Error,BFF
02318500,3.83318e+09,7294.7,100,2859.4,0.15,0.01826,1,5454.36,15658.8,0.955539,42081,-0.111642,-0.080316,-0.072865,2691.23,0.05,0.501634,0.374991
