tmp.site,tmp.area,Lb,X1,Wb,POR,ALPHA,BETA,Ks,Kb,Kz,Qthresh,Rs,Rb1,Rb2,Prec,Frac4Rise,Error,BFF
01544000,6.34547e+08,31399.5,44.4235,753.954,0.15,0.010195,1.2,2340.63,20081.1,0.99158,19327.9,-0.127252,-0.078095,-0.05759,2209.5,0.05,0.404432,0.436827
