tmp.site,tmp.area,Lb,X1,Wb,POR,ALPHA,BETA,Ks,Kb,Kz,Qthresh,Rs,Rb1,Rb2,Prec,Frac4Rise,Error,BFF
08030500,2.4162e+10,18193.3,100,8621.48,0.15,0.017438,1,11481,14010.8,1.43787,858747,-0.091161,-0.047766,-0.068004,95416.3,0.05,0.498494,0.472896
