tmp.site,tmp.area,Lb,X1,Wb,POR,ALPHA,BETA,Ks,Kb,Kz,Qthresh,Rs,Rb1,Rb2,Prec,Frac4Rise,Error,BFF
05342000,4.27348e+08,169665,4.65528,552.602,0.15,0.013402,0.8,308.89,219.211,0.800788,278909,-0.144852,-0.013235,-0.016774,11733.8,0.05,0.205406,0.714555
