tmp.site,tmp.area,Lb,X1,Wb,POR,ALPHA,BETA,Ks,Kb,Kz,Qthresh,Rs,Rb1,Rb2,Prec,Frac4Rise,Error,BFF
05370000,1.65759e+08,22299.9,100,315.974,0.15,0.006045,1,588.873,422.837,0.952796,19327.9,-0.202733,-0.066884,-0.019385,1663.67,0.05,0.257285,0.369411
