tmp.site,tmp.area,Lb,X1,Wb,POR,ALPHA,BETA,Ks,Kb,Kz,Qthresh,Rs,Rb1,Rb2,Prec,Frac4Rise,Error,BFF
05374900,3.62598e+09,41893.4,14242,2126.17,0.15,0.008044,6.1,1914.73,2496.14,0.675638,1.13521e+06,-0.076545,-0.039083,-0.017633,54069.2,0.05,0.277621,0.527427
