tmp.site,tmp.area,Lb,X1,Wb,POR,ALPHA,BETA,Ks,Kb,Kz,Qthresh,Rs,Rb1,Rb2,Prec,Frac4Rise,Error,BFF
03116196,3.70368e+08,6477.27,0.093941,672.813,0.15,0.013114,1.2,1893.48,9.98827,1.14988,32784.1,-0.332058,-0.095825,-0.073144,2144.54,0.05,0.373603,0.370206
