tmp.site,tmp.area,Lb,X1,Wb,POR,ALPHA,BETA,Ks,Kb,Kz,Qthresh,Rs,Rb1,Rb2,Prec,Frac4Rise,Error,BFF
04164151,2.33617e+08,8381.56,100,333.973,0.15,0.011521,1,484.136,7443.07,0.913354,13998.3,-0.163457,-0.088984,-0.03736,1285.84,0.05,0.371361,0.33025
