tmp.site,tmp.area,Lb,X1,Wb,POR,ALPHA,BETA,Ks,Kb,Kz,Qthresh,Rs,Rb1,Rb2,Prec,Frac4Rise,Error,BFF
08484500,1.6291e+08,876671,2.87462,81.7853,0.15,0.020791,0.9,83.2603,15427.6,0.683666,25040.7,-0.078182,-0.021895,-0.127622,9.78629,0.05,10.6433,0.48232
