tmp.site,tmp.area,Lb,X1,Wb,POR,ALPHA,BETA,Ks,Kb,Kz,Qthresh,Rs,Rb1,Rb2,Prec,Frac4Rise,Error,BFF
03051000,1.07485e+09,6276.76,100,1830.76,0.15,0.011885,1,6069.59,17147.2,1.23917,13211.5,-0.212308,-0.091111,-0.091795,1634.07,0.05,0.412698,0.392302
