tmp.site,tmp.area,Lb,X1,Wb,POR,ALPHA,BETA,Ks,Kb,Kz,Qthresh,Rs,Rb1,Rb2,Prec,Frac4Rise,Error,BFF
06887000,2.49675e+10,18155.6,26.3068,2670.39,0.15,0.00548,0.9,377.596,5256.57,0.995995,2.36094e+06,-0.005587,-0.066843,-0.115379,8073.69,0.05,1.73025,0.360614
