tmp.site,tmp.area,Lb,X1,Wb,POR,ALPHA,BETA,Ks,Kb,Kz,Qthresh,Rs,Rb1,Rb2,Prec,Frac4Rise,Error,BFF
03248300,2.77129e+08,34077.6,98.0252,1081.24,0.15,0.024743,1.1,2692.27,39684.6,1.32736,7829.03,-0.27819,-0.078453,-0.063199,421.006,0.05,0.506264,0.361698
