tmp.site,tmp.area,Lb,X1,Wb,POR,ALPHA,BETA,Ks,Kb,Kz,Qthresh,Rs,Rb1,Rb2,Prec,Frac4Rise,Error,BFF
07196090,2.13674e+09,7433.74,100,2363.57,0.15,0.007454,1,4825.84,3869.59,0.961168,290873,-0.175825,-0.0722,-0.028709,32784.1,0.05,0.361001,0.342551
