tmp.site,tmp.area,Lb,X1,Wb,POR,ALPHA,BETA,Ks,Kb,Kz,Qthresh,Rs,Rb1,Rb2,Prec,Frac4Rise,Error,BFF
03357350,7.76996e+06,8723.01,100,59.9295,0.15,0.037854,1,343.436,16725.9,0.642761,2691.23,-0.323412,-0.105025,-0.108885,24.4657,0.05,0.63841,0.220678
