tmp.site,tmp.area,Lb,X1,Wb,POR,ALPHA,BETA,Ks,Kb,Kz,Qthresh,Rs,Rb1,Rb2,Prec,Frac4Rise,Error,BFF
01402630,2.16005e+07,6707.06,100,149.457,0.15,0.01589,1,532.507,10175.7,0.998074,3504.47,-0.453659,-0.121856,-0.110108,92.9697,0.05,0.454185,0.218721
