tmp.site,tmp.area,Lb,X1,Wb,POR,ALPHA,BETA,Ks,Kb,Kz,Qthresh,Rs,Rb1,Rb2,Prec,Frac4Rise,Error,BFF
02097464,2.16264e+07,13801.9,124.175,59.231,0.15,0.061551,1,373.324,20223.4,0.538389,17126,-0.279808,-0.086508,-0.091934,24.4657,0.05,0.75098,0.236907
