tmp.site,tmp.area,Lb,X1,Wb,POR,ALPHA,BETA,Ks,Kb,Kz,Qthresh,Rs,Rb1,Rb2,Prec,Frac4Rise,Error,BFF
01031500,7.66636e+08,10977.7,0.193359,1426.55,0.15,0.015711,1.1,3286.21,24.6772,1.06422,481975,-0.150855,-0.06768,-0.055658,4403.83,0.05,0.425036,0.422747
