tmp.site,tmp.area,Lb,X1,Wb,POR,ALPHA,BETA,Ks,Kb,Kz,Qthresh,Rs,Rb1,Rb2,Prec,Frac4Rise,Error,BFF
01481500,8.13256e+08,16379.8,100,1203.82,0.15,0.009147,1,2969.89,7884.3,0.98007,384112,-0.369312,-0.049387,-0.03887,19572.6,0.05,0.290106,0.492642
