tmp.site,tmp.area,Lb,X1,Wb,POR,ALPHA,BETA,Ks,Kb,Kz,Qthresh,Rs,Rb1,Rb2,Prec,Frac4Rise,Error,BFF
10132000,1.88292e+09,29892.7,105.551,1203.82,0.15,0.014157,0.9,307.65,20385,1.17523,2471.04,-0.031785,-0.037363,-0.181398,100.309,0.05,17.3012,0.681122
