tmp.site,tmp.area,Lb,X1,Wb,POR,ALPHA,BETA,Ks,Kb,Kz,Qthresh,Rs,Rb1,Rb2,Prec,Frac4Rise,Error,BFF
05069000,1.19139e+09,26995,100,320.849,0.15,0.009048,1,755.139,4090.81,0.969513,24465.7,-0.091161,-0.051001,-0.021226,1223.29,0.05,0.443318,0.199303
