tmp.site,tmp.area,Lb,X1,Wb,POR,ALPHA,BETA,Ks,Kb,Kz,Qthresh,Rs,Rb1,Rb2,Prec,Frac4Rise,Error,BFF
09047700,2.36725e+07,12121.8,3130.98,229.78,0.15,0.011262,2.9,168.909,1107.55,0.122851,5382.46,-0.102926,-0.018287,-0.007775,342.52,0.05,0.294491,0.401127
