tmp.site,tmp.area,Lb,X1,Wb,POR,ALPHA,BETA,Ks,Kb,Kz,Qthresh,Rs,Rb1,Rb2,Prec,Frac4Rise,Error,BFF
01421610,4.14398e+07,10159.8,100,260.781,0.15,0.027665,1,211.291,13210.3,0.601758,6165.36,-0.236879,-0.048922,-0.045768,415.917,0.05,0.333707,0.528396
