tmp.site,tmp.area,Lb,X1,Wb,POR,ALPHA,BETA,Ks,Kb,Kz,Qthresh,Rs,Rb1,Rb2,Prec,Frac4Rise,Error,BFF
06318500,3.10799e+08,38462.4,24.6899,206.766,0.15,0.011093,1,148.693,5939.89,1.0032,24221.1,-0.143841,-0.035375,-0.03909,244.657,0.05,0.528043,0.411669
