tmp.site,tmp.area,Lb,X1,Wb,POR,ALPHA,BETA,Ks,Kb,Kz,Qthresh,Rs,Rb1,Rb2,Prec,Frac4Rise,Error,BFF
09537200,2.04868e+08,92079.7,51.9261,20.5326,0.15,0.05569,0.9,267.842,3102.77,0.083957,1663.67,-0.143841,-0.008894,-0.033798,24.4657,0.05,0.878538,0.136273
