tmp.site,tmp.area,Lb,X1,Wb,POR,ALPHA,BETA,Ks,Kb,Kz,Qthresh,Rs,Rb1,Rb2,Prec,Frac4Rise,Error,BFF
01037000,5.05048e+08,7656.77,100,1244.44,0.15,0.019917,1,2097.67,12307.1,1.01706,342520,-0.149527,-0.064646,-0.066065,776.493,0.05,0.469442,0.388191
