tmp.site,tmp.area,Lb,X1,Wb,POR,ALPHA,BETA,Ks,Kb,Kz,Qthresh,Rs,Rb1,Rb2,Prec,Frac4Rise,Error,BFF
11046325,2.39574e+08,21889.4,100,9.55251,0.15,0.01,1,4209.58,721.257,0.016123,293.589,-1.15129,-0.002,-0.001,293.589,0.05,0.002294,0
