tmp.site,tmp.area,Lb,X1,Wb,POR,ALPHA,BETA,Ks,Kb,Kz,Qthresh,Rs,Rb1,Rb2,Prec,Frac4Rise,Error,BFF
07057370,2.08235e+10,33438.9,3.9087,5044.66,0.15,0.008434,0.9,15799.7,1795.16,1.50163,3.13161e+06,-0.110818,-0.042294,-0.087553,182896,0.05,0.495203,0.50996
