tmp.site,tmp.area,Lb,X1,Wb,POR,ALPHA,BETA,Ks,Kb,Kz,Qthresh,Rs,Rb1,Rb2,Prec,Frac4Rise,Error,BFF
11102300,3.21159e+08,7455.38,100,585.539,0.15,0.01609,1,484.574,21946.3,0.936672,364539,-0.077075,-0.056744,-0.204536,24.4657,0.05,261.233,0.311763
