tmp.site,tmp.area,Lb,X1,Wb,POR,ALPHA,BETA,Ks,Kb,Kz,Qthresh,Rs,Rb1,Rb2,Prec,Frac4Rise,Error,BFF
402114105350101,1.03082e+08,21896.2,100,193.448,0.15,0.011845,1,299.933,6585.04,0.614657,15146.7,-0.110633,-0.029509,-0.019868,511.333,0.05,0.410269,0.246147
