tmp.site,tmp.area,Lb,X1,Wb,POR,ALPHA,BETA,Ks,Kb,Kz,Qthresh,Rs,Rb1,Rb2,Prec,Frac4Rise,Error,BFF
06892495,1.51255e+08,7850.29,1.51324,319.205,0.15,0.011999,1.5,1035.5,196.797,0.973122,7940.59,-0.286097,-0.122977,-0.07483,562.711,0.05,0.433595,0.239478
