tmp.site,tmp.area,Lb,X1,Wb,POR,ALPHA,BETA,Ks,Kb,Kz,Qthresh,Rs,Rb1,Rb2,Prec,Frac4Rise,Error,BFF
03455000,4.8122e+09,35066.9,18.3667,2831.62,0.15,0.008852,3.6,6457.18,136.285,1.12546,1.37497e+06,-0.19709,-0.047542,-0.033328,130158,0.05,0.254721,0.571515
