tmp.site,tmp.area,Lb,X1,Wb,POR,ALPHA,BETA,Ks,Kb,Kz,Qthresh,Rs,Rb1,Rb2,Prec,Frac4Rise,Error,BFF
03280000,2.85158e+09,7474.87,100,2450.32,0.15,0.014113,1,7483.51,12283.8,1.22652,315608,-0.192122,-0.081155,-0.079061,2691.23,0.05,0.424882,0.350641
