tmp.site,tmp.area,Lb,X1,Wb,POR,ALPHA,BETA,Ks,Kb,Kz,Qthresh,Rs,Rb1,Rb2,Prec,Frac4Rise,Error,BFF
01643395,3.03029e+06,6695.91,346.271,90.8467,0.15,0.00912,9.4,152.591,1481.45,0.235471,1712.6,-0.330699,-0.057384,-0.030908,34.252,0.05,0.32546,0.413291
