tmp.site,tmp.area,Lb,X1,Wb,POR,ALPHA,BETA,Ks,Kb,Kz,Qthresh,Rs,Rb1,Rb2,Prec,Frac4Rise,Error,BFF
01166500,9.63476e+08,13481.8,100,1377.4,0.15,0.015736,1,1786.56,15371.7,1.0053,841621,-0.089529,-0.047908,-0.056237,11254.2,0.05,0.353672,0.525518
