tmp.site,tmp.area,Lb,X1,Wb,POR,ALPHA,BETA,Ks,Kb,Kz,Qthresh,Rs,Rb1,Rb2,Prec,Frac4Rise,Error,BFF
07143672,1.9658e+09,15300.3,12.6923,437.769,0.15,0.003037,1.1,942.074,1535.88,3.49923,46484.9,-0.201118,-0.140941,-0.120679,24.4657,0.05,7.80325,0.076224
