tmp.site,tmp.area,Lb,X1,Wb,POR,ALPHA,BETA,Ks,Kb,Kz,Qthresh,Rs,Rb1,Rb2,Prec,Frac4Rise,Error,BFF
05536118,4.63608e+08,10604,182.735,1917.88,0.15,0.007499,1,519.518,10044.1,0.731217,1.22573e+06,-0.17424,-0.045383,-0.044405,61242.6,0.05,0.139779,0.750267
