tmp.site,tmp.area,Lb,X1,Wb,POR,ALPHA,BETA,Ks,Kb,Kz,Qthresh,Rs,Rb1,Rb2,Prec,Frac4Rise,Error,BFF
01421618,3.70368e+07,16800.1,100,173.121,0.15,0.044685,1,1013.88,14037.2,0.94052,3449.67,-0.292123,-0.070543,-0.062447,163.92,0.05,0.550347,0.259235
