tmp.site,tmp.area,Lb,X1,Wb,POR,ALPHA,BETA,Ks,Kb,Kz,Qthresh,Rs,Rb1,Rb2,Prec,Frac4Rise,Error,BFF
06928000,3.23749e+09,5119.18,284.698,2953.29,0.15,0.016041,1.2,3700.69,5618.02,2.37457,185939,-0.113923,-0.079955,-0.033041,9786.29,0.05,0.379673,0.308292
