tmp.site,tmp.area,Lb,X1,Wb,POR,ALPHA,BETA,Ks,Kb,Kz,Qthresh,Rs,Rb1,Rb2,Prec,Frac4Rise,Error,BFF
07316500,2.00724e+09,15204.3,77.6242,176.367,0.15,0.064265,0.9,1997.88,11183,1.17205,61164.3,-0.13235,-0.058353,-0.117727,24.4657,0.05,41.7943,0.180951
