tmp.site,tmp.area,Lb,X1,Wb,POR,ALPHA,BETA,Ks,Kb,Kz,Qthresh,Rs,Rb1,Rb2,Prec,Frac4Rise,Error,BFF
03029500,2.09012e+09,14402.5,0.542335,2389.72,0.15,0.010534,2.1,5044.68,24.4244,0.972172,746204,-0.202733,-0.064872,-0.041962,23487.1,0.05,0.3364,0.531301
