tmp.site,tmp.area,Lb,X1,Wb,POR,ALPHA,BETA,Ks,Kb,Kz,Qthresh,Rs,Rb1,Rb2,Prec,Frac4Rise,Error,BFF
05288580,4.04038e+08,56613.4,37.6726,1079.33,0.15,0.017104,0.9,620.766,7639.12,0.149568,101043,-0.066123,-0.020994,-0.038962,358.08,0.05,0.763747,0.604047
