tmp.site,tmp.area,Lb,X1,Wb,POR,ALPHA,BETA,Ks,Kb,Kz,Qthresh,Rs,Rb1,Rb2,Prec,Frac4Rise,Error,BFF
08169000,3.36698e+08,50628,100,3037.02,0.15,0.012887,1,511.765,1074.84,0.222421,709506,-0.128915,-0.00368,-0.007164,11743.5,0.05,0.28874,0.717187
