tmp.site,tmp.area,Lb,X1,Wb,POR,ALPHA,BETA,Ks,Kb,Kz,Qthresh,Rs,Rb1,Rb2,Prec,Frac4Rise,Error,BFF
01381800,1.77414e+08,36646.5,53.8136,302.358,0.15,0.010263,1,860.054,12714,0.909858,72907.8,-0.142428,-0.063148,-0.067079,5015.47,0.05,0.342107,0.39276
