tmp.site,tmp.area,Lb,X1,Wb,POR,ALPHA,BETA,Ks,Kb,Kz,Qthresh,Rs,Rb1,Rb2,Prec,Frac4Rise,Error,BFF
07227420,2.45272e+08,22148.2,100,9.66544,0.15,0.01,1,4259.35,737.536,0.001267,30826.8,-1.15129,-0.002,-0.001,30826.8,0.05,0,0
