tmp.site,tmp.area,Lb,X1,Wb,POR,ALPHA,BETA,Ks,Kb,Kz,Qthresh,Rs,Rb1,Rb2,Prec,Frac4Rise,Error,BFF
02453500,4.96242e+09,9144.91,0.029594,3529.29,0.15,0.014474,1,9299.29,5.29761,2.27214,354753,-0.150052,-0.083117,-0.083268,18104.6,0.05,0.474327,0.436488
