tmp.site,tmp.area,Lb,X1,Wb,POR,ALPHA,BETA,Ks,Kb,Kz,Qthresh,Rs,Rb1,Rb2,Prec,Frac4Rise,Error,BFF
14159500,5.38718e+08,13824.2,56.0044,1958.34,0.15,0.003738,1,77.2034,1043.3,0.985948,868044,-0.011374,-0.045892,-0.045244,46240.2,0.05,0.372329,0.367817
