tmp.site,tmp.area,Lb,X1,Wb,POR,ALPHA,BETA,Ks,Kb,Kz,Qthresh,Rs,Rb1,Rb2,Prec,Frac4Rise,Error,BFF
03441000,1.04636e+08,26812.1,100,494.504,0.15,0.01313,1,570.619,11728.8,0.881773,73397.1,-0.346574,-0.041807,-0.025927,5871.77,0.05,0.245467,0.5709
