tmp.site,tmp.area,Lb,X1,Wb,POR,ALPHA,BETA,Ks,Kb,Kz,Qthresh,Rs,Rb1,Rb2,Prec,Frac4Rise,Error,BFF
03524000,1.38046e+09,16213.7,2.62354,1328.44,0.15,0.010469,2.3,3719.24,82.1451,0.782323,212852,-0.177237,-0.075571,-0.042645,14434.8,0.05,0.320548,0.437127
