tmp.site,tmp.area,Lb,X1,Wb,POR,ALPHA,BETA,Ks,Kb,Kz,Qthresh,Rs,Rb1,Rb2,Prec,Frac4Rise,Error,BFF
08128400,5.39754e+09,9292.24,100,6.93141,0.15,0.004408,1,24285.7,55.4211,0.914964,28135.6,-0.143841,-0.047687,-0.127564,24.4657,0.05,0.415961,0.000144
