tmp.site,tmp.area,Lb,X1,Wb,POR,ALPHA,BETA,Ks,Kb,Kz,Qthresh,Rs,Rb1,Rb2,Prec,Frac4Rise,Error,BFF
09306255,6.78577e+08,5.76992e+06,100,18.8475,0.15,0.02118,1,3460.88,1664.55,0.329298,2789.09,-0.143841,-0.017856,-0.033045,31.8054,0.05,0.994159,0.270141
