tmp.site,tmp.area,Lb,X1,Wb,POR,ALPHA,BETA,Ks,Kb,Kz,Qthresh,Rs,Rb1,Rb2,Prec,Frac4Rise,Error,BFF
05484000,2.57445e+09,22747.4,39.2258,1127.33,0.15,0.008441,1.4,3332.91,3459.03,0.826928,237317,-0.134272,-0.064926,-0.042736,7829.03,0.05,0.415763,0.393808
