tmp.site,tmp.area,Lb,X1,Wb,POR,ALPHA,BETA,Ks,Kb,Kz,Qthresh,Rs,Rb1,Rb2,Prec,Frac4Rise,Error,BFF
02047500,7.51097e+08,11427.2,90.8872,1186.83,0.15,0.022716,0.9,1226.51,22200,1.22286,753544,-0.08908,-0.061306,-0.146774,24.4657,0.05,14.8388,0.5092
