tmp.site,tmp.area,Lb,X1,Wb,POR,ALPHA,BETA,Ks,Kb,Kz,Qthresh,Rs,Rb1,Rb2,Prec,Frac4Rise,Error,BFF
03072655,1.14995e+10,4676.73,100,14679.9,0.15,0.025884,1,17118.2,18402.9,2.96254,1.25754e+06,-0.157704,-0.068295,-0.094004,121350,0.05,0.359279,0.571051
