tmp.site,tmp.area,Lb,X1,Wb,POR,ALPHA,BETA,Ks,Kb,Kz,Qthresh,Rs,Rb1,Rb2,Prec,Frac4Rise,Error,BFF
14318000,4.58428e+08,9581.18,100,1105.75,0.15,0.006833,1,4221.25,5283.23,0.930604,38900.5,-0.177677,-0.070276,-0.021601,3278.41,0.05,0.391568,0.279062
