tmp.site,tmp.area,Lb,X1,Wb,POR,ALPHA,BETA,Ks,Kb,Kz,Qthresh,Rs,Rb1,Rb2,Prec,Frac4Rise,Error,BFF
02336120,9.01316e+07,5288.63,100,368.852,0.15,0.009822,1,2010.57,8773.46,0.974959,115478,-0.714106,-0.122921,-0.115362,550.797,0.05,0.447844,0.205756
