tmp.site,tmp.area,Lb,X1,Wb,POR,ALPHA,BETA,Ks,Kb,Kz,Qthresh,Rs,Rb1,Rb2,Prec,Frac4Rise,Error,BFF
09498503,2.82309e+06,3020.61,100,12.9818,0.15,0.005666,1,54.0058,151.821,0.265194,318.054,-0.143841,-0.08045,-0.047712,24.4657,0.05,0.574789,0.009533
