tmp.site,tmp.area,Lb,X1,Wb,POR,ALPHA,BETA,Ks,Kb,Kz,Qthresh,Rs,Rb1,Rb2,Prec,Frac4Rise,Error,BFF
01119500,3.13389e+08,16870.9,100,762.573,0.15,0.023058,1,1080.86,19743.9,1.03669,401238,-0.187614,-0.049921,-0.066857,3044.51,0.05,0.374268,0.505773
