tmp.site,tmp.area,Lb,X1,Wb,POR,ALPHA,BETA,Ks,Kb,Kz,Qthresh,Rs,Rb1,Rb2,Prec,Frac4Rise,Error,BFF
07303000,7.33485e+09,5070.86,96.5627,125.731,0.15,0.002863,1,7857.7,1447.91,0.992402,10030.9,-0.099481,-0.109018,-0.086241,24.4657,0.05,2.08909,0.005462
