tmp.site,tmp.area,Lb,X1,Wb,POR,ALPHA,BETA,Ks,Kb,Kz,Qthresh,Rs,Rb1,Rb2,Prec,Frac4Rise,Error,BFF
03007800,6.42317e+08,8232.28,0.131115,1302.51,0.15,0.012875,1.6,1839.31,5.98693,0.840939,54372.6,-0.124644,-0.069893,-0.043302,4403.83,0.05,0.331753,0.462976
