tmp.site,tmp.area,Lb,X1,Wb,POR,ALPHA,BETA,Ks,Kb,Kz,Qthresh,Rs,Rb1,Rb2,Prec,Frac4Rise,Error,BFF
01440000,1.65759e+08,24539.2,115.145,481.403,0.15,0.013912,1.9,873.808,12571.2,1.02674,41347.1,-0.255797,-0.054935,-0.033462,2104.05,0.05,0.302018,0.519417
