tmp.site,tmp.area,Lb,X1,Wb,POR,ALPHA,BETA,Ks,Kb,Kz,Qthresh,Rs,Rb1,Rb2,Prec,Frac4Rise,Error,BFF
02293055,1.77155e+08,10859.2,100,622.786,0.15,0.03057,1,524.385,17906.9,1.08586,227531,-0.147483,-0.05078,-0.114745,208.839,0.05,1.06049,0.571669
