tmp.site,tmp.area,Lb,X1,Wb,POR,ALPHA,BETA,Ks,Kb,Kz,Qthresh,Rs,Rb1,Rb2,Prec,Frac4Rise,Error,BFF
04177266,2.63661e+08,24197.5,100,380.188,0.15,0.014751,1,540.33,32700.6,0.982589,65568.1,-0.194029,-0.060174,-0.052885,746.914,0.05,0.378084,0.500795
