tmp.site,tmp.area,Lb,X1,Wb,POR,ALPHA,BETA,Ks,Kb,Kz,Qthresh,Rs,Rb1,Rb2,Prec,Frac4Rise,Error,BFF
01362232,2.37243e+07,3730.21,100,371.639,0.15,0.020898,1,253.014,6589.44,0.891604,3449.67,-0.155038,-0.08556,-0.027058,306.873,0.05,0.346815,0.483184
