tmp.site,tmp.area,Lb,X1,Wb,POR,ALPHA,BETA,Ks,Kb,Kz,Qthresh,Rs,Rb1,Rb2,Prec,Frac4Rise,Error,BFF
02388350,5.80157e+08,5074.57,100,1515.4,0.15,0.005959,1,4330.03,2313.38,1.07566,91049.2,-0.246716,-0.115364,-0.035976,7037.81,0.05,0.365127,0.238592
