tmp.site,tmp.area,Lb,X1,Wb,POR,ALPHA,BETA,Ks,Kb,Kz,Qthresh,Rs,Rb1,Rb2,Prec,Frac4Rise,Error,BFF
02430680,3.39288e+08,6102.09,0.252065,780.325,0.15,0.010348,1.1,4621.66,47.0113,1.35023,281356,-0.453927,-0.146361,-0.113111,63.6109,0.05,0.583622,0.191294
