tmp.site,tmp.area,Lb,X1,Wb,POR,ALPHA,BETA,Ks,Kb,Kz,Qthresh,Rs,Rb1,Rb2,Prec,Frac4Rise,Error,BFF
07055680,4.92098e+08,28469.7,64.4012,719.353,0.15,0.011272,1.2,2146.85,37375.1,1.57936,78253.6,-0.174233,-0.093366,-0.063811,285.808,0.05,0.435386,0.399831
