tmp.site,tmp.area,Lb,X1,Wb,POR,ALPHA,BETA,Ks,Kb,Kz,Qthresh,Rs,Rb1,Rb2,Prec,Frac4Rise,Error,BFF
11315030,5.64617e+07,22273.7,57.488,271.089,0.15,0.009533,0.9,234.179,9387.33,1.71812,9541.63,-0.06709,-0.047382,-0.066656,24.4657,0.05,1.81538,0.493311
