tmp.site,tmp.area,Lb,X1,Wb,POR,ALPHA,BETA,Ks,Kb,Kz,Qthresh,Rs,Rb1,Rb2,Prec,Frac4Rise,Error,BFF
01038000,3.78138e+08,23748.8,87.3589,961.535,0.15,0.017618,1.3,922.45,18362.4,1.19109,24465.7,-0.111572,-0.049868,-0.033489,2128.52,0.05,0.336474,0.580265
