tmp.site,tmp.area,Lb,X1,Wb,POR,ALPHA,BETA,Ks,Kb,Kz,Qthresh,Rs,Rb1,Rb2,Prec,Frac4Rise,Error,BFF
07144486,4.16988e+07,10504.5,64.1776,101.073,0.15,0.010074,1,638.755,43128,1.10912,8237.61,-0.276072,-0.200912,-0.229447,24.4657,0.05,0.913802,0.115524
