tmp.site,tmp.area,Lb,X1,Wb,POR,ALPHA,BETA,Ks,Kb,Kz,Qthresh,Rs,Rb1,Rb2,Prec,Frac4Rise,Error,BFF
01534000,9.91965e+08,13261,11.2132,1514.25,0.15,0.011445,1.3,4170.41,1673.74,1.19665,48931.4,-0.241899,-0.074422,-0.050507,5137.8,0.05,0.345844,0.475848
