tmp.site,tmp.area,Lb,X1,Wb,POR,ALPHA,BETA,Ks,Kb,Kz,Qthresh,Rs,Rb1,Rb2,Prec,Frac4Rise,Error,BFF
02091500,1.89846e+09,16169.5,100,1490.56,0.15,0.014209,1,2457.01,20892.1,0.923235,171260,-0.091161,-0.06141,-0.065516,8807.66,0.05,0.441714,0.475281
