tmp.site,tmp.area,Lb,X1,Wb,POR,ALPHA,BETA,Ks,Kb,Kz,Qthresh,Rs,Rb1,Rb2,Prec,Frac4Rise,Error,BFF
04176400,2.45013e+08,4230.15,100,581.508,0.15,0.011788,1,366.783,2649.87,0.959719,57005.1,-0.202733,-0.073076,-0.032115,1981.72,0.05,0.320894,0.390066
