tmp.site,tmp.area,Lb,X1,Wb,POR,ALPHA,BETA,Ks,Kb,Kz,Qthresh,Rs,Rb1,Rb2,Prec,Frac4Rise,Error,BFF
02430615,2.87489e+07,13203.6,64.9267,200.007,0.15,0.009799,0.9,574.566,6822.24,0.348249,10520.3,-0.386595,-0.036557,-0.066265,418.364,0.05,0.387938,0.297123
