tmp.site,tmp.area,Lb,X1,Wb,POR,ALPHA,BETA,Ks,Kb,Kz,Qthresh,Rs,Rb1,Rb2,Prec,Frac4Rise,Error,BFF
08095400,2.02537e+08,21822.3,100,180.085,0.15,0.044688,1,740.471,26910.2,0.964074,19572.6,-0.202733,-0.074002,-0.070138,24.4657,0.05,2.14545,0.19406
