tmp.site,tmp.area,Lb,X1,Wb,POR,ALPHA,BETA,Ks,Kb,Kz,Qthresh,Rs,Rb1,Rb2,Prec,Frac4Rise,Error,BFF
02080500,2.17145e+10,76050.9,5.01426,2251.44,0.15,0.006082,0.9,5915.77,1616.03,1.47262,6.48341e+06,-0.034496,-0.048052,-0.080807,274016,0.05,0.541793,0.437164
