tmp.site,tmp.area,Lb,X1,Wb,POR,ALPHA,BETA,Ks,Kb,Kz,Qthresh,Rs,Rb1,Rb2,Prec,Frac4Rise,Error,BFF
04137680,6.13827e+08,22396.8,100,603.973,0.15,0.008505,1,534.546,5097.53,0.985796,155793,-0.113055,-0.071809,-0.014445,15486.8,0.05,0.236021,0.56033
