tmp.site,tmp.area,Lb,X1,Wb,POR,ALPHA,BETA,Ks,Kb,Kz,Qthresh,Rs,Rb1,Rb2,Prec,Frac4Rise,Error,BFF
09152500,2.05205e+10,4691.42,5.39634,41502.9,0.15,0.000771,1,201.039,247.184,1.19981,6.01857e+06,-0.061558,-0.031785,-0.032401,88810.5,0.05,0.341738,0.817619
