tmp.site,tmp.area,Lb,X1,Wb,POR,ALPHA,BETA,Ks,Kb,Kz,Qthresh,Rs,Rb1,Rb2,Prec,Frac4Rise,Error,BFF
08087300,1.47552e+10,3030.25,100,1584.7,0.15,0.007916,1,9198.3,13100.9,0.965846,293589,-0.204521,-0.139091,-0.16861,24.4657,0.05,9.58019,0.130269
