tmp.site,tmp.area,Lb,X1,Wb,POR,ALPHA,BETA,Ks,Kb,Kz,Qthresh,Rs,Rb1,Rb2,Prec,Frac4Rise,Error,BFF
03361617,2.53301e+08,10665.1,3222.61,800.366,0.15,0.009282,2.6,730.825,9885.87,0.627382,81617.6,-0.213472,-0.078226,-0.030404,2172.31,0.05,0.275682,0.417015
