tmp.site,tmp.area,Lb,X1,Wb,POR,ALPHA,BETA,Ks,Kb,Kz,Qthresh,Rs,Rb1,Rb2,Prec,Frac4Rise,Error,BFF
11181008,1.42708e+07,6278.76,2283.24,72.7787,0.15,0.020793,4.3,802.945,1979.78,0.514424,1076.49,-0.346574,-0.165317,-0.058139,26.9123,0.05,0.463406,0.096217
