tmp.site,tmp.area,Lb,X1,Wb,POR,ALPHA,BETA,Ks,Kb,Kz,Qthresh,Rs,Rb1,Rb2,Prec,Frac4Rise,Error,BFF
07188000,6.51641e+09,48749.1,56.843,1656.59,0.15,0.006093,1.8,7392.11,9565.4,1.13929,562711,-0.156426,-0.078891,-0.046843,22039,0.05,0.407929,0.346313
