tmp.site,tmp.area,Lb,X1,Wb,POR,ALPHA,BETA,Ks,Kb,Kz,Qthresh,Rs,Rb1,Rb2,Prec,Frac4Rise,Error,BFF
11159200,7.20017e+07,16551.7,100,174.896,0.15,0.021582,1,598.245,12291.7,0.955776,2177.45,-0.279061,-0.0843,-0.108445,24.4657,0.05,6.24173,0.191847
