tmp.site,tmp.area,Lb,X1,Wb,POR,ALPHA,BETA,Ks,Kb,Kz,Qthresh,Rs,Rb1,Rb2,Prec,Frac4Rise,Error,BFF
09510170,6.73397e+06,943.181,201.902,89.7306,0.15,0.043475,0.9,9275.11,78.9829,0.206212,611.643,-0.391901,-0.129019,-0.150746,244.657,0.05,0.276941,0.01402
