tmp.site,tmp.area,Lb,X1,Wb,POR,ALPHA,BETA,Ks,Kb,Kz,Qthresh,Rs,Rb1,Rb2,Prec,Frac4Rise,Error,BFF
02197300,2.25329e+08,9282.29,240.39,1510.74,0.15,0.00956,1,461.779,2750.97,0.368908,215298,-0.280026,-0.016022,-0.015272,14190.1,0.05,0.161682,0.778282
