tmp.site,tmp.area,Lb,X1,Wb,POR,ALPHA,BETA,Ks,Kb,Kz,Qthresh,Rs,Rb1,Rb2,Prec,Frac4Rise,Error,BFF
14246900,6.65368e+11,18974,4.79047,157493,0.15,0.007812,0.9,10745.7,1143.76,3.63272,2.32914e+08,-0.054701,-0.018459,-0.020789,2.12918e+07,0.05,0.169689,0.912127
