tmp.site,tmp.area,Lb,X1,Wb,POR,ALPHA,BETA,Ks,Kb,Kz,Qthresh,Rs,Rb1,Rb2,Prec,Frac4Rise,Error,BFF
03117500,6.55267e+08,10759.2,1.856,938.496,0.15,0.011749,4.8,1952.5,14.5878,1.29906,107649,-0.200264,-0.071775,-0.03279,5161.78,0.05,0.336036,0.448313
