tmp.site,tmp.area,Lb,X1,Wb,POR,ALPHA,BETA,Ks,Kb,Kz,Qthresh,Rs,Rb1,Rb2,Prec,Frac4Rise,Error,BFF
02336340,4.61018e+07,4532.79,47.645,406.706,0.15,0.008221,1,1031.31,24851.7,1.2866,11034,-0.613682,-0.10623,-0.117654,411.024,0.05,0.520083,0.426934
