tmp.site,tmp.area,Lb,X1,Wb,POR,ALPHA,BETA,Ks,Kb,Kz,Qthresh,Rs,Rb1,Rb2,Prec,Frac4Rise,Error,BFF
04064500,1.38046e+09,14703.4,100,1254.51,0.15,0.009522,1,534.876,11665.5,0.934585,601857,-0.071859,-0.039344,-0.045138,17838,0.05,0.31627,0.65498
