tmp.site,tmp.area,Lb,X1,Wb,POR,ALPHA,BETA,Ks,Kb,Kz,Qthresh,Rs,Rb1,Rb2,Prec,Frac4Rise,Error,BFF
07211500,7.38147e+09,20480.8,12.6338,176.118,0.15,0.008011,0.9,8229.99,355.213,0.842719,51378,-0.156089,-0.0731,-0.123949,24.4657,0.05,19.5966,0.083052
