tmp.site,tmp.area,Lb,X1,Wb,POR,ALPHA,BETA,Ks,Kb,Kz,Qthresh,Rs,Rb1,Rb2,Prec,Frac4Rise,Error,BFF
04265000,8.62466e+08,14843.8,1.26901,1337.94,0.15,0.011485,1.1,3285.15,131.126,1.06833,217745,-0.139284,-0.051885,-0.046046,20061.9,0.05,0.365248,0.468476
