tmp.site,tmp.area,Lb,X1,Wb,POR,ALPHA,BETA,Ks,Kb,Kz,Qthresh,Rs,Rb1,Rb2,Prec,Frac4Rise,Error,BFF
08157540,1.27945e+07,12090.6,18.7295,191.621,0.15,0.005953,0.9,63.6644,254.327,0.171191,20037.4,-0.037904,-0.028084,-0.164167,24.4657,0.05,11.1592,0.57605
