tmp.site,tmp.area,Lb,X1,Wb,POR,ALPHA,BETA,Ks,Kb,Kz,Qthresh,Rs,Rb1,Rb2,Prec,Frac4Rise,Error,BFF
05486490,1.26754e+09,67977.7,76.1886,558.908,0.15,0.009647,1.2,3317.23,48379.2,0.900498,9052.31,-0.231816,-0.082741,-0.055131,538.246,0.05,0.523018,0.292543
