tmp.site,tmp.area,Lb,X1,Wb,POR,ALPHA,BETA,Ks,Kb,Kz,Qthresh,Rs,Rb1,Rb2,Prec,Frac4Rise,Error,BFF
09022000,2.71949e+07,7913.41,100,337.973,0.15,0.005295,1,60.3817,1985.81,0.262543,3914.51,-0.101643,-0.022515,-0.008984,360.502,0.05,0.337039,0.38329
