tmp.site,tmp.area,Lb,X1,Wb,POR,ALPHA,BETA,Ks,Kb,Kz,Qthresh,Rs,Rb1,Rb2,Prec,Frac4Rise,Error,BFF
06770500,1.49313e+11,16022.4,100,5823.79,0.15,0.015925,1,7290.15,27500.2,1.01198,3.71879e+06,-0.104954,-0.043186,-0.105898,24.4657,0.05,311.183,0.577166
