tmp.site,tmp.area,Lb,X1,Wb,POR,ALPHA,BETA,Ks,Kb,Kz,Qthresh,Rs,Rb1,Rb2,Prec,Frac4Rise,Error,BFF
04026390,5.85337e+07,8213.56,0.109467,125.47,0.15,0.010881,1.1,365.717,14.6509,1.25276,1100.96,-0.134262,-0.142752,-0.100641,24.4657,0.05,1.09333,0.079689
