tmp.site,tmp.area,Lb,X1,Wb,POR,ALPHA,BETA,Ks,Kb,Kz,Qthresh,Rs,Rb1,Rb2,Prec,Frac4Rise,Error,BFF
08057200,1.71975e+08,6200.45,100,428.177,0.15,0.011417,1,2031.4,11152.8,0.964204,6483.41,-0.549306,-0.112118,-0.105475,210.405,0.05,0.510268,0.165256
