tmp.site,tmp.area,Lb,X1,Wb,POR,ALPHA,BETA,Ks,Kb,Kz,Qthresh,Rs,Rb1,Rb2,Prec,Frac4Rise,Error,BFF
10172600,9.03906e+09,2.78464e+07,100,142.64,0.15,0.038176,1,266.163,100.612,1.0005,215983,-0.043674,-0.013657,-0.01522,19817.2,0.05,0.385412,0.507134
