tmp.site,tmp.area,Lb,X1,Wb,POR,ALPHA,BETA,Ks,Kb,Kz,Qthresh,Rs,Rb1,Rb2,Prec,Frac4Rise,Error,BFF
06838000,2.12379e+09,4.56578e+06,0.344845,220.433,0.15,0.056601,0.9,6518.26,17.7669,0.934873,24465.7,-0.111572,-0.042135,-0.070391,139.455,0.05,1.14822,0.284546
