tmp.site,tmp.area,Lb,X1,Wb,POR,ALPHA,BETA,Ks,Kb,Kz,Qthresh,Rs,Rb1,Rb2,Prec,Frac4Rise,Error,BFF
01439500,3.03029e+08,19456,2.54517,842.361,0.15,0.02034,1.1,947.11,575.774,1.22472,68504,-0.162502,-0.049114,-0.041858,2201.91,0.05,0.339289,0.553116
