tmp.site,tmp.area,Lb,X1,Wb,POR,ALPHA,BETA,Ks,Kb,Kz,Qthresh,Rs,Rb1,Rb2,Prec,Frac4Rise,Error,BFF
14161500,6.24187e+07,13206.6,100,441.431,0.15,0.010897,1,442.379,7225.68,0.88091,18829.3,-0.168236,-0.06165,-0.014463,1810.46,0.05,0.343403,0.385244
