tmp.site,tmp.area,Lb,X1,Wb,POR,ALPHA,BETA,Ks,Kb,Kz,Qthresh,Rs,Rb1,Rb2,Prec,Frac4Rise,Error,BFF
02462951,1.09272e+10,9213.76,100,6268.85,0.15,0.029916,1,7732.89,20646.7,2.85143,1.8227e+07,-0.150751,-0.072211,-0.181305,122.329,0.05,2425.15,0.474264
