tmp.site,tmp.area,Lb,X1,Wb,POR,ALPHA,BETA,Ks,Kb,Kz,Qthresh,Rs,Rb1,Rb2,Prec,Frac4Rise,Error,BFF
01310500,7.43327e+07,39903.2,82.1826,62.259,0.15,0.051763,0.9,1240.74,12194.8,0.798012,28624.9,-0.542032,-0.035766,-0.070555,31.8054,0.05,0.827413,0.240025
