tmp.site,tmp.area,Lb,X1,Wb,POR,ALPHA,BETA,Ks,Kb,Kz,Qthresh,Rs,Rb1,Rb2,Prec,Frac4Rise,Error,BFF
03466208,2.04609e+08,72693.3,22792.2,168.547,0.15,0.032987,10,52.6871,98829.1,0.402908,28135.6,-0.285272,-0.034552,-0.019904,2715.69,0.05,0.261488,0.560639
