tmp.site,tmp.area,Lb,X1,Wb,POR,ALPHA,BETA,Ks,Kb,Kz,Qthresh,Rs,Rb1,Rb2,Prec,Frac4Rise,Error,BFF
06610720,2.52783e+08,32259,2218.44,1220.93,0.15,0.019224,1,3451.55,92325.2,1.71751,12267.1,-0.202733,-0.033506,-0.025026,993.161,0.05,0.448853,0.370397
