tmp.site,tmp.area,Lb,X1,Wb,POR,ALPHA,BETA,Ks,Kb,Kz,Qthresh,Rs,Rb1,Rb2,Prec,Frac4Rise,Error,BFF
01052500,3.93678e+08,10882.9,10.5717,1141.66,0.15,0.011361,1.2,4039.27,1390.02,1.0595,146794,-0.22423,-0.073156,-0.056161,5091.56,0.05,0.433613,0.417358
