tmp.site,tmp.area,Lb,X1,Wb,POR,ALPHA,BETA,Ks,Kb,Kz,Qthresh,Rs,Rb1,Rb2,Prec,Frac4Rise,Error,BFF
06610793,3.13389e+08,9611.43,100,482.231,0.15,0.00885,1,2512.05,6314.37,0.995935,36221.5,-0.609976,-0.102533,-0.066778,2960.35,0.05,0.390696,0.264235
