tmp.site,tmp.area,Lb,X1,Wb,POR,ALPHA,BETA,Ks,Kb,Kz,Qthresh,Rs,Rb1,Rb2,Prec,Frac4Rise,Error,BFF
13306385,1.06449e+08,60742.1,27093.6,165.971,0.15,0.014709,9.5,168.852,2403.84,0.477162,24147.7,-0.067342,-0.027257,-0.012482,1350.51,0.05,0.241956,0.299655
