tmp.site,tmp.area,Lb,X1,Wb,POR,ALPHA,BETA,Ks,Kb,Kz,Qthresh,Rs,Rb1,Rb2,Prec,Frac4Rise,Error,BFF
01202501,9.86785e+07,21321,100,194.418,0.15,0.012818,1,563.17,4361.93,0.935466,11038,-0.083527,-0.061642,-0.058581,880.766,0.05,0.497139,0.234419
