tmp.site,tmp.area,Lb,X1,Wb,POR,ALPHA,BETA,Ks,Kb,Kz,Qthresh,Rs,Rb1,Rb2,Prec,Frac4Rise,Error,BFF
08255500,5.05048e+08,31077.9,25.8171,661.74,0.15,0.014065,0.9,583.904,7535.8,0.377044,23976.4,-0.065112,-0.046465,-0.05054,856.3,0.05,0.461612,0.703229
