tmp.site,tmp.area,Lb,X1,Wb,POR,ALPHA,BETA,Ks,Kb,Kz,Qthresh,Rs,Rb1,Rb2,Prec,Frac4Rise,Error,BFF
03044000,3.5172e+09,36856.8,131.757,2644.21,0.15,0.010109,1.5,757.258,87382.5,1.98425,883212,-0.024113,-0.067636,-0.048936,59698.8,0.05,0.390322,0.818322
