tmp.site,tmp.area,Lb,X1,Wb,POR,ALPHA,BETA,Ks,Kb,Kz,Qthresh,Rs,Rb1,Rb2,Prec,Frac4Rise,Error,BFF
09053500,1.32348e+09,49962.6,15481.6,813.077,0.15,0.015796,3.5,53.007,16726,0.333236,181046,-0.091161,-0.020678,-0.012506,14679.4,0.05,0.317683,0.447285
