tmp.site,tmp.area,Lb,X1,Wb,POR,ALPHA,BETA,Ks,Kb,Kz,Qthresh,Rs,Rb1,Rb2,Prec,Frac4Rise,Error,BFF
01589197,1.09556e+07,8793.54,3938.34,158.506,0.15,0.016363,5.3,289.318,2477.97,0.436192,3156.08,-0.577393,-0.085885,-0.054472,226.968,0.05,0.329537,0.313577
