tmp.site,tmp.area,Lb,X1,Wb,POR,ALPHA,BETA,Ks,Kb,Kz,Qthresh,Rs,Rb1,Rb2,Prec,Frac4Rise,Error,BFF
05530100,1.04584e+09,11472.2,100,979.901,0.15,0.009907,1,1566.85,11206,0.98054,153278,-0.096384,-0.055881,-0.067216,15558.2,0.05,0.390697,0.370294
