tmp.site,tmp.area,Lb,X1,Wb,POR,ALPHA,BETA,Ks,Kb,Kz,Qthresh,Rs,Rb1,Rb2,Prec,Frac4Rise,Error,BFF
09484000,9.19446e+07,8786.23,100,153.046,0.15,0.037306,1,524.956,13048.2,0.940733,12081.2,-0.186363,-0.084569,-0.138168,24.4657,0.05,4.48296,0.189195
