tmp.site,tmp.area,Lb,X1,Wb,POR,ALPHA,BETA,Ks,Kb,Kz,Qthresh,Rs,Rb1,Rb2,Prec,Frac4Rise,Error,BFF
04102776,2.14969e+08,12076.3,100,574.51,0.15,0.013901,1,320.719,6637.49,0.859801,66057.4,-0.096612,-0.044482,-0.022012,4648.49,0.05,0.323793,0.504392
