tmp.site,tmp.area,Lb,X1,Wb,POR,ALPHA,BETA,Ks,Kb,Kz,Qthresh,Rs,Rb1,Rb2,Prec,Frac4Rise,Error,BFF
02400100,6.52677e+08,7520.52,4083.73,2024.47,0.15,0.008793,9.3,1138.65,113.081,1.20656,247104,-0.193916,-0.072602,-0.027977,13551.3,0.05,0.304805,0.396667
