tmp.site,tmp.area,Lb,X1,Wb,POR,ALPHA,BETA,Ks,Kb,Kz,Qthresh,Rs,Rb1,Rb2,Prec,Frac4Rise,Error,BFF
08196000,3.26339e+08,13176.8,450.539,2869.62,0.15,0.096195,1,1789.93,10793.2,1.47843,24465.7,-0.143841,-0.033304,-0.031664,24.4657,0.05,1.04568,0.306893
