tmp.site,tmp.area,Lb,X1,Wb,POR,ALPHA,BETA,Ks,Kb,Kz,Qthresh,Rs,Rb1,Rb2,Prec,Frac4Rise,Error,BFF
08188810,2.66251e+10,65724.7,50.3734,4314.97,0.15,0.012108,0.9,4943.05,8322.32,0.962341,2.86249e+06,-0.094712,-0.029224,-0.052778,17471.9,0.05,0.723555,0.552429
