tmp.site,tmp.area,Lb,X1,Wb,POR,ALPHA,BETA,Ks,Kb,Kz,Qthresh,Rs,Rb1,Rb2,Prec,Frac4Rise,Error,BFF
02042426,9.68656e+07,11191.9,10.3958,168.257,0.15,0.010591,0.9,2434.61,2900.23,0.907657,2324.24,-0.690734,-0.086848,-0.164652,99.4287,0.05,0.647567,0.15428
