tmp.site,tmp.area,Lb,X1,Wb,POR,ALPHA,BETA,Ks,Kb,Kz,Qthresh,Rs,Rb1,Rb2,Prec,Frac4Rise,Error,BFF
08177700,5.49077e+07,7552.57,0.156823,38.7922,0.15,0.008493,1,1044.18,35.1743,1.06651,22068.1,-0.346574,-0.145394,-0.178234,24.4657,0.05,2.13651,0.017107
