tmp.site,tmp.area,Lb,X1,Wb,POR,ALPHA,BETA,Ks,Kb,Kz,Qthresh,Rs,Rb1,Rb2,Prec,Frac4Rise,Error,BFF
06306300,3.76325e+09,16680.3,100,1632.05,0.15,0.005154,1,214.99,15989.1,0.923889,685040,-0.078931,-0.035747,-0.034455,11297.8,0.05,0.275307,0.609871
