tmp.site,tmp.area,Lb,X1,Wb,POR,ALPHA,BETA,Ks,Kb,Kz,Qthresh,Rs,Rb1,Rb2,Prec,Frac4Rise,Error,BFF
301141089320300,2.24656e+10,13346,0.098501,4103.35,0.15,0.007854,0.9,15489.6,38.4585,6.17667,1.72043e+07,-0.272368,-0.058266,-0.149556,59730.6,0.05,1.38457,0.382964
