tmp.site,tmp.area,Lb,X1,Wb,POR,ALPHA,BETA,Ks,Kb,Kz,Qthresh,Rs,Rb1,Rb2,Prec,Frac4Rise,Error,BFF
01022840,3.52238e+06,3918.31,100,112.811,0.15,0.015227,1,355.506,5024.31,0.509971,1296.68,-0.482781,-0.1324,-0.057197,24.4657,0.05,0.377217,0.236136
