tmp.site,tmp.area,Lb,X1,Wb,POR,ALPHA,BETA,Ks,Kb,Kz,Qthresh,Rs,Rb1,Rb2,Prec,Frac4Rise,Error,BFF
09397300,3.20744e+10,6815.13,37.4432,1898.94,0.15,0.008239,0.9,41032.9,11372.7,0.95577,1.03245e+06,-0.353937,-0.086872,-0.22169,24.4657,0.05,308.845,0.330833
