tmp.site,tmp.area,Lb,X1,Wb,POR,ALPHA,BETA,Ks,Kb,Kz,Qthresh,Rs,Rb1,Rb2,Prec,Frac4Rise,Error,BFF
07194880,8.98726e+07,9416.81,1044.08,562.541,0.15,0.006879,1.5,152.617,3252.79,0.157601,36698.6,-0.202733,-0.058898,-0.04762,3131.61,0.05,0.317281,0.397454
