tmp.site,tmp.area,Lb,X1,Wb,POR,ALPHA,BETA,Ks,Kb,Kz,Qthresh,Rs,Rb1,Rb2,Prec,Frac4Rise,Error,BFF
06906200,2.90079e+08,45608,18.9255,276.77,0.15,0.011329,0.9,108.02,1572.24,1.31241,132115,-0.030109,-0.03698,-0.07733,24.4657,0.05,145.429,0.261577
