tmp.site,tmp.area,Lb,X1,Wb,POR,ALPHA,BETA,Ks,Kb,Kz,Qthresh,Rs,Rb1,Rb2,Prec,Frac4Rise,Error,BFF
01622000,9.73836e+08,7990.62,100,1339.77,0.15,0.008063,1,1305.72,4457.69,0.889784,156581,-0.124518,-0.068836,-0.023392,10030.9,0.05,0.330345,0.395608
