tmp.site,tmp.area,Lb,X1,Wb,POR,ALPHA,BETA,Ks,Kb,Kz,Qthresh,Rs,Rb1,Rb2,Prec,Frac4Rise,Error,BFF
07263115,2.74021e+09,8936.38,132.539,4938.11,0.15,0.011844,0.9,3674.48,24342.3,0.973591,1.07649e+06,-0.140227,-0.057399,-0.219535,812.922,0.05,4.0622,0.642476
