tmp.site,tmp.area,Lb,X1,Wb,POR,ALPHA,BETA,Ks,Kb,Kz,Qthresh,Rs,Rb1,Rb2,Prec,Frac4Rise,Error,BFF
02207000,1.38046e+07,5145.62,100,183.861,0.15,0.008187,1,126.836,3528.27,0.512094,3914.51,-0.302128,-0.064874,-0.029549,220.191,0.05,0.272074,0.441227
