tmp.site,tmp.area,Lb,X1,Wb,POR,ALPHA,BETA,Ks,Kb,Kz,Qthresh,Rs,Rb1,Rb2,Prec,Frac4Rise,Error,BFF
01125000,2.22739e+08,29600.9,100,431.52,0.15,0.020495,1,507.539,30543.1,0.938483,95416.3,-0.0915,-0.047562,-0.074715,1155.76,0.05,0.548803,0.518647
