tmp.site,tmp.area,Lb,X1,Wb,POR,ALPHA,BETA,Ks,Kb,Kz,Qthresh,Rs,Rb1,Rb2,Prec,Frac4Rise,Error,BFF
08042800,1.76896e+09,2301.53,100,484.071,0.15,0.006536,1,4223.42,10754.7,0.982579,256890,-0.216558,-0.189639,-0.236464,24.4657,0.05,1.91025,0.031259
