tmp.site,tmp.area,Lb,X1,Wb,POR,ALPHA,BETA,Ks,Kb,Kz,Qthresh,Rs,Rb1,Rb2,Prec,Frac4Rise,Error,BFF
08105883,1.82594e+08,31236.1,113.845,357.482,0.15,0.007594,3.8,1209.56,6890.53,0.948853,46240.2,-0.281059,-0.075075,-0.050243,871.175,0.05,0.365812,0.405329
