tmp.site,tmp.area,Lb,X1,Wb,POR,ALPHA,BETA,Ks,Kb,Kz,Qthresh,Rs,Rb1,Rb2,Prec,Frac4Rise,Error,BFF
02014000,3.96268e+08,11344,4203.94,843.302,0.15,0.010416,10.1,1015.75,4845.44,0.856978,75843.7,-0.149465,-0.077316,-0.030057,4648.49,0.05,0.326148,0.397438
