tmp.site,tmp.area,Lb,X1,Wb,POR,ALPHA,BETA,Ks,Kb,Kz,Qthresh,Rs,Rb1,Rb2,Prec,Frac4Rise,Error,BFF
10350340,4.09218e+09,69941.3,147.712,1090.99,0.15,0.00692,1,681.883,33725.5,0.984501,1.27956e+06,-0.090273,-0.02796,-0.028481,18319.4,0.05,0.34827,0.580731
