tmp.site,tmp.area,Lb,X1,Wb,POR,ALPHA,BETA,Ks,Kb,Kz,Qthresh,Rs,Rb1,Rb2,Prec,Frac4Rise,Error,BFF
03375500,6.78577e+08,6858.51,117.499,791.317,0.15,0.009192,0.9,1583.76,8117.39,0.603316,919911,-0.061381,-0.0818,-0.11842,195.726,0.05,2.58306,0.215838
