tmp.site,tmp.area,Lb,X1,Wb,POR,ALPHA,BETA,Ks,Kb,Kz,Qthresh,Rs,Rb1,Rb2,Prec,Frac4Rise,Error,BFF
05528000,6.00877e+08,31929.1,183.833,708.531,0.15,0.015688,1,708.344,81206.9,1.4122,154134,-0.076916,-0.054586,-0.065953,244.657,0.05,0.496738,0.548129
