tmp.site,tmp.area,Lb,X1,Wb,POR,ALPHA,BETA,Ks,Kb,Kz,Qthresh,Rs,Rb1,Rb2,Prec,Frac4Rise,Error,BFF
02112250,2.24293e+09,20555.1,100,2144.04,0.15,0.008,1,2970.69,5568.37,1.00167,1.61474e+06,-0.150644,-0.046522,-0.029243,76577.7,0.05,0.235116,0.587843
