tmp.site,tmp.area,Lb,X1,Wb,POR,ALPHA,BETA,Ks,Kb,Kz,Qthresh,Rs,Rb1,Rb2,Prec,Frac4Rise,Error,BFF
08028000,9.45346e+08,6726.02,127.964,1332.18,0.15,0.013521,1.1,3970.96,13945,1.17733,21285.2,-0.174892,-0.102012,-0.076117,1515.94,0.05,0.440312,0.297946
