tmp.site,tmp.area,Lb,X1,Wb,POR,ALPHA,BETA,Ks,Kb,Kz,Qthresh,Rs,Rb1,Rb2,Prec,Frac4Rise,Error,BFF
08093360,6.60447e+08,6145.75,100,299.774,0.15,0.007983,1,78.7052,9568.6,0.964619,100309,-0.007868,-0.108802,-0.216569,24.4657,0.05,10.9782,0.041974
