tmp.site,tmp.area,Lb,X1,Wb,POR,ALPHA,BETA,Ks,Kb,Kz,Qthresh,Rs,Rb1,Rb2,Prec,Frac4Rise,Error,BFF
08178565,3.23749e+08,23450.4,100,226.898,0.15,0.009055,1,1401.47,6107.18,0.930963,296035,-0.231592,-0.050264,-0.096748,1320.93,0.05,0.554477,0.129061
