tmp.site,tmp.area,Lb,X1,Wb,POR,ALPHA,BETA,Ks,Kb,Kz,Qthresh,Rs,Rb1,Rb2,Prec,Frac4Rise,Error,BFF
11230070,4.53248e+08,36890.1,4565.05,313.758,0.15,0.006761,5.2,149.122,72.8021,1.02902,85630,-0.075661,-0.054568,-0.005057,3180.54,0.05,0.36476,0.127789
