tmp.site,tmp.area,Lb,X1,Wb,POR,ALPHA,BETA,Ks,Kb,Kz,Qthresh,Rs,Rb1,Rb2,Prec,Frac4Rise,Error,BFF
01192500,1.90105e+08,30984.2,73.1528,407.272,0.15,0.01509,0.9,489.236,17450.9,0.95228,112542,-0.127776,-0.04242,-0.05959,4893.14,0.05,0.364163,0.586538
