tmp.site,tmp.area,Lb,X1,Wb,POR,ALPHA,BETA,Ks,Kb,Kz,Qthresh,Rs,Rb1,Rb2,Prec,Frac4Rise,Error,BFF
07025000,5.28358e+08,8147.54,2874.15,774.875,0.15,0.005352,3.3,1247.49,4370.9,0.830191,73397.1,-0.29202,-0.176296,-0.055285,3914.51,0.05,0.382618,0.137207
