tmp.site,tmp.area,Lb,X1,Wb,POR,ALPHA,BETA,Ks,Kb,Kz,Qthresh,Rs,Rb1,Rb2,Prec,Frac4Rise,Error,BFF
07275900,4.94688e+08,3011.91,100,2253.01,0.15,0.004054,1,2669.48,290.601,0.961251,122329,-0.271543,-0.162854,-0.046582,9558.27,0.05,0.293148,0.244089
