tmp.site,tmp.area,Lb,X1,Wb,POR,ALPHA,BETA,Ks,Kb,Kz,Qthresh,Rs,Rb1,Rb2,Prec,Frac4Rise,Error,BFF
13022500,8.97431e+09,42552.5,36.9719,3544.29,0.15,0.005706,1.3,402.709,928.376,1.00707,2.69123e+06,-0.045076,-0.018744,-0.01557,269123,0.05,0.321764,0.549911
