tmp.site,tmp.area,Lb,X1,Wb,POR,ALPHA,BETA,Ks,Kb,Kz,Qthresh,Rs,Rb1,Rb2,Prec,Frac4Rise,Error,BFF
072638805,5.10228e+08,163846,1.13661,700.09,0.15,0.019178,0.9,451.69,1359.09,0.989745,255960,-0.05263,-0.037108,-0.138272,24.4657,0.05,115.482,0.596902
