tmp.site,tmp.area,Lb,X1,Wb,POR,ALPHA,BETA,Ks,Kb,Kz,Qthresh,Rs,Rb1,Rb2,Prec,Frac4Rise,Error,BFF
05543830,3.26339e+08,21871.1,100,440.992,0.15,0.012934,1,646.311,19080.4,0.997886,83183.4,-0.127654,-0.05362,-0.040576,1810.46,0.05,0.36247,0.4745
