tmp.site,tmp.area,Lb,X1,Wb,POR,ALPHA,BETA,Ks,Kb,Kz,Qthresh,Rs,Rb1,Rb2,Prec,Frac4Rise,Error,BFF
05076500,8.93546e+09,38892.4,100,1545.84,0.15,0.014677,1,1973.27,9008.19,0.995983,538246,-0.11832,-0.032655,-0.057787,1957.26,0.05,1.28574,0.521097
