tmp.site,tmp.area,Lb,X1,Wb,POR,ALPHA,BETA,Ks,Kb,Kz,Qthresh,Rs,Rb1,Rb2,Prec,Frac4Rise,Error,BFF
01599000,1.8622e+08,18009,100,407.406,0.15,0.014224,1,938.276,19953.2,0.924725,13211.5,-0.230258,-0.068564,-0.042634,954.163,0.05,0.378821,0.400081
