tmp.site,tmp.area,Lb,X1,Wb,POR,ALPHA,BETA,Ks,Kb,Kz,Qthresh,Rs,Rb1,Rb2,Prec,Frac4Rise,Error,BFF
05560500,7.09657e+07,16430.2,69.2883,236.929,0.15,0.016925,1,782.835,17380.4,1.08122,17615.3,-0.312744,-0.077782,-0.082096,73.3971,0.05,0.928406,0.310507
