tmp.site,tmp.area,Lb,X1,Wb,POR,ALPHA,BETA,Ks,Kb,Kz,Qthresh,Rs,Rb1,Rb2,Prec,Frac4Rise,Error,BFF
14180300,6.73397e+07,14645.2,100,385.707,0.15,0.012319,1,540.289,9174.88,0.911436,10030.9,-0.177722,-0.065901,-0.017404,738.595,0.05,0.352335,0.35905
