tmp.site,tmp.area,Lb,X1,Wb,POR,ALPHA,BETA,Ks,Kb,Kz,Qthresh,Rs,Rb1,Rb2,Prec,Frac4Rise,Error,BFF
07076750,5.80157e+10,65817.8,20.0944,21725.7,0.15,0.011002,0.9,12575.2,3703.41,1.58498,7.53544e+07,-0.031929,-0.021476,-0.025703,1.66856e+06,0.05,0.345708,0.636881
