tmp.site,tmp.area,Lb,X1,Wb,POR,ALPHA,BETA,Ks,Kb,Kz,Qthresh,Rs,Rb1,Rb2,Prec,Frac4Rise,Error,BFF
02449838,9.60886e+07,28427.8,11.0783,200.193,0.15,0.00924,0.9,86.899,1912.65,1.06119,66062.3,-0.020181,-0.062231,-0.07507,1733.1,0.05,0.504241,0.307248
