tmp.site,tmp.area,Lb,X1,Wb,POR,ALPHA,BETA,Ks,Kb,Kz,Qthresh,Rs,Rb1,Rb2,Prec,Frac4Rise,Error,BFF
02071000,2.72726e+09,11584.7,100,2229.22,0.15,0.007942,1,4673.61,5754.94,0.980752,1.44348e+06,-0.250388,-0.057987,-0.041138,50154.7,0.05,0.283246,0.487051
