tmp.site,tmp.area,Lb,X1,Wb,POR,ALPHA,BETA,Ks,Kb,Kz,Qthresh,Rs,Rb1,Rb2,Prec,Frac4Rise,Error,BFF
07376500,2.05904e+08,6011.79,2120.44,704.548,0.15,0.014666,3.4,2555.26,4503.6,0.727016,22753.1,-0.346574,-0.15538,-0.065398,880.766,0.05,0.433897,0.147011
