tmp.site,tmp.area,Lb,X1,Wb,POR,ALPHA,BETA,Ks,Kb,Kz,Qthresh,Rs,Rb1,Rb2,Prec,Frac4Rise,Error,BFF
06433000,2.40092e+09,230424,100,632.374,0.15,0.019395,1,276.855,1569.4,0.960617,374325,-0.091161,-0.029382,-0.07286,758.437,0.05,2.26087,0.642355
