tmp.site,tmp.area,Lb,X1,Wb,POR,ALPHA,BETA,Ks,Kb,Kz,Qthresh,Rs,Rb1,Rb2,Prec,Frac4Rise,Error,BFF
08190000,1.90882e+09,83975.7,986.444,501.273,0.15,0.020218,8.1,434.047,2873.51,0.947216,184961,-0.094018,-0.0232,-0.012673,2030.65,0.05,0.435164,0.362691
