tmp.site,tmp.area,Lb,X1,Wb,POR,ALPHA,BETA,Ks,Kb,Kz,Qthresh,Rs,Rb1,Rb2,Prec,Frac4Rise,Error,BFF
03531500,8.26206e+08,23916.4,34.1566,957.805,0.15,0.011333,2,3413.51,2838.65,1.03727,70950.6,-0.221137,-0.084294,-0.044514,6605.74,0.05,0.363803,0.390892
