tmp.site,tmp.area,Lb,X1,Wb,POR,ALPHA,BETA,Ks,Kb,Kz,Qthresh,Rs,Rb1,Rb2,Prec,Frac4Rise,Error,BFF
10243260,2.84899e+07,9587.94,100,362.309,0.15,0.011426,1,16.2933,2954.5,0.151307,2128.52,-0.060535,-0.014511,-0.011286,188.386,0.05,0.260439,0.729142
