tmp.site,tmp.area,Lb,X1,Wb,POR,ALPHA,BETA,Ks,Kb,Kz,Qthresh,Rs,Rb1,Rb2,Prec,Frac4Rise,Error,BFF
03281100,4.22168e+08,24043.5,37.2882,1019.68,0.15,0.018761,1,3248.11,28777.6,1.05979,10275.6,-0.209875,-0.103836,-0.111721,299.803,0.05,0.521075,0.368414
