tmp.site,tmp.area,Lb,X1,Wb,POR,ALPHA,BETA,Ks,Kb,Kz,Qthresh,Rs,Rb1,Rb2,Prec,Frac4Rise,Error,BFF
07325850,1.35974e+08,2.45693e+06,100,30.9068,0.15,0.067753,1,386.504,21630.7,0.930207,20355.5,-0.187332,-0.052226,-0.108611,24.4657,0.05,7.32556,0.252435
