tmp.site,tmp.area,Lb,X1,Wb,POR,ALPHA,BETA,Ks,Kb,Kz,Qthresh,Rs,Rb1,Rb2,Prec,Frac4Rise,Error,BFF
02095500,9.60886e+07,5048.21,162.32,370.863,0.15,0.009395,0.9,394.194,8285.03,0.823934,83183.4,-0.255413,-0.0806,-0.096741,1415.59,0.05,0.354966,0.323029
