tmp.site,tmp.area,Lb,X1,Wb,POR,ALPHA,BETA,Ks,Kb,Kz,Qthresh,Rs,Rb1,Rb2,Prec,Frac4Rise,Error,BFF
04118000,2.00206e+09,19660,4944.64,2147.52,0.15,0.005753,10.1,392.247,6673.83,0.879001,621429,-0.046545,-0.042148,-0.028695,35964.6,0.05,0.22543,0.673457
