tmp.site,tmp.area,Lb,X1,Wb,POR,ALPHA,BETA,Ks,Kb,Kz,Qthresh,Rs,Rb1,Rb2,Prec,Frac4Rise,Error,BFF
10309000,9.22036e+08,13363.2,1.01905,3257.49,0.15,0.012758,1.2,537.521,185.566,0.922866,151687,-0.091721,-0.030669,-0.025448,7829.03,0.05,0.408417,0.827913
