tmp.site,tmp.area,Lb,X1,Wb,POR,ALPHA,BETA,Ks,Kb,Kz,Qthresh,Rs,Rb1,Rb2,Prec,Frac4Rise,Error,BFF
08012400,4.46255e+09,13628,36.3699,2796.3,0.15,0.014002,0.9,7112.92,20193.5,1.79968,3.98791e+06,-0.11729,-0.062305,-0.151597,15413.4,0.05,1.6822,0.476695
