tmp.site,tmp.area,Lb,X1,Wb,POR,ALPHA,BETA,Ks,Kb,Kz,Qthresh,Rs,Rb1,Rb2,Prec,Frac4Rise,Error,BFF
10155500,9.29806e+08,56408,78.2532,1020.04,0.15,0.012808,1,68.1439,58.9215,0.104414,445276,-0.047655,-0.031687,-0.03077,5382.46,0.05,0.647119,0.50709
