tmp.site,tmp.area,Lb,X1,Wb,POR,ALPHA,BETA,Ks,Kb,Kz,Qthresh,Rs,Rb1,Rb2,Prec,Frac4Rise,Error,BFF
09119000,2.74798e+09,16586.3,390.325,737.379,0.15,0.007,1,230.627,12156.1,0.192252,204778,-0.079238,-0.030721,-0.031694,5310.28,0.05,0.413124,0.48637
