tmp.site,tmp.area,Lb,X1,Wb,POR,ALPHA,BETA,Ks,Kb,Kz,Qthresh,Rs,Rb1,Rb2,Prec,Frac4Rise,Error,BFF
03352500,7.71816e+08,9196.57,26.1359,984.63,0.15,0.009023,8.6,1485.55,62.9321,0.748337,132115,-0.143841,-0.08183,-0.037796,6361.09,0.05,0.338916,0.394043
