tmp.site,tmp.area,Lb,X1,Wb,POR,ALPHA,BETA,Ks,Kb,Kz,Qthresh,Rs,Rb1,Rb2,Prec,Frac4Rise,Error,BFF
05341498,1.41154e+09,107024,100,627.297,0.15,0.011235,1,229.962,2759.77,0.90847,863640,-0.032269,-0.017531,-0.017454,62054.8,0.05,0.149825,0.755997
