tmp.site,tmp.area,Lb,X1,Wb,POR,ALPHA,BETA,Ks,Kb,Kz,Qthresh,Rs,Rb1,Rb2,Prec,Frac4Rise,Error,BFF
09261000,7.6819e+10,32036.3,162.358,4646.16,0.15,0.004104,1.1,1280.88,17887,0.965519,7.09506e+06,-0.05268,-0.02747,-0.024595,148233,0.05,0.376873,0.628867
