tmp.site,tmp.area,Lb,X1,Wb,POR,ALPHA,BETA,Ks,Kb,Kz,Qthresh,Rs,Rb1,Rb2,Prec,Frac4Rise,Error,BFF
13118700,1.12923e+09,5.5497e+06,0.660171,201.055,0.15,0.032249,0.9,1004.36,23.1661,1.42225,146912,-0.077075,-0.020776,-0.025211,1957.26,0.05,0.557989,0.329567
