tmp.site,tmp.area,Lb,X1,Wb,POR,ALPHA,BETA,Ks,Kb,Kz,Qthresh,Rs,Rb1,Rb2,Prec,Frac4Rise,Error,BFF
01564895,6.52418e+09,11371.1,100,3653.54,0.15,0.00858,1,5392.42,7733.88,1.25492,1.21839e+06,-0.138379,-0.057834,-0.032218,124232,0.05,0.302678,0.482038
