tmp.site,tmp.area,Lb,X1,Wb,POR,ALPHA,BETA,Ks,Kb,Kz,Qthresh,Rs,Rb1,Rb2,Prec,Frac4Rise,Error,BFF
07160000,4.40453e+10,5323.03,119.457,2626.35,0.15,0.007011,1,8151.76,6418.37,0.855944,1.68813e+06,-0.181657,-0.081864,-0.076505,782.903,0.05,0.676441,0.238964
