tmp.site,tmp.area,Lb,X1,Wb,POR,ALPHA,BETA,Ks,Kb,Kz,Qthresh,Rs,Rb1,Rb2,Prec,Frac4Rise,Error,BFF
02344143,1.68608e+07,9672.59,100,153.603,0.15,0.008531,1,530.439,3741.65,0.966544,9060.88,-0.673818,-0.133886,-0.086197,771.404,0.05,0.359261,0.208153
