tmp.site,tmp.area,Lb,X1,Wb,POR,ALPHA,BETA,Ks,Kb,Kz,Qthresh,Rs,Rb1,Rb2,Prec,Frac4Rise,Error,BFF
01387400,2.2507e+08,38204.6,186.265,510.503,0.15,0.012742,1.4,1215.54,86362.2,1.17542,24465.7,-0.193415,-0.068435,-0.0448,2568.9,0.05,0.367228,0.480562
