tmp.site,tmp.area,Lb,X1,Wb,POR,ALPHA,BETA,Ks,Kb,Kz,Qthresh,Rs,Rb1,Rb2,Prec,Frac4Rise,Error,BFF
03217424,4.14398e+08,4835.96,100,667.758,0.15,0.011868,1,3451.65,11969.8,0.959785,8024.75,-0.327109,-0.120977,-0.12902,307.387,0.05,0.54638,0.215877
