tmp.site,tmp.area,Lb,X1,Wb,POR,ALPHA,BETA,Ks,Kb,Kz,Qthresh,Rs,Rb1,Rb2,Prec,Frac4Rise,Error,BFF
11302500,2.67287e+09,7541.77,1.08433,3382.95,0.15,0.005058,1.1,3635.08,68.7077,1.23298,484421,-0.213541,-0.043773,-0.034939,48931.4,0.05,0.310765,0.507148
