tmp.site,tmp.area,Lb,X1,Wb,POR,ALPHA,BETA,Ks,Kb,Kz,Qthresh,Rs,Rb1,Rb2,Prec,Frac4Rise,Error,BFF
03404000,4.16211e+09,14860.3,0.147263,2706.18,0.15,0.010811,1.2,9956.19,22.3152,2.28141,337627,-0.163207,-0.086151,-0.062135,13945.5,0.05,0.371248,0.397768
