tmp.site,tmp.area,Lb,X1,Wb,POR,ALPHA,BETA,Ks,Kb,Kz,Qthresh,Rs,Rb1,Rb2,Prec,Frac4Rise,Error,BFF
01514850,1.4737e+08,7018.71,100,489.179,0.15,0.015125,1,1245.82,17138.3,0.901783,4991.01,-0.326268,-0.093448,-0.085515,181.046,0.05,0.410943,0.377437
