tmp.site,tmp.area,Lb,X1,Wb,POR,ALPHA,BETA,Ks,Kb,Kz,Qthresh,Rs,Rb1,Rb2,Prec,Frac4Rise,Error,BFF
14361600,1.46075e+08,52871.1,100,337.896,0.15,0.023305,1,265.078,26711.1,0.883129,29358.9,-0.239804,-0.033913,-0.016069,2152.98,0.05,0.313913,0.558297
