tmp.site,tmp.area,Lb,X1,Wb,POR,ALPHA,BETA,Ks,Kb,Kz,Qthresh,Rs,Rb1,Rb2,Prec,Frac4Rise,Error,BFF
02390000,2.30509e+08,30329.7,100,591.721,0.15,0.012386,1,544.3,11314.3,0.979557,222883,-0.380837,-0.03744,-0.025197,9993.27,0.05,0.221555,0.603104
