tmp.site,tmp.area,Lb,X1,Wb,POR,ALPHA,BETA,Ks,Kb,Kz,Qthresh,Rs,Rb1,Rb2,Prec,Frac4Rise,Error,BFF
06139850,2.32063e+07,28568.7,100,104.076,0.15,0.027932,1,83.692,11882.2,0.432394,7284.67,-0.102284,-0.042185,-0.041154,37.2124,0.05,0.432658,0.458304
