tmp.site,tmp.area,Lb,X1,Wb,POR,ALPHA,BETA,Ks,Kb,Kz,Qthresh,Rs,Rb1,Rb2,Prec,Frac4Rise,Error,BFF
11078000,4.40298e+09,296.79,0.001435,977.002,0.15,5e-06,1.2,850.539,0.000123,1.07875,160740,-0.255413,-0.156716,-0.331582,24.4657,0.05,22.186,0.000544
