tmp.site,tmp.area,Lb,X1,Wb,POR,ALPHA,BETA,Ks,Kb,Kz,Qthresh,Rs,Rb1,Rb2,Prec,Frac4Rise,Error,BFF
14366000,1.25096e+09,15534.3,100,1226.38,0.15,0.009966,1,1034.7,9326.59,0.923527,785349,-0.077075,-0.040645,-0.031179,3425.2,0.05,0.500373,0.431696
