tmp.site,tmp.area,Lb,X1,Wb,POR,ALPHA,BETA,Ks,Kb,Kz,Qthresh,Rs,Rb1,Rb2,Prec,Frac4Rise,Error,BFF
01452000,1.96321e+08,22969.6,140.328,474.67,0.15,0.013557,1.7,895.456,27861.9,0.945866,18887.5,-0.20576,-0.074079,-0.042373,978.629,0.05,0.317001,0.483208
