tmp.site,tmp.area,Lb,X1,Wb,POR,ALPHA,BETA,Ks,Kb,Kz,Qthresh,Rs,Rb1,Rb2,Prec,Frac4Rise,Error,BFF
07344493,7.20017e+08,3414.9,191.308,426.673,0.15,0.006434,1,609.303,6349.16,0.996117,25444.3,-0.047681,-0.129545,-0.112573,763.33,0.05,0.394889,0.048473
