tmp.site,tmp.area,Lb,X1,Wb,POR,ALPHA,BETA,Ks,Kb,Kz,Qthresh,Rs,Rb1,Rb2,Prec,Frac4Rise,Error,BFF
12091290,1.69385e+07,15828.3,100,147.017,0.15,0.009294,1,323.556,1998.23,0.660018,19939.6,-0.355168,-0.079555,-0.054481,1415.9,0.05,0.228134,0.494808
