tmp.site,tmp.area,Lb,X1,Wb,POR,ALPHA,BETA,Ks,Kb,Kz,Qthresh,Rs,Rb1,Rb2,Prec,Frac4Rise,Error,BFF
10170490,8.90438e+09,22830.9,230.447,2471.77,0.15,0.002941,0.9,190.535,2927.75,0.065001,589624,-0.060207,-0.022297,-0.02419,41102.4,0.05,0.240722,0.506813
