tmp.site,tmp.area,Lb,X1,Wb,POR,ALPHA,BETA,Ks,Kb,Kz,Qthresh,Rs,Rb1,Rb2,Prec,Frac4Rise,Error,BFF
07074500,5.15408e+10,60740.2,69.5684,7478,0.15,0.008786,1,6394.08,15254.6,1.83692,1.10406e+07,-0.05268,-0.030698,-0.030503,1.01043e+06,0.05,0.317995,0.581276
