tmp.site,tmp.area,Lb,X1,Wb,POR,ALPHA,BETA,Ks,Kb,Kz,Qthresh,Rs,Rb1,Rb2,Prec,Frac4Rise,Error,BFF
03061000,1.9658e+09,7470.79,100,2036.99,0.15,0.010511,1,7870.59,16705.7,1.17097,459955,-0.240242,-0.086757,-0.092697,5382.46,0.05,0.446732,0.355876
