tmp.site,tmp.area,Lb,X1,Wb,POR,ALPHA,BETA,Ks,Kb,Kz,Qthresh,Rs,Rb1,Rb2,Prec,Frac4Rise,Error,BFF
02143000,2.15487e+08,53779.1,56.9005,362.42,0.15,0.013521,0.9,655.274,10462.5,1.34933,156581,-0.159227,-0.043689,-0.062857,2935.89,0.05,0.360032,0.49196
