tmp.site,tmp.area,Lb,X1,Wb,POR,ALPHA,BETA,Ks,Kb,Kz,Qthresh,Rs,Rb1,Rb2,Prec,Frac4Rise,Error,BFF
07331185,5.4571e+07,1500.13,2.88579,15.8809,0.15,0.003702,0.9,5150.72,0.632985,0.877589,2720.59,-0.202733,-0.086735,-0.178334,24.4657,0.05,0.346141,0.000162
