tmp.site,tmp.area,Lb,X1,Wb,POR,ALPHA,BETA,Ks,Kb,Kz,Qthresh,Rs,Rb1,Rb2,Prec,Frac4Rise,Error,BFF
03255349,1.29499e+08,7805.13,35.3974,429.9,0.15,0.012254,1.4,1503.47,3526.19,1.19451,35964.6,-0.370873,-0.118389,-0.084347,2427.76,0.05,0.34968,0.329106
