tmp.site,tmp.area,Lb,X1,Wb,POR,ALPHA,BETA,Ks,Kb,Kz,Qthresh,Rs,Rb1,Rb2,Prec,Frac4Rise,Error,BFF
02374745,4.71378e+08,10761.9,100,799.652,0.15,0.014525,1,2526.9,10854.1,1.006,62876.9,-0.192961,-0.076411,-0.060942,4045.41,0.05,0.393814,0.353348
