tmp.site,tmp.area,Lb,X1,Wb,POR,ALPHA,BETA,Ks,Kb,Kz,Qthresh,Rs,Rb1,Rb2,Prec,Frac4Rise,Error,BFF
02207418,1.19916e+08,26420.4,367.587,342.379,0.15,0.010769,8.6,72.6047,3969.9,0.787987,63121.5,-0.019253,-0.053908,-0.037209,1797.79,0.05,0.302495,0.605339
