tmp.site,tmp.area,Lb,X1,Wb,POR,ALPHA,BETA,Ks,Kb,Kz,Qthresh,Rs,Rb1,Rb2,Prec,Frac4Rise,Error,BFF
02317620,4.35118e+09,40277.7,36.4033,2741.16,0.15,0.017442,1.1,2923.46,15523.6,1.05453,208937,-0.081878,-0.051904,-0.043493,11144.1,0.05,0.402581,0.553833
