tmp.site,tmp.area,Lb,X1,Wb,POR,ALPHA,BETA,Ks,Kb,Kz,Qthresh,Rs,Rb1,Rb2,Prec,Frac4Rise,Error,BFF
08171290,1.01269e+09,8215.78,396.339,939.167,0.15,0.024419,1,612.124,7304.03,1.24539,91746.4,-0.126212,-0.031744,-0.031715,384.112,0.05,0.423795,0.415046
