tmp.site,tmp.area,Lb,X1,Wb,POR,ALPHA,BETA,Ks,Kb,Kz,Qthresh,Rs,Rb1,Rb2,Prec,Frac4Rise,Error,BFF
07170500,7.49025e+09,7634.29,100,1570.12,0.15,0.009902,1,4578.94,13856.4,1.17446,73397.1,-0.091161,-0.103027,-0.119318,489.314,0.05,1.17519,0.147997
