tmp.site,tmp.area,Lb,X1,Wb,POR,ALPHA,BETA,Ks,Kb,Kz,Qthresh,Rs,Rb1,Rb2,Prec,Frac4Rise,Error,BFF
11441800,3.78138e+08,142672,100,326.805,0.15,0.01074,1,49.4936,845.368,0.160914,21774.5,-0.024087,-0.004179,-0.004123,1296.68,0.05,0.370585,0.517874
