tmp.site,tmp.area,Lb,X1,Wb,POR,ALPHA,BETA,Ks,Kb,Kz,Qthresh,Rs,Rb1,Rb2,Prec,Frac4Rise,Error,BFF
01033000,8.41746e+08,27567.9,37.2988,2629.28,0.15,0.008757,0.9,175.917,11645,0.984653,592070,-0.021532,-0.046699,-0.066886,9296.97,0.05,0.81863,0.804029
