tmp.site,tmp.area,Lb,X1,Wb,POR,ALPHA,BETA,Ks,Kb,Kz,Qthresh,Rs,Rb1,Rb2,Prec,Frac4Rise,Error,BFF
04235299,2.74539e+08,30671.1,84.0699,564.643,0.15,0.012116,1.4,1713.06,20816.6,1.29043,21285.2,-0.294856,-0.061636,-0.041433,1639.2,0.05,0.344134,0.470125
