tmp.site,tmp.area,Lb,X1,Wb,POR,ALPHA,BETA,Ks,Kb,Kz,Qthresh,Rs,Rb1,Rb2,Prec,Frac4Rise,Error,BFF
01030500,3.67519e+09,19667.8,3.9909,5152.86,0.15,0.01303,1.2,8284.9,702.06,1.22378,1.50464e+06,-0.077075,-0.051502,-0.039954,18104.6,0.05,0.402496,0.552319
