tmp.site,tmp.area,Lb,X1,Wb,POR,ALPHA,BETA,Ks,Kb,Kz,Qthresh,Rs,Rb1,Rb2,Prec,Frac4Rise,Error,BFF
05528100,7.07067e+08,9929.69,100,1035.21,0.15,0.012319,1,642.107,9542.06,1.04085,171015,-0.058925,-0.05652,-0.051862,9042.77,0.05,0.352983,0.471269
