tmp.site,tmp.area,Lb,X1,Wb,POR,ALPHA,BETA,Ks,Kb,Kz,Qthresh,Rs,Rb1,Rb2,Prec,Frac4Rise,Error,BFF
02488500,1.29318e+10,10235.3,100,5265.17,0.15,0.011154,1,10688.9,10633.7,2.18588,985724,-0.071417,-0.067295,-0.059731,92725.1,0.05,0.438451,0.358703
