tmp.site,tmp.area,Lb,X1,Wb,POR,ALPHA,BETA,Ks,Kb,Kz,Qthresh,Rs,Rb1,Rb2,Prec,Frac4Rise,Error,BFF
05300000,2.48639e+09,16071.4,100,1460.08,0.15,0.009869,1,3142.93,20313.7,0.957875,21040.5,-0.105361,-0.048892,-0.06658,24.4657,0.05,2.40414,0.434128
