tmp.site,tmp.area,Lb,X1,Wb,POR,ALPHA,BETA,Ks,Kb,Kz,Qthresh,Rs,Rb1,Rb2,Prec,Frac4Rise,Error,BFF
03437480,4.85882e+07,10079.2,98.4452,278.005,0.15,0.016171,1,708.075,34618.4,1.18548,709.506,-0.346574,-0.122572,-0.143517,24.4657,0.05,1.73361,0.306629
