tmp.site,tmp.area,Lb,X1,Wb,POR,ALPHA,BETA,Ks,Kb,Kz,Qthresh,Rs,Rb1,Rb2,Prec,Frac4Rise,Error,BFF
01436690,4.42888e+08,11758,100,882.952,0.15,0.008844,1,1305.91,6523.15,0.95229,147244,-0.168581,-0.065999,-0.039731,11009.6,0.05,0.303,0.445651
