tmp.site,tmp.area,Lb,X1,Wb,POR,ALPHA,BETA,Ks,Kb,Kz,Qthresh,Rs,Rb1,Rb2,Prec,Frac4Rise,Error,BFF
08104100,3.42137e+09,9584.08,124.714,1034.96,0.15,0.009715,0.9,171.041,11689.7,0.997518,570051,-0.006937,-0.078588,-0.158278,195.726,0.05,3.29338,0.243733
