tmp.site,tmp.area,Lb,X1,Wb,POR,ALPHA,BETA,Ks,Kb,Kz,Qthresh,Rs,Rb1,Rb2,Prec,Frac4Rise,Error,BFF
01410000,1.87774e+08,19692.8,6857.71,438.34,0.15,0.011196,10.1,124.886,5458.24,0.824665,68993.3,-0.106457,-0.039052,-0.027402,5627.11,0.05,0.235274,0.605879
