tmp.site,tmp.area,Lb,X1,Wb,POR,ALPHA,BETA,Ks,Kb,Kz,Qthresh,Rs,Rb1,Rb2,Prec,Frac4Rise,Error,BFF
10224000,1.54519e+10,32332.9,144.16,855.691,0.15,0.004696,0.9,321.637,28890.2,1.04946,173707,-0.047208,-0.046034,-0.068265,2006.19,0.05,0.770319,0.472745
