tmp.site,tmp.area,Lb,X1,Wb,POR,ALPHA,BETA,Ks,Kb,Kz,Qthresh,Rs,Rb1,Rb2,Prec,Frac4Rise,Error,BFF
05137500,5.49077e+10,42850.7,32.8991,18396.2,0.15,0.007968,0.9,7078.42,3091.52,1.08136,1.21093e+07,-0.068523,-0.022225,-0.025832,1.07334e+06,0.05,0.442969,0.752836
