tmp.site,tmp.area,Lb,X1,Wb,POR,ALPHA,BETA,Ks,Kb,Kz,Qthresh,Rs,Rb1,Rb2,Prec,Frac4Rise,Error,BFF
06308500,1.39989e+10,45974.8,48.6703,888.527,0.15,0.004567,0.9,1290.15,12611.7,2.4626,929697,-0.091161,-0.044799,-0.072794,1565.81,0.05,1.66155,0.438064
