tmp.site,tmp.area,Lb,X1,Wb,POR,ALPHA,BETA,Ks,Kb,Kz,Qthresh,Rs,Rb1,Rb2,Prec,Frac4Rise,Error,BFF
021564493,7.09657e+09,34557.3,329.012,2414.29,0.15,0.006627,3.3,5093.34,8180.07,1.42907,2.6423e+06,-0.143993,-0.058008,-0.038573,148703,0.05,0.229828,0.578961
