tmp.site,tmp.area,Lb,X1,Wb,POR,ALPHA,BETA,Ks,Kb,Kz,Qthresh,Rs,Rb1,Rb2,Prec,Frac4Rise,Error,BFF
02025652,9.14266e+07,37442,100,322.468,0.15,0.088068,1,142.769,18604.7,0.93697,25199.7,-0.396119,-0.052731,-0.035275,912.571,0.05,0.361697,0.493915
