tmp.site,tmp.area,Lb,X1,Wb,POR,ALPHA,BETA,Ks,Kb,Kz,Qthresh,Rs,Rb1,Rb2,Prec,Frac4Rise,Error,BFF
02211800,8.75416e+08,11932.4,1.0482,1272.08,0.15,0.013368,1.1,3594.35,118.4,0.997857,44282.9,-0.191078,-0.06525,-0.055273,2715.69,0.05,0.384654,0.426503
