tmp.site,tmp.area,Lb,X1,Wb,POR,ALPHA,BETA,Ks,Kb,Kz,Qthresh,Rs,Rb1,Rb2,Prec,Frac4Rise,Error,BFF
01123000,7.76996e+07,15281.5,43.0487,433.504,0.15,0.013823,1.5,986.29,3804.55,1.05385,14924.1,-0.287795,-0.058354,-0.039695,1198.82,0.05,0.31974,0.492736
