tmp.site,tmp.area,Lb,X1,Wb,POR,ALPHA,BETA,Ks,Kb,Kz,Qthresh,Rs,Rb1,Rb2,Prec,Frac4Rise,Error,BFF
01638420,5.98287e+07,27548.3,170.987,147.344,0.15,0.066115,0.9,548.533,35302.7,0.988931,57983.7,-0.336763,-0.058719,-0.079675,24.4657,0.05,0.845174,0.263502
