tmp.site,tmp.area,Lb,X1,Wb,POR,ALPHA,BETA,Ks,Kb,Kz,Qthresh,Rs,Rb1,Rb2,Prec,Frac4Rise,Error,BFF
09310500,1.55658e+08,19076.4,1385.39,260.192,0.15,0.012921,1.5,516.322,5600.01,0.439826,24343.4,-0.111572,-0.029847,-0.018245,802.133,0.05,0.457961,0.184491
