tmp.site,tmp.area,Lb,X1,Wb,POR,ALPHA,BETA,Ks,Kb,Kz,Qthresh,Rs,Rb1,Rb2,Prec,Frac4Rise,Error,BFF
03270500,6.50346e+09,10706.8,100,2703.12,0.15,0.007339,1,5921.58,8471.99,1.2724,755991,-0.1526,-0.081194,-0.036294,46484.9,0.05,0.343176,0.355327
