tmp.site,tmp.area,Lb,X1,Wb,POR,ALPHA,BETA,Ks,Kb,Kz,Qthresh,Rs,Rb1,Rb2,Prec,Frac4Rise,Error,BFF
03404820,3.62598e+08,6479.33,100,985.881,0.15,0.014623,1,3857.07,16651.4,0.861307,538246,-0.304329,-0.089735,-0.121042,48.9314,0.05,4.46214,0.290482
