tmp.site,tmp.area,Lb,X1,Wb,POR,ALPHA,BETA,Ks,Kb,Kz,Qthresh,Rs,Rb1,Rb2,Prec,Frac4Rise,Error,BFF
05495500,9.03906e+08,6457.69,100,615.822,0.15,0.009025,1,3987.14,12372.2,0.906224,8563,-0.244688,-0.151975,-0.129004,24.4657,0.05,1.79384,0.103388
