tmp.site,tmp.area,Lb,X1,Wb,POR,ALPHA,BETA,Ks,Kb,Kz,Qthresh,Rs,Rb1,Rb2,Prec,Frac4Rise,Error,BFF
02343225,7.64046e+08,37957.5,142.489,675.862,0.15,0.008647,1.8,2089.05,13190.1,1.03102,535799,-0.240027,-0.056183,-0.041164,12489.3,0.05,0.32238,0.485325
