tmp.site,tmp.area,Lb,X1,Wb,POR,ALPHA,BETA,Ks,Kb,Kz,Qthresh,Rs,Rb1,Rb2,Prec,Frac4Rise,Error,BFF
05416000,5.07638e+08,10108.5,100,592.273,0.15,0.007342,1,1346.53,3912.82,0.899185,226210,-0.254772,-0.077644,-0.02511,5137.8,0.05,0.302624,0.336871
