tmp.site,tmp.area,Lb,X1,Wb,POR,ALPHA,BETA,Ks,Kb,Kz,Qthresh,Rs,Rb1,Rb2,Prec,Frac4Rise,Error,BFF
11181040,1.15513e+08,27601.4,100,102.529,0.15,0.026921,1,544.425,10511.4,1.01005,5822.84,-0.195433,-0.072885,-0.065136,61.1643,0.05,0.525233,0.196776
