tmp.site,tmp.area,Lb,X1,Wb,POR,ALPHA,BETA,Ks,Kb,Kz,Qthresh,Rs,Rb1,Rb2,Prec,Frac4Rise,Error,BFF
06919500,1.0878e+09,5811.2,100,1239.37,0.15,0.012316,1,3771.9,15050.3,1.04296,63610.9,-0.202733,-0.105641,-0.096475,24.4657,0.05,0.80521,0.274703
