tmp.site,tmp.area,Lb,X1,Wb,POR,ALPHA,BETA,Ks,Kb,Kz,Qthresh,Rs,Rb1,Rb2,Prec,Frac4Rise,Error,BFF
03360500,1.21419e+10,10172.2,100,4836.16,0.15,0.009119,1,9505.75,6366.85,1.6463,1.03001e+06,-0.111572,-0.061087,-0.030263,92725.1,0.05,0.342766,0.41883
