tmp.site,tmp.area,Lb,X1,Wb,POR,ALPHA,BETA,Ks,Kb,Kz,Qthresh,Rs,Rb1,Rb2,Prec,Frac4Rise,Error,BFF
01349700,9.22036e+07,27206.6,168.639,329.595,0.15,0.01211,1.4,897.072,81646.4,1.30745,6361.09,-0.26908,-0.088716,-0.050683,429.985,0.05,0.381008,0.409787
