tmp.site,tmp.area,Lb,X1,Wb,POR,ALPHA,BETA,Ks,Kb,Kz,Qthresh,Rs,Rb1,Rb2,Prec,Frac4Rise,Error,BFF
03130647,2.47344e+07,2335.43,431.757,204.453,0.15,0.015498,1,396.249,3728.89,0.578296,2740.16,-0.23717,-0.170877,-0.109529,274.016,0.05,0.284704,0.198683
