tmp.site,tmp.area,Lb,X1,Wb,POR,ALPHA,BETA,Ks,Kb,Kz,Qthresh,Rs,Rb1,Rb2,Prec,Frac4Rise,Error,BFF
11395030,6.70807e+07,26015.1,20.305,627.506,0.15,0.009858,0.9,19.1126,1708.75,0.772267,239764,-0.005179,-0.043849,-0.120775,293.589,0.05,3.27718,0.360183
