tmp.site,tmp.area,Lb,X1,Wb,POR,ALPHA,BETA,Ks,Kb,Kz,Qthresh,Rs,Rb1,Rb2,Prec,Frac4Rise,Error,BFF
06074000,4.70679e+10,16098,256.047,30327.1,0.15,0.006189,4.9,5261.7,233.177,0.916271,1.25509e+07,-0.05064,-0.019853,-0.016138,469742,0.05,0.377959,0.805428
