tmp.site,tmp.area,Lb,X1,Wb,POR,ALPHA,BETA,Ks,Kb,Kz,Qthresh,Rs,Rb1,Rb2,Prec,Frac4Rise,Error,BFF
10346000,2.41387e+09,18763.6,85.0126,1652.06,0.15,0.006635,1,413.274,1769.14,0.98351,1.47773e+06,-0.057655,-0.027413,-0.026772,15902.7,0.05,0.440727,0.47442
