tmp.site,tmp.area,Lb,X1,Wb,POR,ALPHA,BETA,Ks,Kb,Kz,Qthresh,Rs,Rb1,Rb2,Prec,Frac4Rise,Error,BFF
08072680,7.92536e+07,5423.1,100,273.529,0.15,0.007258,1,850.885,4550.75,1.01593,15741.7,-0.263234,-0.148297,-0.107931,576.461,0.05,0.462661,0.118198
