tmp.site,tmp.area,Lb,X1,Wb,POR,ALPHA,BETA,Ks,Kb,Kz,Qthresh,Rs,Rb1,Rb2,Prec,Frac4Rise,Error,BFF
01427510,4.71378e+09,46387.9,105.405,2178.39,0.15,0.006002,1.9,4841.3,17664.5,1.92238,2.2851e+06,-0.143841,-0.064299,-0.047053,136690,0.05,0.291962,0.539996
