tmp.site,tmp.area,Lb,X1,Wb,POR,ALPHA,BETA,Ks,Kb,Kz,Qthresh,Rs,Rb1,Rb2,Prec,Frac4Rise,Error,BFF
03199000,6.96707e+08,9970.17,100,1180.24,0.15,0.007914,1,1539.28,4336.08,0.871993,184961,-0.153167,-0.071312,-0.029429,17713.2,0.05,0.270129,0.419031
