tmp.site,tmp.area,Lb,X1,Wb,POR,ALPHA,BETA,Ks,Kb,Kz,Qthresh,Rs,Rb1,Rb2,Prec,Frac4Rise,Error,BFF
06888990,1.46816e+11,54593.8,12.8338,4264.31,0.15,0.008449,1,6932.65,3704.33,1.07608,1.99655e+06,-0.036873,-0.043947,-0.045684,155979,0.05,0.395181,0.586638
