tmp.site,tmp.area,Lb,X1,Wb,POR,ALPHA,BETA,Ks,Kb,Kz,Qthresh,Rs,Rb1,Rb2,Prec,Frac4Rise,Error,BFF
05120500,1.82594e+09,76511.6,68.4496,82.8694,0.15,0.087496,0.9,3197.8,15459.1,0.897509,18496.1,-0.100335,-0.039486,-0.059561,24.4657,0.05,2.54637,0.158955
