tmp.site,tmp.area,Lb,X1,Wb,POR,ALPHA,BETA,Ks,Kb,Kz,Qthresh,Rs,Rb1,Rb2,Prec,Frac4Rise,Error,BFF
12205000,2.71949e+08,23070.5,31.8686,964.949,0.15,0.007662,1.2,833.378,4201.75,1.41854,489314,-0.161516,-0.047248,-0.040332,39879.1,0.05,0.298536,0.533197
