tmp.site,tmp.area,Lb,X1,Wb,POR,ALPHA,BETA,Ks,Kb,Kz,Qthresh,Rs,Rb1,Rb2,Prec,Frac4Rise,Error,BFF
03213000,1.30276e+09,16914.9,0.513213,1375.41,0.15,0.010755,1.3,4851.59,52.671,1.15684,73397.1,-0.180533,-0.066771,-0.046667,6850.4,0.05,0.358467,0.418399
