tmp.site,tmp.area,Lb,X1,Wb,POR,ALPHA,BETA,Ks,Kb,Kz,Qthresh,Rs,Rb1,Rb2,Prec,Frac4Rise,Error,BFF
02166501,3.03029e+09,72001.7,14.546,910.895,0.15,0.004674,1,2139.44,3247.84,0.954406,1.37987e+06,-0.05675,-0.050777,-0.055583,62142.9,0.05,0.338422,0.432443
