tmp.site,tmp.area,Lb,X1,Wb,POR,ALPHA,BETA,Ks,Kb,Kz,Qthresh,Rs,Rb1,Rb2,Prec,Frac4Rise,Error,BFF
07343356,4.94688e+08,8066.97,9.45375,494.886,0.15,0.00807,1,3512.52,3468.89,1.14411,145640,-0.303591,-0.190767,-0.217803,24.4657,0.05,2.20137,0.082917
