tmp.site,tmp.area,Lb,X1,Wb,POR,ALPHA,BETA,Ks,Kb,Kz,Qthresh,Rs,Rb1,Rb2,Prec,Frac4Rise,Error,BFF
06652000,3.89146e+10,41898.8,3.60245,5310.84,0.15,0.006736,0.9,620.385,743.836,1.00726,1.66367e+06,-0.040021,-0.026834,-0.03714,100610,0.05,0.358023,0.784848
