tmp.site,tmp.area,Lb,X1,Wb,POR,ALPHA,BETA,Ks,Kb,Kz,Qthresh,Rs,Rb1,Rb2,Prec,Frac4Rise,Error,BFF
06197800,1.00751e+08,24997.6,100,213.287,0.15,0.01055,1,145.901,5595.31,0.684501,9199.11,-0.081336,-0.03381,-0.010834,721.885,0.05,0.335793,0.26616
