tmp.site,tmp.area,Lb,X1,Wb,POR,ALPHA,BETA,Ks,Kb,Kz,Qthresh,Rs,Rb1,Rb2,Prec,Frac4Rise,Error,BFF
05431016,4.35118e+07,19772.3,100,95.4637,0.15,0.025149,1,137.238,30916.2,0.924048,3914.51,-0.275146,-0.086706,-0.079566,48.9314,0.05,0.517176,0.325314
