tmp.site,tmp.area,Lb,X1,Wb,POR,ALPHA,BETA,Ks,Kb,Kz,Qthresh,Rs,Rb1,Rb2,Prec,Frac4Rise,Error,BFF
11335000,1.38823e+09,14614.6,100,1492.56,0.15,0.016008,1,2415.56,11543.1,0.887089,121105,-0.201659,-0.040579,-0.042192,24.4657,0.05,3.52137,0.409906
