tmp.site,tmp.area,Lb,X1,Wb,POR,ALPHA,BETA,Ks,Kb,Kz,Qthresh,Rs,Rb1,Rb2,Prec,Frac4Rise,Error,BFF
12452890,2.39315e+08,28422.2,100,613.678,0.15,0.005571,1,123.87,16896.9,0.873178,51378,-0.068256,-0.026991,-0.017414,3618.97,0.05,0.286083,0.574564
