tmp.site,tmp.area,Lb,X1,Wb,POR,ALPHA,BETA,Ks,Kb,Kz,Qthresh,Rs,Rb1,Rb2,Prec,Frac4Rise,Error,BFF
13081500,4.06628e+10,46748.9,23.5867,7889.76,0.15,0.007296,0.9,853.019,4127.64,0.928047,1.15234e+06,-0.02326,-0.024383,-0.054338,91501.8,0.05,0.596243,0.683138
