tmp.site,tmp.area,Lb,X1,Wb,POR,ALPHA,BETA,Ks,Kb,Kz,Qthresh,Rs,Rb1,Rb2,Prec,Frac4Rise,Error,BFF
09472050,8.0186e+09,1081.31,100,47.9341,0.15,0.000731,1,164.296,34.6076,0.966424,24.4657,-0.664448,-0.175411,-0.387089,24.4657,0.05,0.182999,1.4e-05
