tmp.site,tmp.area,Lb,X1,Wb,POR,ALPHA,BETA,Ks,Kb,Kz,Qthresh,Rs,Rb1,Rb2,Prec,Frac4Rise,Error,BFF
07069500,3.05619e+09,6456.94,100,4347.4,0.15,0.005922,1,1507.29,1372.97,0.845063,866086,-0.157393,-0.051171,-0.013626,71684.5,0.05,0.285894,0.44157
