tmp.site,tmp.area,Lb,X1,Wb,POR,ALPHA,BETA,Ks,Kb,Kz,Qthresh,Rs,Rb1,Rb2,Prec,Frac4Rise,Error,BFF
08449100,4.61018e+08,735580,2.49452,39.397,0.15,0.011149,0.8,259.077,109.938,0.559078,25199.7,-0.051132,-0.009679,-0.012069,2163.14,0.05,0.241974,0.701923
