tmp.site,tmp.area,Lb,X1,Wb,POR,ALPHA,BETA,Ks,Kb,Kz,Qthresh,Rs,Rb1,Rb2,Prec,Frac4Rise,Error,BFF
10150500,1.68867e+09,31561,135.389,1579.01,0.15,0.004201,0.9,345.148,27673.8,1.17007,374325,-0.058892,-0.029251,-0.041022,10275.6,0.05,0.325031,0.771053
