tmp.site,tmp.area,Lb,X1,Wb,POR,ALPHA,BETA,Ks,Kb,Kz,Qthresh,Rs,Rb1,Rb2,Prec,Frac4Rise,Error,BFF
01117100,1.66795e+07,3592.56,98.705,540.845,0.15,0.013401,0.8,170.217,2582.39,0.257757,34252,-0.09417,-0.022372,-0.037843,1149.89,0.05,0.257686,0.723279
