tmp.site,tmp.area,Lb,X1,Wb,POR,ALPHA,BETA,Ks,Kb,Kz,Qthresh,Rs,Rb1,Rb2,Prec,Frac4Rise,Error,BFF
02203863,2.23516e+07,7301.78,729.618,214.506,0.15,0.035723,1.1,314.425,17309.2,0.631784,13333.8,-0.747775,-0.077974,-0.064079,319.057,0.05,0.364694,0.35859
