tmp.site,tmp.area,Lb,X1,Wb,POR,ALPHA,BETA,Ks,Kb,Kz,Qthresh,Rs,Rb1,Rb2,Prec,Frac4Rise,Error,BFF
08358400,7.17427e+10,21617.7,80.3224,4257.75,0.15,0.009544,0.9,6241.2,12759.2,1.03408,1.53645e+06,-0.117692,-0.058882,-0.157624,24.4657,0.05,3424.29,0.576726
