tmp.site,tmp.area,Lb,X1,Wb,POR,ALPHA,BETA,Ks,Kb,Kz,Qthresh,Rs,Rb1,Rb2,Prec,Frac4Rise,Error,BFF
02371500,1.29499e+09,32478.2,6.98085,881.602,0.15,0.014397,1.3,1874.14,1819.93,0.992026,70705.9,-0.0915,-0.06786,-0.047786,6581.28,0.05,0.385818,0.435632
