tmp.site,tmp.area,Lb,X1,Wb,POR,ALPHA,BETA,Ks,Kb,Kz,Qthresh,Rs,Rb1,Rb2,Prec,Frac4Rise,Error,BFF
06274300,3.42552e+10,71941.5,133.377,2747.98,0.15,0.005832,1.2,628.004,33778.5,1.00723,4.11024e+06,-0.05897,-0.028826,-0.025391,103979,0.05,0.351018,0.724393
