tmp.site,tmp.area,Lb,X1,Wb,POR,ALPHA,BETA,Ks,Kb,Kz,Qthresh,Rs,Rb1,Rb2,Prec,Frac4Rise,Error,BFF
07245000,1.22462e+11,11296.4,10.0683,10829.5,0.15,0.012042,0.9,40138.1,3037.45,1.12787,88076.6,-0.065837,-0.071496,-0.163301,6361.09,0.05,1.74185,0.398349
