tmp.site,tmp.area,Lb,X1,Wb,POR,ALPHA,BETA,Ks,Kb,Kz,Qthresh,Rs,Rb1,Rb2,Prec,Frac4Rise,Error,BFF
07066000,1.03082e+09,5148.7,100,2878.71,0.15,0.005584,1,2076.93,738.745,0.956603,300928,-0.131182,-0.062594,-0.01773,22263.8,0.05,0.292819,0.396407
