tmp.site,tmp.area,Lb,X1,Wb,POR,ALPHA,BETA,Ks,Kb,Kz,Qthresh,Rs,Rb1,Rb2,Prec,Frac4Rise,Error,BFF
01608500,3.78397e+09,15037.8,15.3426,2239.97,0.15,0.008717,2.7,6776.02,392.352,1.19909,335180,-0.144791,-0.076977,-0.037417,19327.9,0.05,0.357018,0.439884
