tmp.site,tmp.area,Lb,X1,Wb,POR,ALPHA,BETA,Ks,Kb,Kz,Qthresh,Rs,Rb1,Rb2,Prec,Frac4Rise,Error,BFF
11143000,1.20434e+08,24126.6,3057.62,624.823,0.15,0.016078,2.8,897.699,18518.6,0.754854,24465.7,-0.168236,-0.038227,-0.014554,1321.15,0.05,0.338372,0.384814
