tmp.site,tmp.area,Lb,X1,Wb,POR,ALPHA,BETA,Ks,Kb,Kz,Qthresh,Rs,Rb1,Rb2,Prec,Frac4Rise,Error,BFF
13190500,2.53301e+09,474795,0.004225,2126.74,0.15,0.004121,0.9,272.64,3.60413,1.15683,1.63676e+06,-0.01087,-0.037889,-0.099042,489.314,0.05,18.5426,0.731299
