tmp.site,tmp.area,Lb,X1,Wb,POR,ALPHA,BETA,Ks,Kb,Kz,Qthresh,Rs,Rb1,Rb2,Prec,Frac4Rise,Error,BFF
01620500,4.48068e+07,12118.9,100,185.192,0.15,0.019757,1,176.562,17197.9,1.00119,978.629,-0.124038,-0.084441,-0.048983,73.3971,0.05,0.413654,0.348062
