tmp.site,tmp.area,Lb,X1,Wb,POR,ALPHA,BETA,Ks,Kb,Kz,Qthresh,Rs,Rb1,Rb2,Prec,Frac4Rise,Error,BFF
13162225,7.92536e+07,51485.8,100,360.397,0.15,0.001494,1,21.6458,36346.5,0.859972,11719.1,-0.066766,-0.041671,-0.020193,733.971,0.05,0.296024,0.396838
