tmp.site,tmp.area,Lb,X1,Wb,POR,ALPHA,BETA,Ks,Kb,Kz,Qthresh,Rs,Rb1,Rb2,Prec,Frac4Rise,Error,BFF
401723105400000,1.70939e+06,4449.4,14.3155,114.318,0.15,0.042999,1.1,73.6994,243.199,0.234187,366.986,-0.1229,-0.023059,-0.017608,24.4657,0.05,0.367806,0.482126
