tmp.site,tmp.area,Lb,X1,Wb,POR,ALPHA,BETA,Ks,Kb,Kz,Qthresh,Rs,Rb1,Rb2,Prec,Frac4Rise,Error,BFF
06036650,2.47551e+10,7116.29,165.832,6599.97,0.15,0.00921,0.9,915.415,7601.33,1.0587,4.52616e+06,-0.05268,-0.032998,-0.040838,38411.2,0.05,0.43575,0.5711
