tmp.site,tmp.area,Lb,X1,Wb,POR,ALPHA,BETA,Ks,Kb,Kz,Qthresh,Rs,Rb1,Rb2,Prec,Frac4Rise,Error,BFF
01514000,4.79148e+08,7581.22,100,936.373,0.15,0.009787,1,1954,8919.61,0.96727,26912.3,-0.236422,-0.082312,-0.021977,2691.23,0.05,0.397627,0.347314
