tmp.site,tmp.area,Lb,X1,Wb,POR,ALPHA,BETA,Ks,Kb,Kz,Qthresh,Rs,Rb1,Rb2,Prec,Frac4Rise,Error,BFF
05355092,3.00439e+09,30284.1,81.8562,1701.64,0.15,0.008914,2.3,1258.2,5290.84,0.957046,560265,-0.064096,-0.04398,-0.028179,34007.3,0.05,0.268535,0.632094
