tmp.site,tmp.area,Lb,X1,Wb,POR,ALPHA,BETA,Ks,Kb,Kz,Qthresh,Rs,Rb1,Rb2,Prec,Frac4Rise,Error,BFF
04115265,1.02823e+08,4508.59,56.5047,1203.67,0.15,0.028655,2.1,632.162,358.112,0.040136,79024.3,-0.215199,-0.03669,-0.030325,2360.94,0.05,0.256247,0.620695
