tmp.site,tmp.area,Lb,X1,Wb,POR,ALPHA,BETA,Ks,Kb,Kz,Qthresh,Rs,Rb1,Rb2,Prec,Frac4Rise,Error,BFF
08382600,6.03467e+09,12970.1,65.1987,484.454,0.15,0.016035,0.9,6619.28,7647.78,0.97411,23013.9,-0.161681,-0.081608,-0.195098,24.4657,0.05,230.15,0.20407
