tmp.site,tmp.area,Lb,X1,Wb,POR,ALPHA,BETA,Ks,Kb,Kz,Qthresh,Rs,Rb1,Rb2,Prec,Frac4Rise,Error,BFF
09423350,2.17559e+06,5878.81,100,15.9456,0.15,0.003173,1,144.954,102.33,0.19077,220.191,-0.202733,-0.115208,-0.173239,24.4657,0.05,0.25004,0.004082
