tmp.site,tmp.area,Lb,X1,Wb,POR,ALPHA,BETA,Ks,Kb,Kz,Qthresh,Rs,Rb1,Rb2,Prec,Frac4Rise,Error,BFF
02324400,1.55399e+08,38751.9,100,266.99,0.15,0.03484,1,169.441,51319.3,0.944739,1639.2,-0.085948,-0.053092,-0.050503,114.989,0.05,0.443767,0.499203
