tmp.site,tmp.area,Lb,X1,Wb,POR,ALPHA,BETA,Ks,Kb,Kz,Qthresh,Rs,Rb1,Rb2,Prec,Frac4Rise,Error,BFF
12448998,6.34547e+08,11471.5,0.380325,1547.06,0.15,0.007838,1.6,197.373,17.9958,1.09116,137987,-0.066766,-0.032244,-0.021456,4893.14,0.05,0.278816,0.679042
