tmp.site,tmp.area,Lb,X1,Wb,POR,ALPHA,BETA,Ks,Kb,Kz,Qthresh,Rs,Rb1,Rb2,Prec,Frac4Rise,Error,BFF
01105554,2.16782e+08,19974.3,100,1686.44,0.15,0.090796,1,453.496,25953.6,0.847745,342520,-0.112414,-0.039641,-0.059271,1492.41,0.05,0.363356,0.56062
