tmp.site,tmp.area,Lb,X1,Wb,POR,ALPHA,BETA,Ks,Kb,Kz,Qthresh,Rs,Rb1,Rb2,Prec,Frac4Rise,Error,BFF
02087275,2.52783e+08,9526.55,177.965,476.802,0.15,0.011813,1.1,1506.7,33511,1.26978,28624.9,-0.264803,-0.11669,-0.097314,2387.85,0.05,0.410241,0.299925
