tmp.site,tmp.area,Lb,X1,Wb,POR,ALPHA,BETA,Ks,Kb,Kz,Qthresh,Rs,Rb1,Rb2,Prec,Frac4Rise,Error,BFF
07299670,7.84766e+08,341522,100,68.2928,0.15,0.02025,1,1565.25,7490.9,0.947153,33273.4,-0.159669,-0.034827,-0.060844,24.4657,0.05,5.2203,0.195371
