tmp.site,tmp.area,Lb,X1,Wb,POR,ALPHA,BETA,Ks,Kb,Kz,Qthresh,Rs,Rb1,Rb2,Prec,Frac4Rise,Error,BFF
02327100,2.64179e+08,4646.43,300.52,1206.86,0.15,0.026191,1,1245.25,35825.8,1.12894,4403.83,-0.101289,-0.101848,-0.095822,293.589,0.05,0.494572,0.444425
