tmp.site,tmp.area,Lb,X1,Wb,POR,ALPHA,BETA,Ks,Kb,Kz,Qthresh,Rs,Rb1,Rb2,Prec,Frac4Rise,Error,BFF
01671100,2.77129e+08,12418.9,100,383.08,0.15,0.014963,1,823.963,19616.2,1.01574,224595,-0.168054,-0.072868,-0.06983,205.512,0.05,0.455065,0.355813
