tmp.site,tmp.area,Lb,X1,Wb,POR,ALPHA,BETA,Ks,Kb,Kz,Qthresh,Rs,Rb1,Rb2,Prec,Frac4Rise,Error,BFF
03504000,1.3442e+08,18972.9,100,746.609,0.15,0.013388,1,639.239,9098.04,0.866054,107649,-0.346574,-0.036546,-0.020973,9732.22,0.05,0.214069,0.62525
