tmp.site,tmp.area,Lb,X1,Wb,POR,ALPHA,BETA,Ks,Kb,Kz,Qthresh,Rs,Rb1,Rb2,Prec,Frac4Rise,Error,BFF
10344400,3.78138e+08,29568,100,366.549,0.15,0.011139,1,148.097,5646.56,0.969522,398791,-0.018436,-0.038651,-0.054167,1467.94,0.05,1.35474,0.283561
