tmp.site,tmp.area,Lb,X1,Wb,POR,ALPHA,BETA,Ks,Kb,Kz,Qthresh,Rs,Rb1,Rb2,Prec,Frac4Rise,Error,BFF
14362000,5.82747e+08,18742.8,100,806.427,0.15,0.010484,1,190.659,8388.08,0.954514,792689,-0.020411,-0.039496,-0.017622,7584.37,0.05,0.545352,0.369455
