tmp.site,tmp.area,Lb,X1,Wb,POR,ALPHA,BETA,Ks,Kb,Kz,Qthresh,Rs,Rb1,Rb2,Prec,Frac4Rise,Error,BFF
07289000,2.96424e+12,126521,2.81741,215570,0.15,0.013577,0.9,63472.7,490.715,3.80707,5.28459e+08,-0.017596,-0.016021,-0.0205,4.89314e+07,0.05,0.466509,0.471737
