tmp.site,tmp.area,Lb,X1,Wb,POR,ALPHA,BETA,Ks,Kb,Kz,Qthresh,Rs,Rb1,Rb2,Prec,Frac4Rise,Error,BFF
03303280,2.51229e+11,5.79962e+06,3.45075,9.46391,0.15,0.01,0.6,19486.2,4.39522e+06,60.5105,1.82504e+07,-0.102856,-0.045791,-0.070842,2.12822e+06,0.05,0.979573,0.006518
