tmp.site,tmp.area,Lb,X1,Wb,POR,ALPHA,BETA,Ks,Kb,Kz,Qthresh,Rs,Rb1,Rb2,Prec,Frac4Rise,Error,BFF
07177800,2.13156e+07,5760.86,100,105.194,0.15,0.011552,1,359.152,9022.03,0.892045,8807.66,-0.538239,-0.117371,-0.130581,26.9123,0.05,0.911362,0.154205
