tmp.site,tmp.area,Lb,X1,Wb,POR,ALPHA,BETA,Ks,Kb,Kz,Qthresh,Rs,Rb1,Rb2,Prec,Frac4Rise,Error,BFF
01616400,5.43898e+07,13361,100,206.109,0.15,0.024334,1,151.137,4760.64,0.731024,4825.62,-0.255413,-0.044118,-0.026788,506.44,0.05,0.269516,0.533727
