tmp.site,tmp.area,Lb,X1,Wb,POR,ALPHA,BETA,Ks,Kb,Kz,Qthresh,Rs,Rb1,Rb2,Prec,Frac4Rise,Error,BFF
07331300,1.71457e+08,84936.5,100,258.474,0.15,0.006217,1,273.254,39861.2,0.727741,45261.6,-0.169408,-0.026186,-0.017522,748.651,0.05,0.289245,0.484968
