tmp.site,tmp.area,Lb,X1,Wb,POR,ALPHA,BETA,Ks,Kb,Kz,Qthresh,Rs,Rb1,Rb2,Prec,Frac4Rise,Error,BFF
02456500,2.29214e+09,16092.3,0.567698,2217.5,0.15,0.010952,1.4,7678.78,91.9712,1.20352,110096,-0.202733,-0.086067,-0.050996,8563,0.05,0.392108,0.423031
