tmp.site,tmp.area,Lb,X1,Wb,POR,ALPHA,BETA,Ks,Kb,Kz,Qthresh,Rs,Rb1,Rb2,Prec,Frac4Rise,Error,BFF
02298608,3.23749e+08,19531.3,25.2805,488.884,0.15,0.014591,1,796.477,9696.79,1.07206,56271.1,-0.105075,-0.079841,-0.082179,24.4657,0.05,0.966602,0.380301
