tmp.site,tmp.area,Lb,X1,Wb,POR,ALPHA,BETA,Ks,Kb,Kz,Qthresh,Rs,Rb1,Rb2,Prec,Frac4Rise,Error,BFF
02301793,3.78138e+06,2509.71,100,71.3784,0.15,0.092708,1,326.931,4959.42,0.373534,293.589,-0.17247,-0.104538,-0.165886,24.4657,0.05,0.875601,0.231757
