tmp.site,tmp.area,Lb,X1,Wb,POR,ALPHA,BETA,Ks,Kb,Kz,Qthresh,Rs,Rb1,Rb2,Prec,Frac4Rise,Error,BFF
08019000,1.51514e+09,20739.1,0.770553,469.222,0.15,0.005111,1,2315.25,405.134,0.991558,296035,-0.134771,-0.138751,-0.165706,24.4657,0.05,3.23495,0.084825
