tmp.site,tmp.area,Lb,X1,Wb,POR,ALPHA,BETA,Ks,Kb,Kz,Qthresh,Rs,Rb1,Rb2,Prec,Frac4Rise,Error,BFF
01610155,2.64179e+08,10930.7,37.0947,669.911,0.15,0.025386,1,1250.41,12659.6,1.11093,244657,-0.192724,-0.090474,-0.108103,24.4657,0.05,0.487508,0.421268
