tmp.site,tmp.area,Lb,X1,Wb,POR,ALPHA,BETA,Ks,Kb,Kz,Qthresh,Rs,Rb1,Rb2,Prec,Frac4Rise,Error,BFF
12083000,1.94767e+08,11716.1,100,883.153,0.15,0.009417,1,1037.11,7004.09,0.984186,56271.1,-0.186117,-0.061937,-0.021057,4893.14,0.05,0.374474,0.400299
