tmp.site,tmp.area,Lb,X1,Wb,POR,ALPHA,BETA,Ks,Kb,Kz,Qthresh,Rs,Rb1,Rb2,Prec,Frac4Rise,Error,BFF
08126380,4.2367e+10,6379.82,100,606.682,0.15,0.008345,1,15115.1,7404.74,0.967619,63610.9,-0.178633,-0.112725,-0.141539,24.4657,0.05,19.9964,0.059537
