tmp.site,tmp.area,Lb,X1,Wb,POR,ALPHA,BETA,Ks,Kb,Kz,Qthresh,Rs,Rb1,Rb2,Prec,Frac4Rise,Error,BFF
02035000,1.61926e+10,32532.4,21.1322,3582.87,0.15,0.00782,2.5,9391.61,508.843,2.28961,3.98791e+06,-0.151418,-0.062492,-0.040002,171994,0.05,0.294397,0.491528
