tmp.site,tmp.area,Lb,X1,Wb,POR,ALPHA,BETA,Ks,Kb,Kz,Qthresh,Rs,Rb1,Rb2,Prec,Frac4Rise,Error,BFF
01639000,4.48068e+08,25700.3,44.4166,796.543,0.15,0.01287,1.1,3654.36,26703.9,1.26771,41591.7,-0.323494,-0.102986,-0.087878,532.521,0.05,0.417995,0.35211
