tmp.site,tmp.area,Lb,X1,Wb,POR,ALPHA,BETA,Ks,Kb,Kz,Qthresh,Rs,Rb1,Rb2,Prec,Frac4Rise,Error,BFF
11174160,5.17998e+08,33454.3,100,90.8851,0.15,0.034706,1,376.032,11628.2,0.919367,44038.3,-0.043873,-0.054136,-0.107926,31.8054,0.05,15.8459,0.273758
