tmp.site,tmp.area,Lb,X1,Wb,POR,ALPHA,BETA,Ks,Kb,Kz,Qthresh,Rs,Rb1,Rb2,Prec,Frac4Rise,Error,BFF
11479700,1.14477e+08,7585.06,100,353.187,0.15,0.009506,1,703.172,6139.35,0.863769,3914.51,-0.202733,-0.115133,-0.038812,244.657,0.05,0.412874,0.150615
