tmp.site,tmp.area,Lb,X1,Wb,POR,ALPHA,BETA,Ks,Kb,Kz,Qthresh,Rs,Rb1,Rb2,Prec,Frac4Rise,Error,BFF
04153725,4.66198e+08,12901.6,15.3733,1020.13,0.15,0.009122,2.7,339.591,197.254,0.90353,118439,-0.088575,-0.027708,-0.02175,7501.19,0.05,0.155608,0.781739
