tmp.site,tmp.area,Lb,X1,Wb,POR,ALPHA,BETA,Ks,Kb,Kz,Qthresh,Rs,Rb1,Rb2,Prec,Frac4Rise,Error,BFF
07341200,6.63037e+08,5245.55,100,867.533,0.15,0.013313,1,2096.61,8407.49,0.899744,68504,-0.079866,-0.100462,-0.103081,269.123,0.05,0.637814,0.209161
