tmp.site,tmp.area,Lb,X1,Wb,POR,ALPHA,BETA,Ks,Kb,Kz,Qthresh,Rs,Rb1,Rb2,Prec,Frac4Rise,Error,BFF
13069500,2.92928e+10,11074.9,100,9720.99,0.15,0.010168,1,5554.73,3216.13,0.906812,1.11808e+07,-0.073468,-0.038497,-0.06613,48197.5,0.05,0.785144,0.602774
