tmp.site,tmp.area,Lb,X1,Wb,POR,ALPHA,BETA,Ks,Kb,Kz,Qthresh,Rs,Rb1,Rb2,Prec,Frac4Rise,Error,BFF
08082700,2.69359e+08,10372.3,2.07871,11.8513,0.15,0.001896,1,3825.78,7.37328,0.756278,19160.6,-0.31024,-0.210064,-0.262185,24.4657,0.05,0.527897,0.000127
