tmp.site,tmp.area,Lb,X1,Wb,POR,ALPHA,BETA,Ks,Kb,Kz,Qthresh,Rs,Rb1,Rb2,Prec,Frac4Rise,Error,BFF
07329700,1.55399e+09,7937.87,1.37091,1021.21,0.15,0.010003,1,3526.9,179.706,1.14714,14679.4,-0.249425,-0.085034,-0.085956,39.1451,0.05,1.74662,0.225707
