tmp.site,tmp.area,Lb,X1,Wb,POR,ALPHA,BETA,Ks,Kb,Kz,Qthresh,Rs,Rb1,Rb2,Prec,Frac4Rise,Error,BFF
02373000,1.21729e+09,30008,0.543699,1012.17,0.15,0.010532,1.4,4136.05,191.063,0.38025,31609.7,-0.150987,-0.095815,-0.058557,2691.23,0.05,0.408654,0.363097
