tmp.site,tmp.area,Lb,X1,Wb,POR,ALPHA,BETA,Ks,Kb,Kz,Qthresh,Rs,Rb1,Rb2,Prec,Frac4Rise,Error,BFF
10080000,1.06449e+10,17317.3,4.1722,248.425,0.15,0.007792,1,6492.71,150.408,1.01599,183248,-0.12287,-0.05303,-0.060205,685.04,0.05,1.03587,0.08675
