tmp.site,tmp.area,Lb,X1,Wb,POR,ALPHA,BETA,Ks,Kb,Kz,Qthresh,Rs,Rb1,Rb2,Prec,Frac4Rise,Error,BFF
03425520,1.28722e+08,4254.74,203.152,678.76,0.15,0.015206,1,2111,30300.6,0.93691,376.772,-0.369427,-0.137118,-0.13309,21.4075,0.05,0.527018,0.304241
