tmp.site,tmp.area,Lb,X1,Wb,POR,ALPHA,BETA,Ks,Kb,Kz,Qthresh,Rs,Rb1,Rb2,Prec,Frac4Rise,Error,BFF
01455290,1.4478e+08,72445.8,100,236.889,0.15,0.023088,1,1045.98,1314.68,0.919005,58962.4,-0.311534,-0.039543,-0.029966,3701.42,0.05,0.372809,0.414399
