tmp.site,tmp.area,Lb,X1,Wb,POR,ALPHA,BETA,Ks,Kb,Kz,Qthresh,Rs,Rb1,Rb2,Prec,Frac4Rise,Error,BFF
01618100,4.14398e+07,8881.28,100,591.199,0.15,0.014498,1,116.157,2529.65,0.188191,18006.8,-0.093324,-0.014833,-0.010272,804.922,0.05,0.165993,0.797279
