tmp.site,tmp.area,Lb,X1,Wb,POR,ALPHA,BETA,Ks,Kb,Kz,Qthresh,Rs,Rb1,Rb2,Prec,Frac4Rise,Error,BFF
04212100,1.77414e+09,14499.1,0.417931,1618.31,0.15,0.01585,1,5785.33,149.593,1.27702,26912.3,-0.162655,-0.101695,-0.110717,2935.89,0.05,0.489445,0.331574
