tmp.site,tmp.area,Lb,X1,Wb,POR,ALPHA,BETA,Ks,Kb,Kz,Qthresh,Rs,Rb1,Rb2,Prec,Frac4Rise,Error,BFF
03277200,2.15409e+11,5.37028e+06,3.78293,9.73701,0.15,0.01,0.6,19670.4,4.10433e+06,53.8166,3.13161e+07,-0.11267,-0.046179,-0.071074,2.17072e+06,0.05,0.971583,0.007881
