tmp.site,tmp.area,Lb,X1,Wb,POR,ALPHA,BETA,Ks,Kb,Kz,Qthresh,Rs,Rb1,Rb2,Prec,Frac4Rise,Error,BFF
01509000,7.56277e+08,14829.3,109.962,1237.95,0.15,0.012,5.1,1823.23,898.709,1.53799,109624,-0.168236,-0.054457,-0.026001,9052.31,0.05,0.302498,0.53371
