tmp.site,tmp.area,Lb,X1,Wb,POR,ALPHA,BETA,Ks,Kb,Kz,Qthresh,Rs,Rb1,Rb2,Prec,Frac4Rise,Error,BFF
02423555,8.67646e+08,12851.9,100,1249.45,0.15,0.010083,1,6220.91,20903.3,1.003,70950.6,-0.294859,-0.101241,-0.080717,6728.07,0.05,0.402083,0.321245
