tmp.site,tmp.area,Lb,X1,Wb,POR,ALPHA,BETA,Ks,Kb,Kz,Qthresh,Rs,Rb1,Rb2,Prec,Frac4Rise,Error,BFF
09110990,2.24034e+07,10847,100,89.9917,0.15,0.022144,1,88.0823,8377.21,0.38598,562.711,-0.161464,-0.038302,-0.030243,22.2638,0.05,0.357642,0.422456
