tmp.site,tmp.area,Lb,X1,Wb,POR,ALPHA,BETA,Ks,Kb,Kz,Qthresh,Rs,Rb1,Rb2,Prec,Frac4Rise,Error,BFF
03201000,6.16417e+08,5322.46,100,1043.95,0.15,0.014028,1,4506.19,14681,0.971536,244.657,-0.225512,-0.112941,-0.145578,24.4657,0.05,0.795962,0.255852
