tmp.site,tmp.area,Lb,X1,Wb,POR,ALPHA,BETA,Ks,Kb,Kz,Qthresh,Rs,Rb1,Rb2,Prec,Frac4Rise,Error,BFF
08399500,4.96319e+10,24976.6,11.2794,763.394,0.15,0.006758,0.9,5447.21,271.373,2.84996,225085,-0.120581,-0.076305,-0.115766,24.4657,0.05,139.296,0.234818
