tmp.site,tmp.area,Lb,X1,Wb,POR,ALPHA,BETA,Ks,Kb,Kz,Qthresh,Rs,Rb1,Rb2,Prec,Frac4Rise,Error,BFF
04235440,5.28358e+08,33891.7,35.556,437.198,0.15,0.005102,0.9,67.1608,3313.88,0.710867,123063,-0.009065,-0.048462,-0.098711,7314.27,0.05,0.430547,0.210909
