tmp.site,tmp.area,Lb,X1,Wb,POR,ALPHA,BETA,Ks,Kb,Kz,Qthresh,Rs,Rb1,Rb2,Prec,Frac4Rise,Error,BFF
07230500,1.19916e+09,17732.9,21.6053,338.107,0.15,0.004943,1,2082.77,4627.99,0.966771,44038.3,-0.156188,-0.103459,-0.131085,24.4657,0.05,15.2028,0.103448
