tmp.site,tmp.area,Lb,X1,Wb,POR,ALPHA,BETA,Ks,Kb,Kz,Qthresh,Rs,Rb1,Rb2,Prec,Frac4Rise,Error,BFF
08206700,2.02796e+09,5873.76,100,195.753,0.15,0.011632,1,5486.3,8305.22,0.93785,39145.1,-0.31763,-0.134752,-0.270242,24.4657,0.05,21.5586,0.03289
