tmp.site,tmp.area,Lb,X1,Wb,POR,ALPHA,BETA,Ks,Kb,Kz,Qthresh,Rs,Rb1,Rb2,Prec,Frac4Rise,Error,BFF
01472810,1.52032e+08,51617.1,202.822,238.605,0.15,0.005479,2.1,426.37,64441.9,1.12905,48931.4,-0.15219,-0.103295,-0.072232,4991.01,0.05,0.329126,0.346451
