tmp.site,tmp.area,Lb,X1,Wb,POR,ALPHA,BETA,Ks,Kb,Kz,Qthresh,Rs,Rb1,Rb2,Prec,Frac4Rise,Error,BFF
07342500,1.36492e+09,4620.08,100,389.497,0.15,0.005501,1,1131.43,9841.93,0.986533,51378,-0.082952,-0.151676,-0.256788,24.4657,0.05,8.13596,0.017407
