tmp.site,tmp.area,Lb,X1,Wb,POR,ALPHA,BETA,Ks,Kb,Kz,Qthresh,Rs,Rb1,Rb2,Prec,Frac4Rise,Error,BFF
12024400,7.66636e+07,12000.8,100,566.449,0.15,0.014614,1,707.029,18698.3,0.935468,48931.4,-0.229606,-0.048508,-0.091008,2168.2,0.05,0.493573,0.526541
