tmp.site,tmp.area,Lb,X1,Wb,POR,ALPHA,BETA,Ks,Kb,Kz,Qthresh,Rs,Rb1,Rb2,Prec,Frac4Rise,Error,BFF
09408150,3.86685e+09,6806.9,70.5173,1931.34,0.15,0.002638,0.9,86.9533,1117.56,0.027158,117680,-0.076523,-0.03845,-0.042006,9859.68,0.05,0.281956,0.371399
