tmp.site,tmp.area,Lb,X1,Wb,POR,ALPHA,BETA,Ks,Kb,Kz,Qthresh,Rs,Rb1,Rb2,Prec,Frac4Rise,Error,BFF
04197152,3.93678e+07,6350.7,38.8303,85.8808,0.15,0.01136,1,715.876,11285.4,1.03073,16086.2,-0.484356,-0.167204,-0.230569,24.4657,0.05,0.904368,0.075085
