tmp.site,tmp.area,Lb,X1,Wb,POR,ALPHA,BETA,Ks,Kb,Kz,Qthresh,Rs,Rb1,Rb2,Prec,Frac4Rise,Error,BFF
03287500,1.40144e+10,17780,10.0735,4362.6,0.15,0.012178,1,14521.5,3335.08,3.33974,1.68324e+06,-0.129871,-0.077648,-0.077795,39145.1,0.05,0.401628,0.422616
