tmp.site,tmp.area,Lb,X1,Wb,POR,ALPHA,BETA,Ks,Kb,Kz,Qthresh,Rs,Rb1,Rb2,Prec,Frac4Rise,Error,BFF
07188653,3.65188e+08,20936.7,91.8395,541.805,0.15,0.009992,1.8,887.735,11249.1,1.06832,20233.1,-0.143663,-0.076945,-0.036815,941.93,0.05,0.389596,0.334466
