tmp.site,tmp.area,Lb,X1,Wb,POR,ALPHA,BETA,Ks,Kb,Kz,Qthresh,Rs,Rb1,Rb2,Prec,Frac4Rise,Error,BFF
06803093,1.55399e+08,21212.6,100,148.721,0.15,0.016617,1,213.312,41868.6,0.908789,16910.7,-0.184426,-0.071975,-0.068172,24.4657,0.05,0.715659,0.345571
