tmp.site,tmp.area,Lb,X1,Wb,POR,ALPHA,BETA,Ks,Kb,Kz,Qthresh,Rs,Rb1,Rb2,Prec,Frac4Rise,Error,BFF
03528000,3.81764e+09,49549.9,219.327,1443.44,0.15,0.010086,2.6,5405.17,15497.1,0.490725,354753,-0.128222,-0.076195,-0.039406,36779.3,0.05,0.356359,0.40872
