tmp.site,tmp.area,Lb,X1,Wb,POR,ALPHA,BETA,Ks,Kb,Kz,Qthresh,Rs,Rb1,Rb2,Prec,Frac4Rise,Error,BFF
01480400,1.17844e+07,4497.15,488.141,243.183,0.15,0.008607,1.4,134.904,233.843,0.369064,4305.97,-0.122605,-0.06595,-0.049892,293.589,0.05,0.387634,0.269683
