tmp.site,tmp.area,Lb,X1,Wb,POR,ALPHA,BETA,Ks,Kb,Kz,Qthresh,Rs,Rb1,Rb2,Prec,Frac4Rise,Error,BFF
04262000,6.70807e+08,24656.1,74.3123,1145.82,0.15,0.01299,0.9,1307.2,27325.7,0.978677,440383,-0.089267,-0.04201,-0.087197,15589.1,0.05,0.850522,0.670753
