tmp.site,tmp.area,Lb,X1,Wb,POR,ALPHA,BETA,Ks,Kb,Kz,Qthresh,Rs,Rb1,Rb2,Prec,Frac4Rise,Error,BFF
08064100,2.09012e+09,4149.92,100,1632.92,0.15,0.021363,1,3164.66,11304.9,0.898899,35475.3,-0.077075,-0.100406,-0.145315,24.4657,0.05,2.21524,0.261854
