tmp.site,tmp.area,Lb,X1,Wb,POR,ALPHA,BETA,Ks,Kb,Kz,Qthresh,Rs,Rb1,Rb2,Prec,Frac4Rise,Error,BFF
05082500,7.79586e+10,4980.53,504.762,102018,0.15,0.088336,1.2,7039.37,2218.74,0.488553,4.74635e+06,-0.082505,-0.028666,-0.022534,9052.31,0.05,0.67951,0.409766
