tmp.site,tmp.area,Lb,X1,Wb,POR,ALPHA,BETA,Ks,Kb,Kz,Qthresh,Rs,Rb1,Rb2,Prec,Frac4Rise,Error,BFF
05472500,1.89069e+09,8112.46,138.707,1449.42,0.15,0.012753,1.1,4245.51,9076.06,0.969383,16627.6,-0.157462,-0.070398,-0.053473,807.369,0.05,0.571852,0.326644
