tmp.site,tmp.area,Lb,X1,Wb,POR,ALPHA,BETA,Ks,Kb,Kz,Qthresh,Rs,Rb1,Rb2,Prec,Frac4Rise,Error,BFF
04086000,1.08262e+09,20857.4,0.729648,841.326,0.15,0.01168,1.4,1150.26,92.3119,1.02737,239764,-0.111572,-0.055793,-0.041731,5137.8,0.05,0.361904,0.494248
