tmp.site,tmp.area,Lb,X1,Wb,POR,ALPHA,BETA,Ks,Kb,Kz,Qthresh,Rs,Rb1,Rb2,Prec,Frac4Rise,Error,BFF
06464100,1.38564e+09,7729.7,1616.32,644.248,0.15,0.011061,9.5,232.596,2248.91,0.199302,112542,-0.082231,-0.041964,-0.025905,1590.27,0.05,0.343393,0.560988
