tmp.site,tmp.area,Lb,X1,Wb,POR,ALPHA,BETA,Ks,Kb,Kz,Qthresh,Rs,Rb1,Rb2,Prec,Frac4Rise,Error,BFF
04288225,1.20952e+07,6070.13,80.2342,201.173,0.15,0.010455,1.1,368.332,4990.92,0.67707,3669.86,-0.245351,-0.081919,-0.071171,512.777,0.05,0.361705,0.331385
