tmp.site,tmp.area,Lb,X1,Wb,POR,ALPHA,BETA,Ks,Kb,Kz,Qthresh,Rs,Rb1,Rb2,Prec,Frac4Rise,Error,BFF
05389500,1.74824e+11,35396.3,12.357,55062.4,0.15,0.007262,0.9,3451.65,3666.65,1.34239,4.64849e+07,-0.029772,-0.024326,-0.029068,2.31854e+06,0.05,0.303437,0.837392
