tmp.site,tmp.area,Lb,X1,Wb,POR,ALPHA,BETA,Ks,Kb,Kz,Qthresh,Rs,Rb1,Rb2,Prec,Frac4Rise,Error,BFF
11073495,1.96321e+08,34755.7,89.9109,196.532,0.15,0.041564,0.9,938.297,7580.34,1.14073,92480.4,-0.202733,-0.050135,-0.185563,24.4657,0.05,25.4847,0.255013
