tmp.site,tmp.area,Lb,X1,Wb,POR,ALPHA,BETA,Ks,Kb,Kz,Qthresh,Rs,Rb1,Rb2,Prec,Frac4Rise,Error,BFF
05058500,2.02278e+10,16460.6,53.6666,733.505,0.15,0.010244,0.9,779.51,6384.95,0.935464,437936,-0.05898,-0.054439,-0.084314,244.657,0.05,2.15908,0.304695
