tmp.site,tmp.area,Lb,X1,Wb,POR,ALPHA,BETA,Ks,Kb,Kz,Qthresh,Rs,Rb1,Rb2,Prec,Frac4Rise,Error,BFF
03282000,6.8816e+09,22296.8,0.402915,2878.17,0.15,0.010997,1.1,10327.2,176.182,3.85296,110096,-0.154807,-0.088258,-0.07544,7339.71,0.05,0.420653,0.429393
