tmp.site,tmp.area,Lb,X1,Wb,POR,ALPHA,BETA,Ks,Kb,Kz,Qthresh,Rs,Rb1,Rb2,Prec,Frac4Rise,Error,BFF
10127100,8.05486e+07,47032.7,63.4361,386.641,0.15,0.011261,0.9,122.439,13316.9,0.541947,18104.6,-0.077075,-0.02901,-0.043192,1467.94,0.05,0.405522,0.667192
