tmp.site,tmp.area,Lb,X1,Wb,POR,ALPHA,BETA,Ks,Kb,Kz,Qthresh,Rs,Rb1,Rb2,Prec,Frac4Rise,Error,BFF
10311000,2.29473e+09,15845.2,100,1418.66,0.15,0.013432,1,1877.75,18944.1,1.00983,641002,-0.120667,-0.04255,-0.059606,929.697,0.05,0.420972,0.531706
