tmp.site,tmp.area,Lb,X1,Wb,POR,ALPHA,BETA,Ks,Kb,Kz,Qthresh,Rs,Rb1,Rb2,Prec,Frac4Rise,Error,BFF
04213500,1.12923e+09,34611,271.317,908.413,0.15,0.007258,3.2,3546.63,11287.7,0.823802,193279,-0.274812,-0.075468,-0.041929,20061.9,0.05,0.322167,0.416232
