tmp.site,tmp.area,Lb,X1,Wb,POR,ALPHA,BETA,Ks,Kb,Kz,Qthresh,Rs,Rb1,Rb2,Prec,Frac4Rise,Error,BFF
06893820,2.54337e+08,6049.48,100,523.521,0.15,0.014956,1,1445.18,10691.4,0.857836,34986,-0.173951,-0.105883,-0.095168,850.697,0.05,0.491721,0.26344
