tmp.site,tmp.area,Lb,X1,Wb,POR,ALPHA,BETA,Ks,Kb,Kz,Qthresh,Rs,Rb1,Rb2,Prec,Frac4Rise,Error,BFF
02274325,1.52032e+08,6941.19,100,687.307,0.15,0.024546,1,1165.51,26517.6,0.98654,126977,-0.20443,-0.089633,-0.13528,41.5917,0.05,1.26792,0.471352
