tmp.site,tmp.area,Lb,X1,Wb,POR,ALPHA,BETA,Ks,Kb,Kz,Qthresh,Rs,Rb1,Rb2,Prec,Frac4Rise,Error,BFF
02382200,3.08209e+08,20515,100,601.63,0.15,0.011673,1,1051.12,11577.1,0.906201,151125,-0.364892,-0.046852,-0.041757,2567.68,0.05,0.290719,0.494393
