tmp.site,tmp.area,Lb,X1,Wb,POR,ALPHA,BETA,Ks,Kb,Kz,Qthresh,Rs,Rb1,Rb2,Prec,Frac4Rise,Error,BFF
02320500,2.04091e+10,57272,100,5990.21,0.15,0.009108,1,569.204,3385.64,0.901366,3.44967e+06,-0.02178,-0.014517,-0.007208,354753,0.05,0.363196,0.452536
