tmp.site,tmp.area,Lb,X1,Wb,POR,ALPHA,BETA,Ks,Kb,Kz,Qthresh,Rs,Rb1,Rb2,Prec,Frac4Rise,Error,BFF
14308910,1.9399e+09,14196.5,0.703121,2790.28,0.15,0.010645,1.9,3247.82,38.6537,0.968646,153645,-0.094494,-0.059801,-0.024975,7437.58,0.05,0.348191,0.600889
