tmp.site,tmp.area,Lb,X1,Wb,POR,ALPHA,BETA,Ks,Kb,Kz,Qthresh,Rs,Rb1,Rb2,Prec,Frac4Rise,Error,BFF
07299890,1.91659e+08,107873,206.865,20.7122,0.15,0.093296,0.9,681.073,66998.3,0.349272,4403.83,-0.143841,-0.039479,-0.10673,24.4657,0.05,4.80655,0.182709
