tmp.site,tmp.area,Lb,X1,Wb,POR,ALPHA,BETA,Ks,Kb,Kz,Qthresh,Rs,Rb1,Rb2,Prec,Frac4Rise,Error,BFF
04056500,2.84899e+09,35621.9,100,1771.21,0.15,0.006267,1,502.202,5455.84,0.912323,2.4955e+06,-0.038223,-0.025647,-0.014881,93459,0.05,0.380033,0.440879
