tmp.site,tmp.area,Lb,X1,Wb,POR,ALPHA,BETA,Ks,Kb,Kz,Qthresh,Rs,Rb1,Rb2,Prec,Frac4Rise,Error,BFF
01037380,3.91088e+07,22889.5,152.541,209.238,0.15,0.031967,1,205.471,74387.4,0.706999,38778.2,-0.194129,-0.068988,-0.082891,24.4657,0.05,0.434077,0.493776
