tmp.site,tmp.area,Lb,X1,Wb,POR,ALPHA,BETA,Ks,Kb,Kz,Qthresh,Rs,Rb1,Rb2,Prec,Frac4Rise,Error,BFF
02295163,1.11369e+08,2832.66,119.354,820.659,0.15,0.01725,0.9,154.526,1119.27,0.083231,31560.8,-0.076869,-0.024917,-0.032754,1076.49,0.05,0.285539,0.612633
