tmp.site,tmp.area,Lb,X1,Wb,POR,ALPHA,BETA,Ks,Kb,Kz,Qthresh,Rs,Rb1,Rb2,Prec,Frac4Rise,Error,BFF
02108000,1.5514e+09,11387.6,100,1786.72,0.15,0.018319,1,2869.77,20433.2,0.922491,39145.1,-0.092069,-0.068376,-0.079296,3180.54,0.05,0.493963,0.44847
