tmp.site,tmp.area,Lb,X1,Wb,POR,ALPHA,BETA,Ks,Kb,Kz,Qthresh,Rs,Rb1,Rb2,Prec,Frac4Rise,Error,BFF
05454000,6.55267e+07,29057.3,100,110.485,0.15,0.058619,1,643.771,34400,0.938442,22875.4,-0.255413,-0.065436,-0.105677,24.4657,0.05,2.63818,0.251815
