tmp.site,tmp.area,Lb,X1,Wb,POR,ALPHA,BETA,Ks,Kb,Kz,Qthresh,Rs,Rb1,Rb2,Prec,Frac4Rise,Error,BFF
02337500,9.19446e+07,93746.7,100,145.155,0.15,0.016136,1,153.572,42953.5,0.874192,24098.7,-0.219035,-0.04347,-0.032938,1049.14,0.05,0.321611,0.51869
