tmp.site,tmp.area,Lb,X1,Wb,POR,ALPHA,BETA,Ks,Kb,Kz,Qthresh,Rs,Rb1,Rb2,Prec,Frac4Rise,Error,BFF
04183032,7.30377e+06,8018.44,291.827,12.4667,0.15,0.029793,1,225.788,50370,0.874483,137.497,-0.250388,-0.132038,-0.130363,24.4657,0.05,0.503557,0.073875
