tmp.site,tmp.area,Lb,X1,Wb,POR,ALPHA,BETA,Ks,Kb,Kz,Qthresh,Rs,Rb1,Rb2,Prec,Frac4Rise,Error,BFF
08329835,1.036e+08,41415.9,34.8944,33.2603,0.15,0.014182,0.9,1055.51,2037.24,0.996218,538.246,-0.319471,-0.076283,-0.113619,24.4657,0.05,20.741,0.112712
