tmp.site,tmp.area,Lb,X1,Wb,POR,ALPHA,BETA,Ks,Kb,Kz,Qthresh,Rs,Rb1,Rb2,Prec,Frac4Rise,Error,BFF
09065500,3.75548e+07,8632.64,3438.58,587.811,0.15,0.019053,3.3,345.293,6605.93,0.346643,7486.51,-0.130614,-0.034143,-0.015559,415.917,0.05,0.370424,0.390869
