tmp.site,tmp.area,Lb,X1,Wb,POR,ALPHA,BETA,Ks,Kb,Kz,Qthresh,Rs,Rb1,Rb2,Prec,Frac4Rise,Error,BFF
01105000,8.98726e+07,20467.3,100,423.803,0.15,0.063492,1,213.549,26572.6,0.96445,8563,-0.135273,-0.046391,-0.059817,800.029,0.05,0.352791,0.531398
