tmp.site,tmp.area,Lb,X1,Wb,POR,ALPHA,BETA,Ks,Kb,Kz,Qthresh,Rs,Rb1,Rb2,Prec,Frac4Rise,Error,BFF
13140800,1.93731e+09,4751.75,6.34031,4086.61,0.15,0.005073,1.4,446.477,214.556,0.885821,26178.3,-0.064341,-0.058194,-0.03472,1930.34,0.05,0.421201,0.706908
