tmp.site,tmp.area,Lb,X1,Wb,POR,ALPHA,BETA,Ks,Kb,Kz,Qthresh,Rs,Rb1,Rb2,Prec,Frac4Rise,Error,BFF
12323760,4.04038e+08,156789,100,194.892,0.15,0.017345,1,91.1035,8842.22,0.788877,165144,-0.050882,-0.019068,-0.018245,6116.43,0.05,0.250211,0.567891
