tmp.site,tmp.area,Lb,X1,Wb,POR,ALPHA,BETA,Ks,Kb,Kz,Qthresh,Rs,Rb1,Rb2,Prec,Frac4Rise,Error,BFF
07250974,1.78709e+07,9872.56,100,153.523,0.15,0.037013,1,163.39,21989.4,0.660548,8077.6,-0.139551,-0.078402,-0.145001,24.4657,0.05,3.71818,0.380745
