tmp.site,tmp.area,Lb,X1,Wb,POR,ALPHA,BETA,Ks,Kb,Kz,Qthresh,Rs,Rb1,Rb2,Prec,Frac4Rise,Error,BFF
12444550,4.16988e+08,372605,100,23.2149,0.15,0.019535,1,1038.62,4087.29,0.959343,1932.79,-0.090516,-0.037092,-0.062586,49.6165,0.05,2.8494,0.346878
