tmp.site,tmp.area,Lb,X1,Wb,POR,ALPHA,BETA,Ks,Kb,Kz,Qthresh,Rs,Rb1,Rb2,Prec,Frac4Rise,Error,BFF
03216000,1.57342e+11,4.58973e+06,3.60963,9.24641,0.15,0.01,0.6,17587.9,3.85347e+06,60.6086,1.71945e+07,-0.118194,-0.050781,-0.067797,1.81046e+06,0.05,0.971853,0.004729
