tmp.site,tmp.area,Lb,X1,Wb,POR,ALPHA,BETA,Ks,Kb,Kz,Qthresh,Rs,Rb1,Rb2,Prec,Frac4Rise,Error,BFF
03042280,1.48665e+08,19657,100.073,366.127,0.15,0.016424,1.1,309.919,28836.8,1.07952,17860,-0.07456,-0.068132,-0.057351,1394.55,0.05,0.456229,0.499315
