tmp.site,tmp.area,Lb,X1,Wb,POR,ALPHA,BETA,Ks,Kb,Kz,Qthresh,Rs,Rb1,Rb2,Prec,Frac4Rise,Error,BFF
14138800,2.11602e+07,9808.71,2594.9,341.014,0.15,0.011771,2.2,510.854,45643.1,0.838116,4966.54,-0.235157,-0.096891,-0.024057,357.199,0.05,0.317786,0.316483
