tmp.site,tmp.area,Lb,X1,Wb,POR,ALPHA,BETA,Ks,Kb,Kz,Qthresh,Rs,Rb1,Rb2,Prec,Frac4Rise,Error,BFF
03385000,4.94688e+07,4779.83,100,222.791,0.15,0.018494,1,1067.49,15184.4,0.933554,51378,-0.346574,-0.140708,-0.153213,24.4657,0.05,2.10295,0.158157
