tmp.site,tmp.area,Lb,X1,Wb,POR,ALPHA,BETA,Ks,Kb,Kz,Qthresh,Rs,Rb1,Rb2,Prec,Frac4Rise,Error,BFF
08169500,4.27866e+09,44142.9,4130.49,2022.05,0.15,0.007181,2.5,1125.69,1314.59,0.572472,356417,-0.174515,-0.021655,-0.017626,2397.64,0.05,0.815757,0.523711
