tmp.site,tmp.area,Lb,X1,Wb,POR,ALPHA,BETA,Ks,Kb,Kz,Qthresh,Rs,Rb1,Rb2,Prec,Frac4Rise,Error,BFF
02110400,1.2147e+08,2691.1,100,557.059,0.15,0.022639,1,1003.67,9777.31,0.957676,24265.1,-0.272602,-0.091206,-0.128063,97.8629,0.05,0.623383,0.342219
