tmp.site,tmp.area,Lb,X1,Wb,POR,ALPHA,BETA,Ks,Kb,Kz,Qthresh,Rs,Rb1,Rb2,Prec,Frac4Rise,Error,BFF
04208347,3.34108e+07,2475.02,0.385325,278.877,0.15,0.007432,0.9,212.543,53.2218,1.41399,6948.26,-0.509935,-0.090071,-0.128059,494.207,0.05,0.435068,0.255988
