tmp.site,tmp.area,Lb,X1,Wb,POR,ALPHA,BETA,Ks,Kb,Kz,Qthresh,Rs,Rb1,Rb2,Prec,Frac4Rise,Error,BFF
02370000,5.30948e+08,3214.8,100,2590.78,0.15,0.00653,1,3187.05,797.862,0.951892,178600,-0.202733,-0.07432,-0.026761,16129.8,0.05,0.304107,0.392579
