tmp.site,tmp.area,Lb,X1,Wb,POR,ALPHA,BETA,Ks,Kb,Kz,Qthresh,Rs,Rb1,Rb2,Prec,Frac4Rise,Error,BFF
13137500,1.66536e+08,66353.1,100,86.5542,0.15,0.01647,1,282.742,6355.98,0.986051,40613.1,-0.069332,-0.036237,-0.040942,354.19,0.05,0.752325,0.180346
