tmp.site,tmp.area,Lb,X1,Wb,POR,ALPHA,BETA,Ks,Kb,Kz,Qthresh,Rs,Rb1,Rb2,Prec,Frac4Rise,Error,BFF
03226800,1.28722e+09,10439,73.7919,675.735,0.15,0.008109,1.1,1528.8,15909.4,1.17063,44038.3,-0.090172,-0.126097,-0.097391,3180.54,0.05,0.505852,0.194066
