tmp.site,tmp.area,Lb,X1,Wb,POR,ALPHA,BETA,Ks,Kb,Kz,Qthresh,Rs,Rb1,Rb2,Prec,Frac4Rise,Error,BFF
06016000,7.07067e+09,15386.6,89.2753,2409.6,0.15,0.00863,0.9,689.019,3245.18,0.933088,773117,-0.045486,-0.020874,-0.023983,22508.5,0.05,0.404976,0.623465
