tmp.site,tmp.area,Lb,X1,Wb,POR,ALPHA,BETA,Ks,Kb,Kz,Qthresh,Rs,Rb1,Rb2,Prec,Frac4Rise,Error,BFF
01114500,9.91965e+07,13596,100,408.332,0.15,0.027182,1,195.34,15472.9,0.894871,63610.9,-0.109596,-0.041898,-0.052478,1504.49,0.05,0.359901,0.609457
