tmp.site,tmp.area,Lb,X1,Wb,POR,ALPHA,BETA,Ks,Kb,Kz,Qthresh,Rs,Rb1,Rb2,Prec,Frac4Rise,Error,BFF
11405200,1.19398e+08,298665,3.55728,329.15,0.15,0.00534,0.8,26.2,856.171,0.202657,23242.4,-0.143841,-0.009485,-0.026995,1737.07,0.05,0.425224,0.719977
