tmp.site,tmp.area,Lb,X1,Wb,POR,ALPHA,BETA,Ks,Kb,Kz,Qthresh,Rs,Rb1,Rb2,Prec,Frac4Rise,Error,BFF
03082500,3.43432e+09,9787.76,0.134926,2869.99,0.15,0.009671,1,4944.24,20.4866,1.91706,2.33403e+06,-0.143841,-0.059929,-0.0604,28135.6,0.05,0.377789,0.48648
