tmp.site,tmp.area,Lb,X1,Wb,POR,ALPHA,BETA,Ks,Kb,Kz,Qthresh,Rs,Rb1,Rb2,Prec,Frac4Rise,Error,BFF
11313477,1.20693e+07,4414.61,1.4228,1554.13,0.15,0.010495,0.9,46.8578,19.4422,0.521193,24465.7,-0.024637,-0.025728,-0.054583,314.629,0.05,1.01088,0.644046
