tmp.site,tmp.area,Lb,X1,Wb,POR,ALPHA,BETA,Ks,Kb,Kz,Qthresh,Rs,Rb1,Rb2,Prec,Frac4Rise,Error,BFF
02337040,6.78577e+08,10474.7,100,888.902,0.15,0.013542,1,2714.33,17569.5,0.934231,694826,-0.247109,-0.070694,-0.109525,318.054,0.05,0.682411,0.378138
