tmp.site,tmp.area,Lb,X1,Wb,POR,ALPHA,BETA,Ks,Kb,Kz,Qthresh,Rs,Rb1,Rb2,Prec,Frac4Rise,Error,BFF
09229500,1.34679e+09,547504,0.754005,1738.06,0.15,0.09704,0.9,4585.58,2138.39,1.01955,187407,-0.134548,-0.050395,-0.089871,244.657,0.05,1.15435,0.225259
