tmp.site,tmp.area,Lb,X1,Wb,POR,ALPHA,BETA,Ks,Kb,Kz,Qthresh,Rs,Rb1,Rb2,Prec,Frac4Rise,Error,BFF
02017500,2.71949e+08,9576.95,100,607.401,0.15,0.012543,1,870.19,12350.5,0.966949,21774.5,-0.150908,-0.078137,-0.039615,2095.93,0.05,0.37538,0.394181
