tmp.site,tmp.area,Lb,X1,Wb,POR,ALPHA,BETA,Ks,Kb,Kz,Qthresh,Rs,Rb1,Rb2,Prec,Frac4Rise,Error,BFF
07329780,4.24758e+07,19803.7,100,115.788,0.15,0.022714,1,424.292,7287.16,0.92014,2593.37,-0.13514,-0.069847,-0.037313,141.901,0.05,0.597521,0.166191
