tmp.site,tmp.area,Lb,X1,Wb,POR,ALPHA,BETA,Ks,Kb,Kz,Qthresh,Rs,Rb1,Rb2,Prec,Frac4Rise,Error,BFF
01127000,1.84666e+09,15099.3,0.226016,2165.46,0.15,0.015522,0.9,2717.81,49.1798,1.22453,325394,-0.091867,-0.044174,-0.070998,14190.1,0.05,0.459918,0.574822
