tmp.site,tmp.area,Lb,X1,Wb,POR,ALPHA,BETA,Ks,Kb,Kz,Qthresh,Rs,Rb1,Rb2,Prec,Frac4Rise,Error,BFF
07188005,1.62392e+07,19248.2,100,54.272,0.15,0.036375,1,409.015,10947.6,0.829631,1296.68,-0.255413,-0.101054,-0.047133,24.4657,0.05,0.501149,0.168766
