tmp.site,tmp.area,Lb,X1,Wb,POR,ALPHA,BETA,Ks,Kb,Kz,Qthresh,Rs,Rb1,Rb2,Prec,Frac4Rise,Error,BFF
06133500,1.57471e+08,337233,100,99.9034,0.15,0.02373,1,1565.47,3621,0.769558,26912.3,-0.162711,-0.025808,-0.019921,1003.09,0.05,0.61967,0.230535
