tmp.site,tmp.area,Lb,X1,Wb,POR,ALPHA,BETA,Ks,Kb,Kz,Qthresh,Rs,Rb1,Rb2,Prec,Frac4Rise,Error,BFF
07312500,8.13256e+09,19627.4,100,568.075,0.15,0.006596,1,4770.41,3265.83,0.922891,75843.7,-0.143841,-0.095206,-0.069691,1881.24,0.05,0.415994,0.161683
