tmp.site,tmp.area,Lb,X1,Wb,POR,ALPHA,BETA,Ks,Kb,Kz,Qthresh,Rs,Rb1,Rb2,Prec,Frac4Rise,Error,BFF
05099400,4.71378e+08,3082.27,126.738,477.859,0.15,0.009614,1.1,1285.72,3560.45,0.934643,6507.88,-0.15015,-0.078645,-0.04771,24.4657,0.05,0.845232,0.121787
