tmp.site,tmp.area,Lb,X1,Wb,POR,ALPHA,BETA,Ks,Kb,Kz,Qthresh,Rs,Rb1,Rb2,Prec,Frac4Rise,Error,BFF
03321350,1.50737e+08,11411.6,44.5668,437.276,0.15,0.017971,1,1446.02,18769.6,1.14989,9712.89,-0.36721,-0.128199,-0.149101,12.7222,0.05,1.78596,0.278342
