tmp.site,tmp.area,Lb,X1,Wb,POR,ALPHA,BETA,Ks,Kb,Kz,Qthresh,Rs,Rb1,Rb2,Prec,Frac4Rise,Error,BFF
11427960,6.94117e+07,219979,1.65795,278.489,0.15,0.012271,0.9,31.1074,361.28,0.451293,17370.7,-0.019486,-0.014304,-0.041893,119.882,0.05,1.0588,0.693211
