tmp.site,tmp.area,Lb,X1,Wb,POR,ALPHA,BETA,Ks,Kb,Kz,Qthresh,Rs,Rb1,Rb2,Prec,Frac4Rise,Error,BFF
08477110,4.76558e+08,1.50569e+06,4.09649,138.311,0.15,0.049163,0.9,1239.27,441.844,1.26661,15168.7,-0.091161,-0.03818,-0.044832,190.343,0.05,0.846679,0.231369
