tmp.site,tmp.area,Lb,X1,Wb,POR,ALPHA,BETA,Ks,Kb,Kz,Qthresh,Rs,Rb1,Rb2,Prec,Frac4Rise,Error,BFF
03426800,1.01269e+08,8441.62,100,375.876,0.15,0.0124,1,893.512,7039.07,0.866881,20551.2,-0.289365,-0.09814,-0.045181,1125.42,0.05,0.36494,0.298994
