tmp.site,tmp.area,Lb,X1,Wb,POR,ALPHA,BETA,Ks,Kb,Kz,Qthresh,Rs,Rb1,Rb2,Prec,Frac4Rise,Error,BFF
07312700,8.90697e+09,63710.5,25.5733,500.717,0.15,0.007002,1.1,3924.42,3111.06,1.59967,91012.5,-0.143841,-0.078667,-0.069883,3890.05,0.05,0.408631,0.246009
