tmp.site,tmp.area,Lb,X1,Wb,POR,ALPHA,BETA,Ks,Kb,Kz,Qthresh,Rs,Rb1,Rb2,Prec,Frac4Rise,Error,BFF
04268800,4.42888e+08,12662,100,913.25,0.15,0.01469,1,1511.47,9600.37,0.935629,369432,-0.125996,-0.054337,-0.045935,14374.6,0.05,0.345429,0.464327
