tmp.site,tmp.area,Lb,X1,Wb,POR,ALPHA,BETA,Ks,Kb,Kz,Qthresh,Rs,Rb1,Rb2,Prec,Frac4Rise,Error,BFF
13068501,3.35403e+09,40880.9,100,653.852,0.15,0.012443,1,921.922,16715.6,0.991271,362093,-0.093659,-0.047613,-0.135373,24.4657,0.05,201.289,0.508139
