tmp.site,tmp.area,Lb,X1,Wb,POR,ALPHA,BETA,Ks,Kb,Kz,Qthresh,Rs,Rb1,Rb2,Prec,Frac4Rise,Error,BFF
01632900,2.42423e+08,89755.2,100,160.428,0.15,0.013379,1,142.925,52065.9,0.932372,24465.7,-0.236671,-0.047846,-0.021287,2104.05,0.05,0.308499,0.462011
