tmp.site,tmp.area,Lb,X1,Wb,POR,ALPHA,BETA,Ks,Kb,Kz,Qthresh,Rs,Rb1,Rb2,Prec,Frac4Rise,Error,BFF
08053500,1.036e+09,9137.1,100,487.056,0.15,0.009444,1,2216.65,8686.6,0.957511,105203,-0.217659,-0.097247,-0.155715,24.4657,0.05,46.0672,0.120761
