tmp.site,tmp.area,Lb,X1,Wb,POR,ALPHA,BETA,Ks,Kb,Kz,Qthresh,Rs,Rb1,Rb2,Prec,Frac4Rise,Error,BFF
07334000,2.8205e+09,5230.81,100,883.458,0.15,0.00939,1,4502.24,10253.6,1.51779,63610.9,-0.152521,-0.154281,-0.126667,24.4657,0.05,2.02488,0.06389
