tmp.site,tmp.area,Lb,X1,Wb,POR,ALPHA,BETA,Ks,Kb,Kz,Qthresh,Rs,Rb1,Rb2,Prec,Frac4Rise,Error,BFF
08059400,2.15228e+08,5945.52,100,763.556,0.15,0.023472,1,1435.17,13194.3,0.942103,171260,-0.224708,-0.080166,-0.156279,24.4657,0.05,6.30624,0.358869
