tmp.site,tmp.area,Lb,X1,Wb,POR,ALPHA,BETA,Ks,Kb,Kz,Qthresh,Rs,Rb1,Rb2,Prec,Frac4Rise,Error,BFF
07099230,1.61356e+08,24205.4,100,11.3442,0.15,0.009776,1,851.548,1579.46,0.613833,5382.46,-0.143841,-0.056738,-0.056569,24.4657,0.05,0.85236,0.012697
