tmp.site,tmp.area,Lb,X1,Wb,POR,ALPHA,BETA,Ks,Kb,Kz,Qthresh,Rs,Rb1,Rb2,Prec,Frac4Rise,Error,BFF
05070000,6.21856e+10,19281.3,989.609,6838.95,0.15,0.005916,1.5,5204.9,5224.8,0.610504,1.94258e+06,-0.045632,-0.032256,-0.022605,84162.1,0.05,0.358441,0.367552
