tmp.site,tmp.area,Lb,X1,Wb,POR,ALPHA,BETA,Ks,Kb,Kz,Qthresh,Rs,Rb1,Rb2,Prec,Frac4Rise,Error,BFF
13132373,3.4913e+09,23224.6,50.637,124.576,0.15,0.010046,0.9,1691.69,9635.22,0.948512,7633.3,-0.091819,-0.086372,-0.18546,24.4657,0.05,10.9624,0.105875
