tmp.site,tmp.area,Lb,X1,Wb,POR,ALPHA,BETA,Ks,Kb,Kz,Qthresh,Rs,Rb1,Rb2,Prec,Frac4Rise,Error,BFF
05484500,8.91215e+09,11660.8,0.105554,2786.38,0.15,0.009815,1.2,5261.45,7.99278,1.01811,631215,-0.10274,-0.053115,-0.04072,11009.6,0.05,0.440754,0.437464
