tmp.site,tmp.area,Lb,X1,Wb,POR,ALPHA,BETA,Ks,Kb,Kz,Qthresh,Rs,Rb1,Rb2,Prec,Frac4Rise,Error,BFF
08062500,2.11006e+10,9414.68,100,2585.95,0.15,0.007846,1,10390.9,4859.01,0.921956,2.12362e+06,-0.151457,-0.064509,-0.077939,16881.3,0.05,0.49934,0.191289
