tmp.site,tmp.area,Lb,X1,Wb,POR,ALPHA,BETA,Ks,Kb,Kz,Qthresh,Rs,Rb1,Rb2,Prec,Frac4Rise,Error,BFF
03328500,2.0435e+09,4867.74,2225.48,4277.87,0.15,0.005995,7.4,6291.81,45.4128,0.834309,254443,-0.155994,-0.080967,-0.030872,26178.3,0.05,0.349902,0.339923
