tmp.site,tmp.area,Lb,X1,Wb,POR,ALPHA,BETA,Ks,Kb,Kz,Qthresh,Rs,Rb1,Rb2,Prec,Frac4Rise,Error,BFF
05058700,2.1212e+10,23184.8,100,919.353,0.15,0.009129,1,1643.28,4436.43,1.01735,783050,-0.054812,-0.044402,-0.060184,1467.94,0.05,1.07788,0.313165
