tmp.site,tmp.area,Lb,X1,Wb,POR,ALPHA,BETA,Ks,Kb,Kz,Qthresh,Rs,Rb1,Rb2,Prec,Frac4Rise,Error,BFF
11143200,4.99868e+08,31292.7,60.057,390.912,0.15,0.016988,1,273.286,11857.2,0.893284,15168.7,-0.122377,-0.048104,-0.057527,24.4657,0.05,6.76175,0.370738
