tmp.site,tmp.area,Lb,X1,Wb,POR,ALPHA,BETA,Ks,Kb,Kz,Qthresh,Rs,Rb1,Rb2,Prec,Frac4Rise,Error,BFF
09386900,1.84925e+08,3927.73,153.516,36.2658,0.15,0.010371,1,898.715,2484.6,0.955222,415.917,-0.168236,-0.107438,-0.08711,24.4657,0.05,1.05262,0.013773
