tmp.site,tmp.area,Lb,X1,Wb,POR,ALPHA,BETA,Ks,Kb,Kz,Qthresh,Rs,Rb1,Rb2,Prec,Frac4Rise,Error,BFF
01021000,3.53792e+09,43418.9,44.0543,3252.73,0.15,0.006564,1.3,492.531,11690.1,1.2913,2.01597e+06,-0.040021,-0.039577,-0.034147,156615,0.05,0.278167,0.798104
