tmp.site,tmp.area,Lb,X1,Wb,POR,ALPHA,BETA,Ks,Kb,Kz,Qthresh,Rs,Rb1,Rb2,Prec,Frac4Rise,Error,BFF
03024000,2.66251e+09,16626.6,100,1934.55,0.15,0.012472,1,4610.99,22207.4,1.28666,185939,-0.134661,-0.064717,-0.052559,20306.5,0.05,0.380558,0.441169
