tmp.site,tmp.area,Lb,X1,Wb,POR,ALPHA,BETA,Ks,Kb,Kz,Qthresh,Rs,Rb1,Rb2,Prec,Frac4Rise,Error,BFF
10258700,2.27401e+07,1124.75,4.2889,15.8376,0.15,0.004736,0.9,568.08,1.32193,0.580824,978.629,-0.202733,-0.060052,-0.096172,24.4657,0.05,0.430198,0.000444
