tmp.site,tmp.area,Lb,X1,Wb,POR,ALPHA,BETA,Ks,Kb,Kz,Qthresh,Rs,Rb1,Rb2,Prec,Frac4Rise,Error,BFF
07311783,5.77567e+08,11375.3,6.90623,10.7138,0.15,0.009683,0.9,1789.63,104.669,1.13766,269.123,-0.172939,-0.077293,-0.244715,24.4657,0.05,0.738191,0.024481
