tmp.site,tmp.area,Lb,X1,Wb,POR,ALPHA,BETA,Ks,Kb,Kz,Qthresh,Rs,Rb1,Rb2,Prec,Frac4Rise,Error,BFF
03334000,1.02564e+09,7818.73,100,1183.05,0.15,0.009639,1,3128.85,8209.49,0.873438,111319,-0.201804,-0.088521,-0.043233,5627.11,0.05,0.378089,0.332654
