tmp.site,tmp.area,Lb,X1,Wb,POR,ALPHA,BETA,Ks,Kb,Kz,Qthresh,Rs,Rb1,Rb2,Prec,Frac4Rise,Error,BFF
03358000,6.34547e+08,14977.1,44.2413,929.637,0.15,0.007722,1.3,7055.41,10017.1,0.92303,31805.4,-0.301313,-0.117999,-0.068301,651.302,0.05,0.454008,0.274749
