tmp.site,tmp.area,Lb,X1,Wb,POR,ALPHA,BETA,Ks,Kb,Kz,Qthresh,Rs,Rb1,Rb2,Prec,Frac4Rise,Error,BFF
13078000,1.05931e+09,421518,100,72.6108,0.15,0.02883,1,2947.67,3897.58,0.934845,24465.7,-0.131608,-0.035187,-0.040599,199.078,0.05,0.95481,0.236932
