tmp.site,tmp.area,Lb,X1,Wb,POR,ALPHA,BETA,Ks,Kb,Kz,Qthresh,Rs,Rb1,Rb2,Prec,Frac4Rise,Error,BFF
01150900,6.06057e+07,15322.6,28.9016,276.712,0.15,0.021956,1.6,420.941,3064.59,1.38765,50154.7,-0.275879,-0.072483,-0.048814,984.598,0.05,0.332546,0.449055
