tmp.site,tmp.area,Lb,X1,Wb,POR,ALPHA,BETA,Ks,Kb,Kz,Qthresh,Rs,Rb1,Rb2,Prec,Frac4Rise,Error,BFF
03272000,7.12247e+08,5899.93,100,987.26,0.15,0.010406,1,3489.23,6645.24,0.896189,24006.2,-0.208474,-0.110564,-0.046633,1223.29,0.05,0.426554,0.249408
