tmp.site,tmp.area,Lb,X1,Wb,POR,ALPHA,BETA,Ks,Kb,Kz,Qthresh,Rs,Rb1,Rb2,Prec,Frac4Rise,Error,BFF
03351072,4.22168e+07,4759.36,340.154,295.641,0.15,0.020227,1,747.585,36670.4,0.742396,2519.97,-0.324772,-0.102568,-0.097215,97.8629,0.05,0.480987,0.310857
