tmp.site,tmp.area,Lb,X1,Wb,POR,ALPHA,BETA,Ks,Kb,Kz,Qthresh,Rs,Rb1,Rb2,Prec,Frac4Rise,Error,BFF
02423397,4.40298e+07,10006.3,100,241.097,0.15,0.012723,1,448.574,11003.1,0.944029,8679.46,-0.364688,-0.092827,-0.052913,930.651,0.05,0.339503,0.365626
