tmp.site,tmp.area,Lb,X1,Wb,POR,ALPHA,BETA,Ks,Kb,Kz,Qthresh,Rs,Rb1,Rb2,Prec,Frac4Rise,Error,BFF
01464000,2.34653e+08,8583.74,236.171,614.814,0.15,0.014296,1.1,983.04,12844.8,0.805784,81238.4,-0.183052,-0.064508,-0.055471,3914.51,0.05,0.330996,0.437017
