tmp.site,tmp.area,Lb,X1,Wb,POR,ALPHA,BETA,Ks,Kb,Kz,Qthresh,Rs,Rb1,Rb2,Prec,Frac4Rise,Error,BFF
03376500,2.12897e+09,6172.93,133.858,58307.9,0.15,0.093405,0.9,10552.1,12472.8,1.07282,1.6392e+06,-0.066766,-0.057043,-0.122899,1321.15,0.05,0.885165,0.560327
