tmp.site,tmp.area,Lb,X1,Wb,POR,ALPHA,BETA,Ks,Kb,Kz,Qthresh,Rs,Rb1,Rb2,Prec,Frac4Rise,Error,BFF
14202000,1.2406e+09,32468.6,446.221,1362.8,0.15,0.013184,1.2,2105.29,91189.4,0.392372,151687,-0.10991,-0.052497,-0.034693,4110.24,0.05,0.34842,0.471774
