tmp.site,tmp.area,Lb,X1,Wb,POR,ALPHA,BETA,Ks,Kb,Kz,Qthresh,Rs,Rb1,Rb2,Prec,Frac4Rise,Error,BFF
08287000,5.5607e+09,31231.5,29.6878,1506.19,0.15,0.011182,0.9,352.727,6970.13,0.844226,154134,-0.011559,-0.042774,-0.104785,6116.43,0.05,1.31554,0.655688
