tmp.site,tmp.area,Lb,X1,Wb,POR,ALPHA,BETA,Ks,Kb,Kz,Qthresh,Rs,Rb1,Rb2,Prec,Frac4Rise,Error,BFF
09106150,2.28256e+10,15591.1,100,4682.61,0.15,0.009607,1,3325.49,13288.1,0.972915,5.52925e+06,-0.06549,-0.033115,-0.039252,57298.7,0.05,0.344157,0.6208
