tmp.site,tmp.area,Lb,X1,Wb,POR,ALPHA,BETA,Ks,Kb,Kz,Qthresh,Rs,Rb1,Rb2,Prec,Frac4Rise,Error,BFF
05087500,6.60447e+08,14881,100,283.477,0.15,0.00977,1,541.349,11849.4,0.984749,8563,-0.111572,-0.071196,-0.068294,24.4657,0.05,4.07764,0.144608
