tmp.site,tmp.area,Lb,X1,Wb,POR,ALPHA,BETA,Ks,Kb,Kz,Qthresh,Rs,Rb1,Rb2,Prec,Frac4Rise,Error,BFF
08032700,5.79639e+09,37154.3,256.219,2680.37,0.15,0.00957,1.5,2237.21,92345.2,1.46829,396736,-0.056312,-0.05463,-0.032526,14885.9,0.05,0.376936,0.649967
