tmp.site,tmp.area,Lb,X1,Wb,POR,ALPHA,BETA,Ks,Kb,Kz,Qthresh,Rs,Rb1,Rb2,Prec,Frac4Rise,Error,BFF
14144800,6.83757e+08,7900.45,100,3038.63,0.15,0.004924,1,980.985,1179.99,0.919706,513780,-0.111572,-0.042294,-0.008291,49176.1,0.05,0.238447,0.520568
