tmp.site,tmp.area,Lb,X1,Wb,POR,ALPHA,BETA,Ks,Kb,Kz,Qthresh,Rs,Rb1,Rb2,Prec,Frac4Rise,Error,BFF
02066000,7.6819e+09,93914.3,89.0872,80644,0.15,0.007343,1.1,2879.83,99040.4,1.21996,3.08268e+06,-0.081648,-0.060984,-0.056298,106137,0.05,3.97418,0.993986
