tmp.site,tmp.area,Lb,X1,Wb,POR,ALPHA,BETA,Ks,Kb,Kz,Qthresh,Rs,Rb1,Rb2,Prec,Frac4Rise,Error,BFF
02052000,1.92695e+09,9522.26,100,1318.35,0.15,0.00903,1,5530.24,10020.2,0.960099,108745,-0.203393,-0.077195,-0.092595,4403.83,0.05,0.560502,0.320738
