tmp.site,tmp.area,Lb,X1,Wb,POR,ALPHA,BETA,Ks,Kb,Kz,Qthresh,Rs,Rb1,Rb2,Prec,Frac4Rise,Error,BFF
07096000,8.07299e+09,11409.9,0.377816,6614.35,0.15,0.004822,1.1,44.7517,39.0731,1.11223,1.11319e+06,-0.065027,-0.029966,-0.027874,38411.2,0.05,0.281497,0.871852
