tmp.site,tmp.area,Lb,X1,Wb,POR,ALPHA,BETA,Ks,Kb,Kz,Qthresh,Rs,Rb1,Rb2,Prec,Frac4Rise,Error,BFF
09413200,9.97922e+09,40195.4,17.0824,809.365,0.15,0.013516,0.9,1798.87,5985.38,0.981172,474635,-0.122775,-0.044572,-0.059346,3107.15,0.05,0.527466,0.480065
