tmp.site,tmp.area,Lb,X1,Wb,POR,ALPHA,BETA,Ks,Kb,Kz,Qthresh,Rs,Rb1,Rb2,Prec,Frac4Rise,Error,BFF
03207800,7.69226e+08,9233.3,100,1197.65,0.15,0.013711,1,3125.1,11467.6,1.00182,107649,-0.212264,-0.073026,-0.059186,4285.66,0.05,0.366888,0.405058
