tmp.site,tmp.area,Lb,X1,Wb,POR,ALPHA,BETA,Ks,Kb,Kz,Qthresh,Rs,Rb1,Rb2,Prec,Frac4Rise,Error,BFF
07019175,1.31571e+07,3147.6,132.697,86.4927,0.15,0.015207,1.1,500.658,7541.9,0.930529,2275.31,-0.607891,-0.145794,-0.109569,26.9123,0.05,0.509865,0.095194
