tmp.site,tmp.area,Lb,X1,Wb,POR,ALPHA,BETA,Ks,Kb,Kz,Qthresh,Rs,Rb1,Rb2,Prec,Frac4Rise,Error,BFF
07106500,2.39574e+09,74948.8,100,473.83,0.15,0.040774,1,1843.75,6164.51,1.02782,264230,-0.159227,-0.051831,-0.124584,69.2135,0.05,9.56244,0.227942
