tmp.site,tmp.area,Lb,X1,Wb,POR,ALPHA,BETA,Ks,Kb,Kz,Qthresh,Rs,Rb1,Rb2,Prec,Frac4Rise,Error,BFF
03238772,8.02896e+06,7383.77,100,61.5498,0.15,0.037278,1,474.612,24290,0.567701,10380.6,-0.553019,-0.101589,-0.154211,24.4657,0.05,0.655067,0.220407
