tmp.site,tmp.area,Lb,X1,Wb,POR,ALPHA,BETA,Ks,Kb,Kz,Qthresh,Rs,Rb1,Rb2,Prec,Frac4Rise,Error,BFF
01396001,5.59437e+07,7329.05,100,145.517,0.15,0.015911,1,1380.42,12153.9,0.89731,40894.4,-0.457129,-0.098149,-0.160732,24.4657,0.05,3.32034,0.167359
