tmp.site,tmp.area,Lb,X1,Wb,POR,ALPHA,BETA,Ks,Kb,Kz,Qthresh,Rs,Rb1,Rb2,Prec,Frac4Rise,Error,BFF
05595730,2.27919e+08,2949.89,0.161101,541.407,0.15,0.01126,1,2875.43,19.2963,0.954251,210160,-0.310698,-0.162676,-0.2158,24.4657,0.05,2.68844,0.115331
