tmp.site,tmp.area,Lb,X1,Wb,POR,ALPHA,BETA,Ks,Kb,Kz,Qthresh,Rs,Rb1,Rb2,Prec,Frac4Rise,Error,BFF
03151400,2.90079e+08,5533.59,100,1069.96,0.15,0.017239,1,2879.39,17734.9,0.925347,2715.69,-0.214655,-0.092522,-0.102007,234.871,0.05,0.444141,0.398883
