tmp.site,tmp.area,Lb,X1,Wb,POR,ALPHA,BETA,Ks,Kb,Kz,Qthresh,Rs,Rb1,Rb2,Prec,Frac4Rise,Error,BFF
11109600,9.63476e+08,6699.45,183.158,827.474,0.15,0.021887,1,1002.72,4227.28,0.23371,80736.9,-0.127644,-0.046564,-0.05325,24.4657,0.05,11.202,0.253442
