tmp.site,tmp.area,Lb,X1,Wb,POR,ALPHA,BETA,Ks,Kb,Kz,Qthresh,Rs,Rb1,Rb2,Prec,Frac4Rise,Error,BFF
09367540,2.05904e+10,20891.1,7.40521,4551.88,0.15,0.008009,1,1556.38,769.529,0.87092,2.54443e+06,-0.035923,-0.034202,-0.035341,97664.7,0.05,0.371572,0.792007
