tmp.site,tmp.area,Lb,X1,Wb,POR,ALPHA,BETA,Ks,Kb,Kz,Qthresh,Rs,Rb1,Rb2,Prec,Frac4Rise,Error,BFF
06287000,5.09451e+10,21700.6,5.80876,35964.5,0.15,0.006523,1,782.843,195.151,0.995647,8.31834e+06,-0.015581,-0.023379,-0.024588,227556,0.05,0.677925,0.872876
