tmp.site,tmp.area,Lb,X1,Wb,POR,ALPHA,BETA,Ks,Kb,Kz,Qthresh,Rs,Rb1,Rb2,Prec,Frac4Rise,Error,BFF
05267000,3.00439e+10,18637.2,82.931,7261.39,0.15,0.008282,0.9,3413.9,5395.27,0.980982,8.61193e+06,-0.062582,-0.023966,-0.027668,161141,0.05,0.325238,0.628162
