tmp.site,tmp.area,Lb,X1,Wb,POR,ALPHA,BETA,Ks,Kb,Kz,Qthresh,Rs,Rb1,Rb2,Prec,Frac4Rise,Error,BFF
09416000,1.02149e+10,1.06761e+06,100,15.1065,0.15,0.010374,1,8807.3,126.31,0.819511,97862.9,-0.091161,-0.00502,-0.008708,6458.95,0.05,0.170189,0.804075
