tmp.site,tmp.area,Lb,X1,Wb,POR,ALPHA,BETA,Ks,Kb,Kz,Qthresh,Rs,Rb1,Rb2,Prec,Frac4Rise,Error,BFF
08123850,3.86167e+10,5958.98,100,316.229,0.15,0.01136,1,12009.6,10057.3,0.898394,108324,-0.184216,-0.108695,-0.203003,24.4657,0.05,10.0597,0.077549
