tmp.site,tmp.area,Lb,X1,Wb,POR,ALPHA,BETA,Ks,Kb,Kz,Qthresh,Rs,Rb1,Rb2,Prec,Frac4Rise,Error,BFF
09066510,2.64179e+08,20547.9,2289.8,363.703,0.15,0.008782,1.8,235.278,5380.3,0.287672,45506.2,-0.069654,-0.030195,-0.01809,2935.89,0.05,0.349229,0.192525
