tmp.site,tmp.area,Lb,X1,Wb,POR,ALPHA,BETA,Ks,Kb,Kz,Qthresh,Rs,Rb1,Rb2,Prec,Frac4Rise,Error,BFF
09244490,4.07923e+09,15878,0.200586,2806.02,0.15,0.006764,1.2,750.501,23.973,1.12553,486868,-0.053412,-0.039588,-0.031061,18686.4,0.05,0.305217,0.659726
