tmp.site,tmp.area,Lb,X1,Wb,POR,ALPHA,BETA,Ks,Kb,Kz,Qthresh,Rs,Rb1,Rb2,Prec,Frac4Rise,Error,BFF
11120000,4.89508e+07,5536.91,61.4881,33.7211,0.15,0.008171,1,1151.55,2271.13,0.96493,11743.5,-0.344356,-0.1425,-0.138499,24.4657,0.05,1.12717,0.007545
