tmp.site,tmp.area,Lb,X1,Wb,POR,ALPHA,BETA,Ks,Kb,Kz,Qthresh,Rs,Rb1,Rb2,Prec,Frac4Rise,Error,BFF
10287770,4.32528e+07,8752.94,100,15.1278,0.15,0.00145,1,1492.45,209.361,0.909961,19572.6,-0.140958,-0.103556,-0.117878,24.4657,0.05,0.295696,8.1e-05
