tmp.site,tmp.area,Lb,X1,Wb,POR,ALPHA,BETA,Ks,Kb,Kz,Qthresh,Rs,Rb1,Rb2,Prec,Frac4Rise,Error,BFF
02146409,3.05619e+07,3512.03,166.186,239.464,0.15,0.007476,1,1218.65,2708.07,0.503729,9443.77,-0.674241,-0.135342,-0.115333,467.295,0.05,0.367621,0.156905
