tmp.site,tmp.area,Lb,X1,Wb,POR,ALPHA,BETA,Ks,Kb,Kz,Qthresh,Rs,Rb1,Rb2,Prec,Frac4Rise,Error,BFF
13211205,8.71013e+09,65404.4,15.2943,3421.8,0.15,0.009281,1,1206.97,2991.42,0.963628,1.58195e+06,-0.034324,-0.033318,-0.035378,49760.8,0.05,0.533516,0.653412
