tmp.site,tmp.area,Lb,X1,Wb,POR,ALPHA,BETA,Ks,Kb,Kz,Qthresh,Rs,Rb1,Rb2,Prec,Frac4Rise,Error,BFF
14034480,6.81167e+07,153230,100,15.1208,0.15,0.054366,1,287.7,91143.2,0.617708,3180.54,-0.081259,-0.045681,-0.048934,24.4657,0.05,0.606141,0.19885
