tmp.site,tmp.area,Lb,X1,Wb,POR,ALPHA,BETA,Ks,Kb,Kz,Qthresh,Rs,Rb1,Rb2,Prec,Frac4Rise,Error,BFF
01470755,4.06628e+08,12863.3,16.1093,1096.5,0.15,0.011131,3.1,2179.31,497.324,1.19914,98107.5,-0.242543,-0.071248,-0.040568,5333.53,0.05,0.278855,0.544109
