tmp.site,tmp.area,Lb,X1,Wb,POR,ALPHA,BETA,Ks,Kb,Kz,Qthresh,Rs,Rb1,Rb2,Prec,Frac4Rise,Error,BFF
02238500,2.2766e+09,21321.7,6.09026,236.066,0.15,0.006202,0.9,204.453,7.76611,1.09047,74375.8,-0.00893,-0.06666,-0.096101,24.4657,0.05,1007.7,0.109046
