tmp.site,tmp.area,Lb,X1,Wb,POR,ALPHA,BETA,Ks,Kb,Kz,Qthresh,Rs,Rb1,Rb2,Prec,Frac4Rise,Error,BFF
07165570,1.95008e+11,23618,11.9696,22575.7,0.15,0.015621,0.9,41810.8,3854.98,0.940984,2.31446e+07,-0.049459,-0.052454,-0.100929,61164.3,0.05,0.689037,0.530728
