tmp.site,tmp.area,Lb,X1,Wb,POR,ALPHA,BETA,Ks,Kb,Kz,Qthresh,Rs,Rb1,Rb2,Prec,Frac4Rise,Error,BFF
12143000,2.47862e+08,10606.1,100,1107.07,0.15,0.011972,1,1298.29,7489.37,1.64361,146794,-0.1835,-0.063627,-0.027717,15902.7,0.05,0.325848,0.450678
