tmp.site,tmp.area,Lb,X1,Wb,POR,ALPHA,BETA,Ks,Kb,Kz,Qthresh,Rs,Rb1,Rb2,Prec,Frac4Rise,Error,BFF
12323700,1.09815e+08,28427.8,100,97.2246,0.15,0.03578,1,442.64,16949.2,0.91296,4624.02,-0.095459,-0.039915,-0.058121,46.4849,0.05,0.63607,0.207848
