tmp.site,tmp.area,Lb,X1,Wb,POR,ALPHA,BETA,Ks,Kb,Kz,Qthresh,Rs,Rb1,Rb2,Prec,Frac4Rise,Error,BFF
14189000,4.63608e+09,16157.6,0.970314,4109.06,0.15,0.009728,3.2,4373.58,4.83832,4.31404,4.2081e+06,-0.100916,-0.050591,-0.025949,111483,0.05,0.348468,0.530009
