tmp.site,tmp.area,Lb,X1,Wb,POR,ALPHA,BETA,Ks,Kb,Kz,Qthresh,Rs,Rb1,Rb2,Prec,Frac4Rise,Error,BFF
02157470,8.44336e+07,21696,100,291.796,0.15,0.013432,1,297.927,13892.8,0.842497,52845.9,-0.321781,-0.04338,-0.033894,1293.67,0.05,0.311033,0.521083
