tmp.site,tmp.area,Lb,X1,Wb,POR,ALPHA,BETA,Ks,Kb,Kz,Qthresh,Rs,Rb1,Rb2,Prec,Frac4Rise,Error,BFF
01409810,2.17818e+08,42390.3,167.19,327.006,0.15,0.013409,2.6,251.509,12258.4,0.669465,73641.8,-0.114572,-0.046368,-0.033539,7119.52,0.05,0.24478,0.60241
