tmp.site,tmp.area,Lb,X1,Wb,POR,ALPHA,BETA,Ks,Kb,Kz,Qthresh,Rs,Rb1,Rb2,Prec,Frac4Rise,Error,BFF
12142000,1.65759e+08,9338.42,100,909.817,0.15,0.010073,1,1354.29,6812.1,1.768,87066.1,-0.260222,-0.078199,-0.030018,9286.94,0.05,0.33826,0.384103
