tmp.site,tmp.area,Lb,X1,Wb,POR,ALPHA,BETA,Ks,Kb,Kz,Qthresh,Rs,Rb1,Rb2,Prec,Frac4Rise,Error,BFF
04192574,4.01448e+07,7520.17,100,140.769,0.15,0.039585,1,987.699,29813.6,0.919389,37187.9,-0.30126,-0.114848,-0.218874,24.4657,0.05,0.738424,0.266012
