tmp.site,tmp.area,Lb,X1,Wb,POR,ALPHA,BETA,Ks,Kb,Kz,Qthresh,Rs,Rb1,Rb2,Prec,Frac4Rise,Error,BFF
02123629,1.45557e+07,10119.4,100,41.3363,0.15,0.037845,1,509.046,25909.5,1.02107,146.794,-0.464864,-0.136056,-0.120941,24.4657,0.05,0.617255,0.139691
