tmp.site,tmp.area,Lb,X1,Wb,POR,ALPHA,BETA,Ks,Kb,Kz,Qthresh,Rs,Rb1,Rb2,Prec,Frac4Rise,Error,BFF
02165200,7.64046e+07,16886.9,100,202.182,0.15,0.020364,1,222.528,11852.4,0.875177,53824.6,-0.255413,-0.048151,-0.053772,337.627,0.05,0.371427,0.449836
