tmp.site,tmp.area,Lb,X1,Wb,POR,ALPHA,BETA,Ks,Kb,Kz,Qthresh,Rs,Rb1,Rb2,Prec,Frac4Rise,Error,BFF
09067020,1.03859e+09,19655.2,3.50932,2162.45,0.15,0.006852,1.3,17.6877,585.473,1.06253,168079,-0.054864,-0.030421,-0.023047,9835.22,0.05,0.206454,0.797437
