tmp.site,tmp.area,Lb,X1,Wb,POR,ALPHA,BETA,Ks,Kb,Kz,Qthresh,Rs,Rb1,Rb2,Prec,Frac4Rise,Error,BFF
11278300,5.85337e+08,7507.39,105.274,590.704,0.15,0.005147,1,415.278,1399.86,0.869576,112542,-0.057964,-0.056754,-0.052161,587.177,0.05,0.693783,0.108676
