tmp.site,tmp.area,Lb,X1,Wb,POR,ALPHA,BETA,Ks,Kb,Kz,Qthresh,Rs,Rb1,Rb2,Prec,Frac4Rise,Error,BFF
12099200,1.06449e+09,18473,100,1811.45,0.15,0.008154,1,854.19,5133.67,1.02372,941930,-0.068996,-0.043478,-0.042055,71439.9,0.05,0.261368,0.552979
