tmp.site,tmp.area,Lb,X1,Wb,POR,ALPHA,BETA,Ks,Kb,Kz,Qthresh,Rs,Rb1,Rb2,Prec,Frac4Rise,Error,BFF
03010500,1.42449e+09,36321.7,76.0748,1313.53,0.15,0.008515,1.4,3701.26,29254.8,1.62526,129668,-0.158203,-0.066925,-0.044084,9052.31,0.05,0.339033,0.510006
