tmp.site,tmp.area,Lb,X1,Wb,POR,ALPHA,BETA,Ks,Kb,Kz,Qthresh,Rs,Rb1,Rb2,Prec,Frac4Rise,Error,BFF
03307000,4.86918e+08,17669.2,37.9756,968.154,0.15,0.015135,1.1,3732.56,12093.2,1.02148,107649,-0.325305,-0.100233,-0.0801,929.697,0.05,0.431742,0.336786
