tmp.site,tmp.area,Lb,X1,Wb,POR,ALPHA,BETA,Ks,Kb,Kz,Qthresh,Rs,Rb1,Rb2,Prec,Frac4Rise,Error,BFF
01611500,1.74824e+09,13188.6,4.05706,1286.36,0.15,0.009215,3,3419.1,63.0011,1.3151,142390,-0.1621,-0.080896,-0.038846,10764.9,0.05,0.362832,0.371636
