tmp.site,tmp.area,Lb,X1,Wb,POR,ALPHA,BETA,Ks,Kb,Kz,Qthresh,Rs,Rb1,Rb2,Prec,Frac4Rise,Error,BFF
13105000,3.62857e+09,4322.68,154.498,2478.12,0.15,0.021255,1,962.74,5047.15,0.16797,203065,-0.07155,-0.032335,-0.032098,2789.09,0.05,0.397585,0.585557
