tmp.site,tmp.area,Lb,X1,Wb,POR,ALPHA,BETA,Ks,Kb,Kz,Qthresh,Rs,Rb1,Rb2,Prec,Frac4Rise,Error,BFF
02336360,6.88937e+07,16733.5,21.2826,177.706,0.15,0.012132,1,2383.54,2468.18,1.20149,15319.5,-0.707067,-0.103522,-0.112888,428.101,0.05,0.435436,0.218488
