tmp.site,tmp.area,Lb,X1,Wb,POR,ALPHA,BETA,Ks,Kb,Kz,Qthresh,Rs,Rb1,Rb2,Prec,Frac4Rise,Error,BFF
01562000,1.95803e+09,10304,100,1714.51,0.15,0.008277,1,3805.46,9296.92,0.953344,220191,-0.159227,-0.075974,-0.03397,17615.3,0.05,0.3601,0.374653
