tmp.site,tmp.area,Lb,X1,Wb,POR,ALPHA,BETA,Ks,Kb,Kz,Qthresh,Rs,Rb1,Rb2,Prec,Frac4Rise,Error,BFF
13112000,9.94555e+08,30789.7,100,155.78,0.15,0.025348,1,1227.49,17103.8,1.00453,63610.9,-0.125657,-0.057961,-0.082601,24.4657,0.05,86.8999,0.198352
