tmp.site,tmp.area,Lb,X1,Wb,POR,ALPHA,BETA,Ks,Kb,Kz,Qthresh,Rs,Rb1,Rb2,Prec,Frac4Rise,Error,BFF
07362100,9.97145e+08,7130.19,100,1083.17,0.15,0.014237,1,4485.7,14551.2,0.945647,411024,-0.175827,-0.106157,-0.09687,24.4657,0.05,2.61867,0.221727
