tmp.site,tmp.area,Lb,X1,Wb,POR,ALPHA,BETA,Ks,Kb,Kz,Qthresh,Rs,Rb1,Rb2,Prec,Frac4Rise,Error,BFF
03466500,3.06655e+09,15501.5,100,2483.92,0.15,0.009223,1,3569.48,10443.1,0.899065,858747,-0.133266,-0.04672,-0.061083,64834.1,0.05,0.370107,0.566555
