tmp.site,tmp.area,Lb,X1,Wb,POR,ALPHA,BETA,Ks,Kb,Kz,Qthresh,Rs,Rb1,Rb2,Prec,Frac4Rise,Error,BFF
14211500,6.94117e+07,13893.9,100,243.208,0.15,0.018952,1,521.462,23547,1.00095,5137.8,-0.251706,-0.092925,-0.051051,122.329,0.05,0.410953,0.341442
