tmp.site,tmp.area,Lb,X1,Wb,POR,ALPHA,BETA,Ks,Kb,Kz,Qthresh,Rs,Rb1,Rb2,Prec,Frac4Rise,Error,BFF
01585200,5.51667e+06,4743.15,100,72.5268,0.15,0.012096,1,271.714,4046.44,0.400707,2422.11,-0.723459,-0.085343,-0.102151,36.6986,0.05,0.438128,0.216627
