tmp.site,tmp.area,Lb,X1,Wb,POR,ALPHA,BETA,Ks,Kb,Kz,Qthresh,Rs,Rb1,Rb2,Prec,Frac4Rise,Error,BFF
10258500,2.41128e+08,1315.9,0.022323,11.8997,0.15,0.017055,1,99358.8,0.006588,1.16673,11034,-0.202733,-0.063311,-0.098106,24.4657,0.05,5.46782,0.007208
