tmp.site,tmp.area,Lb,X1,Wb,POR,ALPHA,BETA,Ks,Kb,Kz,Qthresh,Rs,Rb1,Rb2,Prec,Frac4Rise,Error,BFF
08163500,2.79719e+08,7934.12,6.83062,245.574,0.15,0.006182,1.2,1033.88,1137.34,1.07028,733.971,-0.255413,-0.129976,-0.078177,24.4657,0.05,1.03856,0.068679
