tmp.site,tmp.area,Lb,X1,Wb,POR,ALPHA,BETA,Ks,Kb,Kz,Qthresh,Rs,Rb1,Rb2,Prec,Frac4Rise,Error,BFF
03325000,4.5791e+09,14479.1,38.9011,1315.47,0.15,0.009603,1.1,5296.77,6798.04,1.48269,217745,-0.104618,-0.101775,-0.080401,10030.9,0.05,0.474057,0.239304
