tmp.site,tmp.area,Lb,X1,Wb,POR,ALPHA,BETA,Ks,Kb,Kz,Qthresh,Rs,Rb1,Rb2,Prec,Frac4Rise,Error,BFF
03276500,3.17015e+09,23966.5,66.7288,1582.86,0.15,0.007269,3.1,4453.3,1749.67,1.13704,344967,-0.134497,-0.076494,-0.037989,24221.1,0.05,0.354823,0.414988
