tmp.site,tmp.area,Lb,X1,Wb,POR,ALPHA,BETA,Ks,Kb,Kz,Qthresh,Rs,Rb1,Rb2,Prec,Frac4Rise,Error,BFF
09404450,1.92177e+08,74593.8,426.257,1757.96,0.15,0.044422,1,1287.91,16215,1.96006,9296.97,-0.098355,-0.019722,-0.020302,978.629,0.05,0.402039,0.434231
