tmp.site,tmp.area,Lb,X1,Wb,POR,ALPHA,BETA,Ks,Kb,Kz,Qthresh,Rs,Rb1,Rb2,Prec,Frac4Rise,Error,BFF
02301738,7.51097e+06,10314.8,100,82.1058,0.15,0.028255,1,77.068,18096.5,0.468039,831.834,-0.154162,-0.078791,-0.078112,24.4657,0.05,0.697143,0.361411
