tmp.site,tmp.area,Lb,X1,Wb,POR,ALPHA,BETA,Ks,Kb,Kz,Qthresh,Rs,Rb1,Rb2,Prec,Frac4Rise,Error,BFF
07179500,6.86347e+08,11790.3,9.34629,371.836,0.15,0.008625,1,95.3235,1574.47,0.894963,85532.1,-0.008057,-0.109476,-0.130912,24.4657,0.05,15.7165,0.135109
