tmp.site,tmp.area,Lb,X1,Wb,POR,ALPHA,BETA,Ks,Kb,Kz,Qthresh,Rs,Rb1,Rb2,Prec,Frac4Rise,Error,BFF
13215480,1.80522e+09,13439.6,100,378.098,0.15,0.007033,1,244.26,8484.17,1.01174,65568.1,-0.051871,-0.057474,-0.081113,111.515,0.05,1.24663,0.23464
