tmp.site,tmp.area,Lb,X1,Wb,POR,ALPHA,BETA,Ks,Kb,Kz,Qthresh,Rs,Rb1,Rb2,Prec,Frac4Rise,Error,BFF
06423010,3.28928e+08,3563.25,0.117491,4.96185,0.15,0.09977,1,3012.48,0.115116,0.89363,6850.4,-0.119158,-0.063131,-0.087038,24.4657,0.05,24.6955,0.004979
