tmp.site,tmp.area,Lb,X1,Wb,POR,ALPHA,BETA,Ks,Kb,Kz,Qthresh,Rs,Rb1,Rb2,Prec,Frac4Rise,Error,BFF
01616500,7.04477e+08,17718.9,1480.33,1143.22,0.15,0.010085,1.5,2051.58,16810.2,14.4019,88076.6,-0.278765,-0.056642,-0.024762,9296.97,0.05,0.269626,0.466391
