tmp.site,tmp.area,Lb,X1,Wb,POR,ALPHA,BETA,Ks,Kb,Kz,Qthresh,Rs,Rb1,Rb2,Prec,Frac4Rise,Error,BFF
02208485,2.54078e+07,12557,100,124.6,0.15,0.026627,1,221.471,18637.1,0.99683,16290.5,-0.322814,-0.089128,-0.084163,78.2903,0.05,0.443665,0.338534
