tmp.site,tmp.area,Lb,X1,Wb,POR,ALPHA,BETA,Ks,Kb,Kz,Qthresh,Rs,Rb1,Rb2,Prec,Frac4Rise,Error,BFF
05578100,2.8912e+08,24161.4,100,354.868,0.15,0.017834,1,496.978,24534.6,0.953327,12428.6,-0.196873,-0.063178,-0.059492,461.13,0.05,0.403962,0.434594
