tmp.site,tmp.area,Lb,X1,Wb,POR,ALPHA,BETA,Ks,Kb,Kz,Qthresh,Rs,Rb1,Rb2,Prec,Frac4Rise,Error,BFF
09180500,6.24187e+10,25759.9,105.277,7793.01,0.15,0.004387,1.1,544.866,12651.6,1.36903,1.15234e+07,-0.05268,-0.028087,-0.025617,352306,0.05,0.275173,0.713789
