tmp.site,tmp.area,Lb,X1,Wb,POR,ALPHA,BETA,Ks,Kb,Kz,Qthresh,Rs,Rb1,Rb2,Prec,Frac4Rise,Error,BFF
06769000,4.53248e+08,23074,100,129.241,0.15,0.053421,1,748.69,19918.1,0.884846,38411.2,-0.111572,-0.059377,-0.169491,24.4657,0.05,31.2255,0.237747
