tmp.site,tmp.area,Lb,X1,Wb,POR,ALPHA,BETA,Ks,Kb,Kz,Qthresh,Rs,Rb1,Rb2,Prec,Frac4Rise,Error,BFF
02307498,1.68349e+08,5885.99,352.432,816.899,0.15,0.026101,0.9,1224.56,82441.8,1.34045,136763,-0.143841,-0.07284,-0.22432,24.4657,0.05,405.487,0.454066
