tmp.site,tmp.area,Lb,X1,Wb,POR,ALPHA,BETA,Ks,Kb,Kz,Qthresh,Rs,Rb1,Rb2,Prec,Frac4Rise,Error,BFF
02486000,8.21285e+09,8607.77,100,6433.31,0.15,0.014938,1,10002.1,12446.2,1.71515,332734,-0.083094,-0.070138,-0.088185,25933.7,0.05,0.669045,0.460739
