tmp.site,tmp.area,Lb,X1,Wb,POR,ALPHA,BETA,Ks,Kb,Kz,Qthresh,Rs,Rb1,Rb2,Prec,Frac4Rise,Error,BFF
06347000,5.72387e+08,23344.8,100,104.319,0.15,0.05322,1,1086.01,27490.1,0.929421,10251.1,-0.131188,-0.082247,-0.096155,24.4657,0.05,3.1949,0.153073
