tmp.site,tmp.area,Lb,X1,Wb,POR,ALPHA,BETA,Ks,Kb,Kz,Qthresh,Rs,Rb1,Rb2,Prec,Frac4Rise,Error,BFF
07148400,2.54337e+09,9946.03,100,647.16,0.15,0.010721,1,1272.53,11721.3,0.996071,300928,-0.152691,-0.065466,-0.103317,48.9314,0.05,19.937,0.296588
