tmp.site,tmp.area,Lb,X1,Wb,POR,ALPHA,BETA,Ks,Kb,Kz,Qthresh,Rs,Rb1,Rb2,Prec,Frac4Rise,Error,BFF
04151500,2.17818e+09,11385.8,77.8352,1936.04,0.15,0.005675,1.6,868.061,18886.9,1.03169,577391,-0.105655,-0.07465,-0.046724,6116.43,0.05,0.447623,0.552361
