tmp.site,tmp.area,Lb,X1,Wb,POR,ALPHA,BETA,Ks,Kb,Kz,Qthresh,Rs,Rb1,Rb2,Prec,Frac4Rise,Error,BFF
05200445,9.27216e+08,115257,43783.7,271.192,0.15,0.009535,10.1,116.421,1500.29,0.751379,132115,-0.021749,-0.025636,-0.012452,9052.31,0.05,0.369276,0.371945
