tmp.site,tmp.area,Lb,X1,Wb,POR,ALPHA,BETA,Ks,Kb,Kz,Qthresh,Rs,Rb1,Rb2,Prec,Frac4Rise,Error,BFF
03220000,4.61018e+08,48489.6,46.95,445.274,0.15,0.003071,1.3,8060.3,60258.5,1.27351,10030.9,-0.263047,-0.150016,-0.094287,244.657,0.05,0.453058,0.200488
