tmp.site,tmp.area,Lb,X1,Wb,POR,ALPHA,BETA,Ks,Kb,Kz,Qthresh,Rs,Rb1,Rb2,Prec,Frac4Rise,Error,BFF
12413355,5.36128e+08,17098.7,100,864.004,0.15,0.009764,1,385.7,6405.04,1.00086,166122,-0.089985,-0.033656,-0.015343,16255.5,0.05,0.310876,0.464003
