tmp.site,tmp.area,Lb,X1,Wb,POR,ALPHA,BETA,Ks,Kb,Kz,Qthresh,Rs,Rb1,Rb2,Prec,Frac4Rise,Error,BFF
06806500,6.24187e+08,10679.1,100,525.177,0.15,0.008974,1,741.94,8582.81,0.909546,212852,-0.17802,-0.054392,-0.052,366.986,0.05,0.68228,0.307211
