tmp.site,tmp.area,Lb,X1,Wb,POR,ALPHA,BETA,Ks,Kb,Kz,Qthresh,Rs,Rb1,Rb2,Prec,Frac4Rise,Error,BFF
02304000,1.63169e+09,28847.8,272.173,1045.18,0.15,0.009946,1.8,823.222,13690,0.913401,296035,-0.055869,-0.042021,-0.027188,13945.5,0.05,0.395664,0.445469
