tmp.site,tmp.area,Lb,X1,Wb,POR,ALPHA,BETA,Ks,Kb,Kz,Qthresh,Rs,Rb1,Rb2,Prec,Frac4Rise,Error,BFF
06884400,8.67905e+09,5366.87,441.895,2333.8,0.15,0.005525,1.6,2190.64,1112.91,0.694177,526013,-0.102892,-0.086541,-0.057855,10520.3,0.05,0.429637,0.257455
