tmp.site,tmp.area,Lb,X1,Wb,POR,ALPHA,BETA,Ks,Kb,Kz,Qthresh,Rs,Rb1,Rb2,Prec,Frac4Rise,Error,BFF
07332390,4.19578e+08,5327.16,100,1135.96,0.15,0.007317,1,116.463,715.086,0.958732,90523.1,-0.202733,-0.038664,-0.010585,5994.1,0.05,0.286362,0.388399
