tmp.site,tmp.area,Lb,X1,Wb,POR,ALPHA,BETA,Ks,Kb,Kz,Qthresh,Rs,Rb1,Rb2,Prec,Frac4Rise,Error,BFF
07054080,7.71816e+08,9909.39,100,986.825,0.15,0.009886,1,1804.78,6984.97,0.955185,64773,-0.168236,-0.079939,-0.024705,5382.46,0.05,0.404455,0.301254
