tmp.site,tmp.area,Lb,X1,Wb,POR,ALPHA,BETA,Ks,Kb,Kz,Qthresh,Rs,Rb1,Rb2,Prec,Frac4Rise,Error,BFF
10265100,1.02305e+08,71825.7,100,473.714,0.15,0.011775,1,122.905,1536.53,0.261745,50399.4,-0.085766,-0.013185,-0.004586,2813.56,0.05,0.261668,0.664352
