tmp.site,tmp.area,Lb,X1,Wb,POR,ALPHA,BETA,Ks,Kb,Kz,Qthresh,Rs,Rb1,Rb2,Prec,Frac4Rise,Error,BFF
01470500,9.19446e+08,17269.8,3969.29,1731,0.15,0.009738,10.1,2068.82,6800.12,1.06,353285,-0.196797,-0.053781,-0.029383,23242.4,0.05,0.25517,0.549178
