tmp.site,tmp.area,Lb,X1,Wb,POR,ALPHA,BETA,Ks,Kb,Kz,Qthresh,Rs,Rb1,Rb2,Prec,Frac4Rise,Error,BFF
04127570,7.13024e+08,75649.7,39.0792,1199.72,0.15,0.013563,0.8,311.441,5404.12,0.635534,888105,-0.072068,-0.012735,-0.020649,48642.7,0.05,0.182406,0.820631
