tmp.site,tmp.area,Lb,X1,Wb,POR,ALPHA,BETA,Ks,Kb,Kz,Qthresh,Rs,Rb1,Rb2,Prec,Frac4Rise,Error,BFF
09257000,2.64438e+09,9402.76,100,2481.2,0.15,0.01871,1,2500.13,17358.9,0.888079,318054,-0.141798,-0.050347,-0.12394,58.7177,0.05,1.3676,0.552381
