tmp.site,tmp.area,Lb,X1,Wb,POR,ALPHA,BETA,Ks,Kb,Kz,Qthresh,Rs,Rb1,Rb2,Prec,Frac4Rise,Error,BFF
01573560,1.25096e+09,10711.6,100,1884.55,0.15,0.010837,1,4697.73,9934.1,0.878546,173707,-0.232844,-0.065697,-0.042174,18349.3,0.05,0.325354,0.450603
