tmp.site,tmp.area,Lb,X1,Wb,POR,ALPHA,BETA,Ks,Kb,Kz,Qthresh,Rs,Rb1,Rb2,Prec,Frac4Rise,Error,BFF
07105800,1.29499e+09,21312.1,16.2747,482.616,0.15,0.007131,1,434.327,2108.82,0.953628,293589,-0.125657,-0.0379,-0.042357,2935.89,0.05,0.365856,0.510644
