tmp.site,tmp.area,Lb,X1,Wb,POR,ALPHA,BETA,Ks,Kb,Kz,Qthresh,Rs,Rb1,Rb2,Prec,Frac4Rise,Error,BFF
03535000,1.77414e+08,15817.5,1474.03,453.495,0.15,0.01522,1.6,1270.02,92352.8,11.6161,23934.3,-0.323153,-0.087627,-0.052017,1345.61,0.05,0.367097,0.334614
