tmp.site,tmp.area,Lb,X1,Wb,POR,ALPHA,BETA,Ks,Kb,Kz,Qthresh,Rs,Rb1,Rb2,Prec,Frac4Rise,Error,BFF
10337500,1.31312e+09,156502,102.98,1073.42,0.15,0.035213,0.9,108.503,60149.1,1.06326,192301,-0.011098,-0.029878,-0.082198,24.4657,0.05,575.299,0.653226
