tmp.site,tmp.area,Lb,X1,Wb,POR,ALPHA,BETA,Ks,Kb,Kz,Qthresh,Rs,Rb1,Rb2,Prec,Frac4Rise,Error,BFF
09419700,5.50372e+09,1.81287e+07,100,215.349,0.15,0.054245,1,746.08,150.689,0.933303,357199,-0.055613,-0.008228,-0.009025,26423,0.05,0.492472,0.399098
