tmp.site,tmp.area,Lb,X1,Wb,POR,ALPHA,BETA,Ks,Kb,Kz,Qthresh,Rs,Rb1,Rb2,Prec,Frac4Rise,Error,BFF
03474000,3.41878e+08,13451.3,100,590.25,0.15,0.00992,1,949.834,8173.45,0.973564,97862.9,-0.190207,-0.070885,-0.031821,6874.87,0.05,0.306517,0.426341
