tmp.site,tmp.area,Lb,X1,Wb,POR,ALPHA,BETA,Ks,Kb,Kz,Qthresh,Rs,Rb1,Rb2,Prec,Frac4Rise,Error,BFF
04287300,5.98287e+06,5573.56,100,103.784,0.15,0.021581,1,182.943,9289.16,0.393653,3896.9,-0.235002,-0.072849,-0.066056,24.4657,0.05,0.46405,0.343613
