tmp.site,tmp.area,Lb,X1,Wb,POR,ALPHA,BETA,Ks,Kb,Kz,Qthresh,Rs,Rb1,Rb2,Prec,Frac4Rise,Error,BFF
11363930,2.90079e+07,5116.39,8.04422,1570.08,0.15,0.005916,1.6,77.9589,0.565213,0.011027,12183.9,-0.111572,-0.004913,-0.004504,685.04,0.05,0.241213,0.609877
