tmp.site,tmp.area,Lb,X1,Wb,POR,ALPHA,BETA,Ks,Kb,Kz,Qthresh,Rs,Rb1,Rb2,Prec,Frac4Rise,Error,BFF
08269000,1.72493e+08,37057.7,132.759,209.513,0.15,0.026309,1.4,59.6845,22210.3,0.81895,23976.4,-0.100335,-0.025664,-0.019566,782.903,0.05,0.241968,0.665198
