tmp.site,tmp.area,Lb,X1,Wb,POR,ALPHA,BETA,Ks,Kb,Kz,Qthresh,Rs,Rb1,Rb2,Prec,Frac4Rise,Error,BFF
09306242,8.23616e+07,24444.9,584.848,109.026,0.15,0.025789,1,654.511,1786.77,0.242379,1639.2,-0.129795,-0.021371,-0.017966,24.4657,0.05,0.570829,0.174454
