tmp.site,tmp.area,Lb,X1,Wb,POR,ALPHA,BETA,Ks,Kb,Kz,Qthresh,Rs,Rb1,Rb2,Prec,Frac4Rise,Error,BFF
09295100,7.01887e+09,32879.1,80.6421,1010.86,0.15,0.012478,0.9,983.955,12842.5,1.00898,521120,-0.097872,-0.056189,-0.08133,1326.43,0.05,1.33217,0.504422
