tmp.site,tmp.area,Lb,X1,Wb,POR,ALPHA,BETA,Ks,Kb,Kz,Qthresh,Rs,Rb1,Rb2,Prec,Frac4Rise,Error,BFF
03591800,3.70368e+08,6025.81,100,1282.86,0.15,0.013471,1,3785.43,10224.9,0.872217,51378,-0.28281,-0.087601,-0.066463,2104.05,0.05,0.408655,0.373788
