tmp.site,tmp.area,Lb,X1,Wb,POR,ALPHA,BETA,Ks,Kb,Kz,Qthresh,Rs,Rb1,Rb2,Prec,Frac4Rise,Error,BFF
04208000,1.83112e+09,7679.98,100,2235.02,0.15,0.01143,1,4832.82,12933,0.910407,298482,-0.231312,-0.068535,-0.059315,17370.7,0.05,0.340056,0.489184
