tmp.site,tmp.area,Lb,X1,Wb,POR,ALPHA,BETA,Ks,Kb,Kz,Qthresh,Rs,Rb1,Rb2,Prec,Frac4Rise,Error,BFF
11151700,9.22813e+09,14672.3,100,1331.91,0.15,0.007521,1,1303.41,7819.61,0.926554,824495,-0.07155,-0.052514,-0.092998,24.4657,0.05,397.521,0.298163
