tmp.site,tmp.area,Lb,X1,Wb,POR,ALPHA,BETA,Ks,Kb,Kz,Qthresh,Rs,Rb1,Rb2,Prec,Frac4Rise,Error,BFF
07311900,4.85364e+09,7807.44,100,369.801,0.15,0.008486,1,697.68,7657.5,0.878228,80736.9,-0.255413,-0.107807,-0.149251,24.4657,0.05,17.7721,0.099103
