tmp.site,tmp.area,Lb,X1,Wb,POR,ALPHA,BETA,Ks,Kb,Kz,Qthresh,Rs,Rb1,Rb2,Prec,Frac4Rise,Error,BFF
05431486,5.15408e+08,27897.3,12245,765.236,0.15,0.006952,5.8,547.321,4751.72,0.668349,106771,-0.111572,-0.047205,-0.026293,7095.06,0.05,0.313506,0.46984
