tmp.site,tmp.area,Lb,X1,Wb,POR,ALPHA,BETA,Ks,Kb,Kz,Qthresh,Rs,Rb1,Rb2,Prec,Frac4Rise,Error,BFF
14144900,1.36492e+08,18648.3,100,428.613,0.15,0.011962,1,409.302,9502.82,0.95274,58717.7,-0.175948,-0.054945,-0.015013,4648.49,0.05,0.328854,0.440701
