tmp.site,tmp.area,Lb,X1,Wb,POR,ALPHA,BETA,Ks,Kb,Kz,Qthresh,Rs,Rb1,Rb2,Prec,Frac4Rise,Error,BFF
03612600,5.25768e+11,8.39e+06,2.14479,9.98068,0.15,0.01,0.6,13304,5.19534e+06,94.1909,1.73462e+08,-0.047227,-0.03751,-0.045662,1.39455e+07,0.05,0.95303,0.019697
