tmp.site,tmp.area,Lb,X1,Wb,POR,ALPHA,BETA,Ks,Kb,Kz,Qthresh,Rs,Rb1,Rb2,Prec,Frac4Rise,Error,BFF
12340000,5.9233e+09,80981.8,100,896.335,0.15,0.008081,1,846.159,3233.92,1.01278,1.62452e+06,-0.042585,-0.021571,-0.0138,75843.7,0.05,0.31656,0.307805
