tmp.site,tmp.area,Lb,X1,Wb,POR,ALPHA,BETA,Ks,Kb,Kz,Qthresh,Rs,Rb1,Rb2,Prec,Frac4Rise,Error,BFF
13108150,5.64617e+09,1.26315e+06,0.232522,198.958,0.15,0.025717,0.8,883.914,5.87693,1.34371,357199,-0.050052,-0.019487,-0.03991,6311.42,0.05,0.544797,0.690808
