tmp.site,tmp.area,Lb,X1,Wb,POR,ALPHA,BETA,Ks,Kb,Kz,Qthresh,Rs,Rb1,Rb2,Prec,Frac4Rise,Error,BFF
03272100,8.11702e+09,7852.98,100,3995.87,0.15,0.009031,1,8743.36,6005.71,2.00388,873426,-0.194302,-0.082763,-0.040861,93823.6,0.05,0.330116,0.375309
