tmp.site,tmp.area,Lb,X1,Wb,POR,ALPHA,BETA,Ks,Kb,Kz,Qthresh,Rs,Rb1,Rb2,Prec,Frac4Rise,Error,BFF
06155030,2.88369e+10,9505.03,100,1299.99,0.15,0.008783,1,2627.74,8844.59,0.90567,54558.5,-0.068357,-0.081354,-0.136556,24.4657,0.05,38.5716,0.272348
