tmp.site,tmp.area,Lb,X1,Wb,POR,ALPHA,BETA,Ks,Kb,Kz,Qthresh,Rs,Rb1,Rb2,Prec,Frac4Rise,Error,BFF
10322535,6.99297e+07,1466.15,1.81912,13.7182,0.15,0.006261,0.9,1377.49,0.321074,0.242266,3302.87,-0.13745,-0.052699,-0.102962,24.4657,0.05,0.331641,0.00052
