tmp.site,tmp.area,Lb,X1,Wb,POR,ALPHA,BETA,Ks,Kb,Kz,Qthresh,Rs,Rb1,Rb2,Prec,Frac4Rise,Error,BFF
07077555,3.03029e+09,27892.6,79.6069,5340.81,0.15,0.034949,0.9,1673.64,30841.5,0.97081,96639.6,-0.07059,-0.042866,-0.103441,5088.87,0.05,0.654331,0.62355
