tmp.site,tmp.area,Lb,X1,Wb,POR,ALPHA,BETA,Ks,Kb,Kz,Qthresh,Rs,Rb1,Rb2,Prec,Frac4Rise,Error,BFF
04191378,3.72958e+08,4142.54,100,711.255,0.15,0.016322,1,2765.79,15622.3,0.966742,261783,-0.261845,-0.129086,-0.133259,24.4657,0.05,0.471621,0.278979
