tmp.site,tmp.area,Lb,X1,Wb,POR,ALPHA,BETA,Ks,Kb,Kz,Qthresh,Rs,Rb1,Rb2,Prec,Frac4Rise,Error,BFF
05550000,3.63375e+09,90583.4,83.5475,1266.67,0.15,0.007896,0.9,1565.14,52315.2,0.99262,875873,-0.065546,-0.035038,-0.045742,17615.3,0.05,0.405625,0.578609
