tmp.site,tmp.area,Lb,X1,Wb,POR,ALPHA,BETA,Ks,Kb,Kz,Qthresh,Rs,Rb1,Rb2,Prec,Frac4Rise,Error,BFF
12484500,4.12844e+09,26551.7,100,2602.09,0.15,0.008044,1,1608.92,6436.04,0.867114,1.02756e+06,-0.061301,-0.02898,-0.032822,92969.7,0.05,0.374579,0.541026
