tmp.site,tmp.area,Lb,X1,Wb,POR,ALPHA,BETA,Ks,Kb,Kz,Qthresh,Rs,Rb1,Rb2,Prec,Frac4Rise,Error,BFF
06471500,3.89793e+09,19929.8,100,455.716,0.15,0.017253,1,552.217,28171.9,0.94445,21945.7,-0.097078,-0.066761,-0.069851,24.4657,0.05,1.94462,0.270877
