tmp.site,tmp.area,Lb,X1,Wb,POR,ALPHA,BETA,Ks,Kb,Kz,Qthresh,Rs,Rb1,Rb2,Prec,Frac4Rise,Error,BFF
11125605,6.26777e+06,9576.47,15.6301,564.74,0.15,0.027533,0.9,100.327,115.977,0.25996,5320.07,-0.093908,-0.016448,-0.034131,24.4657,0.05,0.460351,0.633875
