tmp.site,tmp.area,Lb,X1,Wb,POR,ALPHA,BETA,Ks,Kb,Kz,Qthresh,Rs,Rb1,Rb2,Prec,Frac4Rise,Error,BFF
02093000,2.43459e+08,19748.3,70.1647,539.92,0.15,0.012908,1.3,1571.56,22154.3,0.936876,48197.5,-0.244573,-0.083459,-0.060596,1174.35,0.05,0.398144,0.425513
