tmp.site,tmp.area,Lb,X1,Wb,POR,ALPHA,BETA,Ks,Kb,Kz,Qthresh,Rs,Rb1,Rb2,Prec,Frac4Rise,Error,BFF
11428400,1.55399e+07,11082.9,100,260.545,0.15,0.003123,1,16.471,89.4689,0.061551,4159.17,-0.071128,-0.006402,-0.007646,26.9123,0.05,1.35431,0.552194
