tmp.site,tmp.area,Lb,X1,Wb,POR,ALPHA,BETA,Ks,Kb,Kz,Qthresh,Rs,Rb1,Rb2,Prec,Frac4Rise,Error,BFF
07374525,2.92669e+12,52154.6,100,148550,0.15,0.008934,1,30523.8,4036.13,2.62196,1.03979e+09,-0.039022,-0.014296,-0.020022,3.47413e+07,0.05,0.270555,0.721583
