tmp.site,tmp.area,Lb,X1,Wb,POR,ALPHA,BETA,Ks,Kb,Kz,Qthresh,Rs,Rb1,Rb2,Prec,Frac4Rise,Error,BFF
02392360,1.46334e+08,13470.6,100,503.169,0.15,0.016063,1,1116.73,10165.7,1.00545,90523.1,-0.313231,-0.059228,-0.056575,699.719,0.05,0.380435,0.439605
