tmp.site,tmp.area,Lb,X1,Wb,POR,ALPHA,BETA,Ks,Kb,Kz,Qthresh,Rs,Rb1,Rb2,Prec,Frac4Rise,Error,BFF
03599240,2.37243e+09,25253.2,58.9264,1178.75,0.15,0.012437,1.7,3706.14,7239.19,2.1492,447723,-0.179265,-0.098734,-0.061057,39145.1,0.05,0.417869,0.32674
