tmp.site,tmp.area,Lb,X1,Wb,POR,ALPHA,BETA,Ks,Kb,Kz,Qthresh,Rs,Rb1,Rb2,Prec,Frac4Rise,Error,BFF
06897500,5.82747e+09,18017.5,0.143931,1153.38,0.15,0.00866,1.3,5638.19,33.743,1.40265,63610.9,-0.202733,-0.126061,-0.071184,1492.41,0.05,0.532568,0.184906
