tmp.site,tmp.area,Lb,X1,Wb,POR,ALPHA,BETA,Ks,Kb,Kz,Qthresh,Rs,Rb1,Rb2,Prec,Frac4Rise,Error,BFF
07019195,7.01887e+06,7524.67,100,37.2888,0.15,0.014633,1,308.218,5732.75,0.83685,905.231,-0.592326,-0.156048,-0.124459,34.252,0.05,0.45254,0.087572
