tmp.site,tmp.area,Lb,X1,Wb,POR,ALPHA,BETA,Ks,Kb,Kz,Qthresh,Rs,Rb1,Rb2,Prec,Frac4Rise,Error,BFF
11530000,7.38924e+09,32375.5,578.807,3140.74,0.15,0.008527,5.7,4865.42,1534.94,1.24031,1.32115e+06,-0.089524,-0.041059,-0.016595,75843.7,0.05,0.366742,0.456683
