tmp.site,tmp.area,Lb,X1,Wb,POR,ALPHA,BETA,Ks,Kb,Kz,Qthresh,Rs,Rb1,Rb2,Prec,Frac4Rise,Error,BFF
08405105,8.46926e+08,8982.22,75.3594,32.5721,0.15,0.006775,1,14726,141.961,0.105468,48.9314,-2.72686,-0.002,-0.001,48.9314,0.05,0.233886,1.4e-05
