tmp.site,tmp.area,Lb,X1,Wb,POR,ALPHA,BETA,Ks,Kb,Kz,Qthresh,Rs,Rb1,Rb2,Prec,Frac4Rise,Error,BFF
10173450,2.71949e+08,271410,100,73.5247,0.15,0.029705,1,585.525,9124.43,0.844677,29358.9,-0.112151,-0.024739,-0.017643,538.246,0.05,0.60955,0.152472
