tmp.site,tmp.area,Lb,X1,Wb,POR,ALPHA,BETA,Ks,Kb,Kz,Qthresh,Rs,Rb1,Rb2,Prec,Frac4Rise,Error,BFF
05587900,5.49077e+08,4467.2,100,806.283,0.15,0.010976,1,4275.32,10147.9,0.964682,102756,-0.293387,-0.130039,-0.114924,88.0766,0.05,0.722067,0.173592
