tmp.site,tmp.area,Lb,X1,Wb,POR,ALPHA,BETA,Ks,Kb,Kz,Qthresh,Rs,Rb1,Rb2,Prec,Frac4Rise,Error,BFF
10324700,1.98652e+08,7409.9,100,15.1297,0.15,0.000869,1,208.283,208.79,0.854516,23144.6,-0.115325,-0.070696,-0.147525,24.4657,0.05,0.33977,0.00012
