tmp.site,tmp.area,Lb,X1,Wb,POR,ALPHA,BETA,Ks,Kb,Kz,Qthresh,Rs,Rb1,Rb2,Prec,Frac4Rise,Error,BFF
07264000,5.36128e+08,10436,100,3827.45,0.15,0.056319,1,2732.59,27869.3,1.02567,207790,-0.121758,-0.071577,-0.157926,24.4657,0.05,18.4572,0.466313
