tmp.site,tmp.area,Lb,X1,Wb,POR,ALPHA,BETA,Ks,Kb,Kz,Qthresh,Rs,Rb1,Rb2,Prec,Frac4Rise,Error,BFF
08190500,1.79745e+09,19114.4,0.381726,186.069,0.15,0.016349,1,1867.41,33.9637,1.22928,2568.9,-0.138099,-0.071253,-0.081276,24.4657,0.05,8.90474,0.030927
