tmp.site,tmp.area,Lb,X1,Wb,POR,ALPHA,BETA,Ks,Kb,Kz,Qthresh,Rs,Rb1,Rb2,Prec,Frac4Rise,Error,BFF
03508050,3.80728e+08,16841.9,8.90925,1157.9,0.15,0.02955,0.9,1014.84,2742.75,1.01531,1.04224e+06,-0.067742,-0.043728,-0.083156,7877.96,0.05,0.493017,0.593734
