tmp.site,tmp.area,Lb,X1,Wb,POR,ALPHA,BETA,Ks,Kb,Kz,Qthresh,Rs,Rb1,Rb2,Prec,Frac4Rise,Error,BFF
04292750,5.77567e+07,8553.93,100,198.273,0.15,0.029439,1,836.48,21903.8,0.909744,59696.3,-0.361451,-0.086736,-0.129552,24.4657,0.05,0.526484,0.287302
