tmp.site,tmp.area,Lb,X1,Wb,POR,ALPHA,BETA,Ks,Kb,Kz,Qthresh,Rs,Rb1,Rb2,Prec,Frac4Rise,Error,BFF
03150500,2.05826e+10,15772.1,93.813,5783.2,0.15,0.00849,1.2,11391.7,7437.39,2.2111,2.59337e+06,-0.069446,-0.053493,-0.042336,247104,0.05,0.31322,0.504725
