tmp.site,tmp.area,Lb,X1,Wb,POR,ALPHA,BETA,Ks,Kb,Kz,Qthresh,Rs,Rb1,Rb2,Prec,Frac4Rise,Error,BFF
06253000,1.08262e+09,126578,14.07,192.449,0.15,0.013912,0.9,1527.1,7.95249,1.06302,122329,-0.083527,-0.022566,-0.027746,4893.14,0.05,0.627518,0.245937
