tmp.site,tmp.area,Lb,X1,Wb,POR,ALPHA,BETA,Ks,Kb,Kz,Qthresh,Rs,Rb1,Rb2,Prec,Frac4Rise,Error,BFF
06893940,1.70939e+07,3346.93,152.802,87.9452,0.15,0.062075,0.9,626.134,11571.6,0.851895,3140.42,-0.463116,-0.093499,-0.158938,24.4657,0.05,0.74106,0.247978
