tmp.site,tmp.area,Lb,X1,Wb,POR,ALPHA,BETA,Ks,Kb,Kz,Qthresh,Rs,Rb1,Rb2,Prec,Frac4Rise,Error,BFF
14181500,1.17326e+09,14833.8,3147.63,2813.67,0.15,0.0078,10.1,222.408,175.839,0.95346,3.05821e+06,-0.019414,-0.050367,-0.031009,127222,0.05,0.305617,0.512033
