tmp.site,tmp.area,Lb,X1,Wb,POR,ALPHA,BETA,Ks,Kb,Kz,Qthresh,Rs,Rb1,Rb2,Prec,Frac4Rise,Error,BFF
09394500,2.09064e+10,8577.57,100,255.151,0.15,0.014804,1,10248.9,14303.5,0.984239,36698.6,-0.202733,-0.094172,-0.158666,24.4657,0.05,6.18086,0.124818
