tmp.site,tmp.area,Lb,X1,Wb,POR,ALPHA,BETA,Ks,Kb,Kz,Qthresh,Rs,Rb1,Rb2,Prec,Frac4Rise,Error,BFF
05501000,9.16856e+08,7017.89,0.044601,758.846,0.15,0.010146,1.1,4280.55,5.6935,1.05572,14630.5,-0.226474,-0.138705,-0.100957,48.9314,0.05,0.82832,0.14756
