tmp.site,tmp.area,Lb,X1,Wb,POR,ALPHA,BETA,Ks,Kb,Kz,Qthresh,Rs,Rb1,Rb2,Prec,Frac4Rise,Error,BFF
09446500,9.76426e+08,4047.7,147.568,2613.73,0.15,0.028929,1,619.162,2364.31,0.003489,14679.4,-0.123174,-0.043941,-0.040931,905.231,0.05,0.416491,0.328887
