tmp.site,tmp.area,Lb,X1,Wb,POR,ALPHA,BETA,Ks,Kb,Kz,Qthresh,Rs,Rb1,Rb2,Prec,Frac4Rise,Error,BFF
08117500,1.88292e+09,19997.4,10.4287,766.606,0.15,0.012052,1.1,2497.05,6368.02,1.00145,26912.3,-0.109178,-0.143027,-0.117159,565.549,0.05,0.569131,0.251496
