tmp.site,tmp.area,Lb,X1,Wb,POR,ALPHA,BETA,Ks,Kb,Kz,Qthresh,Rs,Rb1,Rb2,Prec,Frac4Rise,Error,BFF
05401514,4.06628e+07,26108,100,384.868,0.15,0.006895,1,68.1145,624.846,0.210179,37677.2,-0.052973,-0.017252,-0.012168,1964.11,0.05,0.208967,0.671577
