tmp.site,tmp.area,Lb,X1,Wb,POR,ALPHA,BETA,Ks,Kb,Kz,Qthresh,Rs,Rb1,Rb2,Prec,Frac4Rise,Error,BFF
07308200,9.03388e+09,11952,16.3421,546.53,0.15,0.006843,0.9,21799.8,2703.24,1.00347,18838.6,-0.186024,-0.085125,-0.165823,24.4657,0.05,31.2711,0.123402
