tmp.site,tmp.area,Lb,X1,Wb,POR,ALPHA,BETA,Ks,Kb,Kz,Qthresh,Rs,Rb1,Rb2,Prec,Frac4Rise,Error,BFF
01647850,7.09657e+06,6271.17,100,52.8822,0.15,0.01335,1,551.784,5115.99,0.537513,587.177,-0.618358,-0.10034,-0.133008,51.378,0.05,0.427065,0.142455
