tmp.site,tmp.area,Lb,X1,Wb,POR,ALPHA,BETA,Ks,Kb,Kz,Qthresh,Rs,Rb1,Rb2,Prec,Frac4Rise,Error,BFF
0209205053,6.96707e+08,15363.4,100,393.607,0.15,0.012518,1,2559.88,12731.1,1.19399,225085,-0.332458,-0.061833,-0.154794,1068.17,0.05,1.01051,0.239067
