tmp.site,tmp.area,Lb,X1,Wb,POR,ALPHA,BETA,Ks,Kb,Kz,Qthresh,Rs,Rb1,Rb2,Prec,Frac4Rise,Error,BFF
11523000,2.19501e+10,25903.4,5095.83,6429.31,0.15,0.008131,10.1,6317.47,1506.19,0.911276,3.41419e+06,-0.048386,-0.03352,-0.017587,281356,0.05,0.299915,0.574651
