tmp.site,tmp.area,Lb,X1,Wb,POR,ALPHA,BETA,Ks,Kb,Kz,Qthresh,Rs,Rb1,Rb2,Prec,Frac4Rise,Error,BFF
08447000,1.05374e+11,416924,4.14519,346.145,0.15,0.010898,0.9,18531.7,160.376,0.897457,283802,-0.094745,-0.026221,-0.032411,271.569,0.05,0.661403,0.289509
