tmp.site,tmp.area,Lb,X1,Wb,POR,ALPHA,BETA,Ks,Kb,Kz,Qthresh,Rs,Rb1,Rb2,Prec,Frac4Rise,Error,BFF
03216350,5.07638e+08,29267,100,264.363,0.15,0.005547,1,183.892,1167.36,0.946053,39145.1,-0.013878,-0.100165,-0.096199,2055.12,0.05,1.38793,0.117476
