tmp.site,tmp.area,Lb,X1,Wb,POR,ALPHA,BETA,Ks,Kb,Kz,Qthresh,Rs,Rb1,Rb2,Prec,Frac4Rise,Error,BFF
05311400,2.97849e+08,18766.4,100,175.3,0.15,0.034535,1,1013.49,14876.6,0.937324,11009.6,-0.148912,-0.071961,-0.097145,24.4657,0.05,4.93899,0.184317
