tmp.site,tmp.area,Lb,X1,Wb,POR,ALPHA,BETA,Ks,Kb,Kz,Qthresh,Rs,Rb1,Rb2,Prec,Frac4Rise,Error,BFF
08062800,4.89508e+08,30615.7,18.0137,292.601,0.15,0.008459,1,4031.81,24447.2,1.77969,298482,-0.255467,-0.152026,-0.223412,24.4657,0.05,5.66921,0.12454
