tmp.site,tmp.area,Lb,X1,Wb,POR,ALPHA,BETA,Ks,Kb,Kz,Qthresh,Rs,Rb1,Rb2,Prec,Frac4Rise,Error,BFF
04137500,4.50399e+09,33307.9,0.886368,2998.62,0.15,0.007206,0.9,490.721,108.623,0.940562,2.88695e+06,-0.070616,-0.020972,-0.023711,191322,0.05,0.127166,0.853386
