tmp.site,tmp.area,Lb,X1,Wb,POR,ALPHA,BETA,Ks,Kb,Kz,Qthresh,Rs,Rb1,Rb2,Prec,Frac4Rise,Error,BFF
10262700,8.49516e+07,4459,42.4456,35.2477,0.15,0.002135,1,982.765,40.2178,0.005878,24.4657,-1.43745,-0.002,-0.001,24.4657,0.05,0.155145,2.1e-05
