tmp.site,tmp.area,Lb,X1,Wb,POR,ALPHA,BETA,Ks,Kb,Kz,Qthresh,Rs,Rb1,Rb2,Prec,Frac4Rise,Error,BFF
0143400680,2.31286e+07,9211.33,100,291.6,0.15,0.013658,1,403.056,7103.5,0.655217,14349.1,-0.458597,-0.064946,-0.029039,809.448,0.05,0.292272,0.437278
