tmp.site,tmp.area,Lb,X1,Wb,POR,ALPHA,BETA,Ks,Kb,Kz,Qthresh,Rs,Rb1,Rb2,Prec,Frac4Rise,Error,BFF
05427910,1.25096e+08,36702.2,100,218.461,0.15,0.01322,1,216.119,17180.3,0.976519,23805.1,-0.175605,-0.050174,-0.041281,2063,0.05,0.312132,0.565793
