tmp.site,tmp.area,Lb,X1,Wb,POR,ALPHA,BETA,Ks,Kb,Kz,Qthresh,Rs,Rb1,Rb2,Prec,Frac4Rise,Error,BFF
11274000,2.46567e+10,24161.3,14.4992,9216.71,0.15,0.011759,1.2,7332.91,1933.36,1.11804,2.03065e+06,-0.077075,-0.037219,-0.029742,9296.97,0.05,0.430893,0.584328
