tmp.site,tmp.area,Lb,X1,Wb,POR,ALPHA,BETA,Ks,Kb,Kz,Qthresh,Rs,Rb1,Rb2,Prec,Frac4Rise,Error,BFF
01576754,1.21729e+09,17406.1,100,1734.85,0.15,0.009789,1,4306.64,8159.3,0.933139,300928,-0.336664,-0.046739,-0.034676,25877.4,0.05,0.268541,0.519064
