tmp.site,tmp.area,Lb,X1,Wb,POR,ALPHA,BETA,Ks,Kb,Kz,Qthresh,Rs,Rb1,Rb2,Prec,Frac4Rise,Error,BFF
07183500,1.27039e+10,24817.8,68.8069,1516.46,0.15,0.009019,1,7220.24,31458.1,1.33446,230222,-0.096186,-0.09554,-0.095489,244.657,0.05,0.752953,0.226972
