tmp.site,tmp.area,Lb,X1,Wb,POR,ALPHA,BETA,Ks,Kb,Kz,Qthresh,Rs,Rb1,Rb2,Prec,Frac4Rise,Error,BFF
09486500,9.07273e+09,476650,91.3504,341.403,0.15,0.070746,0.9,267.1,777.693,1.32556,165878,-0.188812,-0.020953,-0.067616,244.657,0.05,49.9004,0.300403
