tmp.site,tmp.area,Lb,X1,Wb,POR,ALPHA,BETA,Ks,Kb,Kz,Qthresh,Rs,Rb1,Rb2,Prec,Frac4Rise,Error,BFF
02351500,3.62598e+08,11922.4,100,555.957,0.15,0.017067,1,1246.6,12662.7,0.930364,35871.6,-0.199566,-0.064592,-0.062299,2911.42,0.05,0.376836,0.427481
