tmp.site,tmp.area,Lb,X1,Wb,POR,ALPHA,BETA,Ks,Kb,Kz,Qthresh,Rs,Rb1,Rb2,Prec,Frac4Rise,Error,BFF
03203600,2.15746e+09,13485.1,100,1586.91,0.15,0.009856,1,5299.93,13939.6,1.09066,171069,-0.106799,-0.07539,-0.054252,15658.1,0.05,0.368307,0.367677
