tmp.site,tmp.area,Lb,X1,Wb,POR,ALPHA,BETA,Ks,Kb,Kz,Qthresh,Rs,Rb1,Rb2,Prec,Frac4Rise,Error,BFF
02073000,9.81605e+08,13817.8,9.9095,3708.25,0.15,0.010186,0.9,239.942,1932.83,0.995395,1.17925e+06,-0.019463,-0.057665,-0.0828,19078.1,0.05,0.802362,0.912996
