tmp.site,tmp.area,Lb,X1,Wb,POR,ALPHA,BETA,Ks,Kb,Kz,Qthresh,Rs,Rb1,Rb2,Prec,Frac4Rise,Error,BFF
0209734440,2.04609e+07,10914.4,100,58.3646,0.15,0.043375,1,1012.09,24849.7,0.987567,2495.5,-0.475358,-0.121899,-0.116424,24.4657,0.05,0.534348,0.202653
