tmp.site,tmp.area,Lb,X1,Wb,POR,ALPHA,BETA,Ks,Kb,Kz,Qthresh,Rs,Rb1,Rb2,Prec,Frac4Rise,Error,BFF
07288000,2.79719e+08,10314.5,100,369.806,0.15,0.008252,1,763.611,6079.3,0.968588,82938.8,-0.178783,-0.084771,-0.131251,80.7369,0.05,2.28733,0.250911
