tmp.site,tmp.area,Lb,X1,Wb,POR,ALPHA,BETA,Ks,Kb,Kz,Qthresh,Rs,Rb1,Rb2,Prec,Frac4Rise,Error,BFF
05514500,2.33876e+09,38687.8,44.0137,607.152,0.15,0.006936,1.2,3879.74,51728.1,1.27489,9786.29,-0.237118,-0.148681,-0.096182,195.726,0.05,0.572214,0.165123
