tmp.site,tmp.area,Lb,X1,Wb,POR,ALPHA,BETA,Ks,Kb,Kz,Qthresh,Rs,Rb1,Rb2,Prec,Frac4Rise,Error,BFF
02363000,1.28981e+09,15515.4,100,998.12,0.15,0.013044,1,2872.65,23129.5,1.00441,44038.3,-0.107071,-0.076023,-0.068507,2813.56,0.05,0.444856,0.361957
