tmp.site,tmp.area,Lb,X1,Wb,POR,ALPHA,BETA,Ks,Kb,Kz,Qthresh,Rs,Rb1,Rb2,Prec,Frac4Rise,Error,BFF
01354500,8.57286e+09,7338.09,0.054171,6224.21,0.15,0.008428,1,10550.3,10.5753,2.9361,6.23019e+06,-0.186475,-0.057872,-0.060095,191332,0.05,0.349986,0.598154
