tmp.site,tmp.area,Lb,X1,Wb,POR,ALPHA,BETA,Ks,Kb,Kz,Qthresh,Rs,Rb1,Rb2,Prec,Frac4Rise,Error,BFF
02157490,4.11808e+07,19275.8,52.7322,200.082,0.15,0.012277,0.9,425.982,7030.29,0.572449,47952.8,-0.345922,-0.041245,-0.057687,322.262,0.05,0.345077,0.457604
