tmp.site,tmp.area,Lb,X1,Wb,POR,ALPHA,BETA,Ks,Kb,Kz,Qthresh,Rs,Rb1,Rb2,Prec,Frac4Rise,Error,BFF
01129200,6.57857e+08,28835.2,27.6952,886.324,0.15,0.007994,0.8,213.887,3402.71,0.983321,1.27956e+06,-0.025435,-0.032331,-0.070168,13456.1,0.05,0.635904,0.533447
