tmp.site,tmp.area,Lb,X1,Wb,POR,ALPHA,BETA,Ks,Kb,Kz,Qthresh,Rs,Rb1,Rb2,Prec,Frac4Rise,Error,BFF
01529500,1.21729e+09,18665.1,1.27433,1154.38,0.15,0.010066,2.1,2837.78,82.7789,0.787643,97862.9,-0.168236,-0.065358,-0.035543,6850.4,0.05,0.337627,0.469511
