tmp.site,tmp.area,Lb,X1,Wb,POR,ALPHA,BETA,Ks,Kb,Kz,Qthresh,Rs,Rb1,Rb2,Prec,Frac4Rise,Error,BFF
02039500,7.82176e+08,31428.8,0.341343,588.78,0.15,0.005873,1.4,1976.38,60.6007,1.59528,381665,-0.263194,-0.069413,-0.054151,4893.14,0.05,0.352813,0.383509
