tmp.site,tmp.area,Lb,X1,Wb,POR,ALPHA,BETA,Ks,Kb,Kz,Qthresh,Rs,Rb1,Rb2,Prec,Frac4Rise,Error,BFF
07301500,6.86865e+09,15062.4,162.996,568.848,0.15,0.017571,0.9,5190.94,22986.4,1.00298,278909,-0.157233,-0.060767,-0.139534,24.4657,0.05,115.588,0.189426
