tmp.site,tmp.area,Lb,X1,Wb,POR,ALPHA,BETA,Ks,Kb,Kz,Qthresh,Rs,Rb1,Rb2,Prec,Frac4Rise,Error,BFF
03427500,6.78577e+08,4483.36,1.94883,3424.29,0.15,0.01187,1.2,17118.5,224.321,1.21399,44038.3,-0.303063,-0.121877,-0.082394,1385.13,0.05,0.4607,0.355584
