tmp.site,tmp.area,Lb,X1,Wb,POR,ALPHA,BETA,Ks,Kb,Kz,Qthresh,Rs,Rb1,Rb2,Prec,Frac4Rise,Error,BFF
05270150,3.08209e+08,51736.8,11.083,84.6933,0.15,0.009651,0.9,1530.54,262.332,0.847125,11885.4,-0.216354,-0.036965,-0.04723,184.961,0.05,0.579098,0.129686
