tmp.site,tmp.area,Lb,X1,Wb,POR,ALPHA,BETA,Ks,Kb,Kz,Qthresh,Rs,Rb1,Rb2,Prec,Frac4Rise,Error,BFF
06773500,1.27945e+09,30569.9,100,264.014,0.15,0.045448,1,1439.22,20657.7,0.88523,48931.4,-0.122182,-0.0644,-0.080501,24.4657,0.05,11.5272,0.24505
