tmp.site,tmp.area,Lb,X1,Wb,POR,ALPHA,BETA,Ks,Kb,Kz,Qthresh,Rs,Rb1,Rb2,Prec,Frac4Rise,Error,BFF
05055400,4.44442e+09,24060.6,82.7503,935.062,0.15,0.016924,0.9,550.08,14884.8,0.995392,491761,-0.03192,-0.051575,-0.090006,24.4657,0.05,2.83066,0.507333
