tmp.site,tmp.area,Lb,X1,Wb,POR,ALPHA,BETA,Ks,Kb,Kz,Qthresh,Rs,Rb1,Rb2,Prec,Frac4Rise,Error,BFF
06930000,1.45039e+09,4059.4,100,2795.02,0.15,0.005947,1,5.79727,937.509,0.944814,244202,-0.120581,-0.072625,-0.018446,22508.5,0.05,0.292758,0.357718
