tmp.site,tmp.area,Lb,X1,Wb,POR,ALPHA,BETA,Ks,Kb,Kz,Qthresh,Rs,Rb1,Rb2,Prec,Frac4Rise,Error,BFF
07362579,1.37528e+07,11880.8,100,73.0775,0.15,0.030723,1,319.495,17901.7,0.95938,15973.2,-0.225993,-0.125477,-0.195704,24.4657,0.05,2.20609,0.157997
