tmp.site,tmp.area,Lb,X1,Wb,POR,ALPHA,BETA,Ks,Kb,Kz,Qthresh,Rs,Rb1,Rb2,Prec,Frac4Rise,Error,BFF
02366500,1.13545e+10,18257,5970.44,6267.7,0.15,0.007278,10,3336.77,485.764,2.0264,4.57509e+06,-0.042267,-0.042875,-0.024628,357199,0.05,0.288475,0.530195
