tmp.site,tmp.area,Lb,X1,Wb,POR,ALPHA,BETA,Ks,Kb,Kz,Qthresh,Rs,Rb1,Rb2,Prec,Frac4Rise,Error,BFF
08150700,8.40969e+09,50233.7,100,950.346,0.15,0.008601,1,2602.6,2153.14,0.950298,545585,-0.092272,-0.037368,-0.030797,5311.51,0.05,0.410797,0.342892
