tmp.site,tmp.area,Lb,X1,Wb,POR,ALPHA,BETA,Ks,Kb,Kz,Qthresh,Rs,Rb1,Rb2,Prec,Frac4Rise,Error,BFF
04213401,6.63037e+07,11191.8,100,289.642,0.15,0.020479,1,1241.39,9925.72,0.884919,4770.08,-0.408612,-0.080007,-0.071611,340.073,0.05,0.483173,0.286026
