tmp.site,tmp.area,Lb,X1,Wb,POR,ALPHA,BETA,Ks,Kb,Kz,Qthresh,Rs,Rb1,Rb2,Prec,Frac4Rise,Error,BFF
06449000,3.13389e+08,466388,1.76634,91.2511,0.15,0.052127,0.9,430.542,91.1262,1.05868,55537.2,-0.053815,-0.036692,-0.112807,24.4657,0.05,14.1197,0.114454
