tmp.site,tmp.area,Lb,X1,Wb,POR,ALPHA,BETA,Ks,Kb,Kz,Qthresh,Rs,Rb1,Rb2,Prec,Frac4Rise,Error,BFF
04294300,8.93546e+07,15066.9,100,355.989,0.15,0.014818,1,982.456,23270,0.955984,124775,-0.287402,-0.063618,-0.06717,254.443,0.05,0.392556,0.422896
