tmp.site,tmp.area,Lb,X1,Wb,POR,ALPHA,BETA,Ks,Kb,Kz,Qthresh,Rs,Rb1,Rb2,Prec,Frac4Rise,Error,BFF
12157000,3.98858e+07,30746.1,100,132.994,0.15,0.008709,1,50.073,17531.1,0.733425,12477.5,-0.168236,-0.052512,-0.02215,807.369,0.05,0.302259,0.453678
