tmp.site,tmp.area,Lb,X1,Wb,POR,ALPHA,BETA,Ks,Kb,Kz,Qthresh,Rs,Rb1,Rb2,Prec,Frac4Rise,Error,BFF
07340000,6.88937e+09,49841.9,86.7899,2826.45,0.15,0.00881,1.2,14788.6,90649.2,3.86832,1.07649e+06,-0.123442,-0.104175,-0.067625,2436.79,0.05,0.476821,0.405415
