tmp.site,tmp.area,Lb,X1,Wb,POR,ALPHA,BETA,Ks,Kb,Kz,Qthresh,Rs,Rb1,Rb2,Prec,Frac4Rise,Error,BFF
08067000,4.52419e+10,58130.9,18.2208,23648,0.15,0.008477,0.9,7454.29,18493.6,1.88627,4.59955e+06,-0.047655,-0.041593,-0.085383,327841,0.05,0.568357,0.806781
