tmp.site,tmp.area,Lb,X1,Wb,POR,ALPHA,BETA,Ks,Kb,Kz,Qthresh,Rs,Rb1,Rb2,Prec,Frac4Rise,Error,BFF
02398037,7.27787e+08,11100.1,100,1183.04,0.15,0.008177,1,924.108,7650.3,0.854303,234697,-0.117952,-0.062177,-0.018616,16789.4,0.05,0.290778,0.486672
