tmp.site,tmp.area,Lb,X1,Wb,POR,ALPHA,BETA,Ks,Kb,Kz,Qthresh,Rs,Rb1,Rb2,Prec,Frac4Rise,Error,BFF
0210166029,1.92177e+07,4929.69,204.138,98.3857,0.15,0.028737,1.1,306.159,9216.09,1.00305,5088.87,-0.346574,-0.117126,-0.086969,24.4657,0.05,0.53397,0.187391
