tmp.site,tmp.area,Lb,X1,Wb,POR,ALPHA,BETA,Ks,Kb,Kz,Qthresh,Rs,Rb1,Rb2,Prec,Frac4Rise,Error,BFF
11407000,9.38612e+09,28212.4,10508.7,9380.12,0.15,0.001391,7.5,486.228,2.14924,0.836345,1.72239e+06,-0.040267,-0.031362,-0.006227,96639.6,0.05,0.418675,0.249261
