tmp.site,tmp.area,Lb,X1,Wb,POR,ALPHA,BETA,Ks,Kb,Kz,Qthresh,Rs,Rb1,Rb2,Prec,Frac4Rise,Error,BFF
13010065,1.25873e+09,26151.6,100,1340.54,0.15,0.005919,1,826.53,482.212,0.997908,782903,-0.049736,-0.026915,-0.011031,43304.3,0.05,0.297876,0.301707
