tmp.site,tmp.area,Lb,X1,Wb,POR,ALPHA,BETA,Ks,Kb,Kz,Qthresh,Rs,Rb1,Rb2,Prec,Frac4Rise,Error,BFF
02234990,1.09815e+08,25688.7,100,203.671,0.15,0.026079,1,161.989,30573.4,0.9966,6018.57,-0.111911,-0.053092,-0.051496,313.161,0.05,0.409833,0.510569
