tmp.site,tmp.area,Lb,X1,Wb,POR,ALPHA,BETA,Ks,Kb,Kz,Qthresh,Rs,Rb1,Rb2,Prec,Frac4Rise,Error,BFF
11274630,1.88033e+08,1845.49,0.101768,26.2062,0.15,0.001357,1.1,43.7885,0.058785,1.19917,17126,-0.162711,-0.05947,-0.081923,24.4657,0.05,1.48659,0.000893
