tmp.site,tmp.area,Lb,X1,Wb,POR,ALPHA,BETA,Ks,Kb,Kz,Qthresh,Rs,Rb1,Rb2,Prec,Frac4Rise,Error,BFF
02130980,1.13441e+09,15916.3,100,1132.24,0.15,0.014143,1,821.861,9037.69,0.940673,846514,-0.087897,-0.040526,-0.035576,21431.7,0.05,0.27917,0.602008
