tmp.site,tmp.area,Lb,X1,Wb,POR,ALPHA,BETA,Ks,Kb,Kz,Qthresh,Rs,Rb1,Rb2,Prec,Frac4Rise,Error,BFF
02349900,1.23024e+08,20500.5,100,188.901,0.15,0.016195,1,279.579,21154,1.03587,13700.8,-0.2331,-0.071378,-0.042994,513.78,0.05,0.408049,0.334289
