tmp.site,tmp.area,Lb,X1,Wb,POR,ALPHA,BETA,Ks,Kb,Kz,Qthresh,Rs,Rb1,Rb2,Prec,Frac4Rise,Error,BFF
06200000,1.35974e+09,11303.5,0.070034,1923.33,0.15,0.0077,1.1,366.797,7.38374,1.0957,97862.9,-0.07281,-0.037046,-0.03249,11009.6,0.05,0.265644,0.60555
