tmp.site,tmp.area,Lb,X1,Wb,POR,ALPHA,BETA,Ks,Kb,Kz,Qthresh,Rs,Rb1,Rb2,Prec,Frac4Rise,Error,BFF
02435020,6.03467e+08,31547.5,68.5941,767.413,0.15,0.007575,1.1,20103.8,51394.5,1.07249,8073.69,-0.415107,-0.122668,-0.100485,531.469,0.05,0.498053,0.248719
