tmp.site,tmp.area,Lb,X1,Wb,POR,ALPHA,BETA,Ks,Kb,Kz,Qthresh,Rs,Rb1,Rb2,Prec,Frac4Rise,Error,BFF
02388500,5.47782e+09,12252,100,3056.1,0.15,0.010221,1,4857.25,4916.73,1.83944,1.07649e+06,-0.091161,-0.066637,-0.035311,112163,0.05,0.286125,0.412392
