tmp.site,tmp.area,Lb,X1,Wb,POR,ALPHA,BETA,Ks,Kb,Kz,Qthresh,Rs,Rb1,Rb2,Prec,Frac4Rise,Error,BFF
11237500,5.93107e+07,19915.6,398.377,468.315,0.15,0.018694,1,534.516,95554.4,0.421481,489.314,-0.143841,-0.042052,-0.037566,24.4657,0.05,0.491698,0.519458
