tmp.site,tmp.area,Lb,X1,Wb,POR,ALPHA,BETA,Ks,Kb,Kz,Qthresh,Rs,Rb1,Rb2,Prec,Frac4Rise,Error,BFF
05464730,1.76896e+10,17326.7,100,5553.55,0.15,0.008647,1,7464.59,7612.24,1.08092,1.61643e+06,-0.074309,-0.037455,-0.024835,148169,0.05,0.294051,0.532717
