tmp.site,tmp.area,Lb,X1,Wb,POR,ALPHA,BETA,Ks,Kb,Kz,Qthresh,Rs,Rb1,Rb2,Prec,Frac4Rise,Error,BFF
09471550,4.50658e+09,26490.9,81.7871,188.513,0.15,0.011947,0.9,4193.73,1135.63,1.09249,48931.4,-0.176698,-0.074217,-0.141365,24.4657,0.05,156.54,0.108751
