tmp.site,tmp.area,Lb,X1,Wb,POR,ALPHA,BETA,Ks,Kb,Kz,Qthresh,Rs,Rb1,Rb2,Prec,Frac4Rise,Error,BFF
05065500,1.33902e+09,11488.9,100,390.616,0.15,0.015743,1,1646.94,6966.59,0.961769,6850.4,-0.09963,-0.075183,-0.111638,24.4657,0.05,10.4933,0.134246
