tmp.site,tmp.area,Lb,X1,Wb,POR,ALPHA,BETA,Ks,Kb,Kz,Qthresh,Rs,Rb1,Rb2,Prec,Frac4Rise,Error,BFF
03229610,5.88445e+09,11088.8,75.6644,2041.61,0.15,0.008924,1,5996.4,10047,1.63605,1.01777e+06,-0.168191,-0.088738,-0.085227,77138,0.05,0.367849,0.295676
