tmp.site,tmp.area,Lb,X1,Wb,POR,ALPHA,BETA,Ks,Kb,Kz,Qthresh,Rs,Rb1,Rb2,Prec,Frac4Rise,Error,BFF
10249300,5.17998e+07,7509.09,331.316,221.818,0.15,0.022258,1,44.8066,13028.3,0.047537,9859.68,-0.077075,-0.025805,-0.022803,97.8629,0.05,0.351686,0.533615
