tmp.site,tmp.area,Lb,X1,Wb,POR,ALPHA,BETA,Ks,Kb,Kz,Qthresh,Rs,Rb1,Rb2,Prec,Frac4Rise,Error,BFF
02070000,2.79719e+08,21266,100,540.568,0.15,0.008994,1,779.18,7504.98,0.925879,193279,-0.346574,-0.049333,-0.034111,6361.09,0.05,0.261665,0.527475
