tmp.site,tmp.area,Lb,X1,Wb,POR,ALPHA,BETA,Ks,Kb,Kz,Qthresh,Rs,Rb1,Rb2,Prec,Frac4Rise,Error,BFF
07010086,9.45346e+07,6855.65,100,98.4667,0.15,0.008401,1,2390.34,13738.9,0.909048,2128.52,-0.605192,-0.147246,-0.198918,88.0766,0.05,0.610993,0.041537
