tmp.site,tmp.area,Lb,X1,Wb,POR,ALPHA,BETA,Ks,Kb,Kz,Qthresh,Rs,Rb1,Rb2,Prec,Frac4Rise,Error,BFF
02383500,2.15228e+09,26886.7,0.063402,1529.12,0.15,0.008933,1.3,1931.01,3.30023,1.05521,812262,-0.08099,-0.048648,-0.03981,68259.3,0.05,0.273031,0.551047
