tmp.site,tmp.area,Lb,X1,Wb,POR,ALPHA,BETA,Ks,Kb,Kz,Qthresh,Rs,Rb1,Rb2,Prec,Frac4Rise,Error,BFF
14316500,1.23024e+09,273587,65099.7,1258.24,0.15,0.008006,4.8,934.963,13035.5,0.660285,1.50953e+06,-0.055182,-0.024647,-0.012106,154868,0.05,0.194667,0.59806
