tmp.site,tmp.area,Lb,X1,Wb,POR,ALPHA,BETA,Ks,Kb,Kz,Qthresh,Rs,Rb1,Rb2,Prec,Frac4Rise,Error,BFF
06478600,2.39315e+09,24012.7,100,445.638,0.15,0.00922,1,747.72,22712.9,0.926631,11271.6,-0.111572,-0.056646,-0.041733,555.91,0.05,0.493974,0.291177
