tmp.site,tmp.area,Lb,X1,Wb,POR,ALPHA,BETA,Ks,Kb,Kz,Qthresh,Rs,Rb1,Rb2,Prec,Frac4Rise,Error,BFF
03454500,4.05851e+09,27545.1,9947.51,4181.26,0.15,0.009357,10.1,6461.06,2478.69,1.26371,1.59027e+06,-0.192909,-0.050474,-0.031362,153645,0.05,0.255479,0.544698
