tmp.site,tmp.area,Lb,X1,Wb,POR,ALPHA,BETA,Ks,Kb,Kz,Qthresh,Rs,Rb1,Rb2,Prec,Frac4Rise,Error,BFF
02300210,5.54257e+07,11849.8,100,159.453,0.15,0.012955,1,353.627,15751,0.96961,9076.78,-0.207672,-0.106979,-0.0735,65.1767,0.05,0.447099,0.235887
