tmp.site,tmp.area,Lb,X1,Wb,POR,ALPHA,BETA,Ks,Kb,Kz,Qthresh,Rs,Rb1,Rb2,Prec,Frac4Rise,Error,BFF
11199500,2.39833e+08,36114.3,100,8.77464,0.15,0.000427,1,599.022,1403.82,0.948953,23242.4,-0.179312,-0.046551,-0.073488,24.4657,0.05,0.53143,0.000128
