tmp.site,tmp.area,Lb,X1,Wb,POR,ALPHA,BETA,Ks,Kb,Kz,Qthresh,Rs,Rb1,Rb2,Prec,Frac4Rise,Error,BFF
04196500,7.71816e+08,22993.6,22.3373,521.762,0.15,0.011417,1.2,4551.8,8037.24,0.984541,29358.9,-0.235002,-0.120738,-0.082011,596.181,0.05,0.485932,0.245764
