tmp.site,tmp.area,Lb,X1,Wb,POR,ALPHA,BETA,Ks,Kb,Kz,Qthresh,Rs,Rb1,Rb2,Prec,Frac4Rise,Error,BFF
11245300,2.66769e+08,270843,100,29.5407,0.15,0.018009,1,577.669,3485.25,0.924884,11009.6,-0.04671,-0.045963,-0.030129,161.474,0.05,0.769603,0.148663
