tmp.site,tmp.area,Lb,X1,Wb,POR,ALPHA,BETA,Ks,Kb,Kz,Qthresh,Rs,Rb1,Rb2,Prec,Frac4Rise,Error,BFF
07052820,7.09657e+08,14360.4,100,831.057,0.15,0.007858,1,641.185,7153.92,0.932566,76709.8,-0.133262,-0.072488,-0.023835,4530.07,0.05,0.318081,0.321341
