tmp.site,tmp.area,Lb,X1,Wb,POR,ALPHA,BETA,Ks,Kb,Kz,Qthresh,Rs,Rb1,Rb2,Prec,Frac4Rise,Error,BFF
10260200,3.91088e+07,1749.91,55.9493,44.8512,0.15,0.003052,0.9,633.107,5.19572,0.033829,151.198,-0.348661,-0.074618,-0.080555,24.4657,0.05,0.068232,0.000778
