tmp.site,tmp.area,Lb,X1,Wb,POR,ALPHA,BETA,Ks,Kb,Kz,Qthresh,Rs,Rb1,Rb2,Prec,Frac4Rise,Error,BFF
02058400,9.09086e+08,15700.4,100,1066.89,0.15,0.008813,1,2317.81,7181.02,0.935187,411024,-0.29439,-0.055598,-0.037158,14190.1,0.05,0.295835,0.468748
