tmp.site,tmp.area,Lb,X1,Wb,POR,ALPHA,BETA,Ks,Kb,Kz,Qthresh,Rs,Rb1,Rb2,Prec,Frac4Rise,Error,BFF
01576045,4.09218e+07,34040.1,100,158.171,0.15,0.020562,1,205.485,13519,0.558791,6136.98,-0.35865,-0.043085,-0.029748,601.441,0.05,0.279111,0.504742
