tmp.site,tmp.area,Lb,X1,Wb,POR,ALPHA,BETA,Ks,Kb,Kz,Qthresh,Rs,Rb1,Rb2,Prec,Frac4Rise,Error,BFF
05446500,2.47318e+10,21753.3,100,6968.39,0.15,0.007735,1,3155.2,8933.25,1.00271,3.4252e+06,-0.066766,-0.024201,-0.023283,337627,0.05,0.273848,0.641831
