tmp.site,tmp.area,Lb,X1,Wb,POR,ALPHA,BETA,Ks,Kb,Kz,Qthresh,Rs,Rb1,Rb2,Prec,Frac4Rise,Error,BFF
09378630,9.76426e+06,645.687,0.906931,40.4636,0.15,0.002082,1,675.982,0.137067,0.004905,2178.92,-0.170082,-0.063812,-0.060206,24.4657,0.05,0.716822,0.006853
