tmp.site,tmp.area,Lb,X1,Wb,POR,ALPHA,BETA,Ks,Kb,Kz,Qthresh,Rs,Rb1,Rb2,Prec,Frac4Rise,Error,BFF
10386000,9.84195e+08,48586.3,100,351.422,0.15,0.014743,1,342.375,70110.2,0.919988,61164.3,-0.144397,-0.035757,-0.054308,342.52,0.05,0.484733,0.539767
