tmp.site,tmp.area,Lb,X1,Wb,POR,ALPHA,BETA,Ks,Kb,Kz,Qthresh,Rs,Rb1,Rb2,Prec,Frac4Rise,Error,BFF
01428500,5.23178e+09,12835.4,9.42134,3884.53,0.15,0.007103,1.7,9214.78,343.238,2.25944,2.69123e+06,-0.161481,-0.062145,-0.045069,81226.2,0.05,0.312696,0.500336
