tmp.site,tmp.area,Lb,X1,Wb,POR,ALPHA,BETA,Ks,Kb,Kz,Qthresh,Rs,Rb1,Rb2,Prec,Frac4Rise,Error,BFF
09027100,2.97849e+08,44067.3,100,186.125,0.15,0.0096,1,203.938,2687.71,0.90688,63432.3,-0.045395,-0.040158,-0.030328,3078.28,0.05,0.309277,0.268757
