tmp.site,tmp.area,Lb,X1,Wb,POR,ALPHA,BETA,Ks,Kb,Kz,Qthresh,Rs,Rb1,Rb2,Prec,Frac4Rise,Error,BFF
08068390,3.98858e+07,2857.72,100,245.501,0.15,0.023198,1,504.645,13770.7,0.901938,19817.2,-0.323497,-0.126733,-0.210429,24.4657,0.05,1.91982,0.178803
