tmp.site,tmp.area,Lb,X1,Wb,POR,ALPHA,BETA,Ks,Kb,Kz,Qthresh,Rs,Rb1,Rb2,Prec,Frac4Rise,Error,BFF
01173500,5.10228e+08,12207.7,100,1067.72,0.15,0.01585,1,1713.26,13562.2,0.992974,134561,-0.139553,-0.047176,-0.062666,5137.8,0.05,0.370149,0.52481
