tmp.site,tmp.area,Lb,X1,Wb,POR,ALPHA,BETA,Ks,Kb,Kz,Qthresh,Rs,Rb1,Rb2,Prec,Frac4Rise,Error,BFF
06090500,9.19446e+08,64931.8,100,412.543,0.15,0.012716,1,240.216,42356.8,0.993569,149241,-0.097993,-0.028903,-0.026565,1223.29,0.05,0.374817,0.508652
