tmp.site,tmp.area,Lb,X1,Wb,POR,ALPHA,BETA,Ks,Kb,Kz,Qthresh,Rs,Rb1,Rb2,Prec,Frac4Rise,Error,BFF
12116500,2.18077e+08,18660.4,48.7885,884.302,0.15,0.01044,0.9,126.11,10479.8,0.924451,190833,-0.019393,-0.049476,-0.080533,6116.43,0.05,0.70803,0.62861
