tmp.site,tmp.area,Lb,X1,Wb,POR,ALPHA,BETA,Ks,Kb,Kz,Qthresh,Rs,Rb1,Rb2,Prec,Frac4Rise,Error,BFF
12450500,4.68788e+09,21450.7,1314.64,4659.58,0.15,0.003427,8.3,307.246,3204.39,1.10618,932144,-0.087755,-0.026063,-0.014612,68504,0.05,0.328943,0.657482
