tmp.site,tmp.area,Lb,X1,Wb,POR,ALPHA,BETA,Ks,Kb,Kz,Qthresh,Rs,Rb1,Rb2,Prec,Frac4Rise,Error,BFF
03135000,7.01887e+08,5366.25,176.96,1016.74,0.15,0.01185,1.1,4658.66,6747.59,0.947984,44038.3,-0.125591,-0.090863,-0.068297,2055.12,0.05,0.544153,0.22906
