tmp.site,tmp.area,Lb,X1,Wb,POR,ALPHA,BETA,Ks,Kb,Kz,Qthresh,Rs,Rb1,Rb2,Prec,Frac4Rise,Error,BFF
08053009,3.54828e+07,4682.95,100,201.906,0.15,0.011248,1,702.713,11708.1,0.98528,58228.4,-0.545597,-0.114803,-0.136009,24.4657,0.05,0.587545,0.158827
