tmp.site,tmp.area,Lb,X1,Wb,POR,ALPHA,BETA,Ks,Kb,Kz,Qthresh,Rs,Rb1,Rb2,Prec,Frac4Rise,Error,BFF
03242350,6.19007e+08,6482.98,194.346,896.971,0.15,0.015048,1,2610.71,20247.5,1.01178,6605.74,-0.180227,-0.091732,-0.086792,464.849,0.05,0.457435,0.299362
