tmp.site,tmp.area,Lb,X1,Wb,POR,ALPHA,BETA,Ks,Kb,Kz,Qthresh,Rs,Rb1,Rb2,Prec,Frac4Rise,Error,BFF
05425500,2.5097e+09,15286.5,91.9276,6295.08,0.15,0.038757,0.9,1961.19,12486.3,0.966599,207959,-0.069741,-0.033076,-0.06655,2094.75,0.05,0.504854,0.599418
