tmp.site,tmp.area,Lb,X1,Wb,POR,ALPHA,BETA,Ks,Kb,Kz,Qthresh,Rs,Rb1,Rb2,Prec,Frac4Rise,Error,BFF
11460600,2.11602e+08,5131.01,987.952,716.269,0.15,0.006429,2,198.376,1385.16,0.108918,22117,-0.13085,-0.081624,-0.03988,200.619,0.05,0.580305,0.13098
