tmp.site,tmp.area,Lb,X1,Wb,POR,ALPHA,BETA,Ks,Kb,Kz,Qthresh,Rs,Rb1,Rb2,Prec,Frac4Rise,Error,BFF
05507600,2.69359e+08,4595.67,100,337.268,0.15,0.009002,1,2040.28,16566.8,0.952177,38655.8,-0.219777,-0.197889,-0.166285,24.4657,0.05,0.879173,0.07129
