tmp.site,tmp.area,Lb,X1,Wb,POR,ALPHA,BETA,Ks,Kb,Kz,Qthresh,Rs,Rb1,Rb2,Prec,Frac4Rise,Error,BFF
07281960,2.23516e+08,6722.24,39.0908,995.641,0.15,0.009111,1,6417.22,27957.2,1.31488,191615,-0.546918,-0.16895,-0.256795,24.4657,0.05,1.27141,0.332373
