tmp.site,tmp.area,Lb,X1,Wb,POR,ALPHA,BETA,Ks,Kb,Kz,Qthresh,Rs,Rb1,Rb2,Prec,Frac4Rise,Error,BFF
03424730,5.54257e+08,14618.8,9.56701,900.045,0.15,0.00732,1.5,6942.25,879.474,1.19168,44282.9,-0.284594,-0.114799,-0.065922,2055.44,0.05,0.429113,0.241555
