tmp.site,tmp.area,Lb,X1,Wb,POR,ALPHA,BETA,Ks,Kb,Kz,Qthresh,Rs,Rb1,Rb2,Prec,Frac4Rise,Error,BFF
05464420,1.64257e+10,38226.2,1237.06,4285.18,0.15,0.005674,6.8,6253.1,3538.59,0.271157,3.20501e+06,-0.082182,-0.04082,-0.021669,130622,0.05,0.28993,0.529714
