tmp.site,tmp.area,Lb,X1,Wb,POR,ALPHA,BETA,Ks,Kb,Kz,Qthresh,Rs,Rb1,Rb2,Prec,Frac4Rise,Error,BFF
10133600,2.27401e+07,11255.3,100,287.361,0.15,0.015822,1,67.227,7662.17,0.304553,26912.3,-0.076783,-0.028863,-0.033616,629.307,0.05,0.254896,0.741558
