tmp.site,tmp.area,Lb,X1,Wb,POR,ALPHA,BETA,Ks,Kb,Kz,Qthresh,Rs,Rb1,Rb2,Prec,Frac4Rise,Error,BFF
0212378405,1.21574e+10,7571.14,100,5040.62,0.15,0.010525,1,11583.3,13573.2,1.9023,6.8504e+06,-0.152155,-0.0619,-0.105771,94153.9,0.05,0.775201,0.498242
