tmp.site,tmp.area,Lb,X1,Wb,POR,ALPHA,BETA,Ks,Kb,Kz,Qthresh,Rs,Rb1,Rb2,Prec,Frac4Rise,Error,BFF
02477000,2.37761e+09,38991.2,55.056,1297.1,0.15,0.01046,1.2,5070.28,29281.1,1.73802,342520,-0.154786,-0.082974,-0.061289,9052.31,0.05,0.407209,0.403592
