tmp.site,tmp.area,Lb,X1,Wb,POR,ALPHA,BETA,Ks,Kb,Kz,Qthresh,Rs,Rb1,Rb2,Prec,Frac4Rise,Error,BFF
03212980,5.41308e+08,12675.5,100,743.344,0.15,0.011987,1,1859.17,7038.3,0.975587,88076.6,-0.162862,-0.06809,-0.032365,5137.8,0.05,0.355328,0.364657
