tmp.site,tmp.area,Lb,X1,Wb,POR,ALPHA,BETA,Ks,Kb,Kz,Qthresh,Rs,Rb1,Rb2,Prec,Frac4Rise,Error,BFF
11428800,2.95259e+08,700586,100,121.471,0.15,0.041399,1,503.759,305.194,0.803521,19572.6,-0.116301,-0.02154,-0.014712,1590.27,0.05,0.417434,0.255673
