tmp.site,tmp.area,Lb,X1,Wb,POR,ALPHA,BETA,Ks,Kb,Kz,Qthresh,Rs,Rb1,Rb2,Prec,Frac4Rise,Error,BFF
01338000,3.72958e+08,19196.3,531.713,784.159,0.15,0.009452,10.1,1879.05,1873.51,0.583767,100831,-0.318331,-0.063232,-0.035063,10327.7,0.05,0.269714,0.515683
