tmp.site,tmp.area,Lb,X1,Wb,POR,ALPHA,BETA,Ks,Kb,Kz,Qthresh,Rs,Rb1,Rb2,Prec,Frac4Rise,Error,BFF
11092450,4.09218e+08,6322.03,1509.09,592.012,0.15,0.055065,1,108.881,90472.8,1.55766,144837,-0.159227,-0.060072,-0.064841,59.9165,0.05,1.66416,0.290993
