tmp.site,tmp.area,Lb,X1,Wb,POR,ALPHA,BETA,Ks,Kb,Kz,Qthresh,Rs,Rb1,Rb2,Prec,Frac4Rise,Error,BFF
02297155,1.0878e+08,13728,100,228.264,0.15,0.030305,1,208.133,33839.2,0.936741,29358.9,-0.143841,-0.071974,-0.105721,24.4657,0.05,0.868849,0.414604
