tmp.site,tmp.area,Lb,X1,Wb,POR,ALPHA,BETA,Ks,Kb,Kz,Qthresh,Rs,Rb1,Rb2,Prec,Frac4Rise,Error,BFF
05207600,7.38147e+09,257268,7.96845,2969.86,0.15,0.008665,0.8,126.827,2910.43,0.986136,2.05512e+06,-0.018825,-0.014273,-0.025222,55292.5,0.05,0.480999,0.604425
