tmp.site,tmp.area,Lb,X1,Wb,POR,ALPHA,BETA,Ks,Kb,Kz,Qthresh,Rs,Rb1,Rb2,Prec,Frac4Rise,Error,BFF
02317755,1.39082e+09,7554.2,42.994,1970.83,0.15,0.015777,0.9,3283.3,13683.8,1.31689,1.34806e+06,-0.124034,-0.067151,-0.239548,24.4657,0.05,32.6713,0.498202
