tmp.site,tmp.area,Lb,X1,Wb,POR,ALPHA,BETA,Ks,Kb,Kz,Qthresh,Rs,Rb1,Rb2,Prec,Frac4Rise,Error,BFF
11174600,1.02305e+08,4988.67,922.117,271.065,0.15,0.010275,1.8,799.187,1820.85,0.49369,6752.54,-0.19152,-0.128272,-0.060163,115.331,0.05,0.396239,0.121523
