tmp.site,tmp.area,Lb,X1,Wb,POR,ALPHA,BETA,Ks,Kb,Kz,Qthresh,Rs,Rb1,Rb2,Prec,Frac4Rise,Error,BFF
12508990,1.38797e+10,13154.5,37.6724,7895.99,0.15,0.003969,1.1,981.993,2922.25,1.25288,4.74635e+06,-0.056721,-0.031993,-0.029632,173951,0.05,0.265548,0.75326
