tmp.site,tmp.area,Lb,X1,Wb,POR,ALPHA,BETA,Ks,Kb,Kz,Qthresh,Rs,Rb1,Rb2,Prec,Frac4Rise,Error,BFF
14206900,6.13827e+06,6592.61,100,64.9185,0.15,0.012953,1,293.979,4628.19,0.505065,1467.94,-0.398703,-0.090457,-0.082904,24.4657,0.05,0.462867,0.2037
