tmp.site,tmp.area,Lb,X1,Wb,POR,ALPHA,BETA,Ks,Kb,Kz,Qthresh,Rs,Rb1,Rb2,Prec,Frac4Rise,Error,BFF
08104300,3.52238e+08,380235,100,103.982,0.15,0.039874,1,150.799,36628.4,0.965533,34986,-0.111881,-0.036965,-0.016138,905.231,0.05,0.408684,0.310813
