tmp.site,tmp.area,Lb,X1,Wb,POR,ALPHA,BETA,Ks,Kb,Kz,Qthresh,Rs,Rb1,Rb2,Prec,Frac4Rise,Error,BFF
08111700,9.73836e+08,13950.2,11.1457,524.575,0.15,0.006036,1.2,4102.56,2099.18,1.04304,56271.1,-0.229334,-0.138091,-0.081551,48.9314,0.05,0.627592,0.106323
