tmp.site,tmp.area,Lb,X1,Wb,POR,ALPHA,BETA,Ks,Kb,Kz,Qthresh,Rs,Rb1,Rb2,Prec,Frac4Rise,Error,BFF
01511500,1.89069e+09,20016.5,0.710885,1756.63,0.15,0.010212,2,4656.76,33.8676,0.953485,288695,-0.143841,-0.059195,-0.031524,16147.4,0.05,0.327789,0.464958
