tmp.site,tmp.area,Lb,X1,Wb,POR,ALPHA,BETA,Ks,Kb,Kz,Qthresh,Rs,Rb1,Rb2,Prec,Frac4Rise,Error,BFF
02243000,2.8982e+09,65226.1,100,212.999,0.15,0.026898,1,3629.93,8886.71,0.970324,9052.31,-0.122067,-0.026572,-0.050959,464.824,0.05,0.721516,0.130553
