tmp.site,tmp.area,Lb,X1,Wb,POR,ALPHA,BETA,Ks,Kb,Kz,Qthresh,Rs,Rb1,Rb2,Prec,Frac4Rise,Error,BFF
06479980,5.10228e+08,27933.6,56.6552,300.067,0.15,0.029541,1,1094.47,12567.4,0.979527,50888.7,-0.14416,-0.058579,-0.063066,24.4657,0.05,0.871355,0.254368
