tmp.site,tmp.area,Lb,X1,Wb,POR,ALPHA,BETA,Ks,Kb,Kz,Qthresh,Rs,Rb1,Rb2,Prec,Frac4Rise,Error,BFF
12115500,3.47058e+07,7792.07,1010.72,553.229,0.15,0.014912,1.2,453.232,36220.8,5.83224,16594.6,-0.210733,-0.078115,-0.02432,1374.97,0.05,0.304932,0.416852
