tmp.site,tmp.area,Lb,X1,Wb,POR,ALPHA,BETA,Ks,Kb,Kz,Qthresh,Rs,Rb1,Rb2,Prec,Frac4Rise,Error,BFF
11317000,1.77155e+08,78076.6,100,192.235,0.15,0.030581,1,133.062,49945.6,0.921196,19572.6,-0.106319,-0.037697,-0.039614,171.26,0.05,0.440156,0.470927
