tmp.site,tmp.area,Lb,X1,Wb,POR,ALPHA,BETA,Ks,Kb,Kz,Qthresh,Rs,Rb1,Rb2,Prec,Frac4Rise,Error,BFF
02425000,4.57392e+09,11454.9,100,2629.97,0.15,0.007498,1,5228.19,6644.73,1.66593,704613,-0.168236,-0.073465,-0.033184,73397.1,0.05,0.318594,0.365287
