tmp.site,tmp.area,Lb,X1,Wb,POR,ALPHA,BETA,Ks,Kb,Kz,Qthresh,Rs,Rb1,Rb2,Prec,Frac4Rise,Error,BFF
06408650,2.90286e+10,36609.8,100,570.156,0.15,0.004797,1,2213.06,985.142,0.895469,403684,-0.057535,-0.072831,-0.063129,6116.43,0.05,0.43218,0.249804
