tmp.site,tmp.area,Lb,X1,Wb,POR,ALPHA,BETA,Ks,Kb,Kz,Qthresh,Rs,Rb1,Rb2,Prec,Frac4Rise,Error,BFF
08111500,1.13649e+11,12849.2,100,8240.66,0.15,0.012165,1,25878.4,10565.7,0.885098,1.35295e+06,-0.112526,-0.057961,-0.054946,74865.1,0.05,0.431362,0.3652
