tmp.site,tmp.area,Lb,X1,Wb,POR,ALPHA,BETA,Ks,Kb,Kz,Qthresh,Rs,Rb1,Rb2,Prec,Frac4Rise,Error,BFF
13341140,5.82747e+08,9219.96,2859.92,467.41,0.15,0.013713,2.4,384.804,10717.5,0.664037,7992.46,-0.065024,-0.056257,-0.015699,538.246,0.05,0.334305,0.299376
