tmp.site,tmp.area,Lb,X1,Wb,POR,ALPHA,BETA,Ks,Kb,Kz,Qthresh,Rs,Rb1,Rb2,Prec,Frac4Rise,Error,BFF
05054000,1.76119e+10,28339.3,100,2091.9,0.15,0.008927,1,2328.19,7984.84,0.916211,2.07856e+06,-0.096409,-0.031355,-0.040484,244.657,0.05,9.29112,0.458488
