tmp.site,tmp.area,Lb,X1,Wb,POR,ALPHA,BETA,Ks,Kb,Kz,Qthresh,Rs,Rb1,Rb2,Prec,Frac4Rise,Error,BFF
05017500,7.12247e+08,18814.2,193.112,1946.26,0.15,0.014378,1,428.307,14154.8,0.910637,127222,-0.04409,-0.027333,-0.026565,11254.2,0.05,0.404042,0.581251
