tmp.site,tmp.area,Lb,X1,Wb,POR,ALPHA,BETA,Ks,Kb,Kz,Qthresh,Rs,Rb1,Rb2,Prec,Frac4Rise,Error,BFF
02400680,1.43485e+08,16736.8,100,401.188,0.15,0.01504,1,731.531,13524.9,0.94373,31560.8,-0.376172,-0.072883,-0.03638,1999.68,0.05,0.308828,0.428326
