tmp.site,tmp.area,Lb,X1,Wb,POR,ALPHA,BETA,Ks,Kb,Kz,Qthresh,Rs,Rb1,Rb2,Prec,Frac4Rise,Error,BFF
09061600,2.02019e+07,9883.5,100,110.292,0.15,0.020805,1,53.8771,6356.48,0.407014,13505.1,-0.035243,-0.040597,-0.057815,34.252,0.05,0.684208,0.388954
