tmp.site,tmp.area,Lb,X1,Wb,POR,ALPHA,BETA,Ks,Kb,Kz,Qthresh,Rs,Rb1,Rb2,Prec,Frac4Rise,Error,BFF
08378500,4.89508e+08,81261.6,100,227.842,0.15,0.011853,1,100.707,46434.2,0.945578,77556.3,-0.119206,-0.028559,-0.020513,3425.2,0.05,0.286771,0.539884
