tmp.site,tmp.area,Lb,X1,Wb,POR,ALPHA,BETA,Ks,Kb,Kz,Qthresh,Rs,Rb1,Rb2,Prec,Frac4Rise,Error,BFF
11493500,3.34108e+09,36437.5,100,253.146,0.15,0.023024,1,2114.92,18050.1,0.896022,320501,-0.074238,-0.029312,-0.075373,24.4657,0.05,14.1756,0.080568
