tmp.site,tmp.area,Lb,X1,Wb,POR,ALPHA,BETA,Ks,Kb,Kz,Qthresh,Rs,Rb1,Rb2,Prec,Frac4Rise,Error,BFF
14362250,4.14398e+07,9778.88,100,185.512,0.15,0.082892,1,86.068,6269.31,0.688552,4844.21,-0.13572,-0.045029,-0.060854,24.4657,0.05,1.20922,0.437434
