tmp.site,tmp.area,Lb,X1,Wb,POR,ALPHA,BETA,Ks,Kb,Kz,Qthresh,Rs,Rb1,Rb2,Prec,Frac4Rise,Error,BFF
09168730,3.71404e+09,13839.8,100,536.428,0.15,0.007463,1,1362.64,3258.61,1.02931,185000,-0.082566,-0.062904,-0.07094,73.3971,0.05,11.3332,0.178046
