tmp.site,tmp.area,Lb,X1,Wb,POR,ALPHA,BETA,Ks,Kb,Kz,Qthresh,Rs,Rb1,Rb2,Prec,Frac4Rise,Error,BFF
11289850,1.97098e+08,10745.8,6.14907,194.753,0.15,0.007921,1,4283.66,738.81,0.929389,4502.67,-0.535325,-0.118841,-0.150323,24.4657,0.05,2.60104,0.058343
