tmp.site,tmp.area,Lb,X1,Wb,POR,ALPHA,BETA,Ks,Kb,Kz,Qthresh,Rs,Rb1,Rb2,Prec,Frac4Rise,Error,BFF
02270000,1.00492e+08,24029.2,100,328.114,0.15,0.023763,1,328.32,5061.85,0.529165,24465.7,-0.125657,-0.026071,-0.025726,464.849,0.05,0.358062,0.514399
