tmp.site,tmp.area,Lb,X1,Wb,POR,ALPHA,BETA,Ks,Kb,Kz,Qthresh,Rs,Rb1,Rb2,Prec,Frac4Rise,Error,BFF
08181435,4.45478e+08,72.8875,0.031672,2663.65,0.15,0.009125,1.2,423.6,0.15838,1.02933,41102.4,-0.765087,-0.13985,-0.330259,24.4657,0.05,22.4193,0.113328
