tmp.site,tmp.area,Lb,X1,Wb,POR,ALPHA,BETA,Ks,Kb,Kz,Qthresh,Rs,Rb1,Rb2,Prec,Frac4Rise,Error,BFF
04201495,2.30509e+07,6623.61,100,139.431,0.15,0.012226,1,496.798,9589.81,0.921759,3389.48,-0.563839,-0.121521,-0.099086,322.947,0.05,0.406773,0.208205
