tmp.site,tmp.area,Lb,X1,Wb,POR,ALPHA,BETA,Ks,Kb,Kz,Qthresh,Rs,Rb1,Rb2,Prec,Frac4Rise,Error,BFF
01018500,1.0619e+09,42366.7,30.537,1167.2,0.15,0.008823,0.9,72.6919,3390.1,0.960036,870979,-0.006023,-0.030589,-0.051751,24465.7,0.05,0.70569,0.497059
