tmp.site,tmp.area,Lb,X1,Wb,POR,ALPHA,BETA,Ks,Kb,Kz,Qthresh,Rs,Rb1,Rb2,Prec,Frac4Rise,Error,BFF
05591700,2.90079e+08,8805.35,100,654.311,0.15,0.018855,1,1226.37,20690.1,1.02375,80736.9,-0.215032,-0.078592,-0.126949,24.4657,0.05,2.60798,0.40603
