tmp.site,tmp.area,Lb,X1,Wb,POR,ALPHA,BETA,Ks,Kb,Kz,Qthresh,Rs,Rb1,Rb2,Prec,Frac4Rise,Error,BFF
05053000,5.38718e+09,50773.9,100,542.109,0.15,0.014421,1,1828.16,31889,0.954759,24465.7,-0.091882,-0.056219,-0.104116,24.4657,0.05,18.3452,0.213283
