tmp.site,tmp.area,Lb,X1,Wb,POR,ALPHA,BETA,Ks,Kb,Kz,Qthresh,Rs,Rb1,Rb2,Prec,Frac4Rise,Error,BFF
07185090,8.90956e+07,6181.81,1.33175,234.297,0.15,0.007982,1.1,760.096,126.406,0.987978,3156.08,-0.226379,-0.146043,-0.112579,24.4657,0.05,0.640387,0.113107
