tmp.site,tmp.area,Lb,X1,Wb,POR,ALPHA,BETA,Ks,Kb,Kz,Qthresh,Rs,Rb1,Rb2,Prec,Frac4Rise,Error,BFF
01583580,3.80728e+06,3294.42,100,160.84,0.15,0.013395,1,231.837,2031.7,0.137962,2617.83,-0.400867,-0.030301,-0.037328,24.4657,0.05,0.364421,0.536596
