tmp.site,tmp.area,Lb,X1,Wb,POR,ALPHA,BETA,Ks,Kb,Kz,Qthresh,Rs,Rb1,Rb2,Prec,Frac4Rise,Error,BFF
08285500,2.27142e+09,46115.3,1.52192,490.716,0.15,0.0037,0.9,366.136,23.3247,1.00702,633662,-0.010651,-0.049201,-0.136983,391.451,0.05,5.7823,0.172726
