tmp.site,tmp.area,Lb,X1,Wb,POR,ALPHA,BETA,Ks,Kb,Kz,Qthresh,Rs,Rb1,Rb2,Prec,Frac4Rise,Error,BFF
02226500,3.21159e+09,29625.8,66.879,2880.94,0.15,0.024463,1.1,3972.66,33128.9,0.986521,21272.5,-0.12343,-0.078178,-0.059798,2372.22,0.05,0.459443,0.503727
