tmp.site,tmp.area,Lb,X1,Wb,POR,ALPHA,BETA,Ks,Kb,Kz,Qthresh,Rs,Rb1,Rb2,Prec,Frac4Rise,Error,BFF
04293000,3.39288e+08,14470.9,2.18982,709.278,0.15,0.010228,1.3,2800.23,281.588,1.21676,70950.6,-0.259492,-0.079178,-0.060619,6116.43,0.05,0.390275,0.367723
