tmp.site,tmp.area,Lb,X1,Wb,POR,ALPHA,BETA,Ks,Kb,Kz,Qthresh,Rs,Rb1,Rb2,Prec,Frac4Rise,Error,BFF
02081747,1.10592e+09,7886.17,100,1098.11,0.15,0.008784,1,5027.39,10295.4,0.961796,261783,-0.289964,-0.094487,-0.070564,2446.57,0.05,0.422003,0.275453
