tmp.site,tmp.area,Lb,X1,Wb,POR,ALPHA,BETA,Ks,Kb,Kz,Qthresh,Rs,Rb1,Rb2,Prec,Frac4Rise,Error,BFF
05548500,3.12094e+09,16993.3,100,1905.37,0.15,0.009612,1,985.585,7987.19,0.94895,2.33726e+06,-0.039236,-0.037133,-0.056354,61954.5,0.05,0.321519,0.536712
