tmp.site,tmp.area,Lb,X1,Wb,POR,ALPHA,BETA,Ks,Kb,Kz,Qthresh,Rs,Rb1,Rb2,Prec,Frac4Rise,Error,BFF
02034000,1.71716e+09,10466.7,26.9193,1871.69,0.15,0.010341,1.2,5649.46,2197.16,1.07673,477081,-0.268293,-0.067584,-0.052076,8318.34,0.05,0.357925,0.431374
