tmp.site,tmp.area,Lb,X1,Wb,POR,ALPHA,BETA,Ks,Kb,Kz,Qthresh,Rs,Rb1,Rb2,Prec,Frac4Rise,Error,BFF
07185095,1.15772e+08,3994.65,123.052,345.832,0.15,0.008081,1.1,973.4,10381.8,1.04268,11498.9,-0.271552,-0.152472,-0.112237,24.4657,0.05,0.58163,0.117978
