tmp.site,tmp.area,Lb,X1,Wb,POR,ALPHA,BETA,Ks,Kb,Kz,Qthresh,Rs,Rb1,Rb2,Prec,Frac4Rise,Error,BFF
08167800,3.71922e+09,42595.1,34.7979,1635.67,0.15,0.009976,1,109.838,5673.4,0.947814,182514,-0.005848,-0.031465,-0.035994,4159.17,0.05,0.982062,0.579901
