tmp.site,tmp.area,Lb,X1,Wb,POR,ALPHA,BETA,Ks,Kb,Kz,Qthresh,Rs,Rb1,Rb2,Prec,Frac4Rise,Error,BFF
04159005,3.25484e+08,13509.5,100,345.057,0.15,0.014955,1,517.783,18490.4,0.937374,53090.6,-0.200223,-0.080232,-0.077802,126.463,0.05,0.562306,0.383029
