tmp.site,tmp.area,Lb,X1,Wb,POR,ALPHA,BETA,Ks,Kb,Kz,Qthresh,Rs,Rb1,Rb2,Prec,Frac4Rise,Error,BFF
01563500,5.25768e+09,10493.8,100,3430.06,0.15,0.007627,1,5092.24,8937.65,1.2271,1.2502e+06,-0.136483,-0.060249,-0.037791,69971.9,0.05,0.29651,0.480772
