tmp.site,tmp.area,Lb,X1,Wb,POR,ALPHA,BETA,Ks,Kb,Kz,Qthresh,Rs,Rb1,Rb2,Prec,Frac4Rise,Error,BFF
01312000,4.97278e+08,13425.2,0.377201,1013.73,0.15,0.013344,1.4,1601.18,33.23,1.69029,234871,-0.106808,-0.062521,-0.045538,7339.71,0.05,0.374314,0.48396
