tmp.site,tmp.area,Lb,X1,Wb,POR,ALPHA,BETA,Ks,Kb,Kz,Qthresh,Rs,Rb1,Rb2,Prec,Frac4Rise,Error,BFF
11463000,1.30276e+09,55820.6,686.636,741.406,0.15,0.004343,9.2,90.181,1795.51,0.149801,856300,-0.06029,-0.072015,-0.038028,11474.4,0.05,0.386302,0.238772
