tmp.site,tmp.area,Lb,X1,Wb,POR,ALPHA,BETA,Ks,Kb,Kz,Qthresh,Rs,Rb1,Rb2,Prec,Frac4Rise,Error,BFF
14038530,9.99735e+08,43548.4,64.6057,584.107,0.15,0.012254,1,457.617,30229.6,1.11099,313161,-0.102036,-0.036183,-0.039978,3180.54,0.05,0.312146,0.659204
