tmp.site,tmp.area,Lb,X1,Wb,POR,ALPHA,BETA,Ks,Kb,Kz,Qthresh,Rs,Rb1,Rb2,Prec,Frac4Rise,Error,BFF
08083235,3.30482e+09,5925.57,45.1344,134.751,0.15,0.013007,1,40897.7,73.9244,0.991945,42570.3,-0.132852,-0.1052,-0.135531,24.4657,0.05,15.2034,0.095822
