tmp.site,tmp.area,Lb,X1,Wb,POR,ALPHA,BETA,Ks,Kb,Kz,Qthresh,Rs,Rb1,Rb2,Prec,Frac4Rise,Error,BFF
05540195,2.87489e+07,7771.5,245.624,89.4777,0.15,0.054171,0.9,703.117,92305.9,1.20342,15633.6,-0.386601,-0.089598,-0.227698,24.4657,0.05,2.22136,0.265663
