tmp.site,tmp.area,Lb,X1,Wb,POR,ALPHA,BETA,Ks,Kb,Kz,Qthresh,Rs,Rb1,Rb2,Prec,Frac4Rise,Error,BFF
04269000,1.58507e+09,6126.28,87.4409,3759.05,0.15,0.007608,1.1,1359.17,15648.7,1.13057,396345,-0.118181,-0.048595,-0.043652,41836.4,0.05,0.371781,0.718025
