tmp.site,tmp.area,Lb,X1,Wb,POR,ALPHA,BETA,Ks,Kb,Kz,Qthresh,Rs,Rb1,Rb2,Prec,Frac4Rise,Error,BFF
10142000,2.58999e+07,7213.09,100,289.516,0.15,0.014422,1,110.376,5033.15,0.324288,6336.62,-0.131519,-0.029754,-0.020791,293.589,0.05,0.308719,0.535218
