tmp.site,tmp.area,Lb,X1,Wb,POR,ALPHA,BETA,Ks,Kb,Kz,Qthresh,Rs,Rb1,Rb2,Prec,Frac4Rise,Error,BFF
07179300,1.93213e+08,60683.7,123.679,77.8443,0.15,0.005059,1.1,250.395,66939.8,1.10087,3180.54,-0.12005,-0.106539,-0.081723,24.4657,0.05,0.845668,0.085899
