tmp.site,tmp.area,Lb,X1,Wb,POR,ALPHA,BETA,Ks,Kb,Kz,Qthresh,Rs,Rb1,Rb2,Prec,Frac4Rise,Error,BFF
03180500,3.44468e+08,9133.11,100,884.968,0.15,0.015786,1,2119.91,20385.7,0.919015,29358.9,-0.188904,-0.081597,-0.07208,954.163,0.05,0.396329,0.421286
