tmp.site,tmp.area,Lb,X1,Wb,POR,ALPHA,BETA,Ks,Kb,Kz,Qthresh,Rs,Rb1,Rb2,Prec,Frac4Rise,Error,BFF
08057300,2.58999e+08,5572.13,100,549.726,0.15,0.013344,1,1904.49,16543.3,0.918997,286249,-0.176194,-0.098485,-0.169102,48.9314,0.05,5.04349,0.206117
