tmp.site,tmp.area,Lb,X1,Wb,POR,ALPHA,BETA,Ks,Kb,Kz,Qthresh,Rs,Rb1,Rb2,Prec,Frac4Rise,Error,BFF
07144325,4.24758e+07,28898.9,63.2171,58.0841,0.15,0.010381,1,1137.26,19819.4,1.08779,1590.27,-0.541903,-0.128865,-0.134191,54.0203,0.05,0.588454,0.116475
