tmp.site,tmp.area,Lb,X1,Wb,POR,ALPHA,BETA,Ks,Kb,Kz,Qthresh,Rs,Rb1,Rb2,Prec,Frac4Rise,Error,BFF
03196800,2.56927e+09,1355.83,0.032606,6710.18,0.15,0.015225,1,5117.31,2.43586,2.68782,1.20616e+06,-0.098349,-0.086724,-0.092159,17126,0.05,0.452176,0.628808
