tmp.site,tmp.area,Lb,X1,Wb,POR,ALPHA,BETA,Ks,Kb,Kz,Qthresh,Rs,Rb1,Rb2,Prec,Frac4Rise,Error,BFF
02173495,3.05619e+06,7331.86,61.1393,415.177,0.15,0.034846,0.8,3.05288,1425.76,0.584475,17089.8,-0.079509,-0.015135,-0.061861,2422.11,0.05,0.882424,0.566845
