tmp.site,tmp.area,Lb,X1,Wb,POR,ALPHA,BETA,Ks,Kb,Kz,Qthresh,Rs,Rb1,Rb2,Prec,Frac4Rise,Error,BFF
11425500,5.50398e+10,14198.6,41.9735,24097.3,0.15,0.005887,1,7137.6,178.337,1.25964,1.94747e+07,-0.040426,-0.025896,-0.025198,518673,0.05,0.473328,0.458345
