tmp.site,tmp.area,Lb,X1,Wb,POR,ALPHA,BETA,Ks,Kb,Kz,Qthresh,Rs,Rb1,Rb2,Prec,Frac4Rise,Error,BFF
01591000,9.01316e+07,15748.9,25.8653,306.057,0.15,0.012972,1.1,521.246,2501.21,1.29966,50399.4,-0.374261,-0.042833,-0.039822,856.3,0.05,0.315659,0.478163
