tmp.site,tmp.area,Lb,X1,Wb,POR,ALPHA,BETA,Ks,Kb,Kz,Qthresh,Rs,Rb1,Rb2,Prec,Frac4Rise,Error,BFF
02164110,2.84899e+08,11978.3,100,856.877,0.15,0.008717,1,2351.65,3336.81,0.942895,114502,-0.499653,-0.072512,-0.041613,11816.9,0.05,0.278968,0.451647
