tmp.site,tmp.area,Lb,X1,Wb,POR,ALPHA,BETA,Ks,Kb,Kz,Qthresh,Rs,Rb1,Rb2,Prec,Frac4Rise,Error,BFF
09029995,1.04895e+07,3279.23,753.162,1048.89,0.15,0.013073,1.3,114.424,6726.89,0.723678,3523.06,-0.091674,-0.034884,-0.013266,340.073,0.05,0.317999,0.582195
