tmp.site,tmp.area,Lb,X1,Wb,POR,ALPHA,BETA,Ks,Kb,Kz,Qthresh,Rs,Rb1,Rb2,Prec,Frac4Rise,Error,BFF
02203960,8.44336e+07,12818.7,100,319.574,0.15,0.018348,1,1026.98,6646.53,0.956742,32294.7,-0.710551,-0.094371,-0.072724,1267.32,0.05,0.38097,0.297716
