tmp.site,tmp.area,Lb,X1,Wb,POR,ALPHA,BETA,Ks,Kb,Kz,Qthresh,Rs,Rb1,Rb2,Prec,Frac4Rise,Error,BFF
08212400,1.24319e+09,6336.97,1.38661,23.5232,0.15,0.002643,0.9,8126.09,2.36162,1.17054,1859.39,-0.202733,-0.164248,-0.330878,24.4657,0.05,0.795855,0.005279
