tmp.site,tmp.area,Lb,X1,Wb,POR,ALPHA,BETA,Ks,Kb,Kz,Qthresh,Rs,Rb1,Rb2,Prec,Frac4Rise,Error,BFF
03527000,2.90856e+09,44840.2,126.609,1494.26,0.15,0.006169,2,7863.45,15515.8,1.34004,256890,-0.143052,-0.076802,-0.043534,26843.8,0.05,0.342073,0.410914
