tmp.site,tmp.area,Lb,X1,Wb,POR,ALPHA,BETA,Ks,Kb,Kz,Qthresh,Rs,Rb1,Rb2,Prec,Frac4Rise,Error,BFF
06860000,9.20741e+09,10406.3,31.8743,71.8826,0.15,0.0068,1,12918.9,3543.8,0.938502,42325.7,-0.168236,-0.096344,-0.122732,24.4657,0.05,2.53665,0.024977
