tmp.site,tmp.area,Lb,X1,Wb,POR,ALPHA,BETA,Ks,Kb,Kz,Qthresh,Rs,Rb1,Rb2,Prec,Frac4Rise,Error,BFF
02466500,4.42888e+08,7058.98,0.132777,614.758,0.15,0.008801,1.4,3734.72,14.7968,1.19385,17370.7,-0.379943,-0.169673,-0.083526,440.383,0.05,0.74191,0.141951
