tmp.site,tmp.area,Lb,X1,Wb,POR,ALPHA,BETA,Ks,Kb,Kz,Qthresh,Rs,Rb1,Rb2,Prec,Frac4Rise,Error,BFF
02423571,2.45013e+07,16596.5,68.4258,137.264,0.15,0.012162,1,675.07,35169.3,0.840901,1879.7,-0.482239,-0.118606,-0.142886,100.309,0.05,0.526373,0.221717
