tmp.site,tmp.area,Lb,X1,Wb,POR,ALPHA,BETA,Ks,Kb,Kz,Qthresh,Rs,Rb1,Rb2,Prec,Frac4Rise,Error,BFF
03230800,5.90517e+08,7508.36,0.219133,971.841,0.15,0.011067,1.4,2902.68,15.1899,1.48903,29358.9,-0.25461,-0.091093,-0.055691,1156.59,0.05,0.402624,0.361376
