tmp.site,tmp.area,Lb,X1,Wb,POR,ALPHA,BETA,Ks,Kb,Kz,Qthresh,Rs,Rb1,Rb2,Prec,Frac4Rise,Error,BFF
01186500,2.20149e+08,15082.9,100,588.035,0.15,0.019959,1,1044.18,24926.9,0.945227,26912.3,-0.202733,-0.066441,-0.063214,1834.93,0.05,0.370869,0.463275
