tmp.site,tmp.area,Lb,X1,Wb,POR,ALPHA,BETA,Ks,Kb,Kz,Qthresh,Rs,Rb1,Rb2,Prec,Frac4Rise,Error,BFF
04119000,1.26909e+10,9161.71,13.3361,10522.3,0.15,0.003877,4.9,446.87,43.5256,0.955443,2.36094e+06,-0.063336,-0.034955,-0.024565,206735,0.05,0.237752,0.76051
