tmp.site,tmp.area,Lb,X1,Wb,POR,ALPHA,BETA,Ks,Kb,Kz,Qthresh,Rs,Rb1,Rb2,Prec,Frac4Rise,Error,BFF
01551500,1.47163e+10,92613.9,100.505,2976.99,0.15,0.007371,1.9,9407.36,32806.3,4.98544,1.45326e+06,-0.110909,-0.062878,-0.036583,135540,0.05,0.343605,0.512487
