tmp.site,tmp.area,Lb,X1,Wb,POR,ALPHA,BETA,Ks,Kb,Kz,Qthresh,Rs,Rb1,Rb2,Prec,Frac4Rise,Error,BFF
07251500,5.59437e+08,11996.7,323.766,969.984,0.15,0.014763,1,1921.81,85955.7,1.75746,8318.34,-0.126363,-0.087347,-0.098894,24.4657,0.05,89.3789,0.371728
