tmp.site,tmp.area,Lb,X1,Wb,POR,ALPHA,BETA,Ks,Kb,Kz,Qthresh,Rs,Rb1,Rb2,Prec,Frac4Rise,Error,BFF
12446150,9.50526e+07,8143.1,1153.95,245.115,0.15,0.006937,2.3,120.36,486.682,0.385913,10055.4,-0.057327,-0.034289,-0.020369,579.837,0.05,0.359075,0.182586
