tmp.site,tmp.area,Lb,X1,Wb,POR,ALPHA,BETA,Ks,Kb,Kz,Qthresh,Rs,Rb1,Rb2,Prec,Frac4Rise,Error,BFF
04166500,4.84328e+08,10948.2,11.1808,580.475,0.15,0.010205,1.2,2576.14,1070.9,1.0462,48931.4,-0.293647,-0.081902,-0.06304,1614.74,0.05,0.428664,0.334215
