tmp.site,tmp.area,Lb,X1,Wb,POR,ALPHA,BETA,Ks,Kb,Kz,Qthresh,Rs,Rb1,Rb2,Prec,Frac4Rise,Error,BFF
08055560,6.5708e+09,14933.4,100,1670.08,0.15,0.01144,1,8903.63,14309,1.00163,464849,-0.187386,-0.065533,-0.121692,5705.4,0.05,0.853503,0.20141
