tmp.site,tmp.area,Lb,X1,Wb,POR,ALPHA,BETA,Ks,Kb,Kz,Qthresh,Rs,Rb1,Rb2,Prec,Frac4Rise,Error,BFF
07250500,3.89747e+11,14732.7,112.951,11762.2,0.15,0.012018,1.1,32629.4,13912.5,1.88016,6.36109e+06,-0.093387,-0.06877,-0.054832,210894,0.05,0.410009,0.377267
