tmp.site,tmp.area,Lb,X1,Wb,POR,ALPHA,BETA,Ks,Kb,Kz,Qthresh,Rs,Rb1,Rb2,Prec,Frac4Rise,Error,BFF
02266200,3.21159e+07,7930.5,250.592,341.053,0.15,0.078191,0.9,67.6281,17818,0.488444,16587.8,-0.050093,-0.038685,-0.080115,24.4657,0.05,2.00562,0.558457
