tmp.site,tmp.area,Lb,X1,Wb,POR,ALPHA,BETA,Ks,Kb,Kz,Qthresh,Rs,Rb1,Rb2,Prec,Frac4Rise,Error,BFF
01104453,5.77567e+06,4942.23,100,224.453,0.15,0.053495,1,124.426,6679.45,0.209948,807.369,-0.122098,-0.043465,-0.127987,24.4657,0.05,5.43701,0.538863
