tmp.site,tmp.area,Lb,X1,Wb,POR,ALPHA,BETA,Ks,Kb,Kz,Qthresh,Rs,Rb1,Rb2,Prec,Frac4Rise,Error,BFF
05522500,5.25768e+08,28328.9,50.495,551.162,0.15,0.013061,1.4,1106.46,11747.6,0.948212,53824.6,-0.150631,-0.067263,-0.045854,1786,0.05,0.365871,0.462363
