tmp.site,tmp.area,Lb,X1,Wb,POR,ALPHA,BETA,Ks,Kb,Kz,Qthresh,Rs,Rb1,Rb2,Prec,Frac4Rise,Error,BFF
02072500,6.70807e+08,16387.1,100,1235.97,0.15,0.011864,1,38.8841,5125.91,0.931349,795136,-0.003299,-0.052732,-0.100026,14434.8,0.05,1.13654,0.732048
