tmp.site,tmp.area,Lb,X1,Wb,POR,ALPHA,BETA,Ks,Kb,Kz,Qthresh,Rs,Rb1,Rb2,Prec,Frac4Rise,Error,BFF
08088430,1.83734e+08,14749.5,6.74516,10.173,0.15,0.002485,0.9,500.436,87.2149,1.00958,4149.39,-0.29318,-0.179427,-0.236091,24.4657,0.05,9.81728,0.00402
