tmp.site,tmp.area,Lb,X1,Wb,POR,ALPHA,BETA,Ks,Kb,Kz,Qthresh,Rs,Rb1,Rb2,Prec,Frac4Rise,Error,BFF
03284500,1.14322e+10,9468.34,100,4812.11,0.15,0.010523,1,18808.6,15630.9,2.44812,293589,-0.133114,-0.086805,-0.076237,13456.1,0.05,0.452067,0.34848
