tmp.site,tmp.area,Lb,X1,Wb,POR,ALPHA,BETA,Ks,Kb,Kz,Qthresh,Rs,Rb1,Rb2,Prec,Frac4Rise,Error,BFF
07241780,6.39209e+07,26009.6,11.8975,64.7065,0.15,0.010675,0.9,744.77,1679.11,0.96064,2128.52,-0.242262,-0.07809,-0.132809,24.4657,0.05,1.83457,0.100287
