tmp.site,tmp.area,Lb,X1,Wb,POR,ALPHA,BETA,Ks,Kb,Kz,Qthresh,Rs,Rb1,Rb2,Prec,Frac4Rise,Error,BFF
04265100,8.44336e+07,16833.3,100,212.59,0.15,0.020202,1,545.541,15284.4,0.897833,11988.2,-0.163558,-0.065715,-0.055093,636.109,0.05,0.486947,0.290748
