tmp.site,tmp.area,Lb,X1,Wb,POR,ALPHA,BETA,Ks,Kb,Kz,Qthresh,Rs,Rb1,Rb2,Prec,Frac4Rise,Error,BFF
05397500,9.71246e+08,17007.9,4407.46,993.896,0.15,0.005167,4.2,1636.27,248.131,0.644226,107649,-0.106787,-0.064128,-0.026882,10030.9,0.05,0.371958,0.27045
