tmp.site,tmp.area,Lb,X1,Wb,POR,ALPHA,BETA,Ks,Kb,Kz,Qthresh,Rs,Rb1,Rb2,Prec,Frac4Rise,Error,BFF
02471078,4.27348e+07,31327.6,100,224.879,0.15,0.006824,1,146.942,5734.68,0.777216,51133.3,-0.371964,-0.057154,-0.021222,3131.61,0.05,0.233817,0.505383
