tmp.site,tmp.area,Lb,X1,Wb,POR,ALPHA,BETA,Ks,Kb,Kz,Qthresh,Rs,Rb1,Rb2,Prec,Frac4Rise,Error,BFF
01124000,4.01448e+08,18568.4,100,852.008,0.15,0.025345,1,763.08,23741.3,0.923984,48931.4,-0.095604,-0.048031,-0.060914,3180.54,0.05,0.409739,0.556921
