tmp.site,tmp.area,Lb,X1,Wb,POR,ALPHA,BETA,Ks,Kb,Kz,Qthresh,Rs,Rb1,Rb2,Prec,Frac4Rise,Error,BFF
09113500,3.13389e+08,22522.6,1758.44,296.864,0.15,0.010703,1.7,1185.03,5454.66,0.489972,51378,-0.143841,-0.032607,-0.018849,2364.42,0.05,0.426755,0.17293
