tmp.site,tmp.area,Lb,X1,Wb,POR,ALPHA,BETA,Ks,Kb,Kz,Qthresh,Rs,Rb1,Rb2,Prec,Frac4Rise,Error,BFF
06342450,2.79719e+08,13257.5,11.5417,94.0088,0.15,0.045082,1,1722.61,1884.59,1.08348,24465.7,-0.143841,-0.099017,-0.126168,24.4657,0.05,2.18697,0.139629
