tmp.site,tmp.area,Lb,X1,Wb,POR,ALPHA,BETA,Ks,Kb,Kz,Qthresh,Rs,Rb1,Rb2,Prec,Frac4Rise,Error,BFF
0208732534,751097,1607.03,1.81839,44.1008,0.15,0.005101,0.9,270.609,37.3092,0.165998,440.383,-0.89588,-0.083916,-0.15873,24.4657,0.05,0.878326,0.095312
