tmp.site,tmp.area,Lb,X1,Wb,POR,ALPHA,BETA,Ks,Kb,Kz,Qthresh,Rs,Rb1,Rb2,Prec,Frac4Rise,Error,BFF
02330000,4.40298e+09,20667.1,3.77388,3769.19,0.15,0.014797,0.9,8389.87,1003.2,0.799789,474635,-0.051104,-0.052198,-0.110477,9786.29,0.05,1.30589,0.496175
