tmp.site,tmp.area,Lb,X1,Wb,POR,ALPHA,BETA,Ks,Kb,Kz,Qthresh,Rs,Rb1,Rb2,Prec,Frac4Rise,Error,BFF
11152300,1.04687e+10,11100.1,100,1882.32,0.15,0.010864,1,2301.62,13995.5,1.00416,513780,-0.113417,-0.062322,-0.092814,24.4657,0.05,453.325,0.33427
