tmp.site,tmp.area,Lb,X1,Wb,POR,ALPHA,BETA,Ks,Kb,Kz,Qthresh,Rs,Rb1,Rb2,Prec,Frac4Rise,Error,BFF
03357000,7.73888e+09,20110.6,29.3557,2713.49,0.15,0.009418,9.6,7300.78,44.2937,1.36806,1.08872e+06,-0.103168,-0.06742,-0.029262,60430.3,0.05,0.33104,0.433656
