tmp.site,tmp.area,Lb,X1,Wb,POR,ALPHA,BETA,Ks,Kb,Kz,Qthresh,Rs,Rb1,Rb2,Prec,Frac4Rise,Error,BFF
03185000,1.36492e+08,10415.6,100,361.485,0.15,0.021192,1,705.834,17443.5,0.924086,18104.6,-0.191684,-0.079245,-0.068987,273.527,0.05,0.417749,0.383156
