tmp.site,tmp.area,Lb,X1,Wb,POR,ALPHA,BETA,Ks,Kb,Kz,Qthresh,Rs,Rb1,Rb2,Prec,Frac4Rise,Error,BFF
02094770,3.98858e+07,1759.37,151.613,257.485,0.15,0.009193,0.9,1425.75,3998.62,0.901813,8783.19,-0.736057,-0.125332,-0.152177,151.687,0.05,0.48321,0.105754
