tmp.site,tmp.area,Lb,X1,Wb,POR,ALPHA,BETA,Ks,Kb,Kz,Qthresh,Rs,Rb1,Rb2,Prec,Frac4Rise,Error,BFF
01571500,5.51667e+08,12974.4,100,1165.77,0.15,0.008464,1,425.341,6088.26,0.994351,227531,-0.182209,-0.036148,-0.018106,22263.8,0.05,0.228255,0.62686
