tmp.site,tmp.area,Lb,X1,Wb,POR,ALPHA,BETA,Ks,Kb,Kz,Qthresh,Rs,Rb1,Rb2,Prec,Frac4Rise,Error,BFF
01361000,8.52106e+08,11304.9,100,1424.61,0.15,0.01271,1,2490.46,16091.4,0.899335,489314,-0.181176,-0.0524,-0.058105,3914.51,0.05,0.343572,0.523419
