tmp.site,tmp.area,Lb,X1,Wb,POR,ALPHA,BETA,Ks,Kb,Kz,Qthresh,Rs,Rb1,Rb2,Prec,Frac4Rise,Error,BFF
05536085,2.91115e+08,5344.08,100,691.183,0.15,0.010035,1,1464.87,12975.7,0.947939,197913,-0.173253,-0.09026,-0.111714,2974.54,0.05,0.377683,0.344688
