tmp.site,tmp.area,Lb,X1,Wb,POR,ALPHA,BETA,Ks,Kb,Kz,Qthresh,Rs,Rb1,Rb2,Prec,Frac4Rise,Error,BFF
02413215,1.27686e+07,5638.44,42.1241,199.929,0.15,0.013807,1.1,113.87,3665.12,0.595803,3009.28,-0.107569,-0.067071,-0.05869,58.4975,0.05,0.334888,0.562853
