tmp.site,tmp.area,Lb,X1,Wb,POR,ALPHA,BETA,Ks,Kb,Kz,Qthresh,Rs,Rb1,Rb2,Prec,Frac4Rise,Error,BFF
03289193,2.47862e+07,6431.87,100,207.954,0.15,0.028371,1,417.37,14522.8,0.860169,2691.23,-0.437695,-0.094924,-0.105499,110.096,0.05,0.436437,0.309508
