tmp.site,tmp.area,Lb,X1,Wb,POR,ALPHA,BETA,Ks,Kb,Kz,Qthresh,Rs,Rb1,Rb2,Prec,Frac4Rise,Error,BFF
01374598,1.02046e+07,6622.92,100,260.707,0.15,0.045522,1,209.165,10715.7,0.352897,9321.44,-0.241644,-0.053417,-0.082161,24.4657,0.05,0.458094,0.495576
