tmp.site,tmp.area,Lb,X1,Wb,POR,ALPHA,BETA,Ks,Kb,Kz,Qthresh,Rs,Rb1,Rb2,Prec,Frac4Rise,Error,BFF
06447450,1.60812e+10,5367.35,100,1527.78,0.15,0.00957,1,5032.52,16909.2,0.984463,71195.2,-0.163374,-0.082696,-0.127748,24.4657,0.05,3.57045,0.293387
