tmp.site,tmp.area,Lb,X1,Wb,POR,ALPHA,BETA,Ks,Kb,Kz,Qthresh,Rs,Rb1,Rb2,Prec,Frac4Rise,Error,BFF
04232053,2.5097e+07,7160.64,100,82.1545,0.15,0.050581,1,874.757,15109.7,0.892923,501.792,-0.451317,-0.082108,-0.12318,39.1451,0.05,0.514204,0.262939
