tmp.site,tmp.area,Lb,X1,Wb,POR,ALPHA,BETA,Ks,Kb,Kz,Qthresh,Rs,Rb1,Rb2,Prec,Frac4Rise,Error,BFF
07263000,5.43898e+08,39787.5,57.7405,807.334,0.15,0.012271,1.1,3690.98,87835.7,1.08146,716845,-0.23133,-0.120746,-0.097163,24.4657,0.05,0.641951,0.348179
