tmp.site,tmp.area,Lb,X1,Wb,POR,ALPHA,BETA,Ks,Kb,Kz,Qthresh,Rs,Rb1,Rb2,Prec,Frac4Rise,Error,BFF
06799000,7.22607e+09,7722.11,2.18144,2948.5,0.15,0.0066,2.2,459.929,42.5639,1.06941,1.10096e+06,-0.066766,-0.041894,-0.030363,19781,0.05,0.33153,0.677011
