tmp.site,tmp.area,Lb,X1,Wb,POR,ALPHA,BETA,Ks,Kb,Kz,Qthresh,Rs,Rb1,Rb2,Prec,Frac4Rise,Error,BFF
01571005,3.00439e+07,4915.37,890.994,270.417,0.15,0.033939,1,411.634,40890.9,0.420918,6458.95,-0.402187,-0.092305,-0.070958,391.378,0.05,0.394815,0.314676
