tmp.site,tmp.area,Lb,X1,Wb,POR,ALPHA,BETA,Ks,Kb,Kz,Qthresh,Rs,Rb1,Rb2,Prec,Frac4Rise,Error,BFF
11465240,4.53248e+08,255804,28166.5,361.042,0.15,0.012951,8.6,543.533,288.639,0.362347,278909,-0.034131,-0.038043,-0.008438,18324.8,0.05,0.189998,0.405749
