tmp.site,tmp.area,Lb,X1,Wb,POR,ALPHA,BETA,Ks,Kb,Kz,Qthresh,Rs,Rb1,Rb2,Prec,Frac4Rise,Error,BFF
02303400,1.45039e+08,31177.8,154.808,119.23,0.15,0.087191,0.9,401.835,32453.3,0.908223,39145.1,-0.077921,-0.054385,-0.101463,24.4657,0.05,3.52405,0.194032
