tmp.site,tmp.area,Lb,X1,Wb,POR,ALPHA,BETA,Ks,Kb,Kz,Qthresh,Rs,Rb1,Rb2,Prec,Frac4Rise,Error,BFF
03378635,6.21597e+08,9820.19,10.549,931.243,0.15,0.011445,1,4796.13,3421.12,1.43102,112542,-0.29717,-0.118275,-0.143001,24.4657,0.05,8.94521,0.271585
