tmp.site,tmp.area,Lb,X1,Wb,POR,ALPHA,BETA,Ks,Kb,Kz,Qthresh,Rs,Rb1,Rb2,Prec,Frac4Rise,Error,BFF
13136000,6.21597e+08,50627.3,100,535.406,0.15,0.015903,1,1126.46,10690.1,0.938544,457509,-0.118194,-0.023976,-0.013502,21202,0.05,0.298888,0.413306
