tmp.site,tmp.area,Lb,X1,Wb,POR,ALPHA,BETA,Ks,Kb,Kz,Qthresh,Rs,Rb1,Rb2,Prec,Frac4Rise,Error,BFF
08067548,2.1989e+08,7053.53,16.5355,207.227,0.15,0.005264,1,1648.18,3347.01,1.20219,60459.7,-0.260218,-0.187148,-0.202833,24.4657,0.05,2.96599,0.029085
