tmp.site,tmp.area,Lb,X1,Wb,POR,ALPHA,BETA,Ks,Kb,Kz,Qthresh,Rs,Rb1,Rb2,Prec,Frac4Rise,Error,BFF
07103960,4.19578e+07,159479,22.1887,14.5627,0.15,0.099511,0.9,202.049,5432.05,0.62005,2446.57,-0.111572,-0.050622,-0.092633,24.4657,0.05,1.53955,0.268639
