tmp.site,tmp.area,Lb,X1,Wb,POR,ALPHA,BETA,Ks,Kb,Kz,Qthresh,Rs,Rb1,Rb2,Prec,Frac4Rise,Error,BFF
05500000,1.60579e+09,14427.9,1.58451,689.11,0.15,0.008487,1.1,3604.53,525.919,0.96464,28135.6,-0.159227,-0.143087,-0.102601,97.8629,0.05,0.649149,0.160717
