tmp.site,tmp.area,Lb,X1,Wb,POR,ALPHA,BETA,Ks,Kb,Kz,Qthresh,Rs,Rb1,Rb2,Prec,Frac4Rise,Error,BFF
04188433,4.86918e+07,7443.25,0.392497,163.371,0.15,0.019016,1,523.211,113.072,1.2783,43793.6,-0.346574,-0.134716,-0.185361,24.4657,0.05,2.21595,0.198776
