tmp.site,tmp.area,Lb,X1,Wb,POR,ALPHA,BETA,Ks,Kb,Kz,Qthresh,Rs,Rb1,Rb2,Prec,Frac4Rise,Error,BFF
02338660,3.28928e+08,9609.42,100,679.991,0.15,0.011768,1,2117.37,14089.8,0.880516,337627,-0.33533,-0.068271,-0.067523,259.337,0.05,0.436664,0.384297
