tmp.site,tmp.area,Lb,X1,Wb,POR,ALPHA,BETA,Ks,Kb,Kz,Qthresh,Rs,Rb1,Rb2,Prec,Frac4Rise,Error,BFF
03302030,2.07976e+08,16319.7,74.6955,515.507,0.15,0.006878,1,4481.19,32484.4,1.1403,11861.5,-0.523137,-0.123215,-0.125378,453.032,0.05,0.461319,0.244998
