tmp.site,tmp.area,Lb,X1,Wb,POR,ALPHA,BETA,Ks,Kb,Kz,Qthresh,Rs,Rb1,Rb2,Prec,Frac4Rise,Error,BFF
07263580,5.30948e+07,4542.71,100,229.885,0.15,0.012399,1,1086.45,13739,0.960559,6605.74,-0.529102,-0.104711,-0.170853,51.378,0.05,0.749922,0.161635
