tmp.site,tmp.area,Lb,X1,Wb,POR,ALPHA,BETA,Ks,Kb,Kz,Qthresh,Rs,Rb1,Rb2,Prec,Frac4Rise,Error,BFF
02206500,3.52238e+08,16089.1,59.7158,632.47,0.15,0.008458,1.6,2063.48,4997.95,1.05334,134561,-0.346816,-0.079224,-0.055818,3180.54,0.05,0.341171,0.397161
