tmp.site,tmp.area,Lb,X1,Wb,POR,ALPHA,BETA,Ks,Kb,Kz,Qthresh,Rs,Rb1,Rb2,Prec,Frac4Rise,Error,BFF
05427943,2.51229e+07,561221,100,41.3029,0.15,0.031946,1,998.147,16224.8,0.915226,636.109,-0.202733,-0.071453,-0.045685,66.0574,0.05,0.425935,0.276916
