tmp.site,tmp.area,Lb,X1,Wb,POR,ALPHA,BETA,Ks,Kb,Kz,Qthresh,Rs,Rb1,Rb2,Prec,Frac4Rise,Error,BFF
02306774,4.61018e+07,20662.3,195.363,128.641,0.15,0.032707,0.9,482.629,28573.4,0.89446,2789.09,-0.134132,-0.061632,-0.089959,24.4657,0.05,1.47641,0.201077
