tmp.site,tmp.area,Lb,X1,Wb,POR,ALPHA,BETA,Ks,Kb,Kz,Qthresh,Rs,Rb1,Rb2,Prec,Frac4Rise,Error,BFF
401733105392404,6.78577e+06,3261.02,100,340.767,0.15,0.012145,1,84.1566,2734.29,0.209029,1174.35,-0.132894,-0.028619,-0.07135,24.4657,0.05,0.424176,0.647404
