tmp.site,tmp.area,Lb,X1,Wb,POR,ALPHA,BETA,Ks,Kb,Kz,Qthresh,Rs,Rb1,Rb2,Prec,Frac4Rise,Error,BFF
04159900,4.37708e+08,17723.4,56.0357,463.278,0.15,0.011315,1.8,1091.91,10506.3,0.979105,30826.8,-0.139563,-0.095296,-0.047814,587.177,0.05,0.396311,0.383114
