tmp.site,tmp.area,Lb,X1,Wb,POR,ALPHA,BETA,Ks,Kb,Kz,Qthresh,Rs,Rb1,Rb2,Prec,Frac4Rise,Error,BFF
04176063,6.31957e+07,19294.1,204.38,80.0345,0.15,0.026684,1,746.294,90228.4,1.22914,2495.5,-0.221026,-0.120665,-0.122126,24.4657,0.05,0.752942,0.193105
