tmp.site,tmp.area,Lb,X1,Wb,POR,ALPHA,BETA,Ks,Kb,Kz,Qthresh,Rs,Rb1,Rb2,Prec,Frac4Rise,Error,BFF
01449800,2.49675e+08,19211.3,100,380.615,0.15,0.011923,1,201.671,9011.85,0.928186,90523.1,-0.032342,-0.052694,-0.045752,3914.51,0.05,0.44785,0.390502
