tmp.site,tmp.area,Lb,X1,Wb,POR,ALPHA,BETA,Ks,Kb,Kz,Qthresh,Rs,Rb1,Rb2,Prec,Frac4Rise,Error,BFF
07195000,3.36698e+08,15491.6,39.8745,620.731,0.15,0.011824,9.1,335.015,63.23,1.1911,63610.9,-0.115824,-0.045016,-0.0253,4159.17,0.05,0.261055,0.513881
