tmp.site,tmp.area,Lb,X1,Wb,POR,ALPHA,BETA,Ks,Kb,Kz,Qthresh,Rs,Rb1,Rb2,Prec,Frac4Rise,Error,BFF
12470500,1.18621e+09,602462,2.30972,500.429,0.15,0.011752,0.8,1536.26,24.8164,0.21272,178600,-0.100243,-0.002358,-0.002865,8073.69,0.05,0.305201,0.686632
