tmp.site,tmp.area,Lb,X1,Wb,POR,ALPHA,BETA,Ks,Kb,Kz,Qthresh,Rs,Rb1,Rb2,Prec,Frac4Rise,Error,BFF
040871473,2.30509e+06,2706.36,100,38.7997,0.15,0.025015,1,214.88,8381.81,0.359168,2030.65,-0.479278,-0.107605,-0.161526,24.4657,0.05,0.773393,0.181173
