tmp.site,tmp.area,Lb,X1,Wb,POR,ALPHA,BETA,Ks,Kb,Kz,Qthresh,Rs,Rb1,Rb2,Prec,Frac4Rise,Error,BFF
12186000,3.93678e+08,92065.2,157.905,662.271,0.15,0.007189,2.4,1389.19,21111,1.48217,548032,-0.151185,-0.053454,-0.035628,37187.9,0.05,0.31896,0.487163
