tmp.site,tmp.area,Lb,X1,Wb,POR,ALPHA,BETA,Ks,Kb,Kz,Qthresh,Rs,Rb1,Rb2,Prec,Frac4Rise,Error,BFF
0209553650,2.29214e+08,5956.22,100,841.867,0.15,0.005548,1,2213.43,2088.29,0.941003,102756,-0.442422,-0.125106,-0.073465,9835.22,0.05,0.270424,0.330347
