tmp.site,tmp.area,Lb,X1,Wb,POR,ALPHA,BETA,Ks,Kb,Kz,Qthresh,Rs,Rb1,Rb2,Prec,Frac4Rise,Error,BFF
02145268,1.88292e+07,13006.7,100,85.6986,0.15,0.015695,1,267.067,13155,1.01907,11278.7,-0.589534,-0.120116,-0.09238,202.698,0.05,0.384991,0.212298
