tmp.site,tmp.area,Lb,X1,Wb,POR,ALPHA,BETA,Ks,Kb,Kz,Qthresh,Rs,Rb1,Rb2,Prec,Frac4Rise,Error,BFF
05387500,1.32348e+09,19407.1,100,926.384,0.15,0.008654,1,805.903,6932.51,0.962059,144348,-0.10609,-0.047635,-0.023386,9541.63,0.05,0.323613,0.394365
