tmp.site,tmp.area,Lb,X1,Wb,POR,ALPHA,BETA,Ks,Kb,Kz,Qthresh,Rs,Rb1,Rb2,Prec,Frac4Rise,Error,BFF
02095181,2.47344e+07,6784.62,100,85.7851,0.15,0.017661,1,1443.8,9743.02,0.923406,11009.6,-0.694745,-0.11775,-0.140373,54.9745,0.05,0.595282,0.138449
