tmp.site,tmp.area,Lb,X1,Wb,POR,ALPHA,BETA,Ks,Kb,Kz,Qthresh,Rs,Rb1,Rb2,Prec,Frac4Rise,Error,BFF
11161000,2.97849e+08,11438.5,227.531,739.231,0.15,0.032486,1.1,1311.59,5040.64,1.0297,48931.4,-0.23839,-0.049734,-0.038813,195.726,0.05,0.735421,0.253643
