tmp.site,tmp.area,Lb,X1,Wb,POR,ALPHA,BETA,Ks,Kb,Kz,Qthresh,Rs,Rb1,Rb2,Prec,Frac4Rise,Error,BFF
04179520,2.33617e+08,10064.2,100,423.394,0.15,0.01823,1,868.763,9857.27,0.917987,17135.8,-0.210545,-0.085472,-0.057183,1003.09,0.05,0.384832,0.357919
