tmp.site,tmp.area,Lb,X1,Wb,POR,ALPHA,BETA,Ks,Kb,Kz,Qthresh,Rs,Rb1,Rb2,Prec,Frac4Rise,Error,BFF
06700000,4.21391e+09,54050.1,100,251.372,0.15,0.039856,1,34.0661,35360.1,0.850178,366986,-0.09576,-0.036175,-0.05209,1174.35,0.05,0.460112,0.622766
