tmp.site,tmp.area,Lb,X1,Wb,POR,ALPHA,BETA,Ks,Kb,Kz,Qthresh,Rs,Rb1,Rb2,Prec,Frac4Rise,Error,BFF
05549850,9.58296e+07,26865.4,106.692,260.444,0.15,0.026679,1.1,294.737,65210.5,1.14691,7584.37,-0.155858,-0.072584,-0.062977,380.687,0.05,0.412536,0.524738
