tmp.site,tmp.area,Lb,X1,Wb,POR,ALPHA,BETA,Ks,Kb,Kz,Qthresh,Rs,Rb1,Rb2,Prec,Frac4Rise,Error,BFF
01376800,7.95126e+07,24806.7,200.364,170.879,0.15,0.010008,1,107.8,31690.9,0.693806,53335.3,-0.145442,-0.06489,-0.064526,1516.87,0.05,0.348601,0.397768
