tmp.site,tmp.area,Lb,X1,Wb,POR,ALPHA,BETA,Ks,Kb,Kz,Qthresh,Rs,Rb1,Rb2,Prec,Frac4Rise,Error,BFF
12020000,2.92669e+08,12180.9,520.408,1132.6,0.15,0.011221,1.2,2054.05,17819.9,0.431833,68993.3,-0.202733,-0.075948,-0.02111,5088.87,0.05,0.30835,0.323101
