tmp.site,tmp.area,Lb,X1,Wb,POR,ALPHA,BETA,Ks,Kb,Kz,Qthresh,Rs,Rb1,Rb2,Prec,Frac4Rise,Error,BFF
03513000,1.69644e+09,69575.6,189.171,1702.35,0.15,0.010059,2.2,3111.93,9586.55,0.893195,1.25998e+06,-0.186061,-0.039256,-0.030096,85874.7,0.05,0.217601,0.62966
