tmp.site,tmp.area,Lb,X1,Wb,POR,ALPHA,BETA,Ks,Kb,Kz,Qthresh,Rs,Rb1,Rb2,Prec,Frac4Rise,Error,BFF
06795500,7.61457e+08,20690.1,264.69,357.585,0.15,0.004057,2.2,218.095,18054.2,1.07565,114500,-0.13236,-0.073303,-0.046733,1007.4,0.05,0.385667,0.351846
