tmp.site,tmp.area,Lb,X1,Wb,POR,ALPHA,BETA,Ks,Kb,Kz,Qthresh,Rs,Rb1,Rb2,Prec,Frac4Rise,Error,BFF
07145700,3.98858e+08,14583.4,39.3911,246.439,0.15,0.004392,1.2,918.019,7582.29,1.6204,38166.5,-0.235002,-0.1583,-0.098166,39.1451,0.05,0.851271,0.08532
