tmp.site,tmp.area,Lb,X1,Wb,POR,ALPHA,BETA,Ks,Kb,Kz,Qthresh,Rs,Rb1,Rb2,Prec,Frac4Rise,Error,BFF
14211010,2.43459e+09,8173.02,100,6210.25,0.15,0.005125,1,3481.65,1683.93,1.7948,1.8178e+06,-0.135552,-0.048455,-0.011007,169058,0.05,0.281936,0.48939
