tmp.site,tmp.area,Lb,X1,Wb,POR,ALPHA,BETA,Ks,Kb,Kz,Qthresh,Rs,Rb1,Rb2,Prec,Frac4Rise,Error,BFF
06921200,2.90079e+08,30193.6,66.3631,514.162,0.15,0.016778,1,1712.1,62455.2,0.97928,53824.6,-0.26147,-0.089991,-0.120626,24.4657,0.05,1.18658,0.33206
