tmp.site,tmp.area,Lb,X1,Wb,POR,ALPHA,BETA,Ks,Kb,Kz,Qthresh,Rs,Rb1,Rb2,Prec,Frac4Rise,Error,BFF
11192500,5.84819e+09,17860.6,160.646,7979.19,0.15,0.067333,0.9,1485.49,20917.5,1.05197,163920,-0.05268,-0.035833,-0.136708,41.5917,0.05,7.81629,0.574761
