tmp.site,tmp.area,Lb,X1,Wb,POR,ALPHA,BETA,Ks,Kb,Kz,Qthresh,Rs,Rb1,Rb2,Prec,Frac4Rise,Error,BFF
04201423,4.06628e+07,3675.54,100,245.882,0.15,0.032596,1,1078.25,22013.6,0.924515,122.329,-0.430786,-0.142577,-0.16584,24.4657,0.05,0.608763,0.307859
