tmp.site,tmp.area,Lb,X1,Wb,POR,ALPHA,BETA,Ks,Kb,Kz,Qthresh,Rs,Rb1,Rb2,Prec,Frac4Rise,Error,BFF
11246500,3.36698e+08,37605,38.5215,202.079,0.15,0.013477,1,379.74,12414.7,1.06797,163920,-0.143841,-0.05042,-0.059167,24.4657,0.05,1.25993,0.226154
