tmp.site,tmp.area,Lb,X1,Wb,POR,ALPHA,BETA,Ks,Kb,Kz,Qthresh,Rs,Rb1,Rb2,Prec,Frac4Rise,Error,BFF
01634000,1.99429e+09,14929.2,4271.59,1557.98,0.15,0.008459,10.1,2243.97,3717.16,0.868566,244657,-0.135967,-0.064803,-0.031846,16761.7,0.05,0.324698,0.428674
