tmp.site,tmp.area,Lb,X1,Wb,POR,ALPHA,BETA,Ks,Kb,Kz,Qthresh,Rs,Rb1,Rb2,Prec,Frac4Rise,Error,BFF
03294570,3.49648e+07,5054.62,100,109.964,0.15,0.021645,1,629.524,31713.4,1.0086,39879.1,-0.386595,-0.10925,-0.267937,24.4657,0.05,2.60826,0.114793
