tmp.site,tmp.area,Lb,X1,Wb,POR,ALPHA,BETA,Ks,Kb,Kz,Qthresh,Rs,Rb1,Rb2,Prec,Frac4Rise,Error,BFF
07341500,1.3555e+11,13714.8,132.036,8877.59,0.15,0.011097,1.1,24101.1,13863.4,1.96981,2.69123e+06,-0.09996,-0.069675,-0.055478,206691,0.05,0.422511,0.384203
