tmp.site,tmp.area,Lb,X1,Wb,POR,ALPHA,BETA,Ks,Kb,Kz,Qthresh,Rs,Rb1,Rb2,Prec,Frac4Rise,Error,BFF
08194000,1.33928e+10,5679.23,100,1576.06,0.15,0.009513,1,4732.39,9740.44,0.913613,565158,-0.133805,-0.111929,-0.224921,24.4657,0.05,126.842,0.175699
