tmp.site,tmp.area,Lb,X1,Wb,POR,ALPHA,BETA,Ks,Kb,Kz,Qthresh,Rs,Rb1,Rb2,Prec,Frac4Rise,Error,BFF
03446000,1.72752e+08,30837.5,100,674.13,0.15,0.01487,1,740.732,12698.7,0.868318,87411.1,-0.298038,-0.036029,-0.025788,7143.99,0.05,0.24184,0.601496
