tmp.site,tmp.area,Lb,X1,Wb,POR,ALPHA,BETA,Ks,Kb,Kz,Qthresh,Rs,Rb1,Rb2,Prec,Frac4Rise,Error,BFF
01568000,5.36128e+08,47189.9,91.4947,771.563,0.15,0.010011,1.6,2924.37,27839.8,0.897109,53824.6,-0.240906,-0.067431,-0.042406,4403.83,0.05,0.331718,0.45672
