tmp.site,tmp.area,Lb,X1,Wb,POR,ALPHA,BETA,Ks,Kb,Kz,Qthresh,Rs,Rb1,Rb2,Prec,Frac4Rise,Error,BFF
04231000,3.36698e+08,11544.7,100,543.532,0.15,0.019187,1,1113.96,15670.8,0.879789,210405,-0.168236,-0.067549,-0.064523,464.849,0.05,0.387869,0.413781
