tmp.site,tmp.area,Lb,X1,Wb,POR,ALPHA,BETA,Ks,Kb,Kz,Qthresh,Rs,Rb1,Rb2,Prec,Frac4Rise,Error,BFF
09419756,5.67207e+09,75913.2,100,8.40765,0.15,0.006841,1,34596.8,1270,0.089001,48.9314,-1.15129,-0.002,-0.001,48.9314,0.05,0.23563,1.9e-05
