tmp.site,tmp.area,Lb,X1,Wb,POR,ALPHA,BETA,Ks,Kb,Kz,Qthresh,Rs,Rb1,Rb2,Prec,Frac4Rise,Error,BFF
09474000,4.66483e+10,10199.1,175.634,3120.45,0.15,0.010525,0.9,2505,19488.3,0.88947,1.145e+06,-0.064107,-0.04265,-0.110184,50.5217,0.05,11.8287,0.527843
