tmp.site,tmp.area,Lb,X1,Wb,POR,ALPHA,BETA,Ks,Kb,Kz,Qthresh,Rs,Rb1,Rb2,Prec,Frac4Rise,Error,BFF
08173000,8.00306e+08,7121.82,0.078,440.759,0.15,0.005422,1.1,2087.9,5.0402,1.1254,23487.1,-0.255413,-0.114447,-0.087944,24.4657,0.05,3.60649,0.0746
