tmp.site,tmp.area,Lb,X1,Wb,POR,ALPHA,BETA,Ks,Kb,Kz,Qthresh,Rs,Rb1,Rb2,Prec,Frac4Rise,Error,BFF
03410210,2.08753e+09,9097.5,100,2403.97,0.15,0.011878,1,7710.4,19561.1,1.76182,181046,-0.222407,-0.098867,-0.075556,5137.8,0.05,0.410483,0.379282
