tmp.site,tmp.area,Lb,X1,Wb,POR,ALPHA,BETA,Ks,Kb,Kz,Qthresh,Rs,Rb1,Rb2,Prec,Frac4Rise,Error,BFF
04087070,5.10228e+07,13418.8,100,157.066,0.15,0.021123,1,1169.23,16422.2,0.923424,4844.21,-0.279808,-0.093979,-0.121644,24.4657,0.05,0.786864,0.251384
