tmp.site,tmp.area,Lb,X1,Wb,POR,ALPHA,BETA,Ks,Kb,Kz,Qthresh,Rs,Rb1,Rb2,Prec,Frac4Rise,Error,BFF
06024450,1.51773e+09,11319.6,100,793.493,0.15,0.013616,1,1106.53,17288.8,0.927356,122329,-0.130889,-0.05525,-0.072341,733.164,0.05,0.537651,0.45399
