tmp.site,tmp.area,Lb,X1,Wb,POR,ALPHA,BETA,Ks,Kb,Kz,Qthresh,Rs,Rb1,Rb2,Prec,Frac4Rise,Error,BFF
10251980,1.36751e+08,881.159,116.799,261.692,0.15,0.083276,0.9,10617.9,3.97138,0.95127,146.794,-1.4311,-0.069282,-0.059235,146.794,0.05,0.171341,0.002343
