tmp.site,tmp.area,Lb,X1,Wb,POR,ALPHA,BETA,Ks,Kb,Kz,Qthresh,Rs,Rb1,Rb2,Prec,Frac4Rise,Error,BFF
11237700,5.95697e+07,3388.57,100,284.81,0.15,0.001479,1,49.5406,1117.43,0.781416,2201.91,-0.091161,-0.046017,-0.034469,24.4657,0.05,0.822758,0.032784
