tmp.site,tmp.area,Lb,X1,Wb,POR,ALPHA,BETA,Ks,Kb,Kz,Qthresh,Rs,Rb1,Rb2,Prec,Frac4Rise,Error,BFF
04250200,6.16417e+08,10617.9,100,1540.22,0.15,0.008325,1,318.419,3365.55,0.913506,557818,-0.025291,-0.049618,-0.059054,22019.1,0.05,0.398751,0.449857
