tmp.site,tmp.area,Lb,X1,Wb,POR,ALPHA,BETA,Ks,Kb,Kz,Qthresh,Rs,Rb1,Rb2,Prec,Frac4Rise,Error,BFF
11414700,1.68349e+06,11350.5,1.00415,97.9247,0.15,0.010555,0.8,22.3739,0.131498,0.173881,2446.57,-0.06242,-0.007163,-0.010841,151.687,0.05,0.234656,0.743301
