tmp.site,tmp.area,Lb,X1,Wb,POR,ALPHA,BETA,Ks,Kb,Kz,Qthresh,Rs,Rb1,Rb2,Prec,Frac4Rise,Error,BFF
01104410,906496,1084.33,100,98.2315,0.15,0.03347,1,169.237,2750.12,0.143778,1468.43,-0.348826,-0.059204,-0.160206,24.4657,0.05,0.771971,0.328981
