tmp.site,tmp.area,Lb,X1,Wb,POR,ALPHA,BETA,Ks,Kb,Kz,Qthresh,Rs,Rb1,Rb2,Prec,Frac4Rise,Error,BFF
09429600,4.88472e+11,77122.2,9.54032,981.239,0.15,0.005634,0.9,1139.95,692.155,1.44899,1.14744e+06,-0.039662,-0.034148,-0.047182,55735.3,0.05,0.291036,0.28105
