tmp.site,tmp.area,Lb,X1,Wb,POR,ALPHA,BETA,Ks,Kb,Kz,Qthresh,Rs,Rb1,Rb2,Prec,Frac4Rise,Error,BFF
03052120,2.45272e+08,12679.9,2.24345,774.181,0.15,0.01917,1,1791.3,802.999,1.21933,616536,-0.202484,-0.076344,-0.094341,486.917,0.05,0.409754,0.435927
