tmp.site,tmp.area,Lb,X1,Wb,POR,ALPHA,BETA,Ks,Kb,Kz,Qthresh,Rs,Rb1,Rb2,Prec,Frac4Rise,Error,BFF
02481510,7.97716e+08,15207.3,40.4249,1225.82,0.15,0.010492,1.8,5387.26,3891.88,1.33923,122329,-0.223144,-0.104685,-0.060271,7735.33,0.05,0.384344,0.357441
