tmp.site,tmp.area,Lb,X1,Wb,POR,ALPHA,BETA,Ks,Kb,Kz,Qthresh,Rs,Rb1,Rb2,Prec,Frac4Rise,Error,BFF
04095300,1.40118e+08,3068.57,100,1579.71,0.15,0.002724,1,377.63,1044.1,0.899708,81470.8,-0.259711,-0.061385,-0.025508,6507.88,0.05,0.244926,0.535493
