tmp.site,tmp.area,Lb,X1,Wb,POR,ALPHA,BETA,Ks,Kb,Kz,Qthresh,Rs,Rb1,Rb2,Prec,Frac4Rise,Error,BFF
08129300,1.10074e+09,19783.7,40.2625,23.1408,0.15,0.009468,0.9,2121.55,4962.94,0.974661,31805.4,-0.131182,-0.034061,-0.132133,24.4657,0.05,0.667312,0.020529
