tmp.site,tmp.area,Lb,X1,Wb,POR,ALPHA,BETA,Ks,Kb,Kz,Qthresh,Rs,Rb1,Rb2,Prec,Frac4Rise,Error,BFF
02347500,4.79148e+09,39811.4,0.359926,1849.67,0.15,0.009914,1.4,5776.71,69.3647,0.943624,2.71569e+06,-0.117057,-0.066551,-0.049304,25933.7,0.05,0.356929,0.441247
