tmp.site,tmp.area,Lb,X1,Wb,POR,ALPHA,BETA,Ks,Kb,Kz,Qthresh,Rs,Rb1,Rb2,Prec,Frac4Rise,Error,BFF
08146000,7.8891e+09,19375.6,20.1456,595.724,0.15,0.008358,1,850.296,472.008,1.143,337627,-0.132647,-0.049536,-0.05593,978.629,0.05,1.26051,0.249112
