tmp.site,tmp.area,Lb,X1,Wb,POR,ALPHA,BETA,Ks,Kb,Kz,Qthresh,Rs,Rb1,Rb2,Prec,Frac4Rise,Error,BFF
03065000,8.98726e+08,9771.97,100,1418.62,0.15,0.014092,1,3953.86,23506.7,1.15955,99966.9,-0.23175,-0.083155,-0.076899,3594.99,0.05,0.402743,0.414012
