tmp.site,tmp.area,Lb,X1,Wb,POR,ALPHA,BETA,Ks,Kb,Kz,Qthresh,Rs,Rb1,Rb2,Prec,Frac4Rise,Error,BFF
02077000,1.41672e+09,6802.08,158.081,1526.2,0.15,0.009396,1,3279.9,6353.21,0.890682,198172,-0.181152,-0.06917,-0.064039,7095.06,0.05,0.410567,0.40626
