tmp.site,tmp.area,Lb,X1,Wb,POR,ALPHA,BETA,Ks,Kb,Kz,Qthresh,Rs,Rb1,Rb2,Prec,Frac4Rise,Error,BFF
06155500,3.01837e+10,30941.1,60.178,1113.34,0.15,0.004078,1,1710.72,8260.85,1.16762,342520,-0.082517,-0.054972,-0.065602,1223.29,0.05,2.49552,0.275553
