tmp.site,tmp.area,Lb,X1,Wb,POR,ALPHA,BETA,Ks,Kb,Kz,Qthresh,Rs,Rb1,Rb2,Prec,Frac4Rise,Error,BFF
02204070,4.71378e+08,10838.5,100,1096.25,0.15,0.008968,1,5117,3731.21,0.977807,185279,-0.693147,-0.093346,-0.057958,15168.7,0.05,0.320219,0.372982
