tmp.site,tmp.area,Lb,X1,Wb,POR,ALPHA,BETA,Ks,Kb,Kz,Qthresh,Rs,Rb1,Rb2,Prec,Frac4Rise,Error,BFF
07370600,3.28928e+08,6422.87,100,833.697,0.15,0.034591,1,2139.37,18301.5,0.947937,326715,-0.143938,-0.097117,-0.165066,24.4657,0.05,0.75439,0.259031
