tmp.site,tmp.area,Lb,X1,Wb,POR,ALPHA,BETA,Ks,Kb,Kz,Qthresh,Rs,Rb1,Rb2,Prec,Frac4Rise,Error,BFF
11044800,8.54696e+07,34858.6,129.07,118.779,0.15,0.064509,1,244.358,25528,1.19704,22997.8,-0.202733,-0.076034,-0.097222,24.4657,0.05,6.97434,0.232406
