tmp.site,tmp.area,Lb,X1,Wb,POR,ALPHA,BETA,Ks,Kb,Kz,Qthresh,Rs,Rb1,Rb2,Prec,Frac4Rise,Error,BFF
09426000,1.19994e+10,69596.1,100,275.189,0.15,0.001846,1,500.8,1024.42,0.882004,151687,-0.0533,-0.040085,-0.037492,24.4657,0.05,22.4454,0.069708
