tmp.site,tmp.area,Lb,X1,Wb,POR,ALPHA,BETA,Ks,Kb,Kz,Qthresh,Rs,Rb1,Rb2,Prec,Frac4Rise,Error,BFF
04105500,2.13415e+09,34987.3,4871.82,2301.14,0.15,0.002549,10.1,101.596,10504.7,0.933708,966396,-0.060309,-0.03332,-0.025295,48197.5,0.05,0.175328,0.724161
