tmp.site,tmp.area,Lb,X1,Wb,POR,ALPHA,BETA,Ks,Kb,Kz,Qthresh,Rs,Rb1,Rb2,Prec,Frac4Rise,Error,BFF
02223000,7.64046e+09,24429.1,100,1962.87,0.15,0.013506,1,4529.63,15614.3,1.24728,650788,-0.096306,-0.063029,-0.088522,61408.9,0.05,0.606107,0.406767
