tmp.site,tmp.area,Lb,X1,Wb,POR,ALPHA,BETA,Ks,Kb,Kz,Qthresh,Rs,Rb1,Rb2,Prec,Frac4Rise,Error,BFF
01432495,1.92954e+08,11197.6,100,730.018,0.15,0.016713,1,740.755,18242.1,0.943908,371879,-0.131078,-0.052444,-0.061757,895.445,0.05,0.390263,0.538335
