tmp.site,tmp.area,Lb,X1,Wb,POR,ALPHA,BETA,Ks,Kb,Kz,Qthresh,Rs,Rb1,Rb2,Prec,Frac4Rise,Error,BFF
01068910,1.1629e+08,26137.6,100,259.071,0.15,0.012489,1,99.6076,19107.2,0.938103,55047.9,-0.067127,-0.048348,-0.054972,2188.7,0.05,0.365555,0.471859
