tmp.site,tmp.area,Lb,X1,Wb,POR,ALPHA,BETA,Ks,Kb,Kz,Qthresh,Rs,Rb1,Rb2,Prec,Frac4Rise,Error,BFF
08207500,1.37269e+09,9306.12,100,151.358,0.15,0.016846,1,2930.47,10169,0.882581,34252,-0.198959,-0.104785,-0.126077,24.4657,0.05,6.73056,0.075422
