tmp.site,tmp.area,Lb,X1,Wb,POR,ALPHA,BETA,Ks,Kb,Kz,Qthresh,Rs,Rb1,Rb2,Prec,Frac4Rise,Error,BFF
10311750,2.90338e+09,14608.1,100,1621.44,0.15,0.008094,1,1370.52,18865,0.975244,6299.92,-0.105779,-0.041923,-0.055185,435.245,0.05,0.422731,0.525192
