tmp.site,tmp.area,Lb,X1,Wb,POR,ALPHA,BETA,Ks,Kb,Kz,Qthresh,Rs,Rb1,Rb2,Prec,Frac4Rise,Error,BFF
06481480,6.78577e+08,44184.4,100,187.683,0.15,0.059367,1,715.09,24763.2,0.992289,1786,-0.106875,-0.039564,-0.071082,24.4657,0.05,0.830125,0.137576
