tmp.site,tmp.area,Lb,X1,Wb,POR,ALPHA,BETA,Ks,Kb,Kz,Qthresh,Rs,Rb1,Rb2,Prec,Frac4Rise,Error,BFF
11137900,2.66769e+08,24889.3,100,95.8969,0.15,0.015405,1,618.111,4917.11,0.966803,4844.21,-0.123367,-0.062238,-0.050097,24.4657,0.05,1.79231,0.044815
