tmp.site,tmp.area,Lb,X1,Wb,POR,ALPHA,BETA,Ks,Kb,Kz,Qthresh,Rs,Rb1,Rb2,Prec,Frac4Rise,Error,BFF
05316770,2.4838e+10,19337.2,100,9318.33,0.15,0.012027,1,7102.2,9860.97,0.868545,707059,-0.064149,-0.027548,-0.02771,12695.3,0.05,0.496513,0.598821
