tmp.site,tmp.area,Lb,X1,Wb,POR,ALPHA,BETA,Ks,Kb,Kz,Qthresh,Rs,Rb1,Rb2,Prec,Frac4Rise,Error,BFF
11427760,2.27401e+08,18136.6,100,623.403,0.15,0.00364,1,76.4869,6705.74,0.959887,26912.3,-0.177373,-0.041245,-0.01119,2226.38,0.05,0.380672,0.339095
