tmp.site,tmp.area,Lb,X1,Wb,POR,ALPHA,BETA,Ks,Kb,Kz,Qthresh,Rs,Rb1,Rb2,Prec,Frac4Rise,Error,BFF
02272676,1.50996e+08,29855.1,100,242.004,0.15,0.028446,1,340.351,35141.5,0.909957,25199.7,-0.089238,-0.068281,-0.11726,24.4657,0.05,7.98175,0.369873
