tmp.site,tmp.area,Lb,X1,Wb,POR,ALPHA,BETA,Ks,Kb,Kz,Qthresh,Rs,Rb1,Rb2,Prec,Frac4Rise,Error,BFF
08181480,5.67207e+08,9287.64,93.6502,206.256,0.15,0.007372,1,760.495,5170.61,0.475855,13211.5,-0.207048,-0.102542,-0.100407,75.8437,0.05,0.759185,0.09766
