tmp.site,tmp.area,Lb,X1,Wb,POR,ALPHA,BETA,Ks,Kb,Kz,Qthresh,Rs,Rb1,Rb2,Prec,Frac4Rise,Error,BFF
07144550,1.05749e+11,25703.4,79.2763,1290.18,0.15,0.004573,2.5,4151.93,1615.05,1.04005,697273,-0.151092,-0.075205,-0.044483,22753.1,0.05,0.410004,0.28261
