tmp.site,tmp.area,Lb,X1,Wb,POR,ALPHA,BETA,Ks,Kb,Kz,Qthresh,Rs,Rb1,Rb2,Prec,Frac4Rise,Error,BFF
02162093,1.46852e+07,12278.3,100,70.4557,0.15,0.022496,1,655.09,4089.02,0.980402,6483.41,-0.549306,-0.117017,-0.088937,256.89,0.05,0.381536,0.207982
