tmp.site,tmp.area,Lb,X1,Wb,POR,ALPHA,BETA,Ks,Kb,Kz,Qthresh,Rs,Rb1,Rb2,Prec,Frac4Rise,Error,BFF
06445685,3.54051e+09,33410.3,30.5975,299.628,0.15,0.021576,0.9,1344.38,5952.75,0.895764,74375.8,-0.111572,-0.059632,-0.081281,24.4657,0.05,3.45844,0.219806
