tmp.site,tmp.area,Lb,X1,Wb,POR,ALPHA,BETA,Ks,Kb,Kz,Qthresh,Rs,Rb1,Rb2,Prec,Frac4Rise,Error,BFF
02336240,7.14837e+07,11285.9,45.3181,231.08,0.15,0.013502,1.1,1727.08,2425.05,1.12595,51867.3,-0.768563,-0.113456,-0.097773,451.784,0.05,0.432719,0.220005
