tmp.site,tmp.area,Lb,X1,Wb,POR,ALPHA,BETA,Ks,Kb,Kz,Qthresh,Rs,Rb1,Rb2,Prec,Frac4Rise,Error,BFF
06407500,4.22168e+08,202106,24.0649,79.8601,0.15,0.057707,0.9,1116.01,4692.21,1.28803,48931.4,-0.101112,-0.034793,-0.065188,24.4657,0.05,5.57305,0.171761
