tmp.site,tmp.area,Lb,X1,Wb,POR,ALPHA,BETA,Ks,Kb,Kz,Qthresh,Rs,Rb1,Rb2,Prec,Frac4Rise,Error,BFF
08160800,4.48068e+07,14054,39.4926,38.1327,0.15,0.041343,1.1,621.99,7127.19,1.20533,3914.51,-0.242754,-0.104907,-0.081247,24.4657,0.05,0.928911,0.087117
