tmp.site,tmp.area,Lb,X1,Wb,POR,ALPHA,BETA,Ks,Kb,Kz,Qthresh,Rs,Rb1,Rb2,Prec,Frac4Rise,Error,BFF
02097280,3.83059e+07,3779.44,100,179.789,0.15,0.017848,1,582.043,19383.2,0.93462,16881.3,-0.585235,-0.12527,-0.188976,24.4657,0.05,0.973173,0.170878
