tmp.site,tmp.area,Lb,X1,Wb,POR,ALPHA,BETA,Ks,Kb,Kz,Qthresh,Rs,Rb1,Rb2,Prec,Frac4Rise,Error,BFF
08109700,6.11237e+08,5710.28,100,336.97,0.15,0.0094,1,1072.16,8800.53,0.991096,73397.1,-0.147697,-0.113743,-0.159321,24.4657,0.05,6.25684,0.111676
