tmp.site,tmp.area,Lb,X1,Wb,POR,ALPHA,BETA,Ks,Kb,Kz,Qthresh,Rs,Rb1,Rb2,Prec,Frac4Rise,Error,BFF
05363600,1.20175e+08,9269.8,103.896,197.989,0.15,0.010253,0.9,195.166,6635.04,0.988111,25933.7,-0.055613,-0.058108,-0.079103,784.469,0.05,0.508906,0.136007
