tmp.site,tmp.area,Lb,X1,Wb,POR,ALPHA,BETA,Ks,Kb,Kz,Qthresh,Rs,Rb1,Rb2,Prec,Frac4Rise,Error,BFF
06471200,1.98393e+09,43771.7,100,174.437,0.15,0.022894,1,1236.47,25808.6,0.975256,11719.1,-0.125657,-0.069612,-0.092748,24.4657,0.05,7.16592,0.146836
