tmp.site,tmp.area,Lb,X1,Wb,POR,ALPHA,BETA,Ks,Kb,Kz,Qthresh,Rs,Rb1,Rb2,Prec,Frac4Rise,Error,BFF
02479500,1.32348e+09,36731.1,115.478,1055.86,0.15,0.010508,1.3,3714.06,54011.1,1.49064,154134,-0.135334,-0.090558,-0.063896,14495.9,0.05,0.397329,0.414942
