tmp.site,tmp.area,Lb,X1,Wb,POR,ALPHA,BETA,Ks,Kb,Kz,Qthresh,Rs,Rb1,Rb2,Prec,Frac4Rise,Error,BFF
07195855,1.54881e+08,62982.1,143.889,248.654,0.15,0.016144,1.1,301.648,57309.5,1.0846,61164.3,-0.111572,-0.045321,-0.040073,611.643,0.05,0.373831,0.479976
