tmp.site,tmp.area,Lb,X1,Wb,POR,ALPHA,BETA,Ks,Kb,Kz,Qthresh,Rs,Rb1,Rb2,Prec,Frac4Rise,Error,BFF
06295113,3.21159e+08,1.90293e+06,11.6922,23.0267,0.15,0.030766,0.9,139.565,5794.86,1.32497,16392,-0.114178,-0.035707,-0.052379,24.4657,0.05,2.35941,0.199287
