tmp.site,tmp.area,Lb,X1,Wb,POR,ALPHA,BETA,Ks,Kb,Kz,Qthresh,Rs,Rb1,Rb2,Prec,Frac4Rise,Error,BFF
02133500,4.73968e+08,14817.3,100,787.392,0.15,0.027675,1,920.071,11602.3,0.990852,486868,-0.18978,-0.039463,-0.057509,4218.87,0.05,0.363462,0.496998
