tmp.site,tmp.area,Lb,X1,Wb,POR,ALPHA,BETA,Ks,Kb,Kz,Qthresh,Rs,Rb1,Rb2,Prec,Frac4Rise,Error,BFF
13172500,1.08521e+11,25749.2,100,35699.8,0.15,0.005029,1,481.907,7778.64,1.04162,1.24286e+07,-0.057042,-0.019659,-0.020065,1.20371e+06,0.05,0.263259,0.891133
