tmp.site,tmp.area,Lb,X1,Wb,POR,ALPHA,BETA,Ks,Kb,Kz,Qthresh,Rs,Rb1,Rb2,Prec,Frac4Rise,Error,BFF
02306500,1.92436e+07,20618.8,100,81.4063,0.15,0.082327,1,312.528,23530.6,0.685023,2984.82,-0.155077,-0.071351,-0.096773,24.4657,0.05,0.982525,0.234359
