tmp.site,tmp.area,Lb,X1,Wb,POR,ALPHA,BETA,Ks,Kb,Kz,Qthresh,Rs,Rb1,Rb2,Prec,Frac4Rise,Error,BFF
03069880,3.21159e+07,5091.78,100,291.409,0.15,0.019544,1,595.053,16043.8,0.942595,58717.7,-0.205275,-0.076356,-0.114309,56.2711,0.05,0.473023,0.212071
