tmp.site,tmp.area,Lb,X1,Wb,POR,ALPHA,BETA,Ks,Kb,Kz,Qthresh,Rs,Rb1,Rb2,Prec,Frac4Rise,Error,BFF
09480000,2.12897e+08,102551,100,14.7876,0.15,0.094455,1,3327.49,14878.8,0.428244,2446.57,-0.202733,-0.029294,-0.054329,24.4657,0.05,3.88381,0.109499
