tmp.site,tmp.area,Lb,X1,Wb,POR,ALPHA,BETA,Ks,Kb,Kz,Qthresh,Rs,Rb1,Rb2,Prec,Frac4Rise,Error,BFF
02097517,1.0619e+08,9547.9,100,283.632,0.15,0.009094,1,311.189,6888.48,0.880371,19132.2,-0.304568,-0.08982,-0.05006,1590.27,0.05,0.328375,0.343685
