tmp.site,tmp.area,Lb,X1,Wb,POR,ALPHA,BETA,Ks,Kb,Kz,Qthresh,Rs,Rb1,Rb2,Prec,Frac4Rise,Error,BFF
05407000,2.69359e+10,4886.46,100,25665.2,0.15,0.00391,1,6231.21,2403.49,1.0222,1.04469e+07,-0.087859,-0.034347,-0.022667,672807,0.05,0.208374,0.702993
