tmp.site,tmp.area,Lb,X1,Wb,POR,ALPHA,BETA,Ks,Kb,Kz,Qthresh,Rs,Rb1,Rb2,Prec,Frac4Rise,Error,BFF
13071010,2.38279e+08,38885.1,100,60.1713,0.15,0.009594,1,250.157,1938.16,0.915958,19343.6,-0.042041,-0.031537,-0.103577,122.329,0.05,1.0215,0.150594
