tmp.site,tmp.area,Lb,X1,Wb,POR,ALPHA,BETA,Ks,Kb,Kz,Qthresh,Rs,Rb1,Rb2,Prec,Frac4Rise,Error,BFF
11271290,2.89302e+09,317633,22.1969,369.955,0.15,0.00516,0.8,264.482,857.914,1.02044,300928,-0.082098,-0.016209,-0.049396,3425.2,0.05,0.644579,0.679957
