tmp.site,tmp.area,Lb,X1,Wb,POR,ALPHA,BETA,Ks,Kb,Kz,Qthresh,Rs,Rb1,Rb2,Prec,Frac4Rise,Error,BFF
09076300,7.48507e+08,96408.3,100,349.764,0.15,0.008864,1,234.081,4776.99,0.948163,201534,-0.052841,-0.020472,-0.012584,16774.7,0.05,0.258506,0.413074
