tmp.site,tmp.area,Lb,X1,Wb,POR,ALPHA,BETA,Ks,Kb,Kz,Qthresh,Rs,Rb1,Rb2,Prec,Frac4Rise,Error,BFF
11362945,2.11861e+07,41886.6,86.5135,479.423,0.15,0.064889,0.9,65.5566,9018.88,0.46763,11034,-0.05484,-0.024187,-0.072611,24.4657,0.05,8.12458,0.576776
