tmp.site,tmp.area,Lb,X1,Wb,POR,ALPHA,BETA,Ks,Kb,Kz,Qthresh,Rs,Rb1,Rb2,Prec,Frac4Rise,Error,BFF
02490500,1.27427e+09,20199.8,100,1829.21,0.15,0.003136,1,3430.62,345.149,1.37509,464849,-0.146411,-0.115801,-0.024349,46974.2,0.05,0.226681,0.334379
