tmp.site,tmp.area,Lb,X1,Wb,POR,ALPHA,BETA,Ks,Kb,Kz,Qthresh,Rs,Rb1,Rb2,Prec,Frac4Rise,Error,BFF
09498400,5.05048e+08,1.1229e+06,100,8.89471,0.15,0.021159,1,375.116,3535.57,0.717753,20795.9,-0.143841,-0.016925,-0.047348,24.4657,0.05,1.97669,0.301412
