tmp.site,tmp.area,Lb,X1,Wb,POR,ALPHA,BETA,Ks,Kb,Kz,Qthresh,Rs,Rb1,Rb2,Prec,Frac4Rise,Error,BFF
01543000,7.04477e+08,11347,100,1212.06,0.15,0.013511,1,3225.84,22153.2,0.95267,70950.6,-0.155196,-0.079495,-0.067277,1771.56,0.05,0.406652,0.415609
