tmp.site,tmp.area,Lb,X1,Wb,POR,ALPHA,BETA,Ks,Kb,Kz,Qthresh,Rs,Rb1,Rb2,Prec,Frac4Rise,Error,BFF
02401000,4.71378e+08,11858.2,100,958.041,0.15,0.009314,1,1669.93,6730.19,0.933469,121350,-0.236902,-0.063813,-0.024752,8073.69,0.05,0.306706,0.42771
