tmp.site,tmp.area,Lb,X1,Wb,POR,ALPHA,BETA,Ks,Kb,Kz,Qthresh,Rs,Rb1,Rb2,Prec,Frac4Rise,Error,BFF
03539800,1.34161e+09,5639.46,100,3049.92,0.15,0.01577,1,8408.68,14288.5,1.54774,61408.9,-0.190869,-0.09742,-0.079444,538.246,0.05,0.437763,0.404582
