tmp.site,tmp.area,Lb,X1,Wb,POR,ALPHA,BETA,Ks,Kb,Kz,Qthresh,Rs,Rb1,Rb2,Prec,Frac4Rise,Error,BFF
03451000,3.36698e+08,24253.3,100,569.833,0.15,0.012667,1,1136.63,20021.8,0.983487,102756,-0.22446,-0.053362,-0.04487,3914.51,0.05,0.330509,0.482122
