tmp.site,tmp.area,Lb,X1,Wb,POR,ALPHA,BETA,Ks,Kb,Kz,Qthresh,Rs,Rb1,Rb2,Prec,Frac4Rise,Error,BFF
12323710,3.54828e+07,6705.01,391.955,315.013,0.15,0.027719,1.1,115.332,13701.7,0.230564,4305.97,-0.085925,-0.029369,-0.024373,132.115,0.05,0.357789,0.626324
