tmp.site,tmp.area,Lb,X1,Wb,POR,ALPHA,BETA,Ks,Kb,Kz,Qthresh,Rs,Rb1,Rb2,Prec,Frac4Rise,Error,BFF
02088383,1.42449e+08,13937.9,100,285.081,0.15,0.015631,1,675.703,33517.7,0.941654,107160,-0.192787,-0.077439,-0.089663,268.438,0.05,0.444497,0.374434
