tmp.site,tmp.area,Lb,X1,Wb,POR,ALPHA,BETA,Ks,Kb,Kz,Qthresh,Rs,Rb1,Rb2,Prec,Frac4Rise,Error,BFF
01057000,1.914e+08,11195.1,100,597.552,0.15,0.019852,1,1084.58,16223.6,0.972162,144348,-0.202733,-0.067485,-0.060327,831.834,0.05,0.413487,0.425751
