tmp.site,tmp.area,Lb,X1,Wb,POR,ALPHA,BETA,Ks,Kb,Kz,Qthresh,Rs,Rb1,Rb2,Prec,Frac4Rise,Error,BFF
10310400,9.89375e+06,12007.9,1664.46,132.633,0.15,0.008523,10,26.9336,3332.44,0.127449,2446.57,-0.107556,-0.019828,-0.015457,137.008,0.05,0.278714,0.679459
