tmp.site,tmp.area,Lb,X1,Wb,POR,ALPHA,BETA,Ks,Kb,Kz,Qthresh,Rs,Rb1,Rb2,Prec,Frac4Rise,Error,BFF
06436180,1.46334e+08,8801.99,767.448,989.238,0.15,0.026594,1,630.197,45700.4,0.044162,12232.9,-0.12214,-0.034234,-0.028658,555.372,0.05,0.332263,0.544288
