tmp.site,tmp.area,Lb,X1,Wb,POR,ALPHA,BETA,Ks,Kb,Kz,Qthresh,Rs,Rb1,Rb2,Prec,Frac4Rise,Error,BFF
03114283,6.60447e+07,5406.54,100,245.643,0.15,0.012953,1,1034.81,12926.5,0.923551,5994.1,-0.411003,-0.121347,-0.113122,66.3266,0.05,0.491263,0.183094
