tmp.site,tmp.area,Lb,X1,Wb,POR,ALPHA,BETA,Ks,Kb,Kz,Qthresh,Rs,Rb1,Rb2,Prec,Frac4Rise,Error,BFF
12404500,9.84195e+09,20925.7,45.6938,3482.09,0.15,0.008135,1.3,2174.97,4062.2,1.49228,1.11564e+06,-0.055,-0.03248,-0.022351,39145.1,0.05,0.364391,0.579728
