tmp.site,tmp.area,Lb,X1,Wb,POR,ALPHA,BETA,Ks,Kb,Kz,Qthresh,Rs,Rb1,Rb2,Prec,Frac4Rise,Error,BFF
03159540,4.04038e+08,5704.18,100,768.318,0.15,0.014821,1,3181.4,12970.8,0.970937,3914.51,-0.317313,-0.107244,-0.103607,117.435,0.05,0.53707,0.25184
