tmp.site,tmp.area,Lb,X1,Wb,POR,ALPHA,BETA,Ks,Kb,Kz,Qthresh,Rs,Rb1,Rb2,Prec,Frac4Rise,Error,BFF
07191000,1.16549e+09,10967.1,115.187,622.641,0.15,0.010599,1.1,3462.82,30978.5,0.536196,3914.51,-0.229079,-0.170203,-0.102915,114.989,0.05,0.669775,0.116562
