tmp.site,tmp.area,Lb,X1,Wb,POR,ALPHA,BETA,Ks,Kb,Kz,Qthresh,Rs,Rb1,Rb2,Prec,Frac4Rise,Error,BFF
04066030,8.26206e+09,10320.3,89.813,10358.7,0.15,0.004759,3,395.693,2106.75,0.903342,6.41002e+06,-0.063204,-0.032138,-0.025461,195513,0.05,0.165174,0.877762
