tmp.site,tmp.area,Lb,X1,Wb,POR,ALPHA,BETA,Ks,Kb,Kz,Qthresh,Rs,Rb1,Rb2,Prec,Frac4Rise,Error,BFF
03253500,8.54696e+09,23990.4,2.40477,2635.47,0.15,0.011774,1.1,8927.32,1199.48,4.305,897892,-0.123853,-0.097481,-0.080737,5137.8,0.05,0.467739,0.399773
