tmp.site,tmp.area,Lb,X1,Wb,POR,ALPHA,BETA,Ks,Kb,Kz,Qthresh,Rs,Rb1,Rb2,Prec,Frac4Rise,Error,BFF
06813000,1.31571e+09,25775.7,37.6724,625.223,0.15,0.0086,1,2327.64,10124.3,1.01109,283802,-0.216731,-0.061888,-0.078495,366.986,0.05,1.02606,0.314935
