tmp.site,tmp.area,Lb,X1,Wb,POR,ALPHA,BETA,Ks,Kb,Kz,Qthresh,Rs,Rb1,Rb2,Prec,Frac4Rise,Error,BFF
14164550,6.73397e+07,15481.9,100,256.469,0.15,0.014046,1,378.386,8715.46,0.961261,5083.98,-0.155399,-0.068357,-0.020856,305.821,0.05,0.294121,0.299377
