tmp.site,tmp.area,Lb,X1,Wb,POR,ALPHA,BETA,Ks,Kb,Kz,Qthresh,Rs,Rb1,Rb2,Prec,Frac4Rise,Error,BFF
14184300,1.07744e+08,8451.49,100,749.363,0.15,0.008095,1,603.216,7448.22,0.947647,19922.9,-0.291665,-0.08264,-0.013088,1821.52,0.05,0.365172,0.332761
