tmp.site,tmp.area,Lb,X1,Wb,POR,ALPHA,BETA,Ks,Kb,Kz,Qthresh,Rs,Rb1,Rb2,Prec,Frac4Rise,Error,BFF
08317200,5.98287e+08,6.42307e+06,100,56.1851,0.15,0.036828,1,447.625,6918.16,0.917243,22630.8,-0.156016,-0.045897,-0.158052,24.4657,0.05,14.7732,0.475469
