tmp.site,tmp.area,Lb,X1,Wb,POR,ALPHA,BETA,Ks,Kb,Kz,Qthresh,Rs,Rb1,Rb2,Prec,Frac4Rise,Error,BFF
01398000,6.65627e+07,13059.6,81.4194,332.379,0.15,0.018886,1.1,1029.12,21996.7,0.884066,5871.77,-0.418184,-0.098236,-0.08302,48.9314,0.05,0.510347,0.315506
