tmp.site,tmp.area,Lb,X1,Wb,POR,ALPHA,BETA,Ks,Kb,Kz,Qthresh,Rs,Rb1,Rb2,Prec,Frac4Rise,Error,BFF
010965852,1.23801e+08,20738.4,38.914,458.882,0.15,0.025605,1,630.983,10902.5,1.02589,151932,-0.174952,-0.055285,-0.058828,318.054,0.05,0.383927,0.478399
