tmp.site,tmp.area,Lb,X1,Wb,POR,ALPHA,BETA,Ks,Kb,Kz,Qthresh,Rs,Rb1,Rb2,Prec,Frac4Rise,Error,BFF
02191300,1.96839e+09,30204.9,32.0825,1456.2,0.15,0.007015,2.1,2633.56,847.274,1.21211,765777,-0.233643,-0.048926,-0.034974,25689,0.05,0.287816,0.512038
