tmp.site,tmp.area,Lb,X1,Wb,POR,ALPHA,BETA,Ks,Kb,Kz,Qthresh,Rs,Rb1,Rb2,Prec,Frac4Rise,Error,BFF
06893557,3.15979e+07,10689.2,21.376,50.2741,0.15,0.008643,1,327.541,3175.32,1.23782,1419.01,-0.405465,-0.155229,-0.15991,40.5642,0.05,0.594005,0.060236
