tmp.site,tmp.area,Lb,X1,Wb,POR,ALPHA,BETA,Ks,Kb,Kz,Qthresh,Rs,Rb1,Rb2,Prec,Frac4Rise,Error,BFF
07056000,2.1471e+09,7740.13,100,1790.19,0.15,0.009965,1,3127.99,8348.7,1.14881,80736.9,-0.129898,-0.089881,-0.029716,4648.49,0.05,0.43736,0.262707
