tmp.site,tmp.area,Lb,X1,Wb,POR,ALPHA,BETA,Ks,Kb,Kz,Qthresh,Rs,Rb1,Rb2,Prec,Frac4Rise,Error,BFF
09135920,1.7327e+08,12679.5,242.795,231.43,0.15,0.011687,1,59.7303,647.748,0.21036,33635.5,-0.042099,-0.031657,-0.027061,442.218,0.05,0.36766,0.196787
