tmp.site,tmp.area,Lb,X1,Wb,POR,ALPHA,BETA,Ks,Kb,Kz,Qthresh,Rs,Rb1,Rb2,Prec,Frac4Rise,Error,BFF
09303000,6.70807e+08,169323,100,456.636,0.15,0.010161,1,454.139,6407.13,0.955965,442829,-0.083527,-0.017127,-0.008262,28380.2,0.05,0.210491,0.517651
