tmp.site,tmp.area,Lb,X1,Wb,POR,ALPHA,BETA,Ks,Kb,Kz,Qthresh,Rs,Rb1,Rb2,Prec,Frac4Rise,Error,BFF
02012500,1.0619e+09,9037.39,100,1323.54,0.15,0.007455,1,1864.2,5750.55,1.03149,178600,-0.142809,-0.077033,-0.025815,16392,0.05,0.353703,0.383796
