tmp.site,tmp.area,Lb,X1,Wb,POR,ALPHA,BETA,Ks,Kb,Kz,Qthresh,Rs,Rb1,Rb2,Prec,Frac4Rise,Error,BFF
14034608,3.80728e+08,42546.1,53.1291,193.942,0.15,0.022167,1,43.6248,10305.4,1.03435,61653.6,-0.00839,-0.053148,-0.05919,166.954,0.05,1.70839,0.52207
