tmp.site,tmp.area,Lb,X1,Wb,POR,ALPHA,BETA,Ks,Kb,Kz,Qthresh,Rs,Rb1,Rb2,Prec,Frac4Rise,Error,BFF
06058502,4.11912e+10,107162,100,8162.2,0.15,0.010249,1,675.423,2228.37,0.909516,8.41621e+06,-0.007736,-0.014184,-0.012825,1.80557e+06,0.05,0.222843,0.669395
