tmp.site,tmp.area,Lb,X1,Wb,POR,ALPHA,BETA,Ks,Kb,Kz,Qthresh,Rs,Rb1,Rb2,Prec,Frac4Rise,Error,BFF
02233475,1.88292e+08,14987.3,100,449.342,0.15,0.009772,1,434.882,7034.94,0.933995,61164.3,-0.139427,-0.053414,-0.02811,5015.47,0.05,0.34882,0.406583
