tmp.site,tmp.area,Lb,X1,Wb,POR,ALPHA,BETA,Ks,Kb,Kz,Qthresh,Rs,Rb1,Rb2,Prec,Frac4Rise,Error,BFF
03047000,7.51097e+08,10060.8,100,798.096,0.15,0.008338,1,158.786,9506.92,0.97316,582284,-0.012775,-0.066128,-0.080248,4893.14,0.05,0.580321,0.283909
