tmp.site,tmp.area,Lb,X1,Wb,POR,ALPHA,BETA,Ks,Kb,Kz,Qthresh,Rs,Rb1,Rb2,Prec,Frac4Rise,Error,BFF
09188500,1.19398e+09,31711,8139.45,1337.88,0.15,0.008865,3.2,502.148,10741,0.31389,305821,-0.085925,-0.025022,-0.014331,17126,0.05,0.331465,0.452325
