tmp.site,tmp.area,Lb,X1,Wb,POR,ALPHA,BETA,Ks,Kb,Kz,Qthresh,Rs,Rb1,Rb2,Prec,Frac4Rise,Error,BFF
03012550,5.64617e+09,10639.2,100,8748.29,0.15,0.007976,1,247.574,15022.4,1.42188,3.62093e+06,-0.008525,-0.051159,-0.09006,122329,0.05,0.672427,0.789396
