tmp.site,tmp.area,Lb,X1,Wb,POR,ALPHA,BETA,Ks,Kb,Kz,Qthresh,Rs,Rb1,Rb2,Prec,Frac4Rise,Error,BFF
06876700,1.05154e+09,8769.64,100,347.698,0.15,0.009117,1,691.194,8587.34,0.977886,43610.1,-0.147565,-0.091701,-0.088328,24.4657,0.05,1.93266,0.155867
