tmp.site,tmp.area,Lb,X1,Wb,POR,ALPHA,BETA,Ks,Kb,Kz,Qthresh,Rs,Rb1,Rb2,Prec,Frac4Rise,Error,BFF
01327750,7.27787e+09,7475.54,0.293984,14578.6,0.15,0.004875,0.9,1400.12,51.1829,1.30659,5.74944e+06,-0.058442,-0.038599,-0.054203,227071,0.05,0.290929,0.861743
