tmp.site,tmp.area,Lb,X1,Wb,POR,ALPHA,BETA,Ks,Kb,Kz,Qthresh,Rs,Rb1,Rb2,Prec,Frac4Rise,Error,BFF
10323425,1.93472e+10,11874.9,100,2240.9,0.15,0.007802,1,388.686,12019.7,0.901751,286249,-0.056547,-0.03456,-0.050121,733.971,0.05,0.564393,0.560354
