tmp.site,tmp.area,Lb,X1,Wb,POR,ALPHA,BETA,Ks,Kb,Kz,Qthresh,Rs,Rb1,Rb2,Prec,Frac4Rise,Error,BFF
12324200,2.59258e+09,14241.9,100,1802.84,0.15,0.00662,1,195.721,13874.2,0.897323,638555,-0.056504,-0.029572,-0.036058,7584.37,0.05,0.312951,0.74005
