tmp.site,tmp.area,Lb,X1,Wb,POR,ALPHA,BETA,Ks,Kb,Kz,Qthresh,Rs,Rb1,Rb2,Prec,Frac4Rise,Error,BFF
06480000,8.64538e+09,82351.5,151.208,1226.05,0.15,0.013824,1,1894.89,98981.1,1.05088,234871,-0.110959,-0.035862,-0.040846,21.5298,0.05,1.16071,0.488577
