tmp.site,tmp.area,Lb,X1,Wb,POR,ALPHA,BETA,Ks,Kb,Kz,Qthresh,Rs,Rb1,Rb2,Prec,Frac4Rise,Error,BFF
03221646,2.71949e+09,16295.7,100,943.782,0.15,0.007022,1,3174.04,10148.1,1.40073,212820,-0.138039,-0.123317,-0.081441,21444,0.05,0.415019,0.177095
