tmp.site,tmp.area,Lb,X1,Wb,POR,ALPHA,BETA,Ks,Kb,Kz,Qthresh,Rs,Rb1,Rb2,Prec,Frac4Rise,Error,BFF
06936475,1.04636e+08,5975.91,75.3027,224.593,0.15,0.008036,1,2518.82,6790.9,1.23048,5353.83,-0.597668,-0.139669,-0.138843,428.15,0.05,0.4491,0.113045
