tmp.site,tmp.area,Lb,X1,Wb,POR,ALPHA,BETA,Ks,Kb,Kz,Qthresh,Rs,Rb1,Rb2,Prec,Frac4Rise,Error,BFF
08048543,6.95412e+09,6197.63,100,737.419,0.15,0.007727,1,8807.63,4924.83,0.967994,152421,-0.154769,-0.086713,-0.123344,1136.43,0.05,0.716369,0.069939
