tmp.site,tmp.area,Lb,X1,Wb,POR,ALPHA,BETA,Ks,Kb,Kz,Qthresh,Rs,Rb1,Rb2,Prec,Frac4Rise,Error,BFF
13093383,5.91294e+10,26109.6,100,3652.85,0.15,0.008853,1,1115.9,1892.63,0.900378,1.61474e+06,-0.013439,-0.046827,-0.011383,153028,0.05,0.344082,0.523134
