tmp.site,tmp.area,Lb,X1,Wb,POR,ALPHA,BETA,Ks,Kb,Kz,Qthresh,Rs,Rb1,Rb2,Prec,Frac4Rise,Error,BFF
01467042,9.81605e+07,19889.4,100,325.63,0.15,0.016669,1,882.536,8555.76,0.927101,22997.8,-0.570218,-0.070995,-0.045725,2446.57,0.05,0.320327,0.389325
