tmp.site,tmp.area,Lb,X1,Wb,POR,ALPHA,BETA,Ks,Kb,Kz,Qthresh,Rs,Rb1,Rb2,Prec,Frac4Rise,Error,BFF
07141220,8.80648e+10,15250.4,100.239,542.912,0.15,0.016641,0.9,16485.2,12787.8,0.963728,133338,-0.143841,-0.08252,-0.139665,24.4657,0.05,51.3262,0.163661
