tmp.site,tmp.area,Lb,X1,Wb,POR,ALPHA,BETA,Ks,Kb,Kz,Qthresh,Rs,Rb1,Rb2,Prec,Frac4Rise,Error,BFF
02338000,6.29367e+09,31471.6,11.4386,2374.82,0.15,0.004514,1.7,1646.54,313.329,1.89787,2.27531e+06,-0.05268,-0.055461,-0.043532,244657,0.05,0.212072,0.565047
