tmp.site,tmp.area,Lb,X1,Wb,POR,ALPHA,BETA,Ks,Kb,Kz,Qthresh,Rs,Rb1,Rb2,Prec,Frac4Rise,Error,BFF
02231342,1.36233e+08,22358.3,100,244.341,0.15,0.039227,1,208.029,46612.4,0.991101,107649,-0.124657,-0.067619,-0.13417,24.4657,0.05,5.26126,0.454444
