tmp.site,tmp.area,Lb,X1,Wb,POR,ALPHA,BETA,Ks,Kb,Kz,Qthresh,Rs,Rb1,Rb2,Prec,Frac4Rise,Error,BFF
0164579522,2.95259e+06,3505.32,100,31.1354,0.15,0.028907,1,384.61,3740.8,0.297291,1443.48,-0.602026,-0.083565,-0.104112,24.4657,0.05,0.567246,0.182015
