tmp.site,tmp.area,Lb,X1,Wb,POR,ALPHA,BETA,Ks,Kb,Kz,Qthresh,Rs,Rb1,Rb2,Prec,Frac4Rise,Error,BFF
02049500,1.58766e+09,10649.3,100,2316.06,0.15,0.023396,1,1809.85,16374.6,0.999246,9786.29,-0.089977,-0.05495,-0.127416,178.6,0.05,1.669,0.557003
