tmp.site,tmp.area,Lb,X1,Wb,POR,ALPHA,BETA,Ks,Kb,Kz,Qthresh,Rs,Rb1,Rb2,Prec,Frac4Rise,Error,BFF
02462500,1.03107e+10,7824.89,100,6177.69,0.15,0.030542,1,8139.59,19939.7,3.24569,1.59516e+07,-0.135806,-0.073556,-0.1391,122.329,0.05,1876.06,0.450846
