tmp.site,tmp.area,Lb,X1,Wb,POR,ALPHA,BETA,Ks,Kb,Kz,Qthresh,Rs,Rb1,Rb2,Prec,Frac4Rise,Error,BFF
05428500,6.08647e+08,167640,2.52132,698.287,0.15,0.017154,0.9,118.921,1808.65,1.05224,411024,-0.032269,-0.022793,-0.046076,3871.94,0.05,0.416985,0.778559
