tmp.site,tmp.area,Lb,X1,Wb,POR,ALPHA,BETA,Ks,Kb,Kz,Qthresh,Rs,Rb1,Rb2,Prec,Frac4Rise,Error,BFF
01583800,5.12818e+06,4091.44,4.39585,73.1432,0.15,0.013284,1,455.096,97.046,1.13665,1174.35,-0.780708,-0.107584,-0.107864,48.9314,0.05,0.417204,0.184005
