tmp.site,tmp.area,Lb,X1,Wb,POR,ALPHA,BETA,Ks,Kb,Kz,Qthresh,Rs,Rb1,Rb2,Prec,Frac4Rise,Error,BFF
06804700,1.07744e+09,16882,100,809.454,0.15,0.003017,1,378.048,2595.12,0.963776,117435,-0.139787,-0.061116,-0.025355,6361.09,0.05,0.325037,0.385418
