tmp.site,tmp.area,Lb,X1,Wb,POR,ALPHA,BETA,Ks,Kb,Kz,Qthresh,Rs,Rb1,Rb2,Prec,Frac4Rise,Error,BFF
07179785,2.66769e+08,13252.4,30.6698,173.26,0.15,0.005683,1.2,581.231,10954.3,0.980029,4134.71,-0.202733,-0.155264,-0.081053,24.4657,0.05,1.41022,0.097789
