tmp.site,tmp.area,Lb,X1,Wb,POR,ALPHA,BETA,Ks,Kb,Kz,Qthresh,Rs,Rb1,Rb2,Prec,Frac4Rise,Error,BFF
13138000,2.22998e+08,6347.84,177.105,354.696,0.15,0.015241,1,395.935,1953.67,0.340762,23491.2,-0.06311,-0.032911,-0.03305,714.399,0.05,0.502781,0.270047
