tmp.site,tmp.area,Lb,X1,Wb,POR,ALPHA,BETA,Ks,Kb,Kz,Qthresh,Rs,Rb1,Rb2,Prec,Frac4Rise,Error,BFF
05355200,3.47058e+09,116812,61.0323,771.758,0.15,0.009934,1,1351.78,34086.9,0.957231,802475,-0.043506,-0.044828,-0.04778,15658.1,0.05,0.408337,0.485933
