tmp.site,tmp.area,Lb,X1,Wb,POR,ALPHA,BETA,Ks,Kb,Kz,Qthresh,Rs,Rb1,Rb2,Prec,Frac4Rise,Error,BFF
08041300,6.86347e+08,7686.93,100,633.617,0.15,0.007905,1,2031.86,5979.57,1.03076,21768.6,-0.156595,-0.096609,-0.045422,2221.39,0.05,0.417144,0.190742
