tmp.site,tmp.area,Lb,X1,Wb,POR,ALPHA,BETA,Ks,Kb,Kz,Qthresh,Rs,Rb1,Rb2,Prec,Frac4Rise,Error,BFF
09258980,2.44495e+09,13154.9,100,36.5821,0.15,0.007299,1,1580.02,691.996,0.883711,807.369,-0.143841,-0.064001,-0.078949,24.4657,0.05,1.26711,0.022254
