tmp.site,tmp.area,Lb,X1,Wb,POR,ALPHA,BETA,Ks,Kb,Kz,Qthresh,Rs,Rb1,Rb2,Prec,Frac4Rise,Error,BFF
03318800,3.21159e+08,5025.06,100,1188.02,0.15,0.012672,1,5044.22,21326.5,0.956544,506440,-0.245044,-0.116418,-0.177262,24.4657,0.05,2.41125,0.300519
