tmp.site,tmp.area,Lb,X1,Wb,POR,ALPHA,BETA,Ks,Kb,Kz,Qthresh,Rs,Rb1,Rb2,Prec,Frac4Rise,Error,BFF
03072000,5.93107e+08,7210.54,100,1004.03,0.15,0.012891,1,3511.18,15037.1,0.972391,4648.49,-0.233102,-0.098129,-0.082207,513.78,0.05,0.433202,0.323949
