tmp.site,tmp.area,Lb,X1,Wb,POR,ALPHA,BETA,Ks,Kb,Kz,Qthresh,Rs,Rb1,Rb2,Prec,Frac4Rise,Error,BFF
06447000,1.28463e+10,4465.62,100,1133.02,0.15,0.006078,1,4433.37,9137.71,0.937297,239764,-0.159227,-0.091488,-0.150693,24.4657,0.05,28.3701,0.189749
