tmp.site,tmp.area,Lb,X1,Wb,POR,ALPHA,BETA,Ks,Kb,Kz,Qthresh,Rs,Rb1,Rb2,Prec,Frac4Rise,Error,BFF
02298880,6.55267e+08,16028.5,526.151,1019.07,0.15,0.014878,0.9,545.589,74393.6,0.372842,60185.7,-0.051671,-0.042258,-0.059217,24.4657,0.05,3.15512,0.435216
