tmp.site,tmp.area,Lb,X1,Wb,POR,ALPHA,BETA,Ks,Kb,Kz,Qthresh,Rs,Rb1,Rb2,Prec,Frac4Rise,Error,BFF
11473900,1.92954e+09,30040,47.6786,2228.74,0.15,0.010814,1.3,7565.68,9491.24,1.17419,23218,-0.17956,-0.060549,-0.026837,929.697,0.05,0.42963,0.435462
