tmp.site,tmp.area,Lb,X1,Wb,POR,ALPHA,BETA,Ks,Kb,Kz,Qthresh,Rs,Rb1,Rb2,Prec,Frac4Rise,Error,BFF
08023400,2.07717e+08,4393.47,100,463.847,0.15,0.012887,1,2199.88,14824,0.975909,178600,-0.31343,-0.135274,-0.187491,24.4657,0.05,3.36369,0.13427
