tmp.site,tmp.area,Lb,X1,Wb,POR,ALPHA,BETA,Ks,Kb,Kz,Qthresh,Rs,Rb1,Rb2,Prec,Frac4Rise,Error,BFF
01585075,4.73968e+06,2883.15,155.858,60.3844,0.15,0.017617,1,375.457,5791.2,0.612188,513.78,-0.603392,-0.125493,-0.123031,24.4657,0.05,0.510998,0.141392
