tmp.site,tmp.area,Lb,X1,Wb,POR,ALPHA,BETA,Ks,Kb,Kz,Qthresh,Rs,Rb1,Rb2,Prec,Frac4Rise,Error,BFF
02428400,5.56148e+10,14398.8,34.1345,8461.35,0.15,0.008559,0.9,9954.91,6217.41,4.20186,1.66122e+07,-0.08383,-0.054676,-0.065728,954163,0.05,0.34703,0.482336
