tmp.site,tmp.area,Lb,X1,Wb,POR,ALPHA,BETA,Ks,Kb,Kz,Qthresh,Rs,Rb1,Rb2,Prec,Frac4Rise,Error,BFF
05487980,8.62466e+08,29092.5,53.6208,546.242,0.15,0.005905,1.1,3928.89,43295.8,1.03034,4403.83,-0.22226,-0.125467,-0.098869,166.367,0.05,0.625904,0.221405
