tmp.site,tmp.area,Lb,X1,Wb,POR,ALPHA,BETA,Ks,Kb,Kz,Qthresh,Rs,Rb1,Rb2,Prec,Frac4Rise,Error,BFF
0210307880,1.26909e+07,5950.82,56.7109,141.306,0.15,0.006043,0.9,238.782,3671.55,0.381781,9859.68,-0.299509,-0.051483,-0.106204,30.9736,0.05,1.59333,0.273654
