tmp.site,tmp.area,Lb,X1,Wb,POR,ALPHA,BETA,Ks,Kb,Kz,Qthresh,Rs,Rb1,Rb2,Prec,Frac4Rise,Error,BFF
07010055,3.10799e+07,7651.81,100,137.059,0.15,0.030086,1,529.459,94847.6,0.937172,7951.36,-0.71858,-0.103011,-0.32961,24.4657,0.05,3.01349,0.258548
