tmp.site,tmp.area,Lb,X1,Wb,POR,ALPHA,BETA,Ks,Kb,Kz,Qthresh,Rs,Rb1,Rb2,Prec,Frac4Rise,Error,BFF
08382500,1.57989e+09,24225.5,75.6305,93.9445,0.15,0.01753,0.9,2021.15,8192.76,1.2726,40613.1,-0.184173,-0.087787,-0.172401,24.4657,0.05,56.151,0.102606
