tmp.site,tmp.area,Lb,X1,Wb,POR,ALPHA,BETA,Ks,Kb,Kz,Qthresh,Rs,Rb1,Rb2,Prec,Frac4Rise,Error,BFF
01609000,3.83318e+08,20551.8,107.738,1635.08,0.15,0.013917,1.3,6954.15,33283.3,1.05195,36698.6,-0.206827,-0.082911,-0.055497,709.506,0.05,0.446891,0.389956
