tmp.site,tmp.area,Lb,X1,Wb,POR,ALPHA,BETA,Ks,Kb,Kz,Qthresh,Rs,Rb1,Rb2,Prec,Frac4Rise,Error,BFF
14154500,5.46487e+08,15326.4,415.021,943.48,0.15,0.010009,1.1,3340.21,33993.3,4.47886,48931.4,-0.197787,-0.07901,-0.026014,3425.2,0.05,0.387101,0.295295
