tmp.site,tmp.area,Lb,X1,Wb,POR,ALPHA,BETA,Ks,Kb,Kz,Qthresh,Rs,Rb1,Rb2,Prec,Frac4Rise,Error,BFF
07277730,1.62651e+08,2491.2,100,959.815,0.15,0.007383,1,3093.97,182.773,0.953354,20551.2,-0.693147,-0.240521,-0.050121,1908.33,0.05,0.339217,0.125773
