tmp.site,tmp.area,Lb,X1,Wb,POR,ALPHA,BETA,Ks,Kb,Kz,Qthresh,Rs,Rb1,Rb2,Prec,Frac4Rise,Error,BFF
03433500,1.05931e+09,16998.6,100,1408.19,0.15,0.010571,1,5879.48,31002.2,0.94912,66057.4,-0.277122,-0.0854,-0.075231,807.369,0.05,0.42356,0.374589
