tmp.site,tmp.area,Lb,X1,Wb,POR,ALPHA,BETA,Ks,Kb,Kz,Qthresh,Rs,Rb1,Rb2,Prec,Frac4Rise,Error,BFF
04237496,8.10666e+09,27203.3,98.9625,6423.97,0.15,0.026023,0.9,2218.88,31023.3,1.01865,3.22947e+06,-0.046187,-0.034864,-0.069779,85630,0.05,0.436818,0.696806
