tmp.site,tmp.area,Lb,X1,Wb,POR,ALPHA,BETA,Ks,Kb,Kz,Qthresh,Rs,Rb1,Rb2,Prec,Frac4Rise,Error,BFF
13213000,1.01165e+10,60096.7,14.1676,2093.83,0.15,0.005125,0.9,1404.54,698.476,1.04922,2.43189e+06,-0.038212,-0.030356,-0.036214,51133.3,0.05,0.394568,0.446516
