tmp.site,tmp.area,Lb,X1,Wb,POR,ALPHA,BETA,Ks,Kb,Kz,Qthresh,Rs,Rb1,Rb2,Prec,Frac4Rise,Error,BFF
07019120,2.48121e+07,3307.51,100,53.538,0.15,0.009263,1,853.206,12051.1,0.89911,1565.81,-0.560026,-0.180084,-0.260206,24.4657,0.05,1.90785,0.015557
