tmp.site,tmp.area,Lb,X1,Wb,POR,ALPHA,BETA,Ks,Kb,Kz,Qthresh,Rs,Rb1,Rb2,Prec,Frac4Rise,Error,BFF
01021470,1.66277e+07,7510.43,100,205.072,0.15,0.013321,1,159.312,2774.55,0.54596,11914.8,-0.18505,-0.064289,-0.0396,831.834,0.05,0.296127,0.462794
