tmp.site,tmp.area,Lb,X1,Wb,POR,ALPHA,BETA,Ks,Kb,Kz,Qthresh,Rs,Rb1,Rb2,Prec,Frac4Rise,Error,BFF
04043097,1.14477e+08,37111.4,14654.1,320.238,0.15,0.013091,10.1,619.056,760.581,0.695933,78534.9,-0.132605,-0.056755,-0.02871,3694.32,0.05,0.35868,0.348483
