tmp.site,tmp.area,Lb,X1,Wb,POR,ALPHA,BETA,Ks,Kb,Kz,Qthresh,Rs,Rb1,Rb2,Prec,Frac4Rise,Error,BFF
09285900,9.37576e+08,451478,100,1601.79,0.15,7.5e-05,1,0.077876,2587.39,0.964402,99489.8,-0.038003,-0.014293,-0.010251,5627.11,0.05,0.236141,0.544719
