tmp.site,tmp.area,Lb,X1,Wb,POR,ALPHA,BETA,Ks,Kb,Kz,Qthresh,Rs,Rb1,Rb2,Prec,Frac4Rise,Error,BFF
08019200,5.85078e+09,120174,29.9691,1437.17,0.15,0.006009,1,7570.42,60999.8,1.05281,230712,-0.083946,-0.076949,-0.080987,7559.91,0.05,0.618229,0.398554
