tmp.site,tmp.area,Lb,X1,Wb,POR,ALPHA,BETA,Ks,Kb,Kz,Qthresh,Rs,Rb1,Rb2,Prec,Frac4Rise,Error,BFF
07385500,3.96268e+09,92635.1,100,1189.07,0.15,0.012823,1,464.882,10563.6,0.962743,2.21904e+06,-0.042542,-0.020726,-0.039708,32796.3,0.05,0.473293,0.65666
