tmp.site,tmp.area,Lb,X1,Wb,POR,ALPHA,BETA,Ks,Kb,Kz,Qthresh,Rs,Rb1,Rb2,Prec,Frac4Rise,Error,BFF
07124410,1.74306e+09,12834.6,100,662.037,0.15,0.019199,1,272.322,49721.5,0.987075,150709,-0.027672,-0.051891,-0.290111,24.4657,0.05,80.2268,0.582233
