tmp.site,tmp.area,Lb,X1,Wb,POR,ALPHA,BETA,Ks,Kb,Kz,Qthresh,Rs,Rb1,Rb2,Prec,Frac4Rise,Error,BFF
04164100,5.64617e+07,7358.79,632.519,243.212,0.15,0.02991,1,123.308,39276.9,0.384202,23976.4,-0.139378,-0.04347,-0.040612,464.849,0.05,0.348201,0.54084
