tmp.site,tmp.area,Lb,X1,Wb,POR,ALPHA,BETA,Ks,Kb,Kz,Qthresh,Rs,Rb1,Rb2,Prec,Frac4Rise,Error,BFF
02336313,7.01887e+06,6381.21,100,60.9297,0.15,0.011332,1,429.519,2163.73,0.482233,3180.54,-0.489388,-0.090822,-0.146526,24.4657,0.05,0.713976,0.11968
