tmp.site,tmp.area,Lb,X1,Wb,POR,ALPHA,BETA,Ks,Kb,Kz,Qthresh,Rs,Rb1,Rb2,Prec,Frac4Rise,Error,BFF
11468500,2.74539e+08,14350.8,100,502.101,0.15,0.010742,1,1580.47,5665.77,0.9557,7095.06,-0.158974,-0.078083,-0.024586,397.861,0.05,0.394173,0.168834
