tmp.site,tmp.area,Lb,X1,Wb,POR,ALPHA,BETA,Ks,Kb,Kz,Qthresh,Rs,Rb1,Rb2,Prec,Frac4Rise,Error,BFF
11316800,5.38718e+07,12528.8,478.85,380.292,0.15,0.034188,1,225.622,26030.1,0.158794,11254.2,-0.143841,-0.030099,-0.028151,103.637,0.05,0.344021,0.478344
