tmp.site,tmp.area,Lb,X1,Wb,POR,ALPHA,BETA,Ks,Kb,Kz,Qthresh,Rs,Rb1,Rb2,Prec,Frac4Rise,Error,BFF
04062400,8.18436e+08,18433.6,629.737,1434.5,0.15,0.01022,1.3,624.942,4981.14,0.466794,484421,-0.059034,-0.03215,-0.02393,6605.74,0.05,0.460182,0.486534
