tmp.site,tmp.area,Lb,X1,Wb,POR,ALPHA,BETA,Ks,Kb,Kz,Qthresh,Rs,Rb1,Rb2,Prec,Frac4Rise,Error,BFF
03075905,3.39288e+07,26388.5,42.9674,124.334,0.15,0.036525,1,956.186,15557.1,0.849279,63366.2,-0.323737,-0.069775,-0.081592,83.1834,0.05,0.525739,0.289377
