tmp.site,tmp.area,Lb,X1,Wb,POR,ALPHA,BETA,Ks,Kb,Kz,Qthresh,Rs,Rb1,Rb2,Prec,Frac4Rise,Error,BFF
11192501,5.84819e+09,31057.3,100,4476.49,0.15,0.016709,1,160.778,20635.3,0.940531,1.01288e+06,-0.027034,-0.021127,-0.03167,25933.7,0.05,0.295326,0.803699
