tmp.site,tmp.area,Lb,X1,Wb,POR,ALPHA,BETA,Ks,Kb,Kz,Qthresh,Rs,Rb1,Rb2,Prec,Frac4Rise,Error,BFF
01069700,2.3802e+07,10681.2,100,281.892,0.15,0.0118,1,264.504,4754.9,0.426893,13827,-0.269975,-0.042505,-0.028059,1411.87,0.05,0.23317,0.594471
