tmp.site,tmp.area,Lb,X1,Wb,POR,ALPHA,BETA,Ks,Kb,Kz,Qthresh,Rs,Rb1,Rb2,Prec,Frac4Rise,Error,BFF
04164500,5.15408e+08,6965.89,100,635.732,0.15,0.012966,1,1999.31,9873.51,0.902855,88076.6,-0.197358,-0.085629,-0.078691,440.383,0.05,0.458803,0.292744
