tmp.site,tmp.area,Lb,X1,Wb,POR,ALPHA,BETA,Ks,Kb,Kz,Qthresh,Rs,Rb1,Rb2,Prec,Frac4Rise,Error,BFF
10327500,3.16497e+10,28559.4,331.89,4569.56,0.15,0.025614,0.9,1074.96,82211.9,1.16801,797582,-0.090071,-0.032752,-0.091734,24.4657,0.05,2.88441,0.612136
