tmp.site,tmp.area,Lb,X1,Wb,POR,ALPHA,BETA,Ks,Kb,Kz,Qthresh,Rs,Rb1,Rb2,Prec,Frac4Rise,Error,BFF
14308500,1.4737e+08,10326.5,100,378.312,0.15,0.01958,1,734.012,12565.7,0.941158,6018.57,-0.178337,-0.068466,-0.062049,24.4657,0.05,0.653043,0.321038
