tmp.site,tmp.area,Lb,X1,Wb,POR,ALPHA,BETA,Ks,Kb,Kz,Qthresh,Rs,Rb1,Rb2,Prec,Frac4Rise,Error,BFF
10263500,5.93107e+07,24381.8,100,268.375,0.15,0.014698,1,101.176,5180.76,0.301977,3376.27,-0.111572,-0.019176,-0.011386,256.89,0.05,0.323429,0.471863
