tmp.site,tmp.area,Lb,X1,Wb,POR,ALPHA,BETA,Ks,Kb,Kz,Qthresh,Rs,Rb1,Rb2,Prec,Frac4Rise,Error,BFF
02427250,6.75987e+08,8856.54,2.35136,993.892,0.15,0.008391,3.3,3801.78,39.7147,1.0132,70950.6,-0.303242,-0.115967,-0.046926,4036.84,0.05,0.356869,0.29614
