tmp.site,tmp.area,Lb,X1,Wb,POR,ALPHA,BETA,Ks,Kb,Kz,Qthresh,Rs,Rb1,Rb2,Prec,Frac4Rise,Error,BFF
14092750,5.93107e+07,19585.9,100,385.9,0.15,0.013811,1,176.01,4417.96,0.590891,58717.7,-0.104384,-0.036662,-0.010941,5137.8,0.05,0.249779,0.565796
