tmp.site,tmp.area,Lb,X1,Wb,POR,ALPHA,BETA,Ks,Kb,Kz,Qthresh,Rs,Rb1,Rb2,Prec,Frac4Rise,Error,BFF
10086500,1.1541e+10,65631.8,12.4522,1659.94,0.15,0.008029,0.8,1017.99,2860.24,1.06019,751097,-0.037054,-0.022578,-0.030442,67770,0.05,0.280723,0.700019
