tmp.site,tmp.area,Lb,X1,Wb,POR,ALPHA,BETA,Ks,Kb,Kz,Qthresh,Rs,Rb1,Rb2,Prec,Frac4Rise,Error,BFF
12148000,5.10228e+07,35180.1,100,447.851,0.15,0.005674,1,118.543,1157.63,0.82072,190833,-0.045692,-0.056107,-0.032053,6605.74,0.05,0.420017,0.448593
