tmp.site,tmp.area,Lb,X1,Wb,POR,ALPHA,BETA,Ks,Kb,Kz,Qthresh,Rs,Rb1,Rb2,Prec,Frac4Rise,Error,BFF
09328920,1.2577e+11,10097,4376.91,25494,0.15,0.006804,10.1,5120.97,575.909,0.995761,5.0644e+06,-0.042349,-0.029861,-0.019932,341590,0.05,0.375959,0.739375
