tmp.site,tmp.area,Lb,X1,Wb,POR,ALPHA,BETA,Ks,Kb,Kz,Qthresh,Rs,Rb1,Rb2,Prec,Frac4Rise,Error,BFF
06876000,1.40895e+10,4864.28,66.2178,1309.25,0.15,0.005811,0.9,4457.01,1479.34,0.918637,293589,-0.103108,-0.076124,-0.107805,244.657,0.05,3.93945,0.147599
