tmp.site,tmp.area,Lb,X1,Wb,POR,ALPHA,BETA,Ks,Kb,Kz,Qthresh,Rs,Rb1,Rb2,Prec,Frac4Rise,Error,BFF
01076500,1.61097e+09,8585.22,1.54767,2412.08,0.15,0.011063,2.4,5940.8,19.8392,1.47624,347413,-0.219748,-0.068895,-0.039926,32539.4,0.05,0.339355,0.456516
