tmp.site,tmp.area,Lb,X1,Wb,POR,ALPHA,BETA,Ks,Kb,Kz,Qthresh,Rs,Rb1,Rb2,Prec,Frac4Rise,Error,BFF
02310286,2.27919e+07,16441.2,100,85.775,0.15,0.095963,1,478.847,29716.5,0.931889,14214.6,-0.216503,-0.087043,-0.170458,24.4657,0.05,2.56403,0.244618
