tmp.site,tmp.area,Lb,X1,Wb,POR,ALPHA,BETA,Ks,Kb,Kz,Qthresh,Rs,Rb1,Rb2,Prec,Frac4Rise,Error,BFF
01333500,1.45298e+08,19235.2,85.7689,448.932,0.15,0.019566,1.6,574.168,12774.5,0.528702,15168.7,-0.225082,-0.059604,-0.0339,929.697,0.05,0.330658,0.515714
