tmp.site,tmp.area,Lb,X1,Wb,POR,ALPHA,BETA,Ks,Kb,Kz,Qthresh,Rs,Rb1,Rb2,Prec,Frac4Rise,Error,BFF
09402000,6.85285e+10,7616.04,111.024,1334.81,0.15,0.011398,0.9,25299.6,23142.4,0.946325,379219,-0.167101,-0.102818,-0.309572,24.4657,0.05,57.0587,0.242159
