tmp.site,tmp.area,Lb,X1,Wb,POR,ALPHA,BETA,Ks,Kb,Kz,Qthresh,Rs,Rb1,Rb2,Prec,Frac4Rise,Error,BFF
01628500,2.7946e+09,14145.8,100,1941.92,0.15,0.00672,1,1939.2,6829.97,1.02151,655681,-0.136757,-0.058644,-0.022684,37432.5,0.05,0.302187,0.451985
