tmp.site,tmp.area,Lb,X1,Wb,POR,ALPHA,BETA,Ks,Kb,Kz,Qthresh,Rs,Rb1,Rb2,Prec,Frac4Rise,Error,BFF
06178000,9.27216e+08,10733.6,100,191.544,0.15,0.032753,1,1345.99,16045.4,1.00979,36209.3,-0.125657,-0.092203,-0.101159,24.4657,0.05,2.88012,0.159659
