tmp.site,tmp.area,Lb,X1,Wb,POR,ALPHA,BETA,Ks,Kb,Kz,Qthresh,Rs,Rb1,Rb2,Prec,Frac4Rise,Error,BFF
01542500,3.78656e+09,68548.3,109.929,1978.1,0.15,0.009399,1.6,6038.63,33426.4,1.77286,457509,-0.132099,-0.06011,-0.039001,42570.3,0.05,0.307395,0.515276
