tmp.site,tmp.area,Lb,X1,Wb,POR,ALPHA,BETA,Ks,Kb,Kz,Qthresh,Rs,Rb1,Rb2,Prec,Frac4Rise,Error,BFF
11123500,7.17427e+08,47147.6,158.187,802.86,0.15,0.081721,1,1251.6,48945.3,0.992816,146550,-0.143841,-0.067427,-0.084908,24.4657,0.05,6.81568,0.259674
