tmp.site,tmp.area,Lb,X1,Wb,POR,ALPHA,BETA,Ks,Kb,Kz,Qthresh,Rs,Rb1,Rb2,Prec,Frac4Rise,Error,BFF
11070465,3.00439e+08,1047.89,0.103875,52.1383,0.15,0.001354,0.9,47860.1,0.100002,1.11937,6777,-0.623662,-0.213296,-0.296219,24.4657,0.05,10.1038,0.001774
