tmp.site,tmp.area,Lb,X1,Wb,POR,ALPHA,BETA,Ks,Kb,Kz,Qthresh,Rs,Rb1,Rb2,Prec,Frac4Rise,Error,BFF
02324500,3.10799e+08,4529.14,81.1849,1344.06,0.15,0.009284,0.9,70.4554,1389.82,0.612753,205512,-0.073262,-0.037428,-0.044441,2446.57,0.05,0.476327,0.541014
