tmp.site,tmp.area,Lb,X1,Wb,POR,ALPHA,BETA,Ks,Kb,Kz,Qthresh,Rs,Rb1,Rb2,Prec,Frac4Rise,Error,BFF
02234000,5.29135e+09,44408.2,203.922,11527.1,0.15,0.031099,0.9,2078.17,46286.4,1.17717,4.55062e+06,-0.069023,-0.017852,-0.031914,21727.5,0.05,0.402934,0.686281
