tmp.site,tmp.area,Lb,X1,Wb,POR,ALPHA,BETA,Ks,Kb,Kz,Qthresh,Rs,Rb1,Rb2,Prec,Frac4Rise,Error,BFF
01626850,3.83318e+08,14675.3,100,772.721,0.15,0.008194,1,453.516,6014.82,0.956717,115459,-0.14976,-0.05998,-0.017562,11131.9,0.05,0.281861,0.46162
