tmp.site,tmp.area,Lb,X1,Wb,POR,ALPHA,BETA,Ks,Kb,Kz,Qthresh,Rs,Rb1,Rb2,Prec,Frac4Rise,Error,BFF
08072300,1.63946e+08,5582.76,100,342.161,0.15,0.012124,1,1539.28,15805.5,0.91444,11131.9,-0.285853,-0.154251,-0.146934,244.657,0.05,0.532265,0.146988
