tmp.site,tmp.area,Lb,X1,Wb,POR,ALPHA,BETA,Ks,Kb,Kz,Qthresh,Rs,Rb1,Rb2,Prec,Frac4Rise,Error,BFF
03254693,8.13256e+06,8605.31,121.594,56.7871,0.15,0.009521,1,452.989,22920.2,1.0094,5578.18,-0.720785,-0.141981,-0.14228,24.4657,0.05,0.522819,0.101361
