tmp.site,tmp.area,Lb,X1,Wb,POR,ALPHA,BETA,Ks,Kb,Kz,Qthresh,Rs,Rb1,Rb2,Prec,Frac4Rise,Error,BFF
14303600,4.66198e+08,12196.5,100,1451.86,0.15,0.0111,1,1508.78,6405,1.60109,168561,-0.154345,-0.056833,-0.017576,11914.8,0.05,0.317668,0.383693
