tmp.site,tmp.area,Lb,X1,Wb,POR,ALPHA,BETA,Ks,Kb,Kz,Qthresh,Rs,Rb1,Rb2,Prec,Frac4Rise,Error,BFF
03122500,3.63893e+09,45013.9,92.7511,1213.63,0.15,0.004669,2,4119.63,7770.68,2.09195,516227,-0.119018,-0.064285,-0.043706,48686.8,0.05,0.363744,0.40105
