tmp.site,tmp.area,Lb,X1,Wb,POR,ALPHA,BETA,Ks,Kb,Kz,Qthresh,Rs,Rb1,Rb2,Prec,Frac4Rise,Error,BFF
06473000,2.5154e+10,1.00973e+06,0.212664,3285.14,0.15,0.015847,0.9,957.497,638.105,0.93328,1.04958e+06,-0.091161,-0.024572,-0.067945,24.4657,0.05,45.9371,0.551208
