tmp.site,tmp.area,Lb,X1,Wb,POR,ALPHA,BETA,Ks,Kb,Kz,Qthresh,Rs,Rb1,Rb2,Prec,Frac4Rise,Error,BFF
02399200,5.15408e+08,6222.05,100,2055.26,0.15,0.016984,1,5179.64,16207.6,1.04934,35230.6,-0.199723,-0.092365,-0.0851,195.726,0.05,0.441507,0.429346
