tmp.site,tmp.area,Lb,X1,Wb,POR,ALPHA,BETA,Ks,Kb,Kz,Qthresh,Rs,Rb1,Rb2,Prec,Frac4Rise,Error,BFF
14162500,2.40869e+09,13411.4,100,9137.71,0.15,0.007966,1,2371.89,708.846,1.49217,3.44967e+06,-0.066766,-0.032324,-0.008802,337627,0.05,0.221202,0.59408
