tmp.site,tmp.area,Lb,X1,Wb,POR,ALPHA,BETA,Ks,Kb,Kz,Qthresh,Rs,Rb1,Rb2,Prec,Frac4Rise,Error,BFF
12157250,2.05127e+07,10616.4,100,122.713,0.15,0.023343,1,140.365,8910.28,0.423626,5724.98,-0.175973,-0.04564,-0.0442,127.222,0.05,0.354467,0.50419
