tmp.site,tmp.area,Lb,X1,Wb,POR,ALPHA,BETA,Ks,Kb,Kz,Qthresh,Rs,Rb1,Rb2,Prec,Frac4Rise,Error,BFF
11298650,6.00877e+06,50083.6,2.44305,95.8628,0.15,0.074255,0.8,10.5734,22.1179,0.646107,53824.6,-0.019522,-0.014505,-0.042318,261.783,0.05,1.97087,0.54696
