tmp.site,tmp.area,Lb,X1,Wb,POR,ALPHA,BETA,Ks,Kb,Kz,Qthresh,Rs,Rb1,Rb2,Prec,Frac4Rise,Error,BFF
385106106571000,1.90105e+08,38992.9,100,1149.36,0.15,0.001157,1,3.2056,60953.7,1.00145,60185.7,-0.07723,-0.036839,-0.030902,2077.14,0.05,0.277167,0.532262
