tmp.site,tmp.area,Lb,X1,Wb,POR,ALPHA,BETA,Ks,Kb,Kz,Qthresh,Rs,Rb1,Rb2,Prec,Frac4Rise,Error,BFF
02440000,4.32528e+08,4943.41,100,732.381,0.15,0.009401,1,4613.28,11687.5,0.927172,237317,-0.379078,-0.132382,-0.124994,244.657,0.05,0.997591,0.1379
