tmp.site,tmp.area,Lb,X1,Wb,POR,ALPHA,BETA,Ks,Kb,Kz,Qthresh,Rs,Rb1,Rb2,Prec,Frac4Rise,Error,BFF
09288180,2.37502e+09,9685.69,2630.78,1768.42,0.15,0.014628,5.3,176.367,0.972666,2.66533,110096,-0.066333,-0.019486,-0.015066,9296.97,0.05,0.295179,0.477798
