tmp.site,tmp.area,Lb,X1,Wb,POR,ALPHA,BETA,Ks,Kb,Kz,Qthresh,Rs,Rb1,Rb2,Prec,Frac4Rise,Error,BFF
07327442,3.44468e+07,159407,17.4801,49.8511,0.15,0.068211,0.9,309.336,1220.33,0.62178,10618.1,-0.20391,-0.040139,-0.059117,24.4657,0.05,1.7007,0.23412
