tmp.site,tmp.area,Lb,X1,Wb,POR,ALPHA,BETA,Ks,Kb,Kz,Qthresh,Rs,Rb1,Rb2,Prec,Frac4Rise,Error,BFF
09110000,1.23283e+09,8150.71,43.199,9150.68,0.15,0.000808,1.2,136.409,690.919,1.01633,256890,-0.065397,-0.022108,-0.01928,10764.9,0.05,0.393641,0.718085
