tmp.site,tmp.area,Lb,X1,Wb,POR,ALPHA,BETA,Ks,Kb,Kz,Qthresh,Rs,Rb1,Rb2,Prec,Frac4Rise,Error,BFF
06337000,2.15228e+10,8888.7,100,1731.83,0.15,0.010478,1,7118.49,10998.3,0.949765,171260,-0.143841,-0.075328,-0.070539,24.4657,0.05,8.99397,0.248409
