tmp.site,tmp.area,Lb,X1,Wb,POR,ALPHA,BETA,Ks,Kb,Kz,Qthresh,Rs,Rb1,Rb2,Prec,Frac4Rise,Error,BFF
12322001,3.54828e+10,59244.9,22.0103,5973.54,0.15,0.003176,0.9,786.371,4808.93,1.35102,1.71749e+07,-0.02326,-0.025491,-0.031233,677700,0.05,0.362584,0.506494
