tmp.site,tmp.area,Lb,X1,Wb,POR,ALPHA,BETA,Ks,Kb,Kz,Qthresh,Rs,Rb1,Rb2,Prec,Frac4Rise,Error,BFF
03432350,4.97278e+08,6541.13,100,1333.1,0.15,0.014713,1,4022.02,14769.1,0.932928,4440.53,-0.277979,-0.090746,-0.098863,232.424,0.05,0.501211,0.371152
