tmp.site,tmp.area,Lb,X1,Wb,POR,ALPHA,BETA,Ks,Kb,Kz,Qthresh,Rs,Rb1,Rb2,Prec,Frac4Rise,Error,BFF
05516500,7.61457e+08,8058.15,747.923,1241.03,0.15,0.011612,1.3,1840.7,13098.6,2.4164,58717.7,-0.15914,-0.07863,-0.032634,6361.09,0.05,0.322422,0.381857
