tmp.site,tmp.area,Lb,X1,Wb,POR,ALPHA,BETA,Ks,Kb,Kz,Qthresh,Rs,Rb1,Rb2,Prec,Frac4Rise,Error,BFF
03604000,1.15772e+09,5040.47,100,2532.96,0.15,0.007318,1,2373.98,1858.09,0.96975,379219,-0.154676,-0.071944,-0.026509,30337.5,0.05,0.292641,0.392709
