tmp.site,tmp.area,Lb,X1,Wb,POR,ALPHA,BETA,Ks,Kb,Kz,Qthresh,Rs,Rb1,Rb2,Prec,Frac4Rise,Error,BFF
02453000,4.68788e+08,28189.4,100.473,739.8,0.15,0.011957,1.2,2996.7,35789.5,1.09536,31805.4,-0.177644,-0.08864,-0.061332,1272.22,0.05,0.403723,0.353152
