tmp.site,tmp.area,Lb,X1,Wb,POR,ALPHA,BETA,Ks,Kb,Kz,Qthresh,Rs,Rb1,Rb2,Prec,Frac4Rise,Error,BFF
012095493,8.78006e+06,4168.06,100,168.964,0.15,0.023805,1,264.315,6941.52,0.373021,1272.22,-0.196118,-0.066218,-0.087259,134.561,0.05,0.403334,0.409276
