tmp.site,tmp.area,Lb,X1,Wb,POR,ALPHA,BETA,Ks,Kb,Kz,Qthresh,Rs,Rb1,Rb2,Prec,Frac4Rise,Error,BFF
08033900,4.09218e+08,20676.4,64.8849,443.506,0.15,0.009335,1.4,2049.85,11897.5,0.178209,124775,-0.273843,-0.090952,-0.056396,625.001,0.05,0.42551,0.289274
