tmp.site,tmp.area,Lb,X1,Wb,POR,ALPHA,BETA,Ks,Kb,Kz,Qthresh,Rs,Rb1,Rb2,Prec,Frac4Rise,Error,BFF
06154430,5.05048e+07,159868,100,47.1328,0.15,0.060639,1,262.558,13604.1,0.419453,2422.11,-0.143841,-0.025944,-0.019378,24.4657,0.05,0.587174,0.198938
