tmp.site,tmp.area,Lb,X1,Wb,POR,ALPHA,BETA,Ks,Kb,Kz,Qthresh,Rs,Rb1,Rb2,Prec,Frac4Rise,Error,BFF
08384500,1.137e+10,27619.5,26.4968,718.022,0.15,0.005617,0.9,59.3783,2117.29,1.4341,256890,-0.01184,-0.068093,-0.238658,24.4657,0.05,70.5594,0.290847
