tmp.site,tmp.area,Lb,X1,Wb,POR,ALPHA,BETA,Ks,Kb,Kz,Qthresh,Rs,Rb1,Rb2,Prec,Frac4Rise,Error,BFF
01553700,1.32866e+08,7151.16,0.83187,440.237,0.15,0.009639,1.7,790.921,33.1063,0.536629,45261.6,-0.280045,-0.090433,-0.065386,736.418,0.05,0.355046,0.346198
