tmp.site,tmp.area,Lb,X1,Wb,POR,ALPHA,BETA,Ks,Kb,Kz,Qthresh,Rs,Rb1,Rb2,Prec,Frac4Rise,Error,BFF
04292810,9.68656e+06,6345.43,100,81.5054,0.15,0.032739,1,311.094,16046.9,0.672328,13162.6,-0.229766,-0.099949,-0.140676,24.4657,0.05,0.662389,0.247978
