tmp.site,tmp.area,Lb,X1,Wb,POR,ALPHA,BETA,Ks,Kb,Kz,Qthresh,Rs,Rb1,Rb2,Prec,Frac4Rise,Error,BFF
07282100,2.61589e+08,7526.42,100,545.398,0.15,0.00929,1,3489.62,17499.5,0.914584,4403.83,-0.346574,-0.135361,-0.122166,9.22358,0.05,1.937,0.137794
