tmp.site,tmp.area,Lb,X1,Wb,POR,ALPHA,BETA,Ks,Kb,Kz,Qthresh,Rs,Rb1,Rb2,Prec,Frac4Rise,Error,BFF
06710605,4.55838e+08,35247,100,197.78,0.15,0.085799,1,53.4671,41684.7,0.926704,1198.82,-0.152358,-0.042099,-0.081994,53.8246,0.05,0.76705,0.539286
