tmp.site,tmp.area,Lb,X1,Wb,POR,ALPHA,BETA,Ks,Kb,Kz,Qthresh,Rs,Rb1,Rb2,Prec,Frac4Rise,Error,BFF
02358789,1.20175e+09,18309.7,100,1254.46,0.15,0.009507,1,647.729,7482.72,0.921985,238487,-0.053916,-0.042358,-0.017894,24955,0.05,0.315495,0.502071
