tmp.site,tmp.area,Lb,X1,Wb,POR,ALPHA,BETA,Ks,Kb,Kz,Qthresh,Rs,Rb1,Rb2,Prec,Frac4Rise,Error,BFF
06893350,5.30948e+07,5692.32,12.1485,207.565,0.15,0.013399,1.1,899.748,1687.08,1.19846,366.986,-0.32732,-0.149756,-0.10987,24.4657,0.05,0.583285,0.169649
