tmp.site,tmp.area,Lb,X1,Wb,POR,ALPHA,BETA,Ks,Kb,Kz,Qthresh,Rs,Rb1,Rb2,Prec,Frac4Rise,Error,BFF
05488200,2.33358e+08,5259.52,100,400.632,0.15,0.014116,1,1214.19,13707.6,1.03547,39389.8,-0.240352,-0.120293,-0.108712,24.4657,0.05,0.720401,0.182642
