tmp.site,tmp.area,Lb,X1,Wb,POR,ALPHA,BETA,Ks,Kb,Kz,Qthresh,Rs,Rb1,Rb2,Prec,Frac4Rise,Error,BFF
10347600,2.97849e+07,12832.3,852.976,346.806,0.15,0.008884,10,90.7451,816.256,0.197149,16147.4,-0.070521,-0.016382,-0.012101,557.818,0.05,0.252113,0.652087
