tmp.site,tmp.area,Lb,X1,Wb,POR,ALPHA,BETA,Ks,Kb,Kz,Qthresh,Rs,Rb1,Rb2,Prec,Frac4Rise,Error,BFF
06893970,2.17559e+07,11065.9,100,57.8721,0.15,0.029107,1,771.425,23204.4,0.908746,4818.03,-0.458145,-0.091465,-0.125325,24.4657,0.05,0.960223,0.172228
