tmp.site,tmp.area,Lb,X1,Wb,POR,ALPHA,BETA,Ks,Kb,Kz,Qthresh,Rs,Rb1,Rb2,Prec,Frac4Rise,Error,BFF
02328522,2.59517e+09,8986.78,1.36618,6559.55,0.15,0.013014,1.4,1650.22,198.093,1.12447,149730,-0.060372,-0.066911,-0.039451,4550.62,0.05,0.328249,0.824268
