tmp.site,tmp.area,Lb,X1,Wb,POR,ALPHA,BETA,Ks,Kb,Kz,Qthresh,Rs,Rb1,Rb2,Prec,Frac4Rise,Error,BFF
13317000,3.47602e+10,24627,5758.61,13682.5,0.15,0.00436,10.1,4245.71,2356.7,1.05226,7.04613e+06,-0.044594,-0.023391,-0.014701,616536,0.05,0.259138,0.708787
