tmp.site,tmp.area,Lb,X1,Wb,POR,ALPHA,BETA,Ks,Kb,Kz,Qthresh,Rs,Rb1,Rb2,Prec,Frac4Rise,Error,BFF
05470000,8.15846e+08,19750.1,68.2114,780.988,0.15,0.019577,1,1476.65,21215.5,0.68934,61164.3,-0.143841,-0.065406,-0.073694,24.4657,0.05,1.15051,0.439862
