tmp.site,tmp.area,Lb,X1,Wb,POR,ALPHA,BETA,Ks,Kb,Kz,Qthresh,Rs,Rb1,Rb2,Prec,Frac4Rise,Error,BFF
03461500,1.72493e+09,124180,67.4735,1209.06,0.15,0.012094,0.9,3102.73,78067.7,1.18234,557818,-0.125667,-0.047466,-0.068036,33762.7,0.05,0.383057,0.554396
