tmp.site,tmp.area,Lb,X1,Wb,POR,ALPHA,BETA,Ks,Kb,Kz,Qthresh,Rs,Rb1,Rb2,Prec,Frac4Rise,Error,BFF
04232200,1.02046e+08,23345.8,100,190.625,0.15,0.013932,1,219.601,24759,0.920954,20384.8,-0.155349,-0.066968,-0.041877,1073.46,0.05,0.326341,0.42683
