tmp.site,tmp.area,Lb,X1,Wb,POR,ALPHA,BETA,Ks,Kb,Kz,Qthresh,Rs,Rb1,Rb2,Prec,Frac4Rise,Error,BFF
13124265,1.37269e+08,211533,100,569.503,0.15,0.011075,1,34.4238,838.127,0.195995,82204.8,-0.028844,-0.009432,-0.019432,3332.23,0.05,0.272511,0.778399
