tmp.site,tmp.area,Lb,X1,Wb,POR,ALPHA,BETA,Ks,Kb,Kz,Qthresh,Rs,Rb1,Rb2,Prec,Frac4Rise,Error,BFF
11136500,2.3284e+08,39218.8,100,41.0276,0.15,0.052928,1,408.442,15902.5,1.02362,11254.2,-0.143841,-0.057787,-0.030103,24.4657,0.05,0.714768,0.119459
