tmp.site,tmp.area,Lb,X1,Wb,POR,ALPHA,BETA,Ks,Kb,Kz,Qthresh,Rs,Rb1,Rb2,Prec,Frac4Rise,Error,BFF
10137500,3.54828e+08,59159.4,18340,336.004,0.15,0.010701,5.2,232.074,4850.75,0.626559,62632.2,-0.050295,-0.025279,-0.011152,5382.46,0.05,0.338171,0.323042
