tmp.site,tmp.area,Lb,X1,Wb,POR,ALPHA,BETA,Ks,Kb,Kz,Qthresh,Rs,Rb1,Rb2,Prec,Frac4Rise,Error,BFF
11463980,2.04868e+09,89634.8,11.056,382.417,0.15,0.014917,0.9,393.257,49.2043,0.88485,425703,-0.054258,-0.016923,-0.022109,7068.15,0.05,0.427263,0.553919
