tmp.site,tmp.area,Lb,X1,Wb,POR,ALPHA,BETA,Ks,Kb,Kz,Qthresh,Rs,Rb1,Rb2,Prec,Frac4Rise,Error,BFF
05551330,7.14837e+07,37288.7,100,113.696,0.15,0.018715,1,197.369,50637.6,0.960646,6850.4,-0.202733,-0.070913,-0.088623,46.4849,0.05,0.531367,0.382437
