tmp.site,tmp.area,Lb,X1,Wb,POR,ALPHA,BETA,Ks,Kb,Kz,Qthresh,Rs,Rb1,Rb2,Prec,Frac4Rise,Error,BFF
12398600,6.52677e+10,16626.6,0.674419,39361.9,0.15,0.008592,0.9,6174.83,189.221,1.52027,6.14089e+07,-0.0546,-0.027282,-0.038263,1.38476e+06,0.05,0.23717,0.870004
