tmp.site,tmp.area,Lb,X1,Wb,POR,ALPHA,BETA,Ks,Kb,Kz,Qthresh,Rs,Rb1,Rb2,Prec,Frac4Rise,Error,BFF
01158000,2.61589e+08,8333.92,100,549.719,0.15,0.028167,1,500.437,10244.5,0.954814,269123,-0.035694,-0.063212,-0.067707,1029.69,0.05,0.664501,0.400708
