tmp.site,tmp.area,Lb,X1,Wb,POR,ALPHA,BETA,Ks,Kb,Kz,Qthresh,Rs,Rb1,Rb2,Prec,Frac4Rise,Error,BFF
02163500,1.50219e+09,12649.8,100,1984.38,0.15,0.011446,1,3507.41,10107.9,0.933914,1.16212e+06,-0.160457,-0.050458,-0.052129,28624.9,0.05,0.28671,0.574952
