tmp.site,tmp.area,Lb,X1,Wb,POR,ALPHA,BETA,Ks,Kb,Kz,Qthresh,Rs,Rb1,Rb2,Prec,Frac4Rise,Error,BFF
02162550,8.83186e+08,8641.77,29.2284,4127.07,0.15,0.010329,1.6,1404.03,3923.37,0.975675,1.04459e+06,-0.0966,-0.049157,-0.038472,34672.8,0.05,0.353315,0.878096
