tmp.site,tmp.area,Lb,X1,Wb,POR,ALPHA,BETA,Ks,Kb,Kz,Qthresh,Rs,Rb1,Rb2,Prec,Frac4Rise,Error,BFF
09535300,3.23749e+09,5643.33,100,18.0103,0.15,0.001152,1,27188,169.659,0.940879,21849.4,-0.62667,-0.169512,-0.343643,24.4657,0.05,0.227504,3.1e-05
