tmp.site,tmp.area,Lb,X1,Wb,POR,ALPHA,BETA,Ks,Kb,Kz,Qthresh,Rs,Rb1,Rb2,Prec,Frac4Rise,Error,BFF
08386505,4.73968e+07,3818.22,599.017,360.317,0.15,0.032731,1,234.943,18698.8,0.079355,5015.47,-0.116311,-0.053681,-0.051118,51.378,0.05,0.502529,0.403972
