tmp.site,tmp.area,Lb,X1,Wb,POR,ALPHA,BETA,Ks,Kb,Kz,Qthresh,Rs,Rb1,Rb2,Prec,Frac4Rise,Error,BFF
07291000,4.68788e+08,2615.3,204.866,2482.15,0.15,0.004065,1.4,6981.71,289.652,1.05883,122329,-0.388119,-0.137738,-0.030962,8073.69,0.05,0.326561,0.225032
