tmp.site,tmp.area,Lb,X1,Wb,POR,ALPHA,BETA,Ks,Kb,Kz,Qthresh,Rs,Rb1,Rb2,Prec,Frac4Rise,Error,BFF
08014500,1.32089e+09,7627.47,503.351,2342.17,0.15,0.006532,1.6,3732.31,798.33,0.660777,347413,-0.113854,-0.098709,-0.028566,25199.7,0.05,0.299314,0.29614
