tmp.site,tmp.area,Lb,X1,Wb,POR,ALPHA,BETA,Ks,Kb,Kz,Qthresh,Rs,Rb1,Rb2,Prec,Frac4Rise,Error,BFF
09306500,1.04118e+10,18613,100,1636,0.15,0.007359,1,524.024,11073.1,0.95749,1.22329e+06,-0.083527,-0.029082,-0.031264,28257.9,0.05,0.360977,0.615308
