tmp.site,tmp.area,Lb,X1,Wb,POR,ALPHA,BETA,Ks,Kb,Kz,Qthresh,Rs,Rb1,Rb2,Prec,Frac4Rise,Error,BFF
07295400,2.09789e+09,9328.68,139.19,17.2305,0.15,0.007152,1,12139.1,619.148,0.058357,24.4657,-0.752898,-0.002,-0.001,24.4657,0.05,0.251251,6e-05
