tmp.site,tmp.area,Lb,X1,Wb,POR,ALPHA,BETA,Ks,Kb,Kz,Qthresh,Rs,Rb1,Rb2,Prec,Frac4Rise,Error,BFF
04078500,9.94555e+08,68994.8,455.548,452.34,0.15,0.006494,4.5,298.552,15955.6,1.26889,437936,-0.102397,-0.048547,-0.033418,14679.4,0.05,0.31679,0.513527
