tmp.site,tmp.area,Lb,X1,Wb,POR,ALPHA,BETA,Ks,Kb,Kz,Qthresh,Rs,Rb1,Rb2,Prec,Frac4Rise,Error,BFF
06090800,6.29289e+10,10443.5,0.20068,37890.4,0.15,0.004454,1.3,142.115,7.80416,1.1493,1.4655e+07,-0.049986,-0.022925,-0.020475,601857,0.05,0.228545,0.869585
