tmp.site,tmp.area,Lb,X1,Wb,POR,ALPHA,BETA,Ks,Kb,Kz,Qthresh,Rs,Rb1,Rb2,Prec,Frac4Rise,Error,BFF
03198500,1.0101e+09,7479.51,100,1534.53,0.15,0.014009,1,4047.44,12601.8,0.949074,274016,-0.189745,-0.077411,-0.07193,1712.6,0.05,0.406962,0.402719
