tmp.site,tmp.area,Lb,X1,Wb,POR,ALPHA,BETA,Ks,Kb,Kz,Qthresh,Rs,Rb1,Rb2,Prec,Frac4Rise,Error,BFF
02245260,1.56694e+08,4051.85,100,638.709,0.15,0.032461,1,883.909,18597.9,1.01068,127217,-0.20353,-0.09991,-0.163165,185.939,0.05,1.05563,0.410225
