tmp.site,tmp.area,Lb,X1,Wb,POR,ALPHA,BETA,Ks,Kb,Kz,Qthresh,Rs,Rb1,Rb2,Prec,Frac4Rise,Error,BFF
02418230,1.84666e+08,10873.5,100,488.679,0.15,0.010608,1,1580.76,8472.47,0.88005,11282.9,-0.459108,-0.081304,-0.050453,1312.83,0.05,0.353438,0.335285
