tmp.site,tmp.area,Lb,X1,Wb,POR,ALPHA,BETA,Ks,Kb,Kz,Qthresh,Rs,Rb1,Rb2,Prec,Frac4Rise,Error,BFF
11073360,1.2665e+08,10860.3,8.98717,66.7029,0.15,0.008426,0.9,1294.19,84.5627,1.47547,2446.57,-0.202733,-0.111727,-0.17405,24.4657,0.05,0.902201,0.03037
