tmp.site,tmp.area,Lb,X1,Wb,POR,ALPHA,BETA,Ks,Kb,Kz,Qthresh,Rs,Rb1,Rb2,Prec,Frac4Rise,Error,BFF
05212700,9.60886e+08,145090,176.485,462.24,0.15,0.003478,3.4,178.047,2370.59,0.015203,256890,-0.038141,-0.034735,-0.023139,3914.51,0.05,0.48912,0.311679
