tmp.site,tmp.area,Lb,X1,Wb,POR,ALPHA,BETA,Ks,Kb,Kz,Qthresh,Rs,Rb1,Rb2,Prec,Frac4Rise,Error,BFF
04121300,6.29367e+08,99590.1,38032.7,447.942,0.15,0.006265,10.1,347.51,1591.85,0.66636,214281,-0.085925,-0.026084,-0.016913,13284.9,0.05,0.282269,0.526694
