tmp.site,tmp.area,Lb,X1,Wb,POR,ALPHA,BETA,Ks,Kb,Kz,Qthresh,Rs,Rb1,Rb2,Prec,Frac4Rise,Error,BFF
05590950,9.27216e+08,14124.2,13.1327,1426.66,0.15,0.014816,1.1,3920.37,3760.98,1.02313,19117.5,-0.198172,-0.085059,-0.071102,1721.02,0.05,0.434103,0.458833
