tmp.site,tmp.area,Lb,X1,Wb,POR,ALPHA,BETA,Ks,Kb,Kz,Qthresh,Rs,Rb1,Rb2,Prec,Frac4Rise,Error,BFF
04245840,1.03082e+08,13714.8,100,310.671,0.15,0.015093,1,500.803,17473.4,0.921282,16720.1,-0.18811,-0.06081,-0.058742,1741.96,0.05,0.356995,0.431154
