tmp.site,tmp.area,Lb,X1,Wb,POR,ALPHA,BETA,Ks,Kb,Kz,Qthresh,Rs,Rb1,Rb2,Prec,Frac4Rise,Error,BFF
02313700,1.24319e+09,27931.8,100,1317.73,0.15,0.046402,1,1041.47,55836.5,1.09333,556840,-0.153052,-0.063492,-0.133163,1499.99,0.05,1.28391,0.507322
