tmp.site,tmp.area,Lb,X1,Wb,POR,ALPHA,BETA,Ks,Kb,Kz,Qthresh,Rs,Rb1,Rb2,Prec,Frac4Rise,Error,BFF
01376558,3.10799e+06,2973.74,100,71.6963,0.15,0.012154,1,253.94,5066.59,0.351252,1879.95,-0.515463,-0.099983,-0.098002,34.252,0.05,0.416841,0.208387
