tmp.site,tmp.area,Lb,X1,Wb,POR,ALPHA,BETA,Ks,Kb,Kz,Qthresh,Rs,Rb1,Rb2,Prec,Frac4Rise,Error,BFF
09497500,7.37888e+09,13414.2,100,1710.41,0.15,0.007227,1,1827.65,6245.42,0.997964,433043,-0.084694,-0.039113,-0.024419,18104.6,0.05,0.370609,0.424253
