tmp.site,tmp.area,Lb,X1,Wb,POR,ALPHA,BETA,Ks,Kb,Kz,Qthresh,Rs,Rb1,Rb2,Prec,Frac4Rise,Error,BFF
02237293,5.72387e+08,62646.4,96.0373,284.451,0.15,0.032388,1,180.172,45578.2,1.05568,24465.7,-0.074738,-0.05892,-0.069906,24.4657,0.05,12.4639,0.352643
