tmp.site,tmp.area,Lb,X1,Wb,POR,ALPHA,BETA,Ks,Kb,Kz,Qthresh,Rs,Rb1,Rb2,Prec,Frac4Rise,Error,BFF
05380900,4.06628e+08,7369.95,1.99325,628.444,0.15,0.009478,1.3,3339.84,335.778,0.986862,6710.95,-0.246356,-0.154738,-0.087862,256.401,0.05,0.408662,0.200618
