tmp.site,tmp.area,Lb,X1,Wb,POR,ALPHA,BETA,Ks,Kb,Kz,Qthresh,Rs,Rb1,Rb2,Prec,Frac4Rise,Error,BFF
02155800,8.13256e+08,26536.5,15.2675,913.077,0.15,0.008518,1,565.954,3216.98,0.912518,271569,-0.046235,-0.044095,-0.046173,25689,0.05,0.313898,0.570211
