tmp.site,tmp.area,Lb,X1,Wb,POR,ALPHA,BETA,Ks,Kb,Kz,Qthresh,Rs,Rb1,Rb2,Prec,Frac4Rise,Error,BFF
09404200,3.86727e+11,29450.3,71.6118,91203.1,0.15,0.003864,0.8,186.821,10881,1.11559,2.276e+07,-0.020854,-0.015015,-0.026169,1.88621e+06,0.05,0.342157,0.932232
