tmp.site,tmp.area,Lb,X1,Wb,POR,ALPHA,BETA,Ks,Kb,Kz,Qthresh,Rs,Rb1,Rb2,Prec,Frac4Rise,Error,BFF
04292000,8.02896e+08,10964.1,100,1185.5,0.15,0.010405,1,3082.07,11031.5,0.915388,599410,-0.156987,-0.062816,-0.059757,17126,0.05,0.357608,0.421487
