tmp.site,tmp.area,Lb,X1,Wb,POR,ALPHA,BETA,Ks,Kb,Kz,Qthresh,Rs,Rb1,Rb2,Prec,Frac4Rise,Error,BFF
01115265,2.25847e+07,6418.66,100,212.269,0.15,0.029015,1,279.806,14643.4,0.699257,45506.2,-0.251641,-0.074279,-0.083069,24.4657,0.05,0.429556,0.417099
