tmp.site,tmp.area,Lb,X1,Wb,POR,ALPHA,BETA,Ks,Kb,Kz,Qthresh,Rs,Rb1,Rb2,Prec,Frac4Rise,Error,BFF
05056215,3.83318e+08,25174.4,316.078,691.436,0.15,0.03187,0.9,442.007,91901.9,1.09734,123982,-0.077951,-0.052138,-0.100326,24.4657,0.05,37.4629,0.463395
