tmp.site,tmp.area,Lb,X1,Wb,POR,ALPHA,BETA,Ks,Kb,Kz,Qthresh,Rs,Rb1,Rb2,Prec,Frac4Rise,Error,BFF
0214269560,9.42756e+07,67740.3,53.843,104.648,0.15,0.041377,0.9,918.62,10169.9,0.941309,69971.9,-0.302408,-0.036896,-0.055398,203.604,0.05,0.632678,0.242795
