tmp.site,tmp.area,Lb,X1,Wb,POR,ALPHA,BETA,Ks,Kb,Kz,Qthresh,Rs,Rb1,Rb2,Prec,Frac4Rise,Error,BFF
09210500,3.98858e+08,54725.3,0.846388,114.667,0.15,0.08291,3.5,1461.62,0.002165,0.162247,82449.5,-0.133363,-0.022578,-0.017521,3425.2,0.05,0.459268,0.259035
