tmp.site,tmp.area,Lb,X1,Wb,POR,ALPHA,BETA,Ks,Kb,Kz,Qthresh,Rs,Rb1,Rb2,Prec,Frac4Rise,Error,BFF
11467000,3.4654e+09,18467,1.91163,1911.1,0.15,0.005558,2.5,1061.58,25.2619,1.52378,477081,-0.081616,-0.070918,-0.027107,11278.7,0.05,0.381541,0.216142
