tmp.site,tmp.area,Lb,X1,Wb,POR,ALPHA,BETA,Ks,Kb,Kz,Qthresh,Rs,Rb1,Rb2,Prec,Frac4Rise,Error,BFF
01434021,2.14969e+06,1977.15,0.041172,150.922,0.15,0.016667,1.6,201.64,0.628856,0.345086,636.109,-0.290468,-0.074365,-0.048876,29.3589,0.05,0.350639,0.373314
