tmp.site,tmp.area,Lb,X1,Wb,POR,ALPHA,BETA,Ks,Kb,Kz,Qthresh,Rs,Rb1,Rb2,Prec,Frac4Rise,Error,BFF
06869500,7.30377e+09,15298.6,100,541.028,0.15,0.005942,1,1587.28,5330.39,0.902133,171260,-0.111572,-0.071764,-0.061919,1443.48,0.05,0.5537,0.163097
