tmp.site,tmp.area,Lb,X1,Wb,POR,ALPHA,BETA,Ks,Kb,Kz,Qthresh,Rs,Rb1,Rb2,Prec,Frac4Rise,Error,BFF
06479640,4.16988e+08,29985.7,100,194.296,0.15,0.082928,1,851.644,22917.2,0.923436,5871.77,-0.143841,-0.060351,-0.089204,24.4657,0.05,8.81493,0.235234
