tmp.site,tmp.area,Lb,X1,Wb,POR,ALPHA,BETA,Ks,Kb,Kz,Qthresh,Rs,Rb1,Rb2,Prec,Frac4Rise,Error,BFF
11253115,4.71896e+09,20409,64.0198,1493.13,0.15,0.010597,0.9,668.815,11026.8,1.1142,472188,-0.069605,-0.054913,-0.104298,146.794,0.05,49.7387,0.50819
