tmp.site,tmp.area,Lb,X1,Wb,POR,ALPHA,BETA,Ks,Kb,Kz,Qthresh,Rs,Rb1,Rb2,Prec,Frac4Rise,Error,BFF
01663500,7.38147e+08,22225.1,34.3707,1055.92,0.15,0.018176,1,2076.59,9509,1.08664,222638,-0.269169,-0.055561,-0.057296,2055.12,0.05,0.387259,0.462835
