tmp.site,tmp.area,Lb,X1,Wb,POR,ALPHA,BETA,Ks,Kb,Kz,Qthresh,Rs,Rb1,Rb2,Prec,Frac4Rise,Error,BFF
02146381,1.69126e+08,12390.9,100,421.212,0.15,0.005995,1,1748.69,4770.86,0.955124,50830,-0.579501,-0.115386,-0.077913,5137.8,0.05,0.314884,0.297609
