tmp.site,tmp.area,Lb,X1,Wb,POR,ALPHA,BETA,Ks,Kb,Kz,Qthresh,Rs,Rb1,Rb2,Prec,Frac4Rise,Error,BFF
11293372,4.16988e+07,2.21035e+06,100,12.3586,0.15,6e-05,1,1.79229,7.38242,0.005501,16441,-0.004023,-0.002056,-0.002436,1345.61,0.05,0.128856,0.719396
