tmp.site,tmp.area,Lb,X1,Wb,POR,ALPHA,BETA,Ks,Kb,Kz,Qthresh,Rs,Rb1,Rb2,Prec,Frac4Rise,Error,BFF
06879650,1.14995e+07,2221.42,0.088478,15.9316,0.15,0.005001,0.9,1760.69,0.090104,0.277166,4746.35,-0.175471,-0.056638,-0.078893,24.4657,0.05,4.72427,0.017854
