tmp.site,tmp.area,Lb,X1,Wb,POR,ALPHA,BETA,Ks,Kb,Kz,Qthresh,Rs,Rb1,Rb2,Prec,Frac4Rise,Error,BFF
10125500,1.22247e+09,96266.8,22429.8,134.775,0.15,0.029544,9.4,1156.49,11.1648,0.032804,58717.7,-0.103551,-0.032788,-0.017143,3425.2,0.05,0.540297,0.300931
