tmp.site,tmp.area,Lb,X1,Wb,POR,ALPHA,BETA,Ks,Kb,Kz,Qthresh,Rs,Rb1,Rb2,Prec,Frac4Rise,Error,BFF
01653620,9.06496e+06,16768.6,100,16.8488,0.15,0.021457,1,673.297,3381.1,0.694734,1541.34,-0.692541,-0.107656,-0.093524,51.378,0.05,0.444788,0.202451
