tmp.site,tmp.area,Lb,X1,Wb,POR,ALPHA,BETA,Ks,Kb,Kz,Qthresh,Rs,Rb1,Rb2,Prec,Frac4Rise,Error,BFF
09328000,2.432e+09,4195.61,178.637,1378.96,0.15,0.016549,1,1181.07,1021.86,0.600107,234871,-0.143841,-0.047775,-0.054408,320.501,0.05,1.92785,0.246796
