tmp.site,tmp.area,Lb,X1,Wb,POR,ALPHA,BETA,Ks,Kb,Kz,Qthresh,Rs,Rb1,Rb2,Prec,Frac4Rise,Error,BFF
02299861,1.27168e+07,9600.44,0.244479,102.584,0.15,0.019196,1.1,216.452,17.7639,0.565984,3449.67,-0.401036,-0.073787,-0.064082,44.0383,0.05,0.435095,0.296894
