tmp.site,tmp.area,Lb,X1,Wb,POR,ALPHA,BETA,Ks,Kb,Kz,Qthresh,Rs,Rb1,Rb2,Prec,Frac4Rise,Error,BFF
09259700,7.82176e+09,14017.6,100,2177.24,0.15,0.011993,1,4176.01,28136.5,0.934674,403073,-0.167531,-0.051471,-0.120603,97.8629,0.05,0.910864,0.527592
