tmp.site,tmp.area,Lb,X1,Wb,POR,ALPHA,BETA,Ks,Kb,Kz,Qthresh,Rs,Rb1,Rb2,Prec,Frac4Rise,Error,BFF
06486000,8.1481e+11,67046,29.2044,42654.6,0.15,0.008017,0.9,5279.46,4606.37,0.988497,7.46204e+07,-0.047655,-0.020136,-0.030398,1.6392e+06,0.05,0.410841,0.779038
