tmp.site,tmp.area,Lb,X1,Wb,POR,ALPHA,BETA,Ks,Kb,Kz,Qthresh,Rs,Rb1,Rb2,Prec,Frac4Rise,Error,BFF
05471200,7.14837e+08,11366.4,100,947.492,0.15,0.014446,1,1640.04,15957.3,0.935244,6116.43,-0.143048,-0.063207,-0.056378,299.24,0.05,0.492543,0.419547
