tmp.site,tmp.area,Lb,X1,Wb,POR,ALPHA,BETA,Ks,Kb,Kz,Qthresh,Rs,Rb1,Rb2,Prec,Frac4Rise,Error,BFF
01054300,3.39288e+08,10015.1,0.994557,962.845,0.15,0.016684,1.6,1560.32,62.5801,1.2246,183493,-0.202216,-0.066455,-0.041678,3385.57,0.05,0.374639,0.484448
