tmp.site,tmp.area,Lb,X1,Wb,POR,ALPHA,BETA,Ks,Kb,Kz,Qthresh,Rs,Rb1,Rb2,Prec,Frac4Rise,Error,BFF
14306950,4.06628e+08,11562.4,100,662.988,0.15,0.007447,1,249.355,4807.24,0.928178,62495.2,-0.030909,-0.0784,-0.020395,2342.69,0.05,0.24064,0.213481
