tmp.site,tmp.area,Lb,X1,Wb,POR,ALPHA,BETA,Ks,Kb,Kz,Qthresh,Rs,Rb1,Rb2,Prec,Frac4Rise,Error,BFF
05426000,1.97357e+09,34338,100,2001.6,0.15,0.029119,1,995.645,31675.7,0.944669,193279,-0.087389,-0.03572,-0.04882,3914.51,0.05,0.404168,0.591054
