tmp.site,tmp.area,Lb,X1,Wb,POR,ALPHA,BETA,Ks,Kb,Kz,Qthresh,Rs,Rb1,Rb2,Prec,Frac4Rise,Error,BFF
05408000,6.88937e+08,69601.6,100,439.462,0.15,0.006291,1,545.006,3162.11,0.876606,200619,-0.202733,-0.038402,-0.022293,16392,0.05,0.246525,0.539339
