tmp.site,tmp.area,Lb,X1,Wb,POR,ALPHA,BETA,Ks,Kb,Kz,Qthresh,Rs,Rb1,Rb2,Prec,Frac4Rise,Error,BFF
01447720,3.05619e+08,46977.2,83.6138,545.675,0.15,0.009726,1.5,1197.68,19250.9,0.79581,92969.7,-0.143841,-0.056975,-0.041183,7829.03,0.05,0.304577,0.505003
