tmp.site,tmp.area,Lb,X1,Wb,POR,ALPHA,BETA,Ks,Kb,Kz,Qthresh,Rs,Rb1,Rb2,Prec,Frac4Rise,Error,BFF
09354500,1.3442e+09,16366.3,100,729.856,0.15,0.008961,1,844.1,7692.92,0.927672,44772.3,-0.091161,-0.045932,-0.040245,3792.19,0.05,0.377329,0.445039
