tmp.site,tmp.area,Lb,X1,Wb,POR,ALPHA,BETA,Ks,Kb,Kz,Qthresh,Rs,Rb1,Rb2,Prec,Frac4Rise,Error,BFF
01585500,8.52106e+06,5531.65,100,94.7882,0.15,0.01784,1,125.692,5919.33,0.290295,587.177,-0.183862,-0.044171,-0.071864,56.2711,0.05,0.460187,0.423531
