tmp.site,tmp.area,Lb,X1,Wb,POR,ALPHA,BETA,Ks,Kb,Kz,Qthresh,Rs,Rb1,Rb2,Prec,Frac4Rise,Error,BFF
08045995,6.34547e+08,11918.3,100,348.876,0.15,0.015248,1,4225,12379.9,0.997683,66042.8,-0.413092,-0.088082,-0.155691,24.4657,0.05,3.47289,0.181829
