tmp.site,tmp.area,Lb,X1,Wb,POR,ALPHA,BETA,Ks,Kb,Kz,Qthresh,Rs,Rb1,Rb2,Prec,Frac4Rise,Error,BFF
11458000,5.64617e+08,54719.1,203.67,407.899,0.15,0.008615,1,2025.2,73249.1,1.30439,19817.2,-0.193838,-0.065453,-0.065337,24.4657,0.05,6.37099,0.200996
