tmp.site,tmp.area,Lb,X1,Wb,POR,ALPHA,BETA,Ks,Kb,Kz,Qthresh,Rs,Rb1,Rb2,Prec,Frac4Rise,Error,BFF
09211200,1.08702e+10,51555.3,44.5675,10006,0.15,0.010049,3.8,545.128,480.053,0.869067,3.25394e+06,-0.012556,-0.025068,-0.01981,73886.5,0.05,0.492721,0.820638
