tmp.site,tmp.area,Lb,X1,Wb,POR,ALPHA,BETA,Ks,Kb,Kz,Qthresh,Rs,Rb1,Rb2,Prec,Frac4Rise,Error,BFF
09519800,1.31856e+11,31918.7,100,1301.07,0.15,0.012467,1,7665.38,7761.18,0.9616,8073.69,-0.043076,-0.045527,-0.08202,24.4657,0.05,24.2945,0.06064
