tmp.site,tmp.area,Lb,X1,Wb,POR,ALPHA,BETA,Ks,Kb,Kz,Qthresh,Rs,Rb1,Rb2,Prec,Frac4Rise,Error,BFF
02146300,7.95126e+07,7613.87,100,305.672,0.15,0.01033,1,1449.84,4650.49,0.941646,12232.9,-0.581575,-0.114112,-0.084587,1272.22,0.05,0.348028,0.247803
