tmp.site,tmp.area,Lb,X1,Wb,POR,ALPHA,BETA,Ks,Kb,Kz,Qthresh,Rs,Rb1,Rb2,Prec,Frac4Rise,Error,BFF
09066325,1.99688e+08,19937.9,1791.32,345.923,0.15,0.008162,1.8,168.032,4263.29,0.063194,48686.8,-0.057086,-0.031038,-0.018092,2886.95,0.05,0.306727,0.197067
