tmp.site,tmp.area,Lb,X1,Wb,POR,ALPHA,BETA,Ks,Kb,Kz,Qthresh,Rs,Rb1,Rb2,Prec,Frac4Rise,Error,BFF
05457700,2.72985e+09,15113,5532.96,2001.88,0.15,0.00525,10.1,1160.77,1579.11,0.776797,649589,-0.074192,-0.055764,-0.02715,25199.7,0.05,0.30627,0.402281
