tmp.site,tmp.area,Lb,X1,Wb,POR,ALPHA,BETA,Ks,Kb,Kz,Qthresh,Rs,Rb1,Rb2,Prec,Frac4Rise,Error,BFF
04099000,4.83292e+09,17497.5,100,4109.85,0.15,0.010862,1,1045.86,10447,0.977217,4.18364e+06,-0.066766,-0.025336,-0.034186,88565.9,0.05,0.219807,0.801813
