tmp.site,tmp.area,Lb,X1,Wb,POR,ALPHA,BETA,Ks,Kb,Kz,Qthresh,Rs,Rb1,Rb2,Prec,Frac4Rise,Error,BFF
09271550,1.00751e+09,32093.7,100,300.886,0.15,0.031605,1,1140.1,37599.4,0.902481,66057.4,-0.185143,-0.060932,-0.098706,24.4657,0.05,1.66342,0.238527
