tmp.site,tmp.area,Lb,X1,Wb,POR,ALPHA,BETA,Ks,Kb,Kz,Qthresh,Rs,Rb1,Rb2,Prec,Frac4Rise,Error,BFF
05576000,2.24552e+09,11236.2,589.102,2304.91,0.15,0.017893,0.9,5190.18,96618.9,10.5554,15658.1,-0.091161,-0.076661,-0.119031,24.4657,0.05,15.3502,0.334408
