tmp.site,tmp.area,Lb,X1,Wb,POR,ALPHA,BETA,Ks,Kb,Kz,Qthresh,Rs,Rb1,Rb2,Prec,Frac4Rise,Error,BFF
12027500,2.31804e+09,12030.4,357.538,3228.63,0.15,0.011019,1.2,5368.35,11262.9,3.95139,379219,-0.146506,-0.06648,-0.021712,32050.1,0.05,0.316816,0.385392
