tmp.site,tmp.area,Lb,X1,Wb,POR,ALPHA,BETA,Ks,Kb,Kz,Qthresh,Rs,Rb1,Rb2,Prec,Frac4Rise,Error,BFF
07161450,4.69228e+10,9041.52,0.278977,2852.62,0.15,0.007772,1.5,8458.01,13.1694,0.457312,231690,-0.176465,-0.083783,-0.053844,14069.7,0.05,0.454565,0.298583
