tmp.site,tmp.area,Lb,X1,Wb,POR,ALPHA,BETA,Ks,Kb,Kz,Qthresh,Rs,Rb1,Rb2,Prec,Frac4Rise,Error,BFF
08158200,6.78577e+07,11207.5,100,103.874,0.15,0.020429,1,1497.31,23031.3,0.930529,15584.7,-0.549306,-0.103407,-0.176163,24.4657,0.05,6.40893,0.120286
