tmp.site,tmp.area,Lb,X1,Wb,POR,ALPHA,BETA,Ks,Kb,Kz,Qthresh,Rs,Rb1,Rb2,Prec,Frac4Rise,Error,BFF
01595000,1.89328e+08,35882.4,165.783,419.784,0.15,0.014006,1.1,1065.98,86517.2,1.58731,31805.4,-0.258501,-0.067832,-0.057609,2030.65,0.05,0.351334,0.46646
