tmp.site,tmp.area,Lb,X1,Wb,POR,ALPHA,BETA,Ks,Kb,Kz,Qthresh,Rs,Rb1,Rb2,Prec,Frac4Rise,Error,BFF
02484000,7.84766e+08,10882.2,0.068528,560.193,0.15,0.009951,1.3,3026.33,7.82019,2.17587,23976.4,-0.174077,-0.149366,-0.083492,1461.85,0.05,0.474754,0.132818
