tmp.site,tmp.area,Lb,X1,Wb,POR,ALPHA,BETA,Ks,Kb,Kz,Qthresh,Rs,Rb1,Rb2,Prec,Frac4Rise,Error,BFF
05481000,2.18595e+09,8790.67,126.921,1730.09,0.15,0.01414,1.1,3474.53,13221.9,1.06897,92969.7,-0.10846,-0.065709,-0.050171,1223.29,0.05,0.46706,0.393202
