tmp.site,tmp.area,Lb,X1,Wb,POR,ALPHA,BETA,Ks,Kb,Kz,Qthresh,Rs,Rb1,Rb2,Prec,Frac4Rise,Error,BFF
11359120,9.22036e+08,88703.8,100,3108.36,0.15,0.00583,1,169.864,186.968,0.366404,21040.5,-0.092071,-0.002452,-0.002248,2079.59,0.05,0.283437,0.691132
