tmp.site,tmp.area,Lb,X1,Wb,POR,ALPHA,BETA,Ks,Kb,Kz,Qthresh,Rs,Rb1,Rb2,Prec,Frac4Rise,Error,BFF
05104500,1.11369e+09,14242.9,100,429.309,0.15,0.009981,1,1038.55,5539.88,0.950526,22997.8,-0.091161,-0.061599,-0.062956,24.4657,0.05,6.61552,0.133514
