tmp.site,tmp.area,Lb,X1,Wb,POR,ALPHA,BETA,Ks,Kb,Kz,Qthresh,Rs,Rb1,Rb2,Prec,Frac4Rise,Error,BFF
11152000,6.31957e+08,37285.1,3.85061,509.007,0.15,0.009545,1,1109.9,851.469,0.222769,60430.3,-0.178337,-0.044645,-0.05086,24.4657,0.05,7.96479,0.26949
