tmp.site,tmp.area,Lb,X1,Wb,POR,ALPHA,BETA,Ks,Kb,Kz,Qthresh,Rs,Rb1,Rb2,Prec,Frac4Rise,Error,BFF
07017610,1.05931e+09,6819.27,100,1168.4,0.15,0.007318,1,3067.1,6019.76,0.871518,74375.8,-0.176409,-0.108982,-0.043404,5162.27,0.05,0.400329,0.233431
