tmp.site,tmp.area,Lb,X1,Wb,POR,ALPHA,BETA,Ks,Kb,Kz,Qthresh,Rs,Rb1,Rb2,Prec,Frac4Rise,Error,BFF
11145500,3.85908e+08,9199.4,123.807,298.61,0.15,0.01525,1,1172.87,6686.73,0.996367,56271.1,-0.202733,-0.068924,-0.06773,244.657,0.05,1.31012,0.10231
