tmp.site,tmp.area,Lb,X1,Wb,POR,ALPHA,BETA,Ks,Kb,Kz,Qthresh,Rs,Rb1,Rb2,Prec,Frac4Rise,Error,BFF
06868850,6.60447e+09,11755.4,8.28841,1577.44,0.15,0.008018,1.1,1140.58,950.52,1.00196,47463.5,-0.039904,-0.072628,-0.061562,1467.94,0.05,0.968913,0.535719
