tmp.site,tmp.area,Lb,X1,Wb,POR,ALPHA,BETA,Ks,Kb,Kz,Qthresh,Rs,Rb1,Rb2,Prec,Frac4Rise,Error,BFF
08049500,7.93831e+09,9926,100,1337.14,0.15,0.006629,1,7635.48,7393.28,0.891291,511333,-0.172528,-0.077056,-0.097956,3914.51,0.05,0.535941,0.207053
