tmp.site,tmp.area,Lb,X1,Wb,POR,ALPHA,BETA,Ks,Kb,Kz,Qthresh,Rs,Rb1,Rb2,Prec,Frac4Rise,Error,BFF
06918440,6.65627e+08,18396.3,100,765.705,0.15,0.014261,1,801.327,14466.3,0.92637,50399.4,-0.10382,-0.048282,-0.027376,2691.23,0.05,0.365304,0.427547
