tmp.site,tmp.area,Lb,X1,Wb,POR,ALPHA,BETA,Ks,Kb,Kz,Qthresh,Rs,Rb1,Rb2,Prec,Frac4Rise,Error,BFF
10316500,6.44907e+07,5873.22,100,1025.43,0.15,0.00262,1,7.6433,4417.65,0.591507,5382.46,-0.096795,-0.034584,-0.0161,562.711,0.05,0.36131,0.396848
