tmp.site,tmp.area,Lb,X1,Wb,POR,ALPHA,BETA,Ks,Kb,Kz,Qthresh,Rs,Rb1,Rb2,Prec,Frac4Rise,Error,BFF
09034900,1.45039e+07,6418.82,2552.98,504.417,0.15,0.014742,2.8,531.525,6743.11,1.57078,1786,-0.125657,-0.031834,-0.009728,124.775,0.05,0.332022,0.369119
