tmp.site,tmp.area,Lb,X1,Wb,POR,ALPHA,BETA,Ks,Kb,Kz,Qthresh,Rs,Rb1,Rb2,Prec,Frac4Rise,Error,BFF
02083500,5.65394e+09,11975.8,100,2250.02,0.15,0.009688,1,6223.37,12329.5,1.05646,308268,-0.143841,-0.068933,-0.062627,22019.1,0.05,0.394442,0.375379
