tmp.site,tmp.area,Lb,X1,Wb,POR,ALPHA,BETA,Ks,Kb,Kz,Qthresh,Rs,Rb1,Rb2,Prec,Frac4Rise,Error,BFF
09352900,1.87774e+08,15681.1,0.701799,633.53,0.15,0.00681,2.6,158.573,17.2479,0.908213,26912.3,-0.091161,-0.039122,-0.021372,2446.57,0.05,0.299119,0.489473
