tmp.site,tmp.area,Lb,X1,Wb,POR,ALPHA,BETA,Ks,Kb,Kz,Qthresh,Rs,Rb1,Rb2,Prec,Frac4Rise,Error,BFF
09165000,2.74539e+08,22567.7,100,432.409,0.15,0.008219,1,496.119,15419.2,1.03078,25199.7,-0.137129,-0.038705,-0.01904,1834.93,0.05,0.391661,0.372036
