tmp.site,tmp.area,Lb,X1,Wb,POR,ALPHA,BETA,Ks,Kb,Kz,Qthresh,Rs,Rb1,Rb2,Prec,Frac4Rise,Error,BFF
11372000,5.90517e+08,24788,3860.21,909.384,0.15,0.00516,10.1,343.017,5851.73,0.977126,605967,-0.084538,-0.03949,-0.019968,4893.14,0.05,0.437132,0.367437
