tmp.site,tmp.area,Lb,X1,Wb,POR,ALPHA,BETA,Ks,Kb,Kz,Qthresh,Rs,Rb1,Rb2,Prec,Frac4Rise,Error,BFF
02492000,3.14166e+09,7154.31,100,5146.23,0.15,0.004821,1,4636.1,965.138,1.57508,1.13032e+06,-0.127984,-0.07746,-0.021312,117435,0.05,0.254787,0.410828
