tmp.site,tmp.area,Lb,X1,Wb,POR,ALPHA,BETA,Ks,Kb,Kz,Qthresh,Rs,Rb1,Rb2,Prec,Frac4Rise,Error,BFF
03277300,1.71975e+08,15097,100,550.991,0.15,0.012417,1,1930.26,17183.7,0.941223,25444.3,-0.275205,-0.071337,-0.052053,947.312,0.05,0.379183,0.404243
