tmp.site,tmp.area,Lb,X1,Wb,POR,ALPHA,BETA,Ks,Kb,Kz,Qthresh,Rs,Rb1,Rb2,Prec,Frac4Rise,Error,BFF
02479945,8.15328e+07,13052.6,100,319.35,0.15,0.010623,1,899.497,4290.23,0.851465,20795.9,-0.413339,-0.080195,-0.046717,2189.44,0.05,0.330626,0.387561
