tmp.site,tmp.area,Lb,X1,Wb,POR,ALPHA,BETA,Ks,Kb,Kz,Qthresh,Rs,Rb1,Rb2,Prec,Frac4Rise,Error,BFF
11465680,1.05672e+08,3985.18,224.249,313.92,0.15,0.015248,1,1128.81,6245.74,0.684079,2984.82,-0.24997,-0.104482,-0.084917,24.4657,0.05,3.80494,0.126538
