tmp.site,tmp.area,Lb,X1,Wb,POR,ALPHA,BETA,Ks,Kb,Kz,Qthresh,Rs,Rb1,Rb2,Prec,Frac4Rise,Error,BFF
12201960,8.70236e+06,3950.42,100,250.325,0.15,0.019857,1,392.882,5952.5,0.39339,24049.8,-0.233654,-0.062887,-0.083397,24.4657,0.05,1.31859,0.428487
