tmp.site,tmp.area,Lb,X1,Wb,POR,ALPHA,BETA,Ks,Kb,Kz,Qthresh,Rs,Rb1,Rb2,Prec,Frac4Rise,Error,BFF
03426310,3.02329e+10,36766.7,100.137,13427.9,0.15,0.029185,0.9,14154,84633,5.49759,2.09916e+06,-0.113931,-0.045424,-0.073761,180459,0.05,0.414044,0.55821
