tmp.site,tmp.area,Lb,X1,Wb,POR,ALPHA,BETA,Ks,Kb,Kz,Qthresh,Rs,Rb1,Rb2,Prec,Frac4Rise,Error,BFF
11462080,7.40737e+08,19238.6,100,1416.48,0.15,0.001953,1,115.803,699.039,0.950296,545585,-0.040021,-0.065519,-0.036371,8342.81,0.05,0.353342,0.267024
