tmp.site,tmp.area,Lb,X1,Wb,POR,ALPHA,BETA,Ks,Kb,Kz,Qthresh,Rs,Rb1,Rb2,Prec,Frac4Rise,Error,BFF
07169800,5.69797e+08,5982.1,100,726.353,0.15,0.012378,1,1852.91,12038.9,0.912289,7119.52,-0.1952,-0.106795,-0.090799,24.4657,0.05,0.803712,0.200539
