tmp.site,tmp.area,Lb,X1,Wb,POR,ALPHA,BETA,Ks,Kb,Kz,Qthresh,Rs,Rb1,Rb2,Prec,Frac4Rise,Error,BFF
04043016,5.17998e+07,26996.1,14536.2,244.426,0.15,0.010027,10.1,179.057,3451.1,0.762294,51378,-0.166729,-0.073157,-0.023825,2593.37,0.05,0.31753,0.379022
