tmp.site,tmp.area,Lb,X1,Wb,POR,ALPHA,BETA,Ks,Kb,Kz,Qthresh,Rs,Rb1,Rb2,Prec,Frac4Rise,Error,BFF
03382100,3.80728e+08,15744.7,25.9368,556.173,0.15,0.010576,1.2,3087.12,9505.3,1.03845,36698.6,-0.231719,-0.139397,-0.091557,269.123,0.05,0.497228,0.242057
