tmp.site,tmp.area,Lb,X1,Wb,POR,ALPHA,BETA,Ks,Kb,Kz,Qthresh,Rs,Rb1,Rb2,Prec,Frac4Rise,Error,BFF
07346000,2.20149e+09,11487.9,100,1354.66,0.15,0.008196,1,590.586,6551.21,0.975706,516227,-0.022783,-0.07002,-0.10679,244.657,0.05,4.92054,0.275904
