tmp.site,tmp.area,Lb,X1,Wb,POR,ALPHA,BETA,Ks,Kb,Kz,Qthresh,Rs,Rb1,Rb2,Prec,Frac4Rise,Error,BFF
08076000,1.77932e+08,5395.05,168.141,453.934,0.15,0.009739,0.9,1601.67,14197.6,0.88705,90523.1,-0.403165,-0.100573,-0.156965,244.657,0.05,1.21843,0.186402
