tmp.site,tmp.area,Lb,X1,Wb,POR,ALPHA,BETA,Ks,Kb,Kz,Qthresh,Rs,Rb1,Rb2,Prec,Frac4Rise,Error,BFF
04193997,1.15513e+08,21488.2,100,143.044,0.15,0.037805,1,777.179,17211.3,0.98519,12430.5,-0.198309,-0.059404,-0.101228,24.4657,0.05,0.783376,0.270347
