tmp.site,tmp.area,Lb,X1,Wb,POR,ALPHA,BETA,Ks,Kb,Kz,Qthresh,Rs,Rb1,Rb2,Prec,Frac4Rise,Error,BFF
07188885,6.19007e+08,15327,100,783.882,0.15,0.010079,1,456.045,8147.5,0.960063,68014.7,-0.088832,-0.055584,-0.020605,5602.65,0.05,0.313673,0.383446
