tmp.site,tmp.area,Lb,X1,Wb,POR,ALPHA,BETA,Ks,Kb,Kz,Qthresh,Rs,Rb1,Rb2,Prec,Frac4Rise,Error,BFF
09429490,4.88213e+11,29245.7,100,34194.6,0.15,0.007477,1,804.848,13509.5,0.90181,6.53235e+06,-0.032568,-0.014934,-0.024634,694826,0.05,0.198364,0.843554
