tmp.site,tmp.area,Lb,X1,Wb,POR,ALPHA,BETA,Ks,Kb,Kz,Qthresh,Rs,Rb1,Rb2,Prec,Frac4Rise,Error,BFF
09337000,1.76378e+08,459247,100,11.5093,0.15,0.092045,1,148.278,17124.4,0.848067,11743.5,-0.115247,-0.039929,-0.053743,24.4657,0.05,4.88161,0.214095
