tmp.site,tmp.area,Lb,X1,Wb,POR,ALPHA,BETA,Ks,Kb,Kz,Qthresh,Rs,Rb1,Rb2,Prec,Frac4Rise,Error,BFF
10336715,7.40737e+06,5050.87,100,176.992,0.15,0.015895,1,23.2146,8380.01,0.160406,4893.14,-0.091161,-0.035707,-0.075431,24.4657,0.05,1.10494,0.519533
