tmp.site,tmp.area,Lb,X1,Wb,POR,ALPHA,BETA,Ks,Kb,Kz,Qthresh,Rs,Rb1,Rb2,Prec,Frac4Rise,Error,BFF
02361000,1.77673e+09,24224.6,0.288903,1407.44,0.15,0.011508,1.2,3451.69,54.5893,0.962446,300928,-0.12073,-0.05873,-0.047126,17957.8,0.05,0.365244,0.465447
