tmp.site,tmp.area,Lb,X1,Wb,POR,ALPHA,BETA,Ks,Kb,Kz,Qthresh,Rs,Rb1,Rb2,Prec,Frac4Rise,Error,BFF
02401895,5.60473e+08,3225.17,100,2343.53,0.15,0.006567,1,5482.74,865.996,0.870115,135785,-0.366282,-0.097456,-0.035172,13057.4,0.05,0.352241,0.295425
