tmp.site,tmp.area,Lb,X1,Wb,POR,ALPHA,BETA,Ks,Kb,Kz,Qthresh,Rs,Rb1,Rb2,Prec,Frac4Rise,Error,BFF
06711575,1.03082e+07,8216.68,100,44.5004,0.15,0.034436,1,261.371,14656.6,0.457949,6312.15,-0.263762,-0.065022,-0.114291,24.4657,0.05,1.1536,0.281015
