tmp.site,tmp.area,Lb,X1,Wb,POR,ALPHA,BETA,Ks,Kb,Kz,Qthresh,Rs,Rb1,Rb2,Prec,Frac4Rise,Error,BFF
021652801,9.55706e+07,20113.7,100,213.032,0.15,0.018172,1,314.598,11185.9,0.888934,83672.7,-0.310527,-0.060846,-0.07122,212.338,0.05,0.449386,0.421078
