tmp.site,tmp.area,Lb,X1,Wb,POR,ALPHA,BETA,Ks,Kb,Kz,Qthresh,Rs,Rb1,Rb2,Prec,Frac4Rise,Error,BFF
02135200,3.65188e+10,231731,49.8715,49655.9,0.15,0.009259,1,7868.18,97816,1.70999,4.89168e+06,-0.068464,-0.038715,-0.040919,472188,0.05,0.32668,0.912607
