tmp.site,tmp.area,Lb,X1,Wb,POR,ALPHA,BETA,Ks,Kb,Kz,Qthresh,Rs,Rb1,Rb2,Prec,Frac4Rise,Error,BFF
01055000,2.49675e+08,12684.5,100,627.418,0.15,0.020275,1,1340,18425.1,0.997704,134561,-0.269498,-0.074491,-0.060064,2126.07,0.05,0.429862,0.38245
