tmp.site,tmp.area,Lb,X1,Wb,POR,ALPHA,BETA,Ks,Kb,Kz,Qthresh,Rs,Rb1,Rb2,Prec,Frac4Rise,Error,BFF
07019220,1.1111e+07,5756.38,100,68.6969,0.15,0.011566,1,739.049,4483.12,0.903295,660.574,-0.719437,-0.199402,-0.108679,46.4849,0.05,0.445173,0.08133
