tmp.site,tmp.area,Lb,X1,Wb,POR,ALPHA,BETA,Ks,Kb,Kz,Qthresh,Rs,Rb1,Rb2,Prec,Frac4Rise,Error,BFF
06174500,5.81504e+10,185384,14.1803,471.386,0.15,0.002301,1,3561.51,4259.82,1.04464,939483,-0.081392,-0.061091,-0.067821,3376.27,0.05,0.816791,0.168597
