tmp.site,tmp.area,Lb,X1,Wb,POR,ALPHA,BETA,Ks,Kb,Kz,Qthresh,Rs,Rb1,Rb2,Prec,Frac4Rise,Error,BFF
10249280,6.06057e+07,181305,48368.1,153.465,0.15,0.002459,8.9,36.6408,1528.83,0.041159,5749.44,-0.05268,-0.008994,-0.0056,496.654,0.05,0.351691,0.402929
