tmp.site,tmp.area,Lb,X1,Wb,POR,ALPHA,BETA,Ks,Kb,Kz,Qthresh,Rs,Rb1,Rb2,Prec,Frac4Rise,Error,BFF
06923950,1.54881e+09,27003.7,100,795.951,0.15,0.005138,1,110.113,5578.23,0.982432,594517,-0.05268,-0.055516,-0.066407,5235.66,0.05,0.803062,0.292604
