tmp.site,tmp.area,Lb,X1,Wb,POR,ALPHA,BETA,Ks,Kb,Kz,Qthresh,Rs,Rb1,Rb2,Prec,Frac4Rise,Error,BFF
08083100,5.90517e+08,38805.3,70.5962,33.0946,0.15,0.055543,0.9,1511.19,1761.16,1.16941,16147.4,-0.174153,-0.050168,-0.112018,24.4657,0.05,7.19248,0.086086
