tmp.site,tmp.area,Lb,X1,Wb,POR,ALPHA,BETA,Ks,Kb,Kz,Qthresh,Rs,Rb1,Rb2,Prec,Frac4Rise,Error,BFF
03190000,7.45917e+08,8111.59,100,1445.95,0.15,0.016054,1,3468.44,19611.2,0.972212,39145.1,-0.149464,-0.082954,-0.085273,709.506,0.05,0.423741,0.428328
