tmp.site,tmp.area,Lb,X1,Wb,POR,ALPHA,BETA,Ks,Kb,Kz,Qthresh,Rs,Rb1,Rb2,Prec,Frac4Rise,Error,BFF
02334500,2.74539e+09,10181.3,47.5758,7328.34,0.15,0.008952,0.8,109.922,11626.7,1.0287,1.37008e+06,-0.004731,-0.041838,-0.087129,89299.9,0.05,0.91728,0.878158
