tmp.site,tmp.area,Lb,X1,Wb,POR,ALPHA,BETA,Ks,Kb,Kz,Qthresh,Rs,Rb1,Rb2,Prec,Frac4Rise,Error,BFF
11448800,1.27945e+08,4641.85,0.095794,727.034,0.15,0.012736,1,1942.84,9.2179,1.03362,34007.3,-0.279975,-0.077459,-0.089351,24.4657,0.05,24.9752,0.301474
