tmp.site,tmp.area,Lb,X1,Wb,POR,ALPHA,BETA,Ks,Kb,Kz,Qthresh,Rs,Rb1,Rb2,Prec,Frac4Rise,Error,BFF
01381500,7.61457e+07,29246.1,100,200.431,0.15,0.015914,1,322.456,15180.6,0.968693,53090.6,-0.416019,-0.055276,-0.041209,2348.71,0.05,0.293569,0.458772
