tmp.site,tmp.area,Lb,X1,Wb,POR,ALPHA,BETA,Ks,Kb,Kz,Qthresh,Rs,Rb1,Rb2,Prec,Frac4Rise,Error,BFF
04202000,3.91088e+08,22355.7,16.0793,543.884,0.15,0.012377,1,887.537,5294.4,1.11262,36698.6,-0.10563,-0.065024,-0.067967,4159.17,0.05,0.411249,0.466884
