tmp.site,tmp.area,Lb,X1,Wb,POR,ALPHA,BETA,Ks,Kb,Kz,Qthresh,Rs,Rb1,Rb2,Prec,Frac4Rise,Error,BFF
04087257,9.97145e+07,10713.4,100,246.021,0.15,0.013126,1,682.992,8543.28,0.979808,18740.7,-0.202733,-0.095765,-0.069925,611.643,0.05,0.405741,0.286546
