tmp.site,tmp.area,Lb,X1,Wb,POR,ALPHA,BETA,Ks,Kb,Kz,Qthresh,Rs,Rb1,Rb2,Prec,Frac4Rise,Error,BFF
02294491,3.49648e+08,126130,3.41377,1.03967,0.15,0.0137,0.9,2277.51,270.464,1.22159,144348,-0.017027,-0.078965,-0.323231,24.4657,0.05,0.566995,0.000201
