tmp.site,tmp.area,Lb,X1,Wb,POR,ALPHA,BETA,Ks,Kb,Kz,Qthresh,Rs,Rb1,Rb2,Prec,Frac4Rise,Error,BFF
14046778,6.91527e+08,306563,100,49.7518,0.15,0.021282,1,1050.62,9748.63,0.994802,37187.9,-0.07982,-0.030195,-0.033792,159.027,0.05,0.973106,0.201663
