tmp.site,tmp.area,Lb,X1,Wb,POR,ALPHA,BETA,Ks,Kb,Kz,Qthresh,Rs,Rb1,Rb2,Prec,Frac4Rise,Error,BFF
02298488,7.56277e+07,12242,5.67991,196.719,0.15,0.020414,1.1,303.101,1186.72,0.919696,6972.73,-0.171587,-0.086919,-0.073317,29.3589,0.05,0.982141,0.292442
