tmp.site,tmp.area,Lb,X1,Wb,POR,ALPHA,BETA,Ks,Kb,Kz,Qthresh,Rs,Rb1,Rb2,Prec,Frac4Rise,Error,BFF
10270872,4.32528e+07,28769.7,46.6347,484.104,0.15,0.010538,1,115.72,6312.77,0.48884,24465.7,-0.066766,-0.025609,-0.027046,1247.75,0.05,0.408668,0.694202
