tmp.site,tmp.area,Lb,X1,Wb,POR,ALPHA,BETA,Ks,Kb,Kz,Qthresh,Rs,Rb1,Rb2,Prec,Frac4Rise,Error,BFF
01195490,4.50658e+07,14058.8,100,227.743,0.15,0.022086,1,387.212,9117.02,0.783989,7775.45,-0.435085,-0.058957,-0.046684,878.319,0.05,0.330083,0.429752
