tmp.site,tmp.area,Lb,X1,Wb,POR,ALPHA,BETA,Ks,Kb,Kz,Qthresh,Rs,Rb1,Rb2,Prec,Frac4Rise,Error,BFF
03078000,1.66277e+08,14387.6,100,570.724,0.15,0.02264,1,1158.85,25179.1,0.968681,7339.71,-0.317994,-0.070955,-0.064705,489.314,0.05,0.37902,0.442743
