tmp.site,tmp.area,Lb,X1,Wb,POR,ALPHA,BETA,Ks,Kb,Kz,Qthresh,Rs,Rb1,Rb2,Prec,Frac4Rise,Error,BFF
01662800,6.68217e+07,46243.2,105.926,123.28,0.15,0.041263,1,601.372,30295.8,1.02263,20551.2,-0.279808,-0.052388,-0.059276,110.096,0.05,0.6195,0.240713
