tmp.site,tmp.area,Lb,X1,Wb,POR,ALPHA,BETA,Ks,Kb,Kz,Qthresh,Rs,Rb1,Rb2,Prec,Frac4Rise,Error,BFF
08105700,1.91141e+09,10340.2,100,998.052,0.15,0.0105,1,128.591,9717.56,1.01818,441973,-0.008,-0.070167,-0.16963,66.0574,0.05,7.11461,0.341905
