tmp.site,tmp.area,Lb,X1,Wb,POR,ALPHA,BETA,Ks,Kb,Kz,Qthresh,Rs,Rb1,Rb2,Prec,Frac4Rise,Error,BFF
09213500,8.15846e+08,9627.47,135.648,444.519,0.15,0.006868,1,745.213,2752.24,0.835509,41836.4,-0.118194,-0.034638,-0.032541,733.971,0.05,0.634613,0.191938
