tmp.site,tmp.area,Lb,X1,Wb,POR,ALPHA,BETA,Ks,Kb,Kz,Qthresh,Rs,Rb1,Rb2,Prec,Frac4Rise,Error,BFF
01570500,6.24187e+10,21293.2,11.7111,9174.97,0.15,0.010689,3.2,14434.5,73.9344,4.32656,1.03979e+07,-0.103952,-0.05688,-0.030608,730081,0.05,0.299795,0.541809
