tmp.site,tmp.area,Lb,X1,Wb,POR,ALPHA,BETA,Ks,Kb,Kz,Qthresh,Rs,Rb1,Rb2,Prec,Frac4Rise,Error,BFF
12447383,9.66066e+08,16777.4,100,1299.46,0.15,0.02393,1,856.041,16584.5,1.01555,540692,-0.082788,-0.035061,-0.052936,24.4657,0.05,24.6016,0.553253
