tmp.site,tmp.area,Lb,X1,Wb,POR,ALPHA,BETA,Ks,Kb,Kz,Qthresh,Rs,Rb1,Rb2,Prec,Frac4Rise,Error,BFF
06935965,1.35715e+12,269355,85.5065,5846.06,0.15,0.008828,1.6,8752.55,1637.42,1.18645,1.16701e+08,-0.057254,-0.025496,-0.020904,6.47045e+06,0.05,0.289031,0.500466
