tmp.site,tmp.area,Lb,X1,Wb,POR,ALPHA,BETA,Ks,Kb,Kz,Qthresh,Rs,Rb1,Rb2,Prec,Frac4Rise,Error,BFF
02464000,5.77567e+08,9644.68,0.0786,1174.08,0.15,0.01287,1.1,5205.69,11.5102,1.04475,51378,-0.306579,-0.097466,-0.078255,489.314,0.05,0.42566,0.296178
