tmp.site,tmp.area,Lb,X1,Wb,POR,ALPHA,BETA,Ks,Kb,Kz,Qthresh,Rs,Rb1,Rb2,Prec,Frac4Rise,Error,BFF
06935850,1.45557e+07,4631.55,0.0505,69.8516,0.15,0.012062,1.1,600.12,4.60931,0.970353,3425.2,-0.51234,-0.162213,-0.136477,25.7135,0.05,0.503437,0.083454
