tmp.site,tmp.area,Lb,X1,Wb,POR,ALPHA,BETA,Ks,Kb,Kz,Qthresh,Rs,Rb1,Rb2,Prec,Frac4Rise,Error,BFF
12439500,8.27501e+09,56947.6,62.0689,2336.09,0.15,0.012052,0.9,234.024,9369.35,0.939506,758437,-0.01806,-0.022799,-0.035027,24955,0.05,0.602635,0.694232
