tmp.site,tmp.area,Lb,X1,Wb,POR,ALPHA,BETA,Ks,Kb,Kz,Qthresh,Rs,Rb1,Rb2,Prec,Frac4Rise,Error,BFF
01470960,4.53248e+08,13161.5,100,767.772,0.15,0.010199,1,269.317,8517.67,0.921739,117455,-0.030883,-0.053206,-0.04926,9786.29,0.05,0.32803,0.520965
