tmp.site,tmp.area,Lb,X1,Wb,POR,ALPHA,BETA,Ks,Kb,Kz,Qthresh,Rs,Rb1,Rb2,Prec,Frac4Rise,Error,BFF
08051135,1.79745e+09,4200.65,2.34254,3768.17,0.15,0.009186,0.9,233.385,12.5967,0.978673,167223,-0.008077,-0.072841,-0.178041,133.754,0.05,61.523,0.308782
