tmp.site,tmp.area,Lb,X1,Wb,POR,ALPHA,BETA,Ks,Kb,Kz,Qthresh,Rs,Rb1,Rb2,Prec,Frac4Rise,Error,BFF
07074850,5.30948e+10,68983.9,10.7681,12411.6,0.15,0.00907,1,5857.33,1640.38,1.5586,1.48507e+07,-0.035298,-0.024156,-0.024826,1.47284e+06,0.05,0.29708,0.659059
