tmp.site,tmp.area,Lb,X1,Wb,POR,ALPHA,BETA,Ks,Kb,Kz,Qthresh,Rs,Rb1,Rb2,Prec,Frac4Rise,Error,BFF
03456991,3.36698e+08,18980.8,100,912.047,0.15,0.012218,1,1230.22,10340.2,0.932756,149241,-0.309902,-0.047375,-0.024966,12949.2,0.05,0.258245,0.539251
