tmp.site,tmp.area,Lb,X1,Wb,POR,ALPHA,BETA,Ks,Kb,Kz,Qthresh,Rs,Rb1,Rb2,Prec,Frac4Rise,Error,BFF
06430898,1.89069e+07,17909,100,53.7649,0.15,0.020043,1,193.027,1872.06,0.421787,978.629,-0.144402,-0.047253,-0.02084,52.6258,0.05,0.675057,0.169087
