tmp.site,tmp.area,Lb,X1,Wb,POR,ALPHA,BETA,Ks,Kb,Kz,Qthresh,Rs,Rb1,Rb2,Prec,Frac4Rise,Error,BFF
03110830,1.2665e+08,12609.1,100,366.916,0.15,0.019208,1,892.017,24282.9,0.967879,8318.34,-0.300304,-0.076699,-0.078958,347.413,0.05,0.405694,0.375557
