tmp.site,tmp.area,Lb,X1,Wb,POR,ALPHA,BETA,Ks,Kb,Kz,Qthresh,Rs,Rb1,Rb2,Prec,Frac4Rise,Error,BFF
02089500,6.97225e+09,45719.5,29.1523,4425.26,0.15,0.01304,1,12833.5,11950.5,1.2244,995755,-0.100335,-0.052507,-0.055055,61521.5,0.05,0.444435,0.431852
