tmp.site,tmp.area,Lb,X1,Wb,POR,ALPHA,BETA,Ks,Kb,Kz,Qthresh,Rs,Rb1,Rb2,Prec,Frac4Rise,Error,BFF
06436000,1.16549e+10,28978.7,100,155.701,0.15,0.008981,1,7238.94,427.647,0.910855,28869.5,-0.098085,-0.069519,-0.04918,244.657,0.05,1.16721,0.043692
