tmp.site,tmp.area,Lb,X1,Wb,POR,ALPHA,BETA,Ks,Kb,Kz,Qthresh,Rs,Rb1,Rb2,Prec,Frac4Rise,Error,BFF
01589300,8.41746e+07,15230.3,100,268.103,0.15,0.013048,1,983.875,8592.98,0.922328,48931.4,-0.54921,-0.081729,-0.061002,1256.31,0.05,0.349626,0.336229
