tmp.site,tmp.area,Lb,X1,Wb,POR,ALPHA,BETA,Ks,Kb,Kz,Qthresh,Rs,Rb1,Rb2,Prec,Frac4Rise,Error,BFF
01672500,1.02305e+09,9111.87,100,961.897,0.15,0.009981,1,3201.9,8408.49,0.972312,237317,-0.202733,-0.079573,-0.057877,3180.54,0.05,0.377372,0.341418
