tmp.site,tmp.area,Lb,X1,Wb,POR,ALPHA,BETA,Ks,Kb,Kz,Qthresh,Rs,Rb1,Rb2,Prec,Frac4Rise,Error,BFF
06479215,1.76896e+08,19640.6,100,280.292,0.15,0.012628,1,548.88,41148.8,0.961039,4403.83,-0.111572,-0.073561,-0.077576,24.4657,0.05,0.853006,0.412429
