tmp.site,tmp.area,Lb,X1,Wb,POR,ALPHA,BETA,Ks,Kb,Kz,Qthresh,Rs,Rb1,Rb2,Prec,Frac4Rise,Error,BFF
14043840,6.63037e+08,22836.8,65.2428,1437.41,0.15,0.000734,1,95.7928,10923.5,1.16454,49665.4,-0.098285,-0.034199,-0.035096,2454.16,0.05,0.341258,0.429182
