tmp.site,tmp.area,Lb,X1,Wb,POR,ALPHA,BETA,Ks,Kb,Kz,Qthresh,Rs,Rb1,Rb2,Prec,Frac4Rise,Error,BFF
06464500,2.9241e+09,2363.12,142.619,2165.51,0.15,0.028871,1.1,1008.57,1045.63,0.266206,183914,-0.091865,-0.042559,-0.03614,905.231,0.05,0.496201,0.457602
