tmp.site,tmp.area,Lb,X1,Wb,POR,ALPHA,BETA,Ks,Kb,Kz,Qthresh,Rs,Rb1,Rb2,Prec,Frac4Rise,Error,BFF
06606600,6.47497e+09,32635.8,59.0086,1822.61,0.15,0.0119,1.1,2970.85,10282.4,1.27317,332734,-0.091161,-0.038592,-0.032902,3425.2,0.05,0.529465,0.464789
