tmp.site,tmp.area,Lb,X1,Wb,POR,ALPHA,BETA,Ks,Kb,Kz,Qthresh,Rs,Rb1,Rb2,Prec,Frac4Rise,Error,BFF
02087580,5.43898e+07,4269.87,100,195.054,0.15,0.019655,1,1578.15,17943.8,0.915713,39879.1,-0.493368,-0.110418,-0.181704,17.6153,0.05,1.98033,0.19216
