tmp.site,tmp.area,Lb,X1,Wb,POR,ALPHA,BETA,Ks,Kb,Kz,Qthresh,Rs,Rb1,Rb2,Prec,Frac4Rise,Error,BFF
05429369,1.85184e+07,33527.1,8775.3,48.6363,0.15,0.024278,5.9,482.427,110.269,0.041189,5064.4,-0.270147,-0.061854,-0.034909,215.298,0.05,0.417466,0.390195
