tmp.site,tmp.area,Lb,X1,Wb,POR,ALPHA,BETA,Ks,Kb,Kz,Qthresh,Rs,Rb1,Rb2,Prec,Frac4Rise,Error,BFF
03281000,1.39082e+09,12971.7,26.6599,920.505,0.15,0.018003,1,2150.84,7359.37,1.60005,200619,-0.077507,-0.087026,-0.097326,1076.49,0.05,0.528035,0.329118
