tmp.site,tmp.area,Lb,X1,Wb,POR,ALPHA,BETA,Ks,Kb,Kz,Qthresh,Rs,Rb1,Rb2,Prec,Frac4Rise,Error,BFF
07143300,1.88551e+09,8258.16,17.2595,344.14,0.15,0.003989,1.2,912.809,824.79,1.30005,24465.7,-0.143841,-0.11699,-0.08302,146.794,0.05,0.633448,0.091401
