tmp.site,tmp.area,Lb,X1,Wb,POR,ALPHA,BETA,Ks,Kb,Kz,Qthresh,Rs,Rb1,Rb2,Prec,Frac4Rise,Error,BFF
07064000,4.53248e+09,26716.1,203.474,2373.57,0.15,0.006425,3.7,2285.31,1547.64,1.10553,645895,-0.071146,-0.048217,-0.028795,67525.4,0.05,0.340219,0.513838
