tmp.site,tmp.area,Lb,X1,Wb,POR,ALPHA,BETA,Ks,Kb,Kz,Qthresh,Rs,Rb1,Rb2,Prec,Frac4Rise,Error,BFF
10172870,2.1212e+07,17330.9,7316.2,140.551,0.15,0.006181,5.9,53.1162,1404.97,0.168762,3425.2,-0.083527,-0.027426,-0.011293,217.745,0.05,0.345669,0.294426
