tmp.site,tmp.area,Lb,X1,Wb,POR,ALPHA,BETA,Ks,Kb,Kz,Qthresh,Rs,Rb1,Rb2,Prec,Frac4Rise,Error,BFF
11414250,3.10799e+08,11920.9,6657.25,569.515,0.15,0.001524,10.1,51.5128,2117.95,0.618109,20795.9,-0.077075,-0.122344,-0.039862,844.801,0.05,0.401661,0.059156
