tmp.site,tmp.area,Lb,X1,Wb,POR,ALPHA,BETA,Ks,Kb,Kz,Qthresh,Rs,Rb1,Rb2,Prec,Frac4Rise,Error,BFF
01573849,2.64179e+07,33452.9,100,122.654,0.15,0.009996,1,254.824,25409.1,0.740089,7486.51,-0.408714,-0.059194,-0.035148,367.866,0.05,0.314293,0.435332
