tmp.site,tmp.area,Lb,X1,Wb,POR,ALPHA,BETA,Ks,Kb,Kz,Qthresh,Rs,Rb1,Rb2,Prec,Frac4Rise,Error,BFF
01111300,4.14398e+07,17686.3,100,291.598,0.15,0.027364,1,409.34,27447,0.716154,73397.1,-0.252834,-0.054681,-0.075975,58.7177,0.05,0.432702,0.487556
