tmp.site,tmp.area,Lb,X1,Wb,POR,ALPHA,BETA,Ks,Kb,Kz,Qthresh,Rs,Rb1,Rb2,Prec,Frac4Rise,Error,BFF
01367500,9.91965e+08,20366.9,93.1167,1279.05,0.15,0.008944,1.7,4036.67,10661.5,1.28031,61164.3,-0.243725,-0.073905,-0.045713,7095.06,0.05,0.344172,0.452216
