tmp.site,tmp.area,Lb,X1,Wb,POR,ALPHA,BETA,Ks,Kb,Kz,Qthresh,Rs,Rb1,Rb2,Prec,Frac4Rise,Error,BFF
01656000,2.41905e+08,5377.91,100,641.72,0.15,0.016768,1,1828.88,13231.8,1.01422,35475.3,-0.358942,-0.095651,-0.113612,24.4657,0.05,0.97342,0.315913
