tmp.site,tmp.area,Lb,X1,Wb,POR,ALPHA,BETA,Ks,Kb,Kz,Qthresh,Rs,Rb1,Rb2,Prec,Frac4Rise,Error,BFF
01479820,7.32967e+07,177215,100,167.166,0.15,0.059944,1,794.731,6672.27,0.856456,104713,-0.433165,-0.048126,-0.042938,1908.33,0.05,0.51868,0.274919
