tmp.site,tmp.area,Lb,X1,Wb,POR,ALPHA,BETA,Ks,Kb,Kz,Qthresh,Rs,Rb1,Rb2,Prec,Frac4Rise,Error,BFF
07052000,4.61018e+07,4258.45,283.575,232.223,0.15,0.021179,1,1210.7,9779.93,0.480302,4012.38,-0.494781,-0.090116,-0.076633,298.482,0.05,0.494457,0.19826
