tmp.site,tmp.area,Lb,X1,Wb,POR,ALPHA,BETA,Ks,Kb,Kz,Qthresh,Rs,Rb1,Rb2,Prec,Frac4Rise,Error,BFF
08397600,1.50996e+09,1.14846e+06,100,66.8233,0.15,0.027102,1,1115.58,13531,0.983268,44038.3,-0.078058,-0.026564,-0.083094,24.4657,0.05,15.1983,0.144514
