tmp.site,tmp.area,Lb,X1,Wb,POR,ALPHA,BETA,Ks,Kb,Kz,Qthresh,Rs,Rb1,Rb2,Prec,Frac4Rise,Error,BFF
09070000,2.44754e+09,1315.46,0.613949,40143.8,0.15,0.001184,2.7,37.809,1.43147,0.99944,464849,-0.057012,-0.027371,-0.019081,29358.9,0.05,0.227437,0.885921
