tmp.site,tmp.area,Lb,X1,Wb,POR,ALPHA,BETA,Ks,Kb,Kz,Qthresh,Rs,Rb1,Rb2,Prec,Frac4Rise,Error,BFF
11298700,1.55658e+07,19561.9,9.76638,780.008,0.15,0.013038,0.8,33.9178,32.1559,0.074784,5197.5,-0.039767,-0.008835,-0.053131,141.534,0.05,0.595205,0.824268
