tmp.site,tmp.area,Lb,X1,Wb,POR,ALPHA,BETA,Ks,Kb,Kz,Qthresh,Rs,Rb1,Rb2,Prec,Frac4Rise,Error,BFF
02450180,1.26132e+09,23628.7,96.7477,1631,0.15,0.011983,1.2,6083.15,34824.1,1.69426,61164.3,-0.231712,-0.085981,-0.056097,4183.39,0.05,0.37918,0.42351
