tmp.site,tmp.area,Lb,X1,Wb,POR,ALPHA,BETA,Ks,Kb,Kz,Qthresh,Rs,Rb1,Rb2,Prec,Frac4Rise,Error,BFF
04026740,5.05048e+08,18558,5124.32,782.132,0.15,0.010878,3,348.129,6691.62,0.736754,155602,-0.047266,-0.047283,-0.02883,9658.09,0.05,0.281253,0.418267
