tmp.site,tmp.area,Lb,X1,Wb,POR,ALPHA,BETA,Ks,Kb,Kz,Qthresh,Rs,Rb1,Rb2,Prec,Frac4Rise,Error,BFF
01494850,2.5097e+07,17850.8,100,156.843,0.15,0.013069,1,253.734,6475.24,0.59264,32050.1,-0.436233,-0.05401,-0.034647,702.166,0.05,0.269715,0.482423
