tmp.site,tmp.area,Lb,X1,Wb,POR,ALPHA,BETA,Ks,Kb,Kz,Qthresh,Rs,Rb1,Rb2,Prec,Frac4Rise,Error,BFF
08079510,1.39419e+10,19741.4,19.265,197.43,0.15,0.021527,0.9,3246.88,3085.36,0.899765,46974.2,-0.109677,-0.077096,-0.108559,345.725,0.05,0.657054,0.28295
