tmp.site,tmp.area,Lb,X1,Wb,POR,ALPHA,BETA,Ks,Kb,Kz,Qthresh,Rs,Rb1,Rb2,Prec,Frac4Rise,Error,BFF
11042000,1.44262e+09,45827.3,27.7143,224.082,0.15,0.038656,0.9,4423.28,4798.92,0.981904,18104.6,-0.143841,-0.043044,-0.059329,24.4657,0.05,24.8691,0.185457
