tmp.site,tmp.area,Lb,X1,Wb,POR,ALPHA,BETA,Ks,Kb,Kz,Qthresh,Rs,Rb1,Rb2,Prec,Frac4Rise,Error,BFF
07260673,5.74977e+08,9188.82,100,1965.27,0.15,0.05068,1,1224.89,25309.1,0.898642,97.8629,-0.125488,-0.078806,-0.111199,24.4657,0.05,1.9061,0.507229
