tmp.site,tmp.area,Lb,X1,Wb,POR,ALPHA,BETA,Ks,Kb,Kz,Qthresh,Rs,Rb1,Rb2,Prec,Frac4Rise,Error,BFF
01105638,3.65188e+07,5964.55,100,341.864,0.15,0.045792,1,248.822,9132.84,0.700747,62142.9,-0.199624,-0.052007,-0.077976,24.4657,0.05,1.26729,0.503638
