tmp.site,tmp.area,Lb,X1,Wb,POR,ALPHA,BETA,Ks,Kb,Kz,Qthresh,Rs,Rb1,Rb2,Prec,Frac4Rise,Error,BFF
06641000,2.77181e+10,19499.4,191.332,11841.2,0.15,0.039027,0.9,1034.75,20243.3,0.951751,3.66986e+06,-0.008348,-0.034574,-0.093743,244.657,0.05,118.598,0.751092
