tmp.site,tmp.area,Lb,X1,Wb,POR,ALPHA,BETA,Ks,Kb,Kz,Qthresh,Rs,Rb1,Rb2,Prec,Frac4Rise,Error,BFF
01664000,1.6032e+09,9800.06,100,2139.08,0.15,0.012011,1,6554.9,11712.4,0.878225,396345,-0.302973,-0.057837,-0.056021,3669.86,0.05,0.394543,0.424911
