tmp.site,tmp.area,Lb,X1,Wb,POR,ALPHA,BETA,Ks,Kb,Kz,Qthresh,Rs,Rb1,Rb2,Prec,Frac4Rise,Error,BFF
02202190,6.13827e+09,31104.7,0.788434,2515.33,0.15,0.006759,1,3454.03,285.598,1.08367,3.18054e+06,-0.062582,-0.048335,-0.053891,14209.9,0.05,0.449493,0.548282
