tmp.site,tmp.area,Lb,X1,Wb,POR,ALPHA,BETA,Ks,Kb,Kz,Qthresh,Rs,Rb1,Rb2,Prec,Frac4Rise,Error,BFF
03228500,4.92098e+08,72203.4,100,354.947,0.15,0.00367,1,189.852,1085.41,0.960868,467295,-0.143841,-0.078074,-0.103346,244.657,0.05,9.89133,0.348274
