tmp.site,tmp.area,Lb,X1,Wb,POR,ALPHA,BETA,Ks,Kb,Kz,Qthresh,Rs,Rb1,Rb2,Prec,Frac4Rise,Error,BFF
07334800,1.6809e+09,26910.6,37.406,965.488,0.15,0.008763,1.1,6370.3,15510.5,1.28101,66546.7,-0.197338,-0.096285,-0.080834,574.944,0.05,0.493856,0.22703
