tmp.site,tmp.area,Lb,X1,Wb,POR,ALPHA,BETA,Ks,Kb,Kz,Qthresh,Rs,Rb1,Rb2,Prec,Frac4Rise,Error,BFF
09129600,4.32528e+08,62093.4,9.69132,125.572,0.15,0.010933,0.9,1480.89,2023.67,0.941238,10988,-0.125698,-0.055914,-0.091209,24.4657,0.05,3.72657,0.160088
