tmp.site,tmp.area,Lb,X1,Wb,POR,ALPHA,BETA,Ks,Kb,Kz,Qthresh,Rs,Rb1,Rb2,Prec,Frac4Rise,Error,BFF
07289730,6.06057e+09,17203.5,21.4274,2662.87,0.15,0.017456,1.8,4799.46,2405.97,3.40978,337627,-0.070289,-0.109886,-0.052143,25444.3,0.05,0.435724,0.433889
