tmp.site,tmp.area,Lb,X1,Wb,POR,ALPHA,BETA,Ks,Kb,Kz,Qthresh,Rs,Rb1,Rb2,Prec,Frac4Rise,Error,BFF
13013650,4.33564e+09,41460.5,100,2566.13,0.15,0.009266,1,4037.04,479.341,0.947112,2.05757e+06,-0.051887,-0.023233,-0.030024,161963,0.05,0.352606,0.295697
