tmp.site,tmp.area,Lb,X1,Wb,POR,ALPHA,BETA,Ks,Kb,Kz,Qthresh,Rs,Rb1,Rb2,Prec,Frac4Rise,Error,BFF
13334300,2.40765e+11,61420.9,149.02,36873.3,0.15,0.006054,1.5,2250.38,24019.7,1.26618,3.64539e+07,-0.037165,-0.022151,-0.018751,2.76463e+06,0.05,0.194155,0.913945
