tmp.site,tmp.area,Lb,X1,Wb,POR,ALPHA,BETA,Ks,Kb,Kz,Qthresh,Rs,Rb1,Rb2,Prec,Frac4Rise,Error,BFF
11134000,2.11084e+09,25812.9,100,890.446,0.15,0.064854,1,2095.19,20237.3,0.921993,92969.7,-0.199245,-0.068581,-0.10636,24.4657,0.05,21.077,0.243522
