tmp.site,tmp.area,Lb,X1,Wb,POR,ALPHA,BETA,Ks,Kb,Kz,Qthresh,Rs,Rb1,Rb2,Prec,Frac4Rise,Error,BFF
02160700,1.14995e+09,13534.7,100,1416.27,0.15,0.008946,1,3389.03,6289.52,0.910403,589624,-0.306622,-0.058598,-0.038096,16636.7,0.05,0.287843,0.485498
