tmp.site,tmp.area,Lb,X1,Wb,POR,ALPHA,BETA,Ks,Kb,Kz,Qthresh,Rs,Rb1,Rb2,Prec,Frac4Rise,Error,BFF
01403500,2.52524e+07,21954.4,101.442,318.328,0.15,0.029041,0.9,1508.41,35575.8,0.685118,2275.31,-0.799502,-0.065935,-0.125743,29.0653,0.05,0.521274,0.332434
