tmp.site,tmp.area,Lb,X1,Wb,POR,ALPHA,BETA,Ks,Kb,Kz,Qthresh,Rs,Rb1,Rb2,Prec,Frac4Rise,Error,BFF
07143310,2.22609e+09,2.96532e+06,100,22.562,0.15,0.009342,1,4328.35,195.183,0.635987,1663.67,-0.14636,-0.072327,-0.033153,161.474,0.05,0.136688,0.433251
