tmp.site,tmp.area,Lb,X1,Wb,POR,ALPHA,BETA,Ks,Kb,Kz,Qthresh,Rs,Rb1,Rb2,Prec,Frac4Rise,Error,BFF
04188324,4.45478e+07,3171.65,219.033,182.4,0.15,0.02183,1,455.418,20765.3,1.01137,10691.5,-0.332795,-0.150589,-0.143859,24.4657,0.05,1.7483,0.180496
