tmp.site,tmp.area,Lb,X1,Wb,POR,ALPHA,BETA,Ks,Kb,Kz,Qthresh,Rs,Rb1,Rb2,Prec,Frac4Rise,Error,BFF
02234324,7.56277e+07,23897,100,340.254,0.15,0.028192,1,134.49,24478.2,0.687446,6605.74,-0.062823,-0.036493,-0.038511,296.622,0.05,0.384445,0.648597
