tmp.site,tmp.area,Lb,X1,Wb,POR,ALPHA,BETA,Ks,Kb,Kz,Qthresh,Rs,Rb1,Rb2,Prec,Frac4Rise,Error,BFF
04209000,6.37137e+08,3064.83,0.411847,1800.66,0.15,0.00813,1.4,10052.3,9.76087,1.44448,70950.6,-0.296078,-0.103557,-0.069074,4648.49,0.05,0.390352,0.311887
