tmp.site,tmp.area,Lb,X1,Wb,POR,ALPHA,BETA,Ks,Kb,Kz,Qthresh,Rs,Rb1,Rb2,Prec,Frac4Rise,Error,BFF
06727410,4.97278e+07,7610.9,185.792,137.435,0.15,0.02099,0.9,87.581,13425.9,0.273413,636.109,-0.089734,-0.036549,-0.043494,56.0265,0.05,0.88342,0.389939
