tmp.site,tmp.area,Lb,X1,Wb,POR,ALPHA,BETA,Ks,Kb,Kz,Qthresh,Rs,Rb1,Rb2,Prec,Frac4Rise,Error,BFF
12413130,3.00439e+07,8060.33,1774.54,333.795,0.15,0.0091,1.9,83.1261,7090.97,0.262253,7884.08,-0.06765,-0.031293,-0.019798,513.78,0.05,0.24656,0.435702
