tmp.site,tmp.area,Lb,X1,Wb,POR,ALPHA,BETA,Ks,Kb,Kz,Qthresh,Rs,Rb1,Rb2,Prec,Frac4Rise,Error,BFF
07157940,1.70162e+09,15435.7,100,191.433,0.15,0.027298,1,2713.09,13098.3,0.884194,83183.4,-0.140887,-0.062882,-0.082492,24.4657,0.05,3.24213,0.152427
