tmp.site,tmp.area,Lb,X1,Wb,POR,ALPHA,BETA,Ks,Kb,Kz,Qthresh,Rs,Rb1,Rb2,Prec,Frac4Rise,Error,BFF
05056200,9.89375e+08,51688.8,172.486,419.295,0.15,0.042906,0.9,475.474,99206.1,1.14179,88321.2,-0.083527,-0.072662,-0.134764,24.4657,0.05,17.1205,0.306623
