tmp.site,tmp.area,Lb,X1,Wb,POR,ALPHA,BETA,Ks,Kb,Kz,Qthresh,Rs,Rb1,Rb2,Prec,Frac4Rise,Error,BFF
03336645,1.11887e+09,6979.5,100,1240.02,0.15,0.009361,1,3535.43,10496.1,0.908302,43549,-0.177544,-0.098989,-0.054553,1771.32,0.05,0.413992,0.30633
