tmp.site,tmp.area,Lb,X1,Wb,POR,ALPHA,BETA,Ks,Kb,Kz,Qthresh,Rs,Rb1,Rb2,Prec,Frac4Rise,Error,BFF
09512280,2.14192e+08,47417.1,5.08922,8.33487,0.15,0.001019,0.9,8159.85,78.7226,1.57075,11743.5,-0.21567,-0.084902,-0.116793,24.4657,0.05,1.54887,0.007272
