tmp.site,tmp.area,Lb,X1,Wb,POR,ALPHA,BETA,Ks,Kb,Kz,Qthresh,Rs,Rb1,Rb2,Prec,Frac4Rise,Error,BFF
08316000,4.71378e+07,17034.8,95.9725,184.039,0.15,0.013398,0.9,4.1317,5152.53,0.499103,18055.7,-0.038144,-0.034897,-0.053102,24.4657,0.05,3.48736,0.522978
