tmp.site,tmp.area,Lb,X1,Wb,POR,ALPHA,BETA,Ks,Kb,Kz,Qthresh,Rs,Rb1,Rb2,Prec,Frac4Rise,Error,BFF
07358284,1.0878e+07,6703.04,100,211.929,0.15,0.005561,1,129.748,2666.86,0.614095,10985.1,-0.481349,-0.089314,-0.057283,622.065,0.05,0.330627,0.358361
