tmp.site,tmp.area,Lb,X1,Wb,POR,ALPHA,BETA,Ks,Kb,Kz,Qthresh,Rs,Rb1,Rb2,Prec,Frac4Rise,Error,BFF
13313000,5.64617e+08,17598.5,3061.34,1626.93,0.15,0.006243,9.8,10.0591,7367.92,1.15605,171260,-0.066766,-0.029221,-0.014911,11246.4,0.05,0.211304,0.646222
