tmp.site,tmp.area,Lb,X1,Wb,POR,ALPHA,BETA,Ks,Kb,Kz,Qthresh,Rs,Rb1,Rb2,Prec,Frac4Rise,Error,BFF
02203518,3.44468e+09,7872.35,0.366031,2984.08,0.15,0.012572,1.3,6030.08,31.4548,0.979519,84896,-0.088841,-0.07673,-0.050325,5766.57,0.05,0.463524,0.440135
