tmp.site,tmp.area,Lb,X1,Wb,POR,ALPHA,BETA,Ks,Kb,Kz,Qthresh,Rs,Rb1,Rb2,Prec,Frac4Rise,Error,BFF
02268390,1.36751e+08,30065.6,100,374.748,0.15,0.016248,1,282.399,5053.13,0.691011,87097.9,-0.060707,-0.02579,-0.020478,2226.38,0.05,0.301281,0.556448
