tmp.site,tmp.area,Lb,X1,Wb,POR,ALPHA,BETA,Ks,Kb,Kz,Qthresh,Rs,Rb1,Rb2,Prec,Frac4Rise,Error,BFF
02142914,1.36751e+07,34480.3,77.439,27.8151,0.15,0.023902,1,384.55,26626.9,1.16184,1223.29,-0.503318,-0.112119,-0.122393,31.8054,0.05,0.558637,0.14306
