tmp.site,tmp.area,Lb,X1,Wb,POR,ALPHA,BETA,Ks,Kb,Kz,Qthresh,Rs,Rb1,Rb2,Prec,Frac4Rise,Error,BFF
11151300,6.03467e+08,45964.4,86.5959,68.0041,0.15,0.010525,1.1,1644.69,28003.2,0.899198,4550.62,-0.202733,-0.084932,-0.05843,24.4657,0.05,1.30579,0.076645
