tmp.site,tmp.area,Lb,X1,Wb,POR,ALPHA,BETA,Ks,Kb,Kz,Qthresh,Rs,Rb1,Rb2,Prec,Frac4Rise,Error,BFF
01201487,1.61356e+08,15221.6,90.5322,522.595,0.15,0.01135,1.2,1337.01,8890.74,1.00488,51622.7,-0.370015,-0.065065,-0.052748,4599.55,0.05,0.319206,0.446317
