tmp.site,tmp.area,Lb,X1,Wb,POR,ALPHA,BETA,Ks,Kb,Kz,Qthresh,Rs,Rb1,Rb2,Prec,Frac4Rise,Error,BFF
02237000,4.71378e+08,45965.9,115.653,1836.84,0.15,0.063767,0.9,69.656,15235.2,0.585434,46484.9,-0.054812,-0.01185,-0.032761,384.601,0.05,1.59801,0.670202
