tmp.site,tmp.area,Lb,X1,Wb,POR,ALPHA,BETA,Ks,Kb,Kz,Qthresh,Rs,Rb1,Rb2,Prec,Frac4Rise,Error,BFF
07191220,3.41878e+08,20163.5,100,485.525,0.15,0.011986,1,366.413,10362.6,0.873872,24563.6,-0.105726,-0.053441,-0.026495,1443.48,0.05,0.381968,0.389887
