tmp.site,tmp.area,Lb,X1,Wb,POR,ALPHA,BETA,Ks,Kb,Kz,Qthresh,Rs,Rb1,Rb2,Prec,Frac4Rise,Error,BFF
01197145,4.42888e+08,9698.56,199.145,1040.29,0.15,0.012095,1,1725.69,15216.4,0.901865,315608,-0.203696,-0.048773,-0.046551,10473.8,0.05,0.324936,0.490359
