tmp.site,tmp.area,Lb,X1,Wb,POR,ALPHA,BETA,Ks,Kb,Kz,Qthresh,Rs,Rb1,Rb2,Prec,Frac4Rise,Error,BFF
01356000,8.73085e+09,8089.01,101.583,5356.32,0.15,0.008062,1,7303.93,9976.66,2.09232,5.72498e+06,-0.167205,-0.052681,-0.04908,259777,0.05,0.295446,0.514895
