tmp.site,tmp.area,Lb,X1,Wb,POR,ALPHA,BETA,Ks,Kb,Kz,Qthresh,Rs,Rb1,Rb2,Prec,Frac4Rise,Error,BFF
01374901,7.74406e+07,90084.2,17.1167,65.4218,0.15,0.015542,0.9,619.959,1507.21,1.00098,24465.7,-0.127942,-0.052517,-0.064898,239.764,0.05,0.689381,0.173358
