tmp.site,tmp.area,Lb,X1,Wb,POR,ALPHA,BETA,Ks,Kb,Kz,Qthresh,Rs,Rb1,Rb2,Prec,Frac4Rise,Error,BFF
06670500,1.18207e+10,4456.53,79.5053,2009.7,0.15,0.003965,1,335.536,1785.26,0.17016,133827,-0.077075,-0.041532,-0.036467,1565.81,0.05,0.455985,0.44763
