tmp.site,tmp.area,Lb,X1,Wb,POR,ALPHA,BETA,Ks,Kb,Kz,Qthresh,Rs,Rb1,Rb2,Prec,Frac4Rise,Error,BFF
10079500,1.06008e+10,47414.2,100,2178.36,0.15,0.012754,1,438.909,11240,0.98507,496654,-0.028497,-0.025856,-0.054045,19572.6,0.05,0.611429,0.736081
