tmp.site,tmp.area,Lb,X1,Wb,POR,ALPHA,BETA,Ks,Kb,Kz,Qthresh,Rs,Rb1,Rb2,Prec,Frac4Rise,Error,BFF
04208460,4.63608e+07,11696.7,52.7435,149.161,0.15,0.007994,0.9,637.63,6002.76,1.02002,8856.59,-0.452257,-0.073014,-0.115406,841.621,0.05,0.44177,0.225879
