tmp.site,tmp.area,Lb,X1,Wb,POR,ALPHA,BETA,Ks,Kb,Kz,Qthresh,Rs,Rb1,Rb2,Prec,Frac4Rise,Error,BFF
07048600,1.036e+09,9420.94,100,1704.42,0.15,0.014007,1,4775.38,25300.7,1.00426,6581.28,-0.202733,-0.087627,-0.095768,293.589,0.05,0.684859,0.385219
