tmp.site,tmp.area,Lb,X1,Wb,POR,ALPHA,BETA,Ks,Kb,Kz,Qthresh,Rs,Rb1,Rb2,Prec,Frac4Rise,Error,BFF
05489500,3.46385e+10,16863.4,100,4952.86,0.15,0.012107,1,9217.71,14674.9,0.922851,976182,-0.072317,-0.046106,-0.0581,39879.1,0.05,0.461605,0.41186
