tmp.site,tmp.area,Lb,X1,Wb,POR,ALPHA,BETA,Ks,Kb,Kz,Qthresh,Rs,Rb1,Rb2,Prec,Frac4Rise,Error,BFF
03144500,1.55218e+10,28927.8,0.919825,3449.95,0.15,0.009281,1.5,7223.1,87.1528,1.93278,1.45082e+06,-0.086672,-0.055882,-0.038049,138476,0.05,0.341035,0.490149
