tmp.site,tmp.area,Lb,X1,Wb,POR,ALPHA,BETA,Ks,Kb,Kz,Qthresh,Rs,Rb1,Rb2,Prec,Frac4Rise,Error,BFF
07103900,3.98858e+07,1532.19,0.233181,25.2968,0.15,0.002199,0.9,110.543,0.47241,0.102354,1614.74,-0.196929,-0.071697,-0.104139,48.9314,0.05,1.44658,0.023109
