tmp.site,tmp.area,Lb,X1,Wb,POR,ALPHA,BETA,Ks,Kb,Kz,Qthresh,Rs,Rb1,Rb2,Prec,Frac4Rise,Error,BFF
02444160,1.48924e+10,8387.78,100,8096.99,0.15,0.012616,1,22663.6,28986.1,2.71568,1.72483e+06,-0.140223,-0.087733,-0.09127,110340,0.05,0.384748,0.472191
