tmp.site,tmp.area,Lb,X1,Wb,POR,ALPHA,BETA,Ks,Kb,Kz,Qthresh,Rs,Rb1,Rb2,Prec,Frac4Rise,Error,BFF
01188000,1.0619e+07,6852.52,100,176.941,0.15,0.017186,1,414.401,6261.39,0.486552,2373.17,-0.373121,-0.0669,-0.054758,141.901,0.05,0.34265,0.407474
