tmp.site,tmp.area,Lb,X1,Wb,POR,ALPHA,BETA,Ks,Kb,Kz,Qthresh,Rs,Rb1,Rb2,Prec,Frac4Rise,Error,BFF
02037000,1.72493e+08,56772.4,19.3384,3000.83,0.15,0.017331,0.9,73.7984,714.531,0.742552,3523.06,-0.015296,-0.015658,-0.110589,73.3971,0.05,175.206,0.815107
