tmp.site,tmp.area,Lb,X1,Wb,POR,ALPHA,BETA,Ks,Kb,Kz,Qthresh,Rs,Rb1,Rb2,Prec,Frac4Rise,Error,BFF
01471510,2.27919e+09,12530.1,100,2452.44,0.15,0.009318,1,3769.98,10079.6,1.04836,555372,-0.153351,-0.054102,-0.036422,52601.3,0.05,0.292688,0.512332
