tmp.site,tmp.area,Lb,X1,Wb,POR,ALPHA,BETA,Ks,Kb,Kz,Qthresh,Rs,Rb1,Rb2,Prec,Frac4Rise,Error,BFF
05331833,3.26339e+08,71611.1,21669.6,624.089,0.15,0.011045,5.6,291.964,3997.59,0.482445,107050,-0.081963,-0.017775,-0.012201,11376.6,0.05,0.298329,0.568293
