tmp.site,tmp.area,Lb,X1,Wb,POR,ALPHA,BETA,Ks,Kb,Kz,Qthresh,Rs,Rb1,Rb2,Prec,Frac4Rise,Error,BFF
04199000,9.60886e+08,5921.24,100,1187.87,0.15,0.009213,1,7173.38,7872.54,0.994429,74375.8,-0.255757,-0.123797,-0.074569,1741.22,0.05,0.457084,0.223799
