tmp.site,tmp.area,Lb,X1,Wb,POR,ALPHA,BETA,Ks,Kb,Kz,Qthresh,Rs,Rb1,Rb2,Prec,Frac4Rise,Error,BFF
09239500,1.46852e+09,24358,232.227,1428.92,0.15,0.005233,1.4,291.019,32644.2,1.03334,342520,-0.083527,-0.041075,-0.030423,11009.6,0.05,0.360737,0.585767
