tmp.site,tmp.area,Lb,X1,Wb,POR,ALPHA,BETA,Ks,Kb,Kz,Qthresh,Rs,Rb1,Rb2,Prec,Frac4Rise,Error,BFF
03260706,1.04636e+08,17423.8,100,249.817,0.15,0.013186,1,400.493,10886.5,0.883846,16392,-0.380164,-0.072788,-0.032308,1565.81,0.05,0.320183,0.40257
