tmp.site,tmp.area,Lb,X1,Wb,POR,ALPHA,BETA,Ks,Kb,Kz,Qthresh,Rs,Rb1,Rb2,Prec,Frac4Rise,Error,BFF
03121500,1.81299e+08,39165,75.1511,302.291,0.15,0.010888,0.9,162.058,82185.8,0.960775,5627.11,-0.02377,-0.068445,-0.143652,342.52,0.05,1.87676,0.579025
