tmp.site,tmp.area,Lb,X1,Wb,POR,ALPHA,BETA,Ks,Kb,Kz,Qthresh,Rs,Rb1,Rb2,Prec,Frac4Rise,Error,BFF
06220800,2.79978e+09,31767.5,4248.99,1220.14,0.15,0.006363,2.4,276.773,5878.28,0.691831,540692,-0.057007,-0.024795,-0.016121,34252,0.05,0.279856,0.393656
