tmp.site,tmp.area,Lb,X1,Wb,POR,ALPHA,BETA,Ks,Kb,Kz,Qthresh,Rs,Rb1,Rb2,Prec,Frac4Rise,Error,BFF
01654500,9.63476e+06,6712.33,100,73.6955,0.15,0.021272,1,448.351,5912.79,0.478469,5406.92,-0.346574,-0.073188,-0.097137,24.4657,0.05,0.737649,0.193997
