tmp.site,tmp.area,Lb,X1,Wb,POR,ALPHA,BETA,Ks,Kb,Kz,Qthresh,Rs,Rb1,Rb2,Prec,Frac4Rise,Error,BFF
12089500,1.33902e+09,18876.8,29.4709,1748.1,0.15,0.005159,0.9,169.646,1626.86,0.944539,1.51198e+06,-0.053186,-0.038896,-0.052199,27071.3,0.05,0.631469,0.449093
