tmp.site,tmp.area,Lb,X1,Wb,POR,ALPHA,BETA,Ks,Kb,Kz,Qthresh,Rs,Rb1,Rb2,Prec,Frac4Rise,Error,BFF
06610770,5.64617e+08,13645.9,139.739,630.611,0.15,0.005759,1.1,4655.91,9641.97,1.26391,50399.4,-0.304468,-0.057468,-0.050203,3494.19,0.05,0.442315,0.295159
