tmp.site,tmp.area,Lb,X1,Wb,POR,ALPHA,BETA,Ks,Kb,Kz,Qthresh,Rs,Rb1,Rb2,Prec,Frac4Rise,Error,BFF
03049500,2.95518e+10,20659.8,55.1648,7503.68,0.15,0.011976,1,12160.9,15057.4,3.54228,4.89314e+06,-0.087867,-0.051467,-0.051189,398791,0.05,0.319361,0.550735
