tmp.site,tmp.area,Lb,X1,Wb,POR,ALPHA,BETA,Ks,Kb,Kz,Qthresh,Rs,Rb1,Rb2,Prec,Frac4Rise,Error,BFF
01604500,5.72387e+08,8417.5,100,722.366,0.15,0.016618,1,1568.9,11321,0.919242,41591.7,-0.137849,-0.078232,-0.060658,928.229,0.05,0.43095,0.341109
