tmp.site,tmp.area,Lb,X1,Wb,POR,ALPHA,BETA,Ks,Kb,Kz,Qthresh,Rs,Rb1,Rb2,Prec,Frac4Rise,Error,BFF
01445000,8.02896e+07,17153.8,100,463.894,0.15,0.040423,1,244.747,17851.7,0.666682,5871.77,-0.150276,-0.03762,-0.040004,636.109,0.05,0.290628,0.603505
