tmp.site,tmp.area,Lb,X1,Wb,POR,ALPHA,BETA,Ks,Kb,Kz,Qthresh,Rs,Rb1,Rb2,Prec,Frac4Rise,Error,BFF
01206900,2.58481e+08,12536,92.7013,643.895,0.15,0.013691,1.2,1685.19,11424.7,1.00838,119882,-0.262444,-0.074047,-0.054806,2691.23,0.05,0.353861,0.416428
