tmp.site,tmp.area,Lb,X1,Wb,POR,ALPHA,BETA,Ks,Kb,Kz,Qthresh,Rs,Rb1,Rb2,Prec,Frac4Rise,Error,BFF
05523865,6.03467e+07,9829.2,100,184.638,0.15,0.009071,1,256.161,10817.8,0.917481,1174.35,-0.235173,-0.11819,-0.051893,48.9314,0.05,0.440249,0.216856
