tmp.site,tmp.area,Lb,X1,Wb,POR,ALPHA,BETA,Ks,Kb,Kz,Qthresh,Rs,Rb1,Rb2,Prec,Frac4Rise,Error,BFF
07335500,1.15112e+11,15739.3,100,6716.17,0.15,0.011659,1,21164.7,12386.3,0.938681,1.09851e+06,-0.071339,-0.059436,-0.080714,75599.1,0.05,0.482488,0.367374
