tmp.site,tmp.area,Lb,X1,Wb,POR,ALPHA,BETA,Ks,Kb,Kz,Qthresh,Rs,Rb1,Rb2,Prec,Frac4Rise,Error,BFF
04215500,3.49648e+08,5462.25,0.144469,1007.06,0.15,0.010689,1.2,5327.57,8.67052,1.25262,31805.4,-0.326963,-0.099007,-0.072875,1761.53,0.05,0.409075,0.285144
