tmp.site,tmp.area,Lb,X1,Wb,POR,ALPHA,BETA,Ks,Kb,Kz,Qthresh,Rs,Rb1,Rb2,Prec,Frac4Rise,Error,BFF
08022500,1.25407e+10,11439.5,100,4574.08,0.15,0.021971,1,4849.69,16774.3,1.12806,63610.9,-0.082481,-0.067675,-0.061249,7339.71,0.05,0.527883,0.429091
