tmp.site,tmp.area,Lb,X1,Wb,POR,ALPHA,BETA,Ks,Kb,Kz,Qthresh,Rs,Rb1,Rb2,Prec,Frac4Rise,Error,BFF
02362000,3.48612e+09,19392.8,8487.42,3676.49,0.15,0.008396,10.1,4804.43,2634.02,0.997772,1.59027e+06,-0.166421,-0.049778,-0.02976,64765.6,0.05,0.28198,0.536503
