tmp.site,tmp.area,Lb,X1,Wb,POR,ALPHA,BETA,Ks,Kb,Kz,Qthresh,Rs,Rb1,Rb2,Prec,Frac4Rise,Error,BFF
04087220,1.27427e+08,9351.93,100,300.326,0.15,0.013329,1,1286.75,8281.84,0.895083,9206.69,-0.322426,-0.101158,-0.081316,464.849,0.05,0.444605,0.242663
