tmp.site,tmp.area,Lb,X1,Wb,POR,ALPHA,BETA,Ks,Kb,Kz,Qthresh,Rs,Rb1,Rb2,Prec,Frac4Rise,Error,BFF
05126210,2.16782e+09,32049.5,100,1035.84,0.15,0.009631,1,317.596,4550.08,0.977446,809815,-0.014926,-0.030674,-0.026362,11364.8,0.05,0.729807,0.411782
