tmp.site,tmp.area,Lb,X1,Wb,POR,ALPHA,BETA,Ks,Kb,Kz,Qthresh,Rs,Rb1,Rb2,Prec,Frac4Rise,Error,BFF
09024000,7.14837e+07,8989.18,1037.39,332.884,0.15,0.004044,1.8,97.2568,1101.58,0.185876,14610.7,-0.110103,-0.02915,-0.017711,709.506,0.05,0.396303,0.22546
