tmp.site,tmp.area,Lb,X1,Wb,POR,ALPHA,BETA,Ks,Kb,Kz,Qthresh,Rs,Rb1,Rb2,Prec,Frac4Rise,Error,BFF
03124500,8.05486e+08,9181.95,150.712,945.949,0.15,0.012471,1.1,3333.9,14072.8,1.00003,102756,-0.208942,-0.079847,-0.065372,1775.97,0.05,0.407814,0.339839
