tmp.site,tmp.area,Lb,X1,Wb,POR,ALPHA,BETA,Ks,Kb,Kz,Qthresh,Rs,Rb1,Rb2,Prec,Frac4Rise,Error,BFF
0344894205,3.75548e+07,18104,130.015,311.074,0.15,0.012675,2,506.067,12401.2,0.879123,14820.6,-0.303068,-0.064727,-0.040073,660.574,0.05,0.291194,0.491107
