tmp.site,tmp.area,Lb,X1,Wb,POR,ALPHA,BETA,Ks,Kb,Kz,Qthresh,Rs,Rb1,Rb2,Prec,Frac4Rise,Error,BFF
09469500,3.33746e+10,27389,68.7372,2528.13,0.15,0.013873,0.9,584.468,15563.4,1.01735,873426,-0.012606,-0.039285,-0.206278,244.657,0.05,19.8974,0.635862
