tmp.site,tmp.area,Lb,X1,Wb,POR,ALPHA,BETA,Ks,Kb,Kz,Qthresh,Rs,Rb1,Rb2,Prec,Frac4Rise,Error,BFF
09468500,2.65733e+09,79066.7,111.792,151.023,0.15,0.010569,1,5052.81,95398.8,0.908784,44038.3,-0.202733,-0.084426,-0.09759,24.4657,0.05,21.0359,0.117846
