tmp.site,tmp.area,Lb,X1,Wb,POR,ALPHA,BETA,Ks,Kb,Kz,Qthresh,Rs,Rb1,Rb2,Prec,Frac4Rise,Error,BFF
01308500,9.16856e+07,339878,100,146.017,0.15,0.024754,1,996.4,172.885,0.405149,59207,-0.305378,-0.023146,-0.023497,1859.83,0.05,0.360699,0.516239
