tmp.site,tmp.area,Lb,X1,Wb,POR,ALPHA,BETA,Ks,Kb,Kz,Qthresh,Rs,Rb1,Rb2,Prec,Frac4Rise,Error,BFF
01591400,5.93107e+07,21779.1,100,218.588,0.15,0.011863,1,363.419,11430.5,0.705363,47218.8,-0.377951,-0.038323,-0.038103,636.109,0.05,0.295581,0.488625
