tmp.site,tmp.area,Lb,X1,Wb,POR,ALPHA,BETA,Ks,Kb,Kz,Qthresh,Rs,Rb1,Rb2,Prec,Frac4Rise,Error,BFF
01085500,1.10592e+09,15262,100,1411.91,0.15,0.015394,1,1831.78,18765,0.936047,78290.3,-0.087141,-0.052947,-0.064516,8759.46,0.05,0.379729,0.534056
