tmp.site,tmp.area,Lb,X1,Wb,POR,ALPHA,BETA,Ks,Kb,Kz,Qthresh,Rs,Rb1,Rb2,Prec,Frac4Rise,Error,BFF
04159130,5.76013e+11,251733,100,353607,0.15,0.005494,1,1217.93,5829.94,0.858715,4.25703e+08,-0.062582,-0.005715,-0.010877,3.1666e+07,0.05,0.072822,0.979923
