tmp.site,tmp.area,Lb,X1,Wb,POR,ALPHA,BETA,Ks,Kb,Kz,Qthresh,Rs,Rb1,Rb2,Prec,Frac4Rise,Error,BFF
07064440,1.52291e+08,55501.6,100,647.653,0.15,0.010303,1,206.072,2640.14,0.474802,271569,-0.091161,-0.019547,-0.009105,11963.7,0.05,0.211629,0.618482
