tmp.site,tmp.area,Lb,X1,Wb,POR,ALPHA,BETA,Ks,Kb,Kz,Qthresh,Rs,Rb1,Rb2,Prec,Frac4Rise,Error,BFF
02090380,4.16988e+08,7027.9,100,578.06,0.15,0.013449,1,1182.12,12670.2,0.902989,95416.3,-0.148801,-0.077373,-0.100604,269.123,0.05,0.654014,0.314398
