tmp.site,tmp.area,Lb,X1,Wb,POR,ALPHA,BETA,Ks,Kb,Kz,Qthresh,Rs,Rb1,Rb2,Prec,Frac4Rise,Error,BFF
06285100,6.19007e+09,38477.6,10.7388,1584.4,0.15,0.005158,1,1456.34,353.994,0.943466,2.20191e+06,-0.046248,-0.034167,-0.035738,45016.9,0.05,0.30962,0.499733
