tmp.site,tmp.area,Lb,X1,Wb,POR,ALPHA,BETA,Ks,Kb,Kz,Qthresh,Rs,Rb1,Rb2,Prec,Frac4Rise,Error,BFF
06799445,1.40636e+09,29752.9,1931.69,1042.71,0.15,0.017987,1.7,774.519,2695,0.147648,211139,-0.131843,-0.026968,-0.020133,8508.44,0.05,0.360961,0.438196
