tmp.site,tmp.area,Lb,X1,Wb,POR,ALPHA,BETA,Ks,Kb,Kz,Qthresh,Rs,Rb1,Rb2,Prec,Frac4Rise,Error,BFF
0163287828,2.82309e+07,57873.6,20642.1,36.8179,0.15,0.015609,10.1,287.566,1539.17,0.338948,3278.41,-0.115793,-0.071582,-0.023738,188.386,0.05,0.533973,0.359106
