tmp.site,tmp.area,Lb,X1,Wb,POR,ALPHA,BETA,Ks,Kb,Kz,Qthresh,Rs,Rb1,Rb2,Prec,Frac4Rise,Error,BFF
06195600,2.19113e+09,12465.6,7.29212,2128.92,0.15,0.011034,1.1,182.39,1191.65,0.977002,362093,-0.060269,-0.037614,-0.033505,8138.03,0.05,0.250899,0.844404
