tmp.site,tmp.area,Lb,X1,Wb,POR,ALPHA,BETA,Ks,Kb,Kz,Qthresh,Rs,Rb1,Rb2,Prec,Frac4Rise,Error,BFF
01459500,2.52265e+08,16260.5,26.0405,479.106,0.15,0.009183,1.2,2156.35,10837.7,2.34655,9669.83,-0.239054,-0.123049,-0.086433,318.054,0.05,0.51171,0.28474
