tmp.site,tmp.area,Lb,X1,Wb,POR,ALPHA,BETA,Ks,Kb,Kz,Qthresh,Rs,Rb1,Rb2,Prec,Frac4Rise,Error,BFF
07295000,4.66198e+08,8788.89,100,858.095,0.15,0.008506,1,4898.91,5446.87,1.03302,68504,-0.507017,-0.13935,-0.053273,5382.46,0.05,0.404449,0.205018
