tmp.site,tmp.area,Lb,X1,Wb,POR,ALPHA,BETA,Ks,Kb,Kz,Qthresh,Rs,Rb1,Rb2,Prec,Frac4Rise,Error,BFF
07052152,1.32089e+08,11725.5,100,367.842,0.15,0.008368,1,187.696,7885.93,0.873874,55047.9,-0.163164,-0.086575,-0.048249,3078.28,0.05,0.291848,0.435921
