tmp.site,tmp.area,Lb,X1,Wb,POR,ALPHA,BETA,Ks,Kb,Kz,Qthresh,Rs,Rb1,Rb2,Prec,Frac4Rise,Error,BFF
06921350,1.59284e+09,316867,30.5722,150.828,0.15,0.005576,0.9,148.416,3058.16,0.943996,1.26488e+06,-0.002817,-0.063939,-0.108743,4403.83,0.05,0.573006,0.076736
