tmp.site,tmp.area,Lb,X1,Wb,POR,ALPHA,BETA,Ks,Kb,Kz,Qthresh,Rs,Rb1,Rb2,Prec,Frac4Rise,Error,BFF
08034500,9.73836e+08,25462.2,3.8422,739.857,0.15,0.013158,1,2270.11,1831.95,1.22845,61164.3,-0.138322,-0.079094,-0.08941,24.4657,0.05,2.34681,0.375568
