tmp.site,tmp.area,Lb,X1,Wb,POR,ALPHA,BETA,Ks,Kb,Kz,Qthresh,Rs,Rb1,Rb2,Prec,Frac4Rise,Error,BFF
07140850,2.82568e+09,332.305,0.005548,75.7252,0.15,0.001814,1.1,12.6916,0.000327,1.66973,20940.7,-0.202733,-0.147408,-0.277972,24.4657,0.05,0.355377,0.000209
