tmp.site,tmp.area,Lb,X1,Wb,POR,ALPHA,BETA,Ks,Kb,Kz,Qthresh,Rs,Rb1,Rb2,Prec,Frac4Rise,Error,BFF
12390700,4.71378e+08,454.193,345.445,652413,0.15,2e-06,9.2,91184.8,2.92071,1.11847,132115,-0.055613,-0.026498,-0.005742,7339.71,0.05,0.256353,0.468341
