tmp.site,tmp.area,Lb,X1,Wb,POR,ALPHA,BETA,Ks,Kb,Kz,Qthresh,Rs,Rb1,Rb2,Prec,Frac4Rise,Error,BFF
06818750,5.62027e+08,3433.17,132.277,838.992,0.15,0.01145,1.1,3314.67,7601.57,0.905439,23487.1,-0.346574,-0.108388,-0.07663,197.732,0.05,0.569355,0.199033
