tmp.site,tmp.area,Lb,X1,Wb,POR,ALPHA,BETA,Ks,Kb,Kz,Qthresh,Rs,Rb1,Rb2,Prec,Frac4Rise,Error,BFF
03022554,1.18103e+08,13175.5,37.3038,339.925,0.15,0.007976,0.9,56.9817,2606.63,0.969331,21529.8,-0.012398,-0.067253,-0.098586,1761.53,0.05,0.591492,0.297321
