tmp.site,tmp.area,Lb,X1,Wb,POR,ALPHA,BETA,Ks,Kb,Kz,Qthresh,Rs,Rb1,Rb2,Prec,Frac4Rise,Error,BFF
07285500,4.01448e+09,17446.6,24.495,2704.07,0.15,0.006824,0.9,648.398,8045.23,1.12376,129668,-0.027603,-0.060564,-0.117657,12301.1,0.05,1.06189,0.514953
