tmp.site,tmp.area,Lb,X1,Wb,POR,ALPHA,BETA,Ks,Kb,Kz,Qthresh,Rs,Rb1,Rb2,Prec,Frac4Rise,Error,BFF
09251000,8.76193e+09,41635.4,66.3404,2646.36,0.15,0.010316,1,2971.38,31504.6,1.17722,968842,-0.091161,-0.036845,-0.038147,11988.2,0.05,0.47286,0.638125
