tmp.site,tmp.area,Lb,X1,Wb,POR,ALPHA,BETA,Ks,Kb,Kz,Qthresh,Rs,Rb1,Rb2,Prec,Frac4Rise,Error,BFF
09380000,2.89561e+11,92798,22.1684,6049.25,0.15,0.004007,0.9,3503.99,16049,0.928923,5.0644e+06,-0.027966,-0.029595,-0.03675,256890,0.05,0.405554,0.682896
