tmp.site,tmp.area,Lb,X1,Wb,POR,ALPHA,BETA,Ks,Kb,Kz,Qthresh,Rs,Rb1,Rb2,Prec,Frac4Rise,Error,BFF
04066800,9.58296e+09,14210.7,100,4467.16,0.15,0.006879,1,309.575,11301.7,1.003,5.79837e+06,-0.069048,-0.033911,-0.030533,210515,0.05,0.17873,0.765048
