tmp.site,tmp.area,Lb,X1,Wb,POR,ALPHA,BETA,Ks,Kb,Kz,Qthresh,Rs,Rb1,Rb2,Prec,Frac4Rise,Error,BFF
01173000,2.49416e+08,29892.3,241.987,585.424,0.15,0.027447,1,635.882,93410.5,2.00547,58717.7,-0.122255,-0.049352,-0.052077,1639.2,0.05,0.366648,0.532707
