tmp.site,tmp.area,Lb,X1,Wb,POR,ALPHA,BETA,Ks,Kb,Kz,Qthresh,Rs,Rb1,Rb2,Prec,Frac4Rise,Error,BFF
03044810,2.07199e+07,10430.7,85.1768,181.449,0.15,0.020689,1.2,240.335,13638.5,0.606403,5309.06,-0.218385,-0.071045,-0.053709,149.241,0.05,0.386683,0.430588
