tmp.site,tmp.area,Lb,X1,Wb,POR,ALPHA,BETA,Ks,Kb,Kz,Qthresh,Rs,Rb1,Rb2,Prec,Frac4Rise,Error,BFF
03207061,1.04118e+09,2517.65,100,2172.61,0.15,0.008286,1,2093.22,12126.2,1.16863,281356,-0.146822,-0.118315,-0.081484,4893.14,0.05,0.408116,0.37766
