tmp.site,tmp.area,Lb,X1,Wb,POR,ALPHA,BETA,Ks,Kb,Kz,Qthresh,Rs,Rb1,Rb2,Prec,Frac4Rise,Error,BFF
03351201,3.27374e+09,15068.4,0.377852,2140.24,0.15,0.010547,1.1,9273.16,57.5435,1.50597,369383,-0.195696,-0.085823,-0.072829,8715.91,0.05,0.365231,0.385284
