tmp.site,tmp.area,Lb,X1,Wb,POR,ALPHA,BETA,Ks,Kb,Kz,Qthresh,Rs,Rb1,Rb2,Prec,Frac4Rise,Error,BFF
01593370,3.10799e+06,3951.63,100,60.2422,0.15,0.011784,1,172.638,3144.24,0.409421,1981.72,-0.498571,-0.110084,-0.07152,31.8054,0.05,0.346702,0.234751
