tmp.site,tmp.area,Lb,X1,Wb,POR,ALPHA,BETA,Ks,Kb,Kz,Qthresh,Rs,Rb1,Rb2,Prec,Frac4Rise,Error,BFF
11270900,2.74798e+09,31129.1,48.1707,2580.76,0.15,0.009333,0.9,315.622,5888.58,1.08738,912571,-0.027034,-0.031557,-0.063514,6361.09,0.05,1.49029,0.554453
