tmp.site,tmp.area,Lb,X1,Wb,POR,ALPHA,BETA,Ks,Kb,Kz,Qthresh,Rs,Rb1,Rb2,Prec,Frac4Rise,Error,BFF
13302005,2.14969e+09,3.14773e+06,1.01171,181.951,0.15,0.03106,0.8,1657.01,66.3635,1.37857,552925,-0.035227,-0.011269,-0.018895,25689,0.05,0.296983,0.730039
