tmp.site,tmp.area,Lb,X1,Wb,POR,ALPHA,BETA,Ks,Kb,Kz,Qthresh,Rs,Rb1,Rb2,Prec,Frac4Rise,Error,BFF
09076000,1.08003e+08,21479.3,3756.03,659.701,0.15,0.013205,2.4,325.588,2127.43,0.278907,53335.3,-0.05821,-0.01622,-0.00767,4036.84,0.05,0.339831,0.383661
