tmp.site,tmp.area,Lb,X1,Wb,POR,ALPHA,BETA,Ks,Kb,Kz,Qthresh,Rs,Rb1,Rb2,Prec,Frac4Rise,Error,BFF
09306200,1.31053e+09,369108,100,71.6111,0.15,0.015763,1,1139.64,7931.42,0.913934,54069.2,-0.098358,-0.03087,-0.047502,381.665,0.05,0.735224,0.168452
