tmp.site,tmp.area,Lb,X1,Wb,POR,ALPHA,BETA,Ks,Kb,Kz,Qthresh,Rs,Rb1,Rb2,Prec,Frac4Rise,Error,BFF
13311000,4.99868e+07,16344.8,3866.83,357.498,0.15,0.014585,2.9,284.443,754.76,0.230914,19083.3,-0.100335,-0.023227,-0.008157,1223.29,0.05,0.312998,0.313755
