tmp.site,tmp.area,Lb,X1,Wb,POR,ALPHA,BETA,Ks,Kb,Kz,Qthresh,Rs,Rb1,Rb2,Prec,Frac4Rise,Error,BFF
01627500,5.49077e+08,11779.1,100,1037.32,0.15,0.006559,1,435.032,5056.49,0.943655,185939,-0.143841,-0.055649,-0.020619,11416.4,0.05,0.274746,0.461317
