tmp.site,tmp.area,Lb,X1,Wb,POR,ALPHA,BETA,Ks,Kb,Kz,Qthresh,Rs,Rb1,Rb2,Prec,Frac4Rise,Error,BFF
12472800,2.48639e+11,59196.9,4.83211,61240.9,0.15,0.010093,0.9,19048,848.826,2.8177,7.51097e+07,-0.05617,-0.0181,-0.025205,6.72318e+06,0.05,0.278517,0.793888
