tmp.site,tmp.area,Lb,X1,Wb,POR,ALPHA,BETA,Ks,Kb,Kz,Qthresh,Rs,Rb1,Rb2,Prec,Frac4Rise,Error,BFF
08049300,7.40996e+09,14385.2,100,2160.1,0.15,0.01094,1,10867.6,9329.34,0.941798,455062,-0.28132,-0.080381,-0.071657,36698.6,0.05,0.444031,0.279335
