tmp.site,tmp.area,Lb,X1,Wb,POR,ALPHA,BETA,Ks,Kb,Kz,Qthresh,Rs,Rb1,Rb2,Prec,Frac4Rise,Error,BFF
05393500,2.11343e+08,10337.2,1.6849,495.25,0.15,0.013222,1.6,905.606,185.021,1.02158,54069.2,-0.166215,-0.081166,-0.049738,831.834,0.05,0.476637,0.371955
