tmp.site,tmp.area,Lb,X1,Wb,POR,ALPHA,BETA,Ks,Kb,Kz,Qthresh,Rs,Rb1,Rb2,Prec,Frac4Rise,Error,BFF
01581960,2.51747e+07,59626.5,232.992,140.853,0.15,0.012342,3.7,204.629,9585.87,0.37679,11206,-0.419705,-0.033919,-0.026777,792.347,0.05,0.242468,0.590785
