tmp.site,tmp.area,Lb,X1,Wb,POR,ALPHA,BETA,Ks,Kb,Kz,Qthresh,Rs,Rb1,Rb2,Prec,Frac4Rise,Error,BFF
02077200,1.1888e+08,5418.94,246.457,382.904,0.15,0.021741,0.9,1626.37,21938,0.344906,110096,-0.336024,-0.085794,-0.11874,24.4657,0.05,0.932304,0.218202
