tmp.site,tmp.area,Lb,X1,Wb,POR,ALPHA,BETA,Ks,Kb,Kz,Qthresh,Rs,Rb1,Rb2,Prec,Frac4Rise,Error,BFF
01493000,5.10228e+07,44307.9,619.58,172.55,0.15,0.006468,7.7,361.041,14847.3,1.19223,24465.7,-0.204636,-0.050046,-0.035127,1116.03,0.05,0.319312,0.49451
