tmp.site,tmp.area,Lb,X1,Wb,POR,ALPHA,BETA,Ks,Kb,Kz,Qthresh,Rs,Rb1,Rb2,Prec,Frac4Rise,Error,BFF
06402600,2.53612e+10,50691.2,100,622.024,0.15,0.006876,1,1598.47,273.089,0.879741,303375,-0.061301,-0.057155,-0.039638,5382.46,0.05,0.310158,0.36695
