tmp.site,tmp.area,Lb,X1,Wb,POR,ALPHA,BETA,Ks,Kb,Kz,Qthresh,Rs,Rb1,Rb2,Prec,Frac4Rise,Error,BFF
06356500,3.38252e+09,17481.6,100,217.236,0.15,0.013139,1,6933.65,3016.81,0.888391,34496.7,-0.149687,-0.083141,-0.073489,24.4657,0.05,14.8224,0.117884
