tmp.site,tmp.area,Lb,X1,Wb,POR,ALPHA,BETA,Ks,Kb,Kz,Qthresh,Rs,Rb1,Rb2,Prec,Frac4Rise,Error,BFF
02299472,2.21962e+08,31945.1,27.4571,122.549,0.15,0.01642,1,1391.64,4967.19,0.993957,31071.5,-0.176035,-0.056995,-0.061661,80.7369,0.05,0.668435,0.159492
