tmp.site,tmp.area,Lb,X1,Wb,POR,ALPHA,BETA,Ks,Kb,Kz,Qthresh,Rs,Rb1,Rb2,Prec,Frac4Rise,Error,BFF
06918493,3.54828e+07,11945.3,65.5613,166.23,0.15,0.024231,2.2,139.211,2819.67,0.907063,3180.54,-0.129224,-0.069898,-0.039136,286.249,0.05,0.376084,0.386862
