tmp.site,tmp.area,Lb,X1,Wb,POR,ALPHA,BETA,Ks,Kb,Kz,Qthresh,Rs,Rb1,Rb2,Prec,Frac4Rise,Error,BFF
08164600,2.37502e+08,7288.97,68.1271,244.53,0.15,0.010094,1,1431.31,8239.52,1.00457,10764.9,-0.215025,-0.145409,-0.144497,24.4657,0.05,3.25014,0.06066
