tmp.site,tmp.area,Lb,X1,Wb,POR,ALPHA,BETA,Ks,Kb,Kz,Qthresh,Rs,Rb1,Rb2,Prec,Frac4Rise,Error,BFF
0208732885,1.77155e+07,7553.71,100,73.7026,0.15,0.023755,1,540.311,9314.98,1.01069,9052.31,-0.59598,-0.111603,-0.120256,110.096,0.05,0.480142,0.17083
