tmp.site,tmp.area,Lb,X1,Wb,POR,ALPHA,BETA,Ks,Kb,Kz,Qthresh,Rs,Rb1,Rb2,Prec,Frac4Rise,Error,BFF
04058200,6.11237e+07,24887,12425.4,154.06,0.15,0.009167,9.8,40.4412,131.051,1.06804,16147.4,-0.089399,-0.063096,-0.03287,709.506,0.05,0.368981,0.274531
