tmp.site,tmp.area,Lb,X1,Wb,POR,ALPHA,BETA,Ks,Kb,Kz,Qthresh,Rs,Rb1,Rb2,Prec,Frac4Rise,Error,BFF
1203951610,1.06708e+09,15928.8,100,2660.3,0.15,0.00916,1,1067.8,4512.98,3.62999,1.08383e+06,-0.104848,-0.051169,-0.012818,89299.9,0.05,0.271242,0.441933
