tmp.site,tmp.area,Lb,X1,Wb,POR,ALPHA,BETA,Ks,Kb,Kz,Qthresh,Rs,Rb1,Rb2,Prec,Frac4Rise,Error,BFF
07019000,9.81087e+09,5559.87,100,5129.5,0.15,0.006509,1,5076.51,2024.23,1.69092,1.28614e+06,-0.111599,-0.085748,-0.028536,82694.1,0.05,0.342734,0.299224
