tmp.site,tmp.area,Lb,X1,Wb,POR,ALPHA,BETA,Ks,Kb,Kz,Qthresh,Rs,Rb1,Rb2,Prec,Frac4Rise,Error,BFF
09484600,1.18362e+09,71313.4,100,21.9342,0.15,0.01732,1,2422.89,4986.38,0.955504,2055.12,-0.143841,-0.060134,-0.042347,24.4657,0.05,0.794973,0.071064
