tmp.site,tmp.area,Lb,X1,Wb,POR,ALPHA,BETA,Ks,Kb,Kz,Qthresh,Rs,Rb1,Rb2,Prec,Frac4Rise,Error,BFF
09220000,1.43226e+08,29021.2,100,282.411,0.15,0.014307,1,86.9403,13342.3,0.874935,8318.34,-0.047058,-0.033046,-0.024232,440.383,0.05,0.449123,0.466562
