tmp.site,tmp.area,Lb,X1,Wb,POR,ALPHA,BETA,Ks,Kb,Kz,Qthresh,Rs,Rb1,Rb2,Prec,Frac4Rise,Error,BFF
07103990,4.89508e+07,7808.34,399.729,296.581,0.15,0.025492,1,388.679,1526.62,0.039399,14884.9,-0.1468,-0.056852,-0.053535,366.986,0.05,0.324576,0.387822
