tmp.site,tmp.area,Lb,X1,Wb,POR,ALPHA,BETA,Ks,Kb,Kz,Qthresh,Rs,Rb1,Rb2,Prec,Frac4Rise,Error,BFF
03350500,5.57676e+08,6964.41,100,943.999,0.15,0.018862,1,2053.91,15107.2,0.967461,6361.09,-0.193005,-0.090593,-0.129379,203.065,0.05,0.861963,0.389427
