tmp.site,tmp.area,Lb,X1,Wb,POR,ALPHA,BETA,Ks,Kb,Kz,Qthresh,Rs,Rb1,Rb2,Prec,Frac4Rise,Error,BFF
11458600,1.16549e+07,5861.33,100,82.2447,0.15,0.034325,1,453.301,11624,0.917195,929.697,-0.346574,-0.13995,-0.081154,24.4657,0.05,1.53139,0.143759
