tmp.site,tmp.area,Lb,X1,Wb,POR,ALPHA,BETA,Ks,Kb,Kz,Qthresh,Rs,Rb1,Rb2,Prec,Frac4Rise,Error,BFF
05055300,4.30197e+09,25435.3,76.8015,428.083,0.15,0.01034,1,982.625,6589.24,0.970934,1786,-0.076112,-0.041288,-0.049093,24.4657,0.05,8.07216,0.228728
