tmp.site,tmp.area,Lb,X1,Wb,POR,ALPHA,BETA,Ks,Kb,Kz,Qthresh,Rs,Rb1,Rb2,Prec,Frac4Rise,Error,BFF
08173900,9.03906e+09,22647,100,2321.7,0.15,0.007429,1,4548.8,5975.6,0.923391,521120,-0.100428,-0.042689,-0.035447,31071.5,0.05,0.302365,0.470032
