tmp.site,tmp.area,Lb,X1,Wb,POR,ALPHA,BETA,Ks,Kb,Kz,Qthresh,Rs,Rb1,Rb2,Prec,Frac4Rise,Error,BFF
10311200,1.34679e+07,8760.32,100,269.489,0.15,0.012924,1,56.564,1804.71,0.109858,2226.38,-0.091161,-0.013809,-0.013349,183.493,0.05,0.290914,0.703388
