tmp.site,tmp.area,Lb,X1,Wb,POR,ALPHA,BETA,Ks,Kb,Kz,Qthresh,Rs,Rb1,Rb2,Prec,Frac4Rise,Error,BFF
08406000,1.00233e+09,405661,100,68.7644,0.15,0.043505,1,2281.68,17809.1,0.952887,31316.1,-0.123051,-0.046261,-0.087167,216.277,0.05,0.627368,0.29297
