tmp.site,tmp.area,Lb,X1,Wb,POR,ALPHA,BETA,Ks,Kb,Kz,Qthresh,Rs,Rb1,Rb2,Prec,Frac4Rise,Error,BFF
02398950,1.10851e+08,9880.77,71.7296,631.908,0.15,0.028857,1,944.445,23023.8,1.17962,195.726,-0.207832,-0.089191,-0.097688,24.4657,0.05,0.450285,0.459352
