tmp.site,tmp.area,Lb,X1,Wb,POR,ALPHA,BETA,Ks,Kb,Kz,Qthresh,Rs,Rb1,Rb2,Prec,Frac4Rise,Error,BFF
02201230,3.47058e+09,23408.1,0.12104,1460.35,0.15,0.012101,1,3116.78,29.5344,1.19211,396345,-0.09004,-0.054138,-0.059512,6361.09,0.05,0.45802,0.45184
