tmp.site,tmp.area,Lb,X1,Wb,POR,ALPHA,BETA,Ks,Kb,Kz,Qthresh,Rs,Rb1,Rb2,Prec,Frac4Rise,Error,BFF
08086050,6.08647e+08,24413.5,100,9.73625,0.15,0.000611,1,46.9601,735.867,0.959385,18809.2,-0.210834,-0.140115,-0.202578,24.4657,0.05,3.76999,0.000732
