tmp.site,tmp.area,Lb,X1,Wb,POR,ALPHA,BETA,Ks,Kb,Kz,Qthresh,Rs,Rb1,Rb2,Prec,Frac4Rise,Error,BFF
05395000,7.14837e+09,18002.2,166.365,10742.2,0.15,0.00243,2.7,1522.88,12893.1,0.952673,4.72188e+06,-0.096324,-0.037887,-0.030504,194292,0.05,0.207454,0.891401
