tmp.site,tmp.area,Lb,X1,Wb,POR,ALPHA,BETA,Ks,Kb,Kz,Qthresh,Rs,Rb1,Rb2,Prec,Frac4Rise,Error,BFF
05427880,6.42317e+07,56806.6,100,105.319,0.15,0.020796,1,128.667,2108.09,0.800118,6348.85,-0.057497,-0.047052,-0.04536,665.467,0.05,0.412957,0.43492
