tmp.site,tmp.area,Lb,X1,Wb,POR,ALPHA,BETA,Ks,Kb,Kz,Qthresh,Rs,Rb1,Rb2,Prec,Frac4Rise,Error,BFF
05583000,1.31908e+10,48443,226.303,12495.2,0.15,0.015006,1.6,16290.7,91946.2,1.24174,714399,-0.069335,-0.053194,-0.031666,39727.4,0.05,0.406135,0.622044
