tmp.site,tmp.area,Lb,X1,Wb,POR,ALPHA,BETA,Ks,Kb,Kz,Qthresh,Rs,Rb1,Rb2,Prec,Frac4Rise,Error,BFF
03191500,1.05413e+08,7746.89,100,367.452,0.15,0.01984,1,788.284,16879.3,0.94164,24465.7,-0.246443,-0.084314,-0.093166,97.8629,0.05,0.437091,0.356102
