tmp.site,tmp.area,Lb,X1,Wb,POR,ALPHA,BETA,Ks,Kb,Kz,Qthresh,Rs,Rb1,Rb2,Prec,Frac4Rise,Error,BFF
03593800,2.69359e+08,10609.2,100,760.829,0.15,0.008707,1,1082.63,4655.96,0.914676,110585,-0.235866,-0.077497,-0.026382,7535.44,0.05,0.298206,0.437592
