tmp.site,tmp.area,Lb,X1,Wb,POR,ALPHA,BETA,Ks,Kb,Kz,Qthresh,Rs,Rb1,Rb2,Prec,Frac4Rise,Error,BFF
05471050,2.07976e+09,36589.5,98.5097,1252.61,0.15,0.010859,1.3,2176.87,31331.6,1.09499,189927,-0.141563,-0.051026,-0.03474,3180.54,0.05,0.379849,0.547295
