tmp.site,tmp.area,Lb,X1,Wb,POR,ALPHA,BETA,Ks,Kb,Kz,Qthresh,Rs,Rb1,Rb2,Prec,Frac4Rise,Error,BFF
08185065,7.92536e+08,3320.09,244.306,430.577,0.15,0.0136,1,550.573,3856.49,0.491246,51867.3,-0.160354,-0.084924,-0.082531,70.1921,0.05,0.665625,0.258834
