tmp.site,tmp.area,Lb,X1,Wb,POR,ALPHA,BETA,Ks,Kb,Kz,Qthresh,Rs,Rb1,Rb2,Prec,Frac4Rise,Error,BFF
11098000,4.14398e+07,28771.5,100,156.578,0.15,0.054457,1,164.986,11037,0.572606,14679.4,-0.175823,-0.04306,-0.038665,24.4657,0.05,1.32009,0.267224
