tmp.site,tmp.area,Lb,X1,Wb,POR,ALPHA,BETA,Ks,Kb,Kz,Qthresh,Rs,Rb1,Rb2,Prec,Frac4Rise,Error,BFF
09059500,2.19372e+08,4181.57,407.841,1161.31,0.15,0.007465,1.2,24.2675,9074.21,0.462393,26912.3,-0.126062,-0.032599,-0.024371,1541.34,0.05,0.293384,0.479628
