tmp.site,tmp.area,Lb,X1,Wb,POR,ALPHA,BETA,Ks,Kb,Kz,Qthresh,Rs,Rb1,Rb2,Prec,Frac4Rise,Error,BFF
08063590,1.56435e+08,10300.4,100,428.67,0.15,0.05882,1,2490.22,19107,0.911118,90278.5,-0.279884,-0.074333,-0.191461,24.4657,0.05,4.97418,0.251743
