tmp.site,tmp.area,Lb,X1,Wb,POR,ALPHA,BETA,Ks,Kb,Kz,Qthresh,Rs,Rb1,Rb2,Prec,Frac4Rise,Error,BFF
02220788,6.68217e+07,11317.8,12.2842,292.704,0.15,0.015883,1,433.036,776.687,0.904636,56271.1,-0.366323,-0.047789,-0.050686,424.089,0.05,0.331381,0.466992
