tmp.site,tmp.area,Lb,X1,Wb,POR,ALPHA,BETA,Ks,Kb,Kz,Qthresh,Rs,Rb1,Rb2,Prec,Frac4Rise,Error,BFF
02223500,1.13959e+10,23760.7,190.202,2681.02,0.15,0.010673,1.1,7308.95,18654.9,1.81542,870979,-0.109978,-0.059335,-0.049707,92725.1,0.05,0.373984,0.406672
