tmp.site,tmp.area,Lb,X1,Wb,POR,ALPHA,BETA,Ks,Kb,Kz,Qthresh,Rs,Rb1,Rb2,Prec,Frac4Rise,Error,BFF
10338500,3.70368e+07,15386.9,73.4285,373.468,0.15,0.024155,0.9,37.1366,13439.5,0.737201,73397.1,-0.018961,-0.052549,-0.118595,97.8629,0.05,34.8763,0.634049
