tmp.site,tmp.area,Lb,X1,Wb,POR,ALPHA,BETA,Ks,Kb,Kz,Qthresh,Rs,Rb1,Rb2,Prec,Frac4Rise,Error,BFF
06447500,8.10666e+08,77010.9,122.822,112.985,0.15,0.027091,1.4,1017.05,174.971,0.998776,54558.5,-0.100335,-0.037721,-0.030874,856.3,0.05,0.686482,0.230318
