tmp.site,tmp.area,Lb,X1,Wb,POR,ALPHA,BETA,Ks,Kb,Kz,Qthresh,Rs,Rb1,Rb2,Prec,Frac4Rise,Error,BFF
03360600,8.57286e+07,7529.84,0.419242,325.147,0.15,0.00651,1.5,828.519,42.5373,1.13052,3278.41,-0.365492,-0.147913,-0.076141,206.099,0.05,0.518601,0.184312
