tmp.site,tmp.area,Lb,X1,Wb,POR,ALPHA,BETA,Ks,Kb,Kz,Qthresh,Rs,Rb1,Rb2,Prec,Frac4Rise,Error,BFF
07362587,6.99297e+07,5975.08,19.1493,372.53,0.15,0.020901,1,801.4,4108.87,1.2242,4607.38,-0.228323,-0.12253,-0.133012,24.4657,0.05,0.722167,0.272952
