tmp.site,tmp.area,Lb,X1,Wb,POR,ALPHA,BETA,Ks,Kb,Kz,Qthresh,Rs,Rb1,Rb2,Prec,Frac4Rise,Error,BFF
07346070,1.74824e+09,12190.7,100,2080.91,0.15,0.027821,1,1664.9,28348.3,0.958663,1.29424e+06,-0.082134,-0.065499,-0.119417,24.4657,0.05,6.39775,0.53539
