tmp.site,tmp.area,Lb,X1,Wb,POR,ALPHA,BETA,Ks,Kb,Kz,Qthresh,Rs,Rb1,Rb2,Prec,Frac4Rise,Error,BFF
12302055,2.18077e+09,69750,100,631.991,0.15,0.007677,1,31.8841,42188.4,0.957626,134561,-0.066766,-0.030173,-0.016816,14434.8,0.05,0.296134,0.556449
