tmp.site,tmp.area,Lb,X1,Wb,POR,ALPHA,BETA,Ks,Kb,Kz,Qthresh,Rs,Rb1,Rb2,Prec,Frac4Rise,Error,BFF
07283000,6.57857e+08,44270.8,61.4908,345.314,0.15,0.007192,1.3,2762.73,66161.5,2.11236,18104.6,-0.374315,-0.179898,-0.094179,807.369,0.05,0.501913,0.131371
