tmp.site,tmp.area,Lb,X1,Wb,POR,ALPHA,BETA,Ks,Kb,Kz,Qthresh,Rs,Rb1,Rb2,Prec,Frac4Rise,Error,BFF
08142000,2.77129e+08,3032.37,0.369479,19.8085,0.15,0.002169,1.1,89730.5,0.109784,1.01553,16147.4,-0.235002,-0.138716,-0.101125,24.4657,0.05,0.449767,0.00027
