tmp.site,tmp.area,Lb,X1,Wb,POR,ALPHA,BETA,Ks,Kb,Kz,Qthresh,Rs,Rb1,Rb2,Prec,Frac4Rise,Error,BFF
02272650,9.91965e+07,15143.2,100,185.177,0.15,0.028102,1,258.142,18755.2,0.934526,6361.09,-0.116511,-0.064997,-0.088735,24.4657,0.05,1.68694,0.298998
