tmp.site,tmp.area,Lb,X1,Wb,POR,ALPHA,BETA,Ks,Kb,Kz,Qthresh,Rs,Rb1,Rb2,Prec,Frac4Rise,Error,BFF
09223000,3.34108e+08,11443.4,965.594,847.413,0.15,0.071673,1.3,135.092,37950.3,0.323005,24221.1,-0.143841,-0.029379,-0.02247,1370.08,0.05,0.360615,0.550105
