tmp.site,tmp.area,Lb,X1,Wb,POR,ALPHA,BETA,Ks,Kb,Kz,Qthresh,Rs,Rb1,Rb2,Prec,Frac4Rise,Error,BFF
09289500,2.0176e+08,4927.05,2810.35,2372.27,0.15,0.002419,10,153.952,11.0734,0.820584,96884.2,-0.12052,-0.02875,-0.007364,3669.86,0.05,0.309602,0.306865
