tmp.site,tmp.area,Lb,X1,Wb,POR,ALPHA,BETA,Ks,Kb,Kz,Qthresh,Rs,Rb1,Rb2,Prec,Frac4Rise,Error,BFF
02429980,5.20588e+06,5008.85,1483.01,315.996,0.15,0.004551,2.8,62.7564,896.862,0.186946,8208.25,-0.346574,-0.044672,-0.028738,464.849,0.05,0.221168,0.554984
