tmp.site,tmp.area,Lb,X1,Wb,POR,ALPHA,BETA,Ks,Kb,Kz,Qthresh,Rs,Rb1,Rb2,Prec,Frac4Rise,Error,BFF
12447200,2.09271e+10,22101.8,100,4687.67,0.15,0.009056,1,273.068,13003.6,0.927484,2.91142e+06,-0.039397,-0.025239,-0.023879,106426,0.05,0.300131,0.68366
