tmp.site,tmp.area,Lb,X1,Wb,POR,ALPHA,BETA,Ks,Kb,Kz,Qthresh,Rs,Rb1,Rb2,Prec,Frac4Rise,Error,BFF
03435770,1.69903e+08,22842.9,231.507,548.482,0.15,0.012577,1.1,2194.22,55063.2,1.47099,7095.06,-0.293983,-0.078409,-0.062515,733.971,0.05,0.422614,0.193328
