tmp.site,tmp.area,Lb,X1,Wb,POR,ALPHA,BETA,Ks,Kb,Kz,Qthresh,Rs,Rb1,Rb2,Prec,Frac4Rise,Error,BFF
10348036,2.75575e+09,22321.5,100,1467.05,0.15,0.010657,1,743.623,8342.96,0.933038,1.33827e+06,-0.066766,-0.032559,-0.049143,4913.45,0.05,0.467343,0.571939
