tmp.site,tmp.area,Lb,X1,Wb,POR,ALPHA,BETA,Ks,Kb,Kz,Qthresh,Rs,Rb1,Rb2,Prec,Frac4Rise,Error,BFF
02359000,2.02278e+09,9583.69,4686.84,6659.5,0.15,0.005145,9.8,881.787,28.3524,1.00059,853853,-0.042903,-0.027651,-0.015319,89970.2,0.05,0.228633,0.587501
