tmp.site,tmp.area,Lb,X1,Wb,POR,ALPHA,BETA,Ks,Kb,Kz,Qthresh,Rs,Rb1,Rb2,Prec,Frac4Rise,Error,BFF
13297330,7.53687e+07,5142.3,1085.45,552.669,0.15,0.007036,1.7,17.2208,9428.66,0.296631,9419.3,-0.077075,-0.028597,-0.018401,489.314,0.05,0.258154,0.502884
