tmp.site,tmp.area,Lb,X1,Wb,POR,ALPHA,BETA,Ks,Kb,Kz,Qthresh,Rs,Rb1,Rb2,Prec,Frac4Rise,Error,BFF
02319000,5.49077e+09,30308.5,89.6899,1796.05,0.15,0.010156,2,3277.67,7556.06,0.951892,210405,-0.077075,-0.065709,-0.033469,21627.7,0.05,0.407003,0.443261
