tmp.site,tmp.area,Lb,X1,Wb,POR,ALPHA,BETA,Ks,Kb,Kz,Qthresh,Rs,Rb1,Rb2,Prec,Frac4Rise,Error,BFF
06330000,4.26053e+11,16370.9,100,23059.7,0.15,0.00696,1,11564.4,1769.83,0.866641,4.55062e+07,-0.060194,-0.026177,-0.031627,923630,0.05,0.349758,0.577755
