tmp.site,tmp.area,Lb,X1,Wb,POR,ALPHA,BETA,Ks,Kb,Kz,Qthresh,Rs,Rb1,Rb2,Prec,Frac4Rise,Error,BFF
02132000,2.66769e+09,34438.3,8.51404,1186.46,0.15,0.011738,1.1,2459.37,1541.63,1.61905,261783,-0.082307,-0.045912,-0.041175,29603.5,0.05,0.368139,0.47384
