tmp.site,tmp.area,Lb,X1,Wb,POR,ALPHA,BETA,Ks,Kb,Kz,Qthresh,Rs,Rb1,Rb2,Prec,Frac4Rise,Error,BFF
08143600,5.36905e+09,5149.84,100,641.298,0.15,0.007501,1,3476.9,10965.3,0.903031,51378,-0.16809,-0.102998,-0.132931,24.4657,0.05,1.66972,0.074388
