tmp.site,tmp.area,Lb,X1,Wb,POR,ALPHA,BETA,Ks,Kb,Kz,Qthresh,Rs,Rb1,Rb2,Prec,Frac4Rise,Error,BFF
06479010,5.83783e+09,40303.4,69.6107,994.16,0.15,0.008469,1.4,1856.34,15869.9,0.801314,9248.04,-0.091386,-0.046481,-0.029971,1093.32,0.05,0.461531,0.389628
