tmp.site,tmp.area,Lb,X1,Wb,POR,ALPHA,BETA,Ks,Kb,Kz,Qthresh,Rs,Rb1,Rb2,Prec,Frac4Rise,Error,BFF
13316500,1.49183e+09,32534.4,9598.07,1499.95,0.15,0.004975,10.1,66.5354,17093.9,0.878206,261783,-0.069792,-0.032405,-0.017089,26912.3,0.05,0.263079,0.557443
