tmp.site,tmp.area,Lb,X1,Wb,POR,ALPHA,BETA,Ks,Kb,Kz,Qthresh,Rs,Rb1,Rb2,Prec,Frac4Rise,Error,BFF
07036100,1.71975e+09,20968.2,0.126438,1365.73,0.15,0.011551,1.5,6620.64,22.0659,0.677743,126977,-0.167701,-0.110697,-0.054003,2135.86,0.05,0.428752,0.278985
