tmp.site,tmp.area,Lb,X1,Wb,POR,ALPHA,BETA,Ks,Kb,Kz,Qthresh,Rs,Rb1,Rb2,Prec,Frac4Rise,Error,BFF
10153100,2.97849e+08,1.10646e+06,0.880317,266.476,0.15,0.037313,0.9,2045.71,27.3278,1.22851,69727.3,-0.109469,-0.037224,-0.057132,217.647,0.05,1.94354,0.391773
