tmp.site,tmp.area,Lb,X1,Wb,POR,ALPHA,BETA,Ks,Kb,Kz,Qthresh,Rs,Rb1,Rb2,Prec,Frac4Rise,Error,BFF
10246846,3.34108e+07,28784.7,100,48.1499,0.15,0.067327,1,1370.92,7938.05,0.355723,4602.49,-0.091161,-0.028195,-0.042932,24.4657,0.05,1.58446,0.167635
