tmp.site,tmp.area,Lb,X1,Wb,POR,ALPHA,BETA,Ks,Kb,Kz,Qthresh,Rs,Rb1,Rb2,Prec,Frac4Rise,Error,BFF
09419659,4.53507e+07,24190.8,100,10.3003,0.15,0.01157,1,1865.86,230.843,0.030809,48.9314,-1.15129,-0.002,-0.001,48.9314,0.05,0.207003,0.000981
