tmp.site,tmp.area,Lb,X1,Wb,POR,ALPHA,BETA,Ks,Kb,Kz,Qthresh,Rs,Rb1,Rb2,Prec,Frac4Rise,Error,BFF
02226000,3.52238e+10,19804.5,17.5907,15317.2,0.15,0.007857,1.8,8478.03,582.453,1.4615,3.62093e+06,-0.053964,-0.037798,-0.026389,388173,0.05,0.352705,0.70464
