tmp.site,tmp.area,Lb,X1,Wb,POR,ALPHA,BETA,Ks,Kb,Kz,Qthresh,Rs,Rb1,Rb2,Prec,Frac4Rise,Error,BFF
01021480,7.74406e+07,10059.2,1014.79,424.107,0.15,0.026487,1,303.139,92648.4,3.58111,9541.63,-0.108215,-0.060573,-0.044405,626.322,0.05,0.328462,0.489188
