tmp.site,tmp.area,Lb,X1,Wb,POR,ALPHA,BETA,Ks,Kb,Kz,Qthresh,Rs,Rb1,Rb2,Prec,Frac4Rise,Error,BFF
05536343,7.30377e+06,2217.18,297.512,69.3071,0.15,0.01359,0.9,214.017,8748.56,0.682325,856.3,-0.4408,-0.112032,-0.141355,24.4657,0.05,0.474335,0.13007
