tmp.site,tmp.area,Lb,X1,Wb,POR,ALPHA,BETA,Ks,Kb,Kz,Qthresh,Rs,Rb1,Rb2,Prec,Frac4Rise,Error,BFF
08178585,5.72387e+07,141468,100,5.10302,0.15,0.000811,1,161.167,7438.49,0.979761,2006.19,-0.170447,-0.113244,-0.131869,24.4657,0.05,0.449745,0.000507
