tmp.site,tmp.area,Lb,X1,Wb,POR,ALPHA,BETA,Ks,Kb,Kz,Qthresh,Rs,Rb1,Rb2,Prec,Frac4Rise,Error,BFF
03034500,2.26365e+08,15416.8,28.8885,682.401,0.15,0.017017,1.1,1782.08,10030.9,1.05833,9786.29,-0.284184,-0.082518,-0.071354,721.616,0.05,0.396031,0.448036
