tmp.site,tmp.area,Lb,X1,Wb,POR,ALPHA,BETA,Ks,Kb,Kz,Qthresh,Rs,Rb1,Rb2,Prec,Frac4Rise,Error,BFF
01073000,3.13389e+07,15077.2,100,185.062,0.15,0.03611,1,196.579,24105,0.761071,2299.78,-0.202733,-0.064001,-0.063017,112.542,0.05,0.38782,0.45424
