tmp.site,tmp.area,Lb,X1,Wb,POR,ALPHA,BETA,Ks,Kb,Kz,Qthresh,Rs,Rb1,Rb2,Prec,Frac4Rise,Error,BFF
14203500,3.23749e+08,15128.5,100,799.993,0.15,0.015869,1,814.731,11947,1.03708,577391,-0.082157,-0.048969,-0.050157,867.31,0.05,0.42826,0.430689
