tmp.site,tmp.area,Lb,X1,Wb,POR,ALPHA,BETA,Ks,Kb,Kz,Qthresh,Rs,Rb1,Rb2,Prec,Frac4Rise,Error,BFF
01585090,7.07067e+06,2664.01,200.294,109.114,0.15,0.015377,0.9,575.991,5809.45,0.37789,4428.29,-0.777284,-0.097856,-0.126237,24.4657,0.05,0.566318,0.169754
