tmp.site,tmp.area,Lb,X1,Wb,POR,ALPHA,BETA,Ks,Kb,Kz,Qthresh,Rs,Rb1,Rb2,Prec,Frac4Rise,Error,BFF
02341800,8.85776e+08,12913.8,100,1105.72,0.15,0.009624,1,1871.51,7273.03,0.983608,180312,-0.203434,-0.060452,-0.030737,18618.4,0.05,0.307951,0.458656
