tmp.site,tmp.area,Lb,X1,Wb,POR,ALPHA,BETA,Ks,Kb,Kz,Qthresh,Rs,Rb1,Rb2,Prec,Frac4Rise,Error,BFF
06914950,7.43327e+07,5295.6,100,181.675,0.15,0.015457,1,660.37,16726.2,0.942369,1810.46,-0.267384,-0.147263,-0.138169,24.4657,0.05,0.699796,0.119485
