tmp.site,tmp.area,Lb,X1,Wb,POR,ALPHA,BETA,Ks,Kb,Kz,Qthresh,Rs,Rb1,Rb2,Prec,Frac4Rise,Error,BFF
03188900,8.49516e+07,8154.75,100,496.451,0.15,0.020906,1,982.38,19241.4,0.948141,1834.93,-0.254657,-0.082838,-0.079502,236.73,0.05,0.39059,0.431074
