tmp.site,tmp.area,Lb,X1,Wb,POR,ALPHA,BETA,Ks,Kb,Kz,Qthresh,Rs,Rb1,Rb2,Prec,Frac4Rise,Error,BFF
04164000,1.14995e+09,2538.07,0.575197,3183.89,0.15,0.010157,1.2,2340.59,60.8337,1.23356,173707,-0.229521,-0.052576,-0.045336,18349.3,0.05,0.409919,0.715084
