tmp.site,tmp.area,Lb,X1,Wb,POR,ALPHA,BETA,Ks,Kb,Kz,Qthresh,Rs,Rb1,Rb2,Prec,Frac4Rise,Error,BFF
01397000,3.80728e+08,23187,66.0701,680.118,0.15,0.01046,1.5,1643.43,3901.55,1.25085,178600,-0.174996,-0.05369,-0.041072,9052.31,0.05,0.298092,0.485787
