tmp.site,tmp.area,Lb,X1,Wb,POR,ALPHA,BETA,Ks,Kb,Kz,Qthresh,Rs,Rb1,Rb2,Prec,Frac4Rise,Error,BFF
02491500,2.56409e+09,9645.03,1230.55,5359.29,0.15,0.003103,2.4,2754.94,192.622,1.45946,1.25998e+06,-0.119893,-0.086107,-0.023917,107649,0.05,0.277072,0.383992
