tmp.site,tmp.area,Lb,X1,Wb,POR,ALPHA,BETA,Ks,Kb,Kz,Qthresh,Rs,Rb1,Rb2,Prec,Frac4Rise,Error,BFF
06727500,6.26777e+07,29368.3,13.5779,68.3124,0.15,0.014907,0.9,496.668,430.71,0.688339,2446.57,-0.125657,-0.039669,-0.057266,24.4657,0.05,2.82374,0.158123
