tmp.site,tmp.area,Lb,X1,Wb,POR,ALPHA,BETA,Ks,Kb,Kz,Qthresh,Rs,Rb1,Rb2,Prec,Frac4Rise,Error,BFF
01177000,1.7845e+09,16953.3,100,2257.4,0.15,0.023387,1,1776.55,17744.6,0.957218,1.35295e+06,-0.115639,-0.038165,-0.058927,25689,0.05,0.338743,0.634005
