tmp.site,tmp.area,Lb,X1,Wb,POR,ALPHA,BETA,Ks,Kb,Kz,Qthresh,Rs,Rb1,Rb2,Prec,Frac4Rise,Error,BFF
09359020,3.78138e+08,40674.2,12947.6,1214.01,0.15,0.005232,3.4,678.74,4406.27,0.847164,145816,-0.077833,-0.028967,-0.012601,10251.1,0.05,0.262558,0.346885
