tmp.site,tmp.area,Lb,X1,Wb,POR,ALPHA,BETA,Ks,Kb,Kz,Qthresh,Rs,Rb1,Rb2,Prec,Frac4Rise,Error,BFF
04268200,1.10851e+08,25140.8,366.51,3996.49,0.15,0.031859,1,408.479,97569.1,0.957696,1103.4,-0.127467,-0.068873,-0.069897,244.657,0.05,1.87213,0.949242
