tmp.site,tmp.area,Lb,X1,Wb,POR,ALPHA,BETA,Ks,Kb,Kz,Qthresh,Rs,Rb1,Rb2,Prec,Frac4Rise,Error,BFF
04148500,2.47603e+09,39659.6,65.4119,986.178,0.15,0.010705,1.1,1553.69,26118.7,1.49076,190833,-0.094581,-0.05621,-0.050413,13456.1,0.05,0.341527,0.528601
