tmp.site,tmp.area,Lb,X1,Wb,POR,ALPHA,BETA,Ks,Kb,Kz,Qthresh,Rs,Rb1,Rb2,Prec,Frac4Rise,Error,BFF
08066500,4.45115e+10,77719.6,13.4454,1401.86,0.15,0.009727,1,3695.26,4309.16,2.04555,4.23257e+06,-0.032718,-0.065124,-0.071135,58717.7,0.05,0.535018,0.214014
