tmp.site,tmp.area,Lb,X1,Wb,POR,ALPHA,BETA,Ks,Kb,Kz,Qthresh,Rs,Rb1,Rb2,Prec,Frac4Rise,Error,BFF
12043163,8.28796e+07,7320.97,100,551.012,0.15,0.010517,1,1288.74,5433.44,1.29729,23364.8,-0.326862,-0.097972,-0.032002,1265.27,0.05,0.377589,0.255008
