tmp.site,tmp.area,Lb,X1,Wb,POR,ALPHA,BETA,Ks,Kb,Kz,Qthresh,Rs,Rb1,Rb2,Prec,Frac4Rise,Error,BFF
05382257,1.32089e+07,14392.2,100,50.5708,0.15,0.01414,1,143.805,2454.33,0.366768,3620.93,-0.129361,-0.045432,-0.056849,124.775,0.05,0.409422,0.379693
