tmp.site,tmp.area,Lb,X1,Wb,POR,ALPHA,BETA,Ks,Kb,Kz,Qthresh,Rs,Rb1,Rb2,Prec,Frac4Rise,Error,BFF
12201500,2.27401e+08,15951.8,100,629.169,0.15,0.010094,1,750.557,9676.1,0.935547,50644,-0.172707,-0.050747,-0.016799,4893.14,0.05,0.330912,0.456405
