tmp.site,tmp.area,Lb,X1,Wb,POR,ALPHA,BETA,Ks,Kb,Kz,Qthresh,Rs,Rb1,Rb2,Prec,Frac4Rise,Error,BFF
01589025,7.79586e+08,12597.5,52.2334,901.114,0.15,0.009505,1.2,2932.77,3354.62,1.05111,94885.4,-0.392702,-0.060908,-0.049164,8367.27,0.05,0.360137,0.393872
