tmp.site,tmp.area,Lb,X1,Wb,POR,ALPHA,BETA,Ks,Kb,Kz,Qthresh,Rs,Rb1,Rb2,Prec,Frac4Rise,Error,BFF
01467086,4.32528e+07,24455.1,100,136.082,0.15,0.029942,1,829.726,8209.76,0.875511,22263.8,-0.674859,-0.064929,-0.071948,975.277,0.05,0.423854,0.297152
