tmp.site,tmp.area,Lb,X1,Wb,POR,ALPHA,BETA,Ks,Kb,Kz,Qthresh,Rs,Rb1,Rb2,Prec,Frac4Rise,Error,BFF
04087234,3.28928e+08,6467.04,161.916,611.402,0.15,0.014961,1,2465.58,15624.3,0.901547,22576.5,-0.270302,-0.095366,-0.091073,1135.82,0.05,0.501439,0.244671
