tmp.site,tmp.area,Lb,X1,Wb,POR,ALPHA,BETA,Ks,Kb,Kz,Qthresh,Rs,Rb1,Rb2,Prec,Frac4Rise,Error,BFF
12434590,2.33099e+09,5772.8,0.246444,2522.31,0.15,0.008444,1.5,49.6122,4.53731,1.03717,81470.8,-0.04132,-0.027546,-0.018239,4599.55,0.05,0.292613,0.637034
