tmp.site,tmp.area,Lb,X1,Wb,POR,ALPHA,BETA,Ks,Kb,Kz,Qthresh,Rs,Rb1,Rb2,Prec,Frac4Rise,Error,BFF
05536179,9.73836e+07,6401.4,100,263.39,0.15,0.010168,1,658.149,7377.52,0.993966,11009.6,-0.241908,-0.135049,-0.075294,611.643,0.05,0.446193,0.191154
