tmp.site,tmp.area,Lb,X1,Wb,POR,ALPHA,BETA,Ks,Kb,Kz,Qthresh,Rs,Rb1,Rb2,Prec,Frac4Rise,Error,BFF
02480002,2.12897e+07,16282.7,100,293.03,0.15,0.008944,1,422.504,1176.11,0.489554,28380.2,-0.38834,-0.052756,-0.02663,2128.52,0.05,0.18451,0.574653
