tmp.site,tmp.area,Lb,X1,Wb,POR,ALPHA,BETA,Ks,Kb,Kz,Qthresh,Rs,Rb1,Rb2,Prec,Frac4Rise,Error,BFF
01103500,4.73968e+08,22653.6,100,1177.79,0.15,0.032527,1,699.239,19157.8,0.867171,95416.3,-0.081259,-0.037052,-0.043344,3327.34,0.05,0.356082,0.559644
