tmp.site,tmp.area,Lb,X1,Wb,POR,ALPHA,BETA,Ks,Kb,Kz,Qthresh,Rs,Rb1,Rb2,Prec,Frac4Rise,Error,BFF
01365500,5.41308e+07,15348.4,100,223.164,0.15,0.022382,1,244.457,15688.7,1.01714,9296.97,-0.327584,-0.063437,-0.036625,807.369,0.05,0.327642,0.459614
