tmp.site,tmp.area,Lb,X1,Wb,POR,ALPHA,BETA,Ks,Kb,Kz,Qthresh,Rs,Rb1,Rb2,Prec,Frac4Rise,Error,BFF
07141780,3.25303e+09,18340.5,100,115.797,0.15,0.044442,1,6131.97,12269.3,0.994778,38166.5,-0.168236,-0.089536,-0.148988,24.4657,0.05,26.2601,0.119222
