tmp.site,tmp.area,Lb,X1,Wb,POR,ALPHA,BETA,Ks,Kb,Kz,Qthresh,Rs,Rb1,Rb2,Prec,Frac4Rise,Error,BFF
03116000,4.50658e+08,13966.1,100,543.198,0.15,0.01531,1,1758.43,11080.5,0.980567,49212.8,-0.233611,-0.077697,-0.068397,5189.18,0.05,0.370481,0.364539
