tmp.site,tmp.area,Lb,X1,Wb,POR,ALPHA,BETA,Ks,Kb,Kz,Qthresh,Rs,Rb1,Rb2,Prec,Frac4Rise,Error,BFF
02112000,1.30535e+09,20451.3,100,1434.02,0.15,0.009283,1,1903.95,6304.86,0.937865,1.15967e+06,-0.145378,-0.045058,-0.030439,46484.9,0.05,0.270062,0.55807
