tmp.site,tmp.area,Lb,X1,Wb,POR,ALPHA,BETA,Ks,Kb,Kz,Qthresh,Rs,Rb1,Rb2,Prec,Frac4Rise,Error,BFF
03247500,1.23283e+09,23842.6,13.7653,466.097,0.15,0.008628,1.1,2862.3,4999.63,2.02176,107649,-0.135967,-0.136875,-0.110555,440.383,0.05,0.545747,0.143993
