tmp.site,tmp.area,Lb,X1,Wb,POR,ALPHA,BETA,Ks,Kb,Kz,Qthresh,Rs,Rb1,Rb2,Prec,Frac4Rise,Error,BFF
06847500,9.94555e+09,20988.6,114.982,291.656,0.15,0.05995,0.9,13386.7,11437.4,1.06937,81284.9,-0.143841,-0.076105,-0.127419,24.4657,0.05,56.5875,0.217572
