tmp.site,tmp.area,Lb,X1,Wb,POR,ALPHA,BETA,Ks,Kb,Kz,Qthresh,Rs,Rb1,Rb2,Prec,Frac4Rise,Error,BFF
07099215,3.36698e+07,2863.56,0.073657,38.1254,0.15,0.000661,1,48395.6,0.06929,0.000466,2935.89,-0.14648,-0.07022,-0.120027,24.4657,0.05,0.504226,0.001041
