tmp.site,tmp.area,Lb,X1,Wb,POR,ALPHA,BETA,Ks,Kb,Kz,Qthresh,Rs,Rb1,Rb2,Prec,Frac4Rise,Error,BFF
10308789,1.83112e+07,27704.9,21.8963,80.2986,0.15,0.011095,0.9,144.191,4405.85,0.010876,1052.03,-0.123154,-0.041941,-0.066332,24.4657,0.05,0.76734,0.419167
