tmp.site,tmp.area,Lb,X1,Wb,POR,ALPHA,BETA,Ks,Kb,Kz,Qthresh,Rs,Rb1,Rb2,Prec,Frac4Rise,Error,BFF
09418500,4.32528e+09,161928,100,30.0266,0.15,0.016978,1,2927.82,5082.64,0.888223,10520.3,-0.138506,-0.04832,-0.049391,24.4657,0.05,1.49488,0.143537
