tmp.site,tmp.area,Lb,X1,Wb,POR,ALPHA,BETA,Ks,Kb,Kz,Qthresh,Rs,Rb1,Rb2,Prec,Frac4Rise,Error,BFF
07126485,7.14319e+09,48763.4,6.22731,272.102,0.15,0.012586,0.9,7125.88,208.522,1.32671,110096,-0.143841,-0.062062,-0.125231,24.4657,0.05,46.5735,0.237307
