tmp.site,tmp.area,Lb,X1,Wb,POR,ALPHA,BETA,Ks,Kb,Kz,Qthresh,Rs,Rb1,Rb2,Prec,Frac4Rise,Error,BFF
05064000,4.04038e+09,9237.31,153.954,1591.87,0.15,0.009909,1,2107.7,2525.74,0.872879,318054,-0.077075,-0.0402,-0.03628,269.123,0.05,1.58475,0.278654
