tmp.site,tmp.area,Lb,X1,Wb,POR,ALPHA,BETA,Ks,Kb,Kz,Qthresh,Rs,Rb1,Rb2,Prec,Frac4Rise,Error,BFF
06730500,1.15772e+09,25789.7,100,419.847,0.15,0.011761,1,316.653,11879.2,0.956684,181291,-0.124741,-0.063697,-0.129381,146.794,0.05,3.89737,0.482193
