tmp.site,tmp.area,Lb,X1,Wb,POR,ALPHA,BETA,Ks,Kb,Kz,Qthresh,Rs,Rb1,Rb2,Prec,Frac4Rise,Error,BFF
08147000,8.08517e+10,69668.7,29.0085,879.542,0.15,0.001157,1,6204.03,6621.15,1.20984,665467,-0.143841,-0.086906,-0.087867,1100.15,0.05,1.49552,0.107835
