tmp.site,tmp.area,Lb,X1,Wb,POR,ALPHA,BETA,Ks,Kb,Kz,Qthresh,Rs,Rb1,Rb2,Prec,Frac4Rise,Error,BFF
01542810,1.35715e+07,10295.3,100,102.009,0.15,0.02154,1,183.349,19100.8,0.780463,2324.24,-0.207459,-0.096176,-0.073127,24.4657,0.05,0.411803,0.328543
