tmp.site,tmp.area,Lb,X1,Wb,POR,ALPHA,BETA,Ks,Kb,Kz,Qthresh,Rs,Rb1,Rb2,Prec,Frac4Rise,Error,BFF
07267000,6.94117e+07,6534.95,100,212.333,0.15,0.014402,1,1486.47,11107.7,0.917139,36698.6,-0.470004,-0.125513,-0.174036,244.657,0.05,2.11278,0.122941
