tmp.site,tmp.area,Lb,X1,Wb,POR,ALPHA,BETA,Ks,Kb,Kz,Qthresh,Rs,Rb1,Rb2,Prec,Frac4Rise,Error,BFF
05100000,8.83186e+09,48451.8,301.006,1000.89,0.15,0.022053,0.9,939.981,63365.8,1.06126,108138,-0.099942,-0.026805,-0.039458,24.4657,0.05,6.1254,0.39092
