tmp.site,tmp.area,Lb,X1,Wb,POR,ALPHA,BETA,Ks,Kb,Kz,Qthresh,Rs,Rb1,Rb2,Prec,Frac4Rise,Error,BFF
06177000,2.08883e+11,75192.1,30.7675,10544.8,0.15,0.007532,0.9,3571.56,6086.71,1.33277,2.1383e+07,-0.043506,-0.021496,-0.032089,281356,0.05,0.487578,0.721076
