tmp.site,tmp.area,Lb,X1,Wb,POR,ALPHA,BETA,Ks,Kb,Kz,Qthresh,Rs,Rb1,Rb2,Prec,Frac4Rise,Error,BFF
02208000,1.10851e+09,10245.1,100,1532.87,0.15,0.009662,1,6002.25,6992.68,1.00779,308268,-0.361386,-0.076209,-0.05276,14105.5,0.05,0.32626,0.404964
