tmp.site,tmp.area,Lb,X1,Wb,POR,ALPHA,BETA,Ks,Kb,Kz,Qthresh,Rs,Rb1,Rb2,Prec,Frac4Rise,Error,BFF
07178000,2.63402e+09,13943.4,100,911.732,0.15,0.004231,1,1755.8,3570.49,0.92641,501547,-0.121402,-0.102255,-0.089803,2446.57,0.05,0.61672,0.14497
