tmp.site,tmp.area,Lb,X1,Wb,POR,ALPHA,BETA,Ks,Kb,Kz,Qthresh,Rs,Rb1,Rb2,Prec,Frac4Rise,Error,BFF
021650905,6.50087e+08,7141.87,134.55,1266.48,0.15,0.016158,0.9,1769.6,5589.02,0.824934,291142,-0.115997,-0.059578,-0.066192,9513.74,0.05,0.356463,0.481138
