tmp.site,tmp.area,Lb,X1,Wb,POR,ALPHA,BETA,Ks,Kb,Kz,Qthresh,Rs,Rb1,Rb2,Prec,Frac4Rise,Error,BFF
04180988,8.80596e+08,7589.27,82.4491,819.584,0.15,0.010662,1,3765.94,11485.7,0.979372,23575.2,-0.170792,-0.111368,-0.109873,1800.95,0.05,0.567025,0.221657
