tmp.site,tmp.area,Lb,X1,Wb,POR,ALPHA,BETA,Ks,Kb,Kz,Qthresh,Rs,Rb1,Rb2,Prec,Frac4Rise,Error,BFF
04244000,1.71716e+08,33772.1,100,386.11,0.15,0.009452,1,812.403,30595.9,0.978305,40123.8,-0.238088,-0.047414,-0.03012,3425.2,0.05,0.307218,0.516271
