tmp.site,tmp.area,Lb,X1,Wb,POR,ALPHA,BETA,Ks,Kb,Kz,Qthresh,Rs,Rb1,Rb2,Prec,Frac4Rise,Error,BFF
040265935,1.58766e+08,62491,100,136.753,0.15,0.011232,1,63.932,4654.23,0.955469,64344.8,-0.02482,-0.044111,-0.018164,5064.4,0.05,0.210714,0.499403
