tmp.site,tmp.area,Lb,X1,Wb,POR,ALPHA,BETA,Ks,Kb,Kz,Qthresh,Rs,Rb1,Rb2,Prec,Frac4Rise,Error,BFF
01536000,8.59876e+08,11202,0.225267,1454.02,0.15,0.011475,1.6,2371.17,13.3512,0.991998,88076.6,-0.187347,-0.062014,-0.041051,9296.97,0.05,0.289331,0.541649
