tmp.site,tmp.area,Lb,X1,Wb,POR,ALPHA,BETA,Ks,Kb,Kz,Qthresh,Rs,Rb1,Rb2,Prec,Frac4Rise,Error,BFF
06632400,1.62833e+08,21275,5721.64,271.875,0.15,0.005673,3.6,166.157,1095.69,0.685231,24465.7,-0.091161,-0.042727,-0.020886,1565.81,0.05,0.336811,0.122343
