tmp.site,tmp.area,Lb,X1,Wb,POR,ALPHA,BETA,Ks,Kb,Kz,Qthresh,Rs,Rb1,Rb2,Prec,Frac4Rise,Error,BFF
06137570,1.20693e+08,203216,100,79.0024,0.15,0.035905,1,1310.14,10690.6,0.8783,18349.3,-0.148953,-0.034703,-0.046665,3.66986,0.05,13.7505,0.201176
