tmp.site,tmp.area,Lb,X1,Wb,POR,ALPHA,BETA,Ks,Kb,Kz,Qthresh,Rs,Rb1,Rb2,Prec,Frac4Rise,Error,BFF
02344630,1.79745e+08,10688.6,100,379.61,0.15,0.015054,1,1421.52,11968.1,0.933322,19210,-0.263449,-0.096827,-0.090263,265.942,0.05,0.542225,0.262607
