tmp.site,tmp.area,Lb,X1,Wb,POR,ALPHA,BETA,Ks,Kb,Kz,Qthresh,Rs,Rb1,Rb2,Prec,Frac4Rise,Error,BFF
04257000,4.42888e+08,165115,4.47879,603.588,0.15,0.007538,0.9,22.461,921.999,0.943758,961503,-0.002671,-0.024659,-0.166117,2446.57,0.05,11.6636,0.630899
