tmp.site,tmp.area,Lb,X1,Wb,POR,ALPHA,BETA,Ks,Kb,Kz,Qthresh,Rs,Rb1,Rb2,Prec,Frac4Rise,Error,BFF
08119500,9.02093e+09,4243.95,100,57.1011,0.15,0.00753,1,13563.9,9038.97,0.992563,4893.14,-0.235002,-0.127651,-0.194325,24.4657,0.05,1.44962,0.008259
