tmp.site,tmp.area,Lb,X1,Wb,POR,ALPHA,BETA,Ks,Kb,Kz,Qthresh,Rs,Rb1,Rb2,Prec,Frac4Rise,Error,BFF
01437100,2.66769e+07,5305.25,100,316.837,0.15,0.016978,1,494.371,5623.3,0.815782,4208.1,-0.279287,-0.070804,-0.034159,344.967,0.05,0.351925,0.454152
