tmp.site,tmp.area,Lb,X1,Wb,POR,ALPHA,BETA,Ks,Kb,Kz,Qthresh,Rs,Rb1,Rb2,Prec,Frac4Rise,Error,BFF
02301740,1.5773e+07,10370.9,100,64.561,0.15,0.040182,1,450.3,7409.72,0.639895,8367.27,-0.188627,-0.077092,-0.101756,24.4657,0.05,1.45754,0.201834
