tmp.site,tmp.area,Lb,X1,Wb,POR,ALPHA,BETA,Ks,Kb,Kz,Qthresh,Rs,Rb1,Rb2,Prec,Frac4Rise,Error,BFF
06820500,4.55838e+09,6922.7,100,1754.08,0.15,0.010934,1,7509.95,11040,0.938244,264230,-0.201449,-0.10714,-0.089233,856.3,0.05,0.601144,0.214477
