tmp.site,tmp.area,Lb,X1,Wb,POR,ALPHA,BETA,Ks,Kb,Kz,Qthresh,Rs,Rb1,Rb2,Prec,Frac4Rise,Error,BFF
06921720,1.07226e+09,4878.35,100,1118.1,0.15,0.010619,1,4795.45,13330.6,0.883857,486868,-0.230933,-0.136931,-0.135687,24.4657,0.05,3.31899,0.166657
