tmp.site,tmp.area,Lb,X1,Wb,POR,ALPHA,BETA,Ks,Kb,Kz,Qthresh,Rs,Rb1,Rb2,Prec,Frac4Rise,Error,BFF
02160000,4.84328e+08,18704.3,155.892,632.247,0.15,0.006713,2.2,2413.99,4484.51,0.512969,171260,-0.293893,-0.076117,-0.050381,4648.49,0.05,0.3536,0.363886
