tmp.site,tmp.area,Lb,X1,Wb,POR,ALPHA,BETA,Ks,Kb,Kz,Qthresh,Rs,Rb1,Rb2,Prec,Frac4Rise,Error,BFF
02344478,3.34108e+07,20760.3,75.1785,298.44,0.15,0.077947,1,445.607,7343.12,0.742345,32294.7,-0.467006,-0.066043,-0.079025,73.3971,0.05,0.560247,0.287665
