tmp.site,tmp.area,Lb,X1,Wb,POR,ALPHA,BETA,Ks,Kb,Kz,Qthresh,Rs,Rb1,Rb2,Prec,Frac4Rise,Error,BFF
11216200,6.16417e+08,26343.7,100,200.157,0.15,0.00298,1,43.9863,1057.34,0.883873,17126,-0.092739,-0.076125,-0.017404,733.971,0.05,0.365216,0.048878
