tmp.site,tmp.area,Lb,X1,Wb,POR,ALPHA,BETA,Ks,Kb,Kz,Qthresh,Rs,Rb1,Rb2,Prec,Frac4Rise,Error,BFF
015319015,4.61018e+07,4927.79,100,54.691,0.15,0.010042,1,558.949,5902.44,0.912806,733.971,-0.233571,-0.154316,-0.064605,24.4657,0.05,0.535073,0.051277
