tmp.site,tmp.area,Lb,X1,Wb,POR,ALPHA,BETA,Ks,Kb,Kz,Qthresh,Rs,Rb1,Rb2,Prec,Frac4Rise,Error,BFF
02376033,1.07407e+10,28484.7,295.397,3032.48,0.15,0.007746,4.9,2993.57,986.115,1.93194,3.20501e+06,-0.059065,-0.057509,-0.038178,281356,0.05,0.30736,0.493154
