tmp.site,tmp.area,Lb,X1,Wb,POR,ALPHA,BETA,Ks,Kb,Kz,Qthresh,Rs,Rb1,Rb2,Prec,Frac4Rise,Error,BFF
03302849,1.81817e+07,11624,100,41.255,0.15,0.078516,1,795.069,35341.4,0.988545,464.849,-0.33925,-0.129919,-0.14701,24.4657,0.05,0.702255,0.190464
