tmp.site,tmp.area,Lb,X1,Wb,POR,ALPHA,BETA,Ks,Kb,Kz,Qthresh,Rs,Rb1,Rb2,Prec,Frac4Rise,Error,BFF
14211499,1.2147e+07,9035.02,100,82.447,0.15,0.029119,1,519.308,11220.3,0.760381,464.849,-0.296139,-0.100209,-0.067431,24.4657,0.05,0.47742,0.233103
