tmp.site,tmp.area,Lb,X1,Wb,POR,ALPHA,BETA,Ks,Kb,Kz,Qthresh,Rs,Rb1,Rb2,Prec,Frac4Rise,Error,BFF
03361850,2.04091e+08,13434.2,12.3975,459.97,0.15,0.01637,1.2,1486.4,3218.63,1.05152,11743.5,-0.265243,-0.107177,-0.079632,440.383,0.05,0.439097,0.326589
