tmp.site,tmp.area,Lb,X1,Wb,POR,ALPHA,BETA,Ks,Kb,Kz,Qthresh,Rs,Rb1,Rb2,Prec,Frac4Rise,Error,BFF
04157005,1.56953e+10,11962.7,36.5804,5524.08,0.15,0.010744,0.9,10127.7,8621.01,1.69524,3.03375e+06,-0.105601,-0.051467,-0.076674,122329,0.05,0.451322,0.532179
