tmp.site,tmp.area,Lb,X1,Wb,POR,ALPHA,BETA,Ks,Kb,Kz,Qthresh,Rs,Rb1,Rb2,Prec,Frac4Rise,Error,BFF
11160000,1.04118e+08,40579.2,100,127.446,0.15,0.018928,1,198.579,13464.8,0.909204,13945.5,-0.202733,-0.057543,-0.03529,53.8246,0.05,0.566364,0.204633
