tmp.site,tmp.area,Lb,X1,Wb,POR,ALPHA,BETA,Ks,Kb,Kz,Qthresh,Rs,Rb1,Rb2,Prec,Frac4Rise,Error,BFF
02353000,1.48665e+10,33013.8,66.8187,5064.3,0.15,0.009637,1.6,4360.17,11164.8,1.42067,3.10715e+06,-0.068235,-0.042175,-0.031864,259337,0.05,0.240575,0.751543
