tmp.site,tmp.area,Lb,X1,Wb,POR,ALPHA,BETA,Ks,Kb,Kz,Qthresh,Rs,Rb1,Rb2,Prec,Frac4Rise,Error,BFF
14219800,3.26339e+07,20959.9,48.3965,296.889,0.15,0.012671,1.3,565.766,7854.63,0.71566,11743.5,-0.194427,-0.072555,-0.044237,162.012,0.05,0.392291,0.359861
