tmp.site,tmp.area,Lb,X1,Wb,POR,ALPHA,BETA,Ks,Kb,Kz,Qthresh,Rs,Rb1,Rb2,Prec,Frac4Rise,Error,BFF
12411000,8.67646e+08,23327.7,55.1885,1211.26,0.15,0.007512,4.4,899.056,329.862,1.00361,170526,-0.099236,-0.043686,-0.020665,15902.7,0.05,0.248206,0.47232
