tmp.site,tmp.area,Lb,X1,Wb,POR,ALPHA,BETA,Ks,Kb,Kz,Qthresh,Rs,Rb1,Rb2,Prec,Frac4Rise,Error,BFF
07191288,9.29806e+08,14207.9,100,852.736,0.15,0.008447,1,190.159,2941,0.985779,264230,-0.016982,-0.065401,-0.045247,3278.41,0.05,0.506568,0.315961
