tmp.site,tmp.area,Lb,X1,Wb,POR,ALPHA,BETA,Ks,Kb,Kz,Qthresh,Rs,Rb1,Rb2,Prec,Frac4Rise,Error,BFF
06085800,3.35662e+09,11414.4,100,1458.78,0.15,0.007658,1,594.085,6536.09,0.936689,611643,-0.060805,-0.064208,-0.053597,9876.56,0.05,0.632483,0.420296
