tmp.site,tmp.area,Lb,X1,Wb,POR,ALPHA,BETA,Ks,Kb,Kz,Qthresh,Rs,Rb1,Rb2,Prec,Frac4Rise,Error,BFF
04059500,1.16549e+09,8251.64,656.091,1532.44,0.15,0.012937,1.4,1627.48,3201.7,0.535491,136763,-0.068974,-0.051006,-0.036498,6308.97,0.05,0.450048,0.285784
