tmp.site,tmp.area,Lb,X1,Wb,POR,ALPHA,BETA,Ks,Kb,Kz,Qthresh,Rs,Rb1,Rb2,Prec,Frac4Rise,Error,BFF
01635500,2.24034e+08,25921.4,100,280.026,0.15,0.021492,1,473.283,39890.9,0.988513,16392,-0.233729,-0.078144,-0.05914,440.383,0.05,0.4161,0.389989
