tmp.site,tmp.area,Lb,X1,Wb,POR,ALPHA,BETA,Ks,Kb,Kz,Qthresh,Rs,Rb1,Rb2,Prec,Frac4Rise,Error,BFF
12180500,6.57857e+07,11140.3,100,547.462,0.15,0.014515,1,848.796,11821.7,0.926388,73152.5,-0.269687,-0.060099,-0.067803,3334.19,0.05,0.357116,0.460464
