tmp.site,tmp.area,Lb,X1,Wb,POR,ALPHA,BETA,Ks,Kb,Kz,Qthresh,Rs,Rb1,Rb2,Prec,Frac4Rise,Error,BFF
01096500,1.12664e+09,26680.5,40.8684,1166.41,0.15,0.029422,0.9,1168.44,12392,1.09324,1.02267e+06,-0.037945,-0.052371,-0.116637,2373.17,0.05,1.90646,0.549643
