tmp.site,tmp.area,Lb,X1,Wb,POR,ALPHA,BETA,Ks,Kb,Kz,Qthresh,Rs,Rb1,Rb2,Prec,Frac4Rise,Error,BFF
0212467595,2.84899e+07,4437.79,561.113,181.647,0.15,0.023437,1.2,439.603,9332.35,0.61136,15535.7,-0.399865,-0.115059,-0.080263,91.7954,0.05,0.427797,0.20339
