tmp.site,tmp.area,Lb,X1,Wb,POR,ALPHA,BETA,Ks,Kb,Kz,Qthresh,Rs,Rb1,Rb2,Prec,Frac4Rise,Error,BFF
04045500,2.04609e+09,43236.4,65.8441,915.297,0.15,0.007553,1,264.072,4784.42,0.955714,1.06181e+06,-0.029549,-0.034114,-0.033986,47708.1,0.05,0.389622,0.370232
