tmp.site,tmp.area,Lb,X1,Wb,POR,ALPHA,BETA,Ks,Kb,Kz,Qthresh,Rs,Rb1,Rb2,Prec,Frac4Rise,Error,BFF
10322150,1.17585e+08,40988.7,80.6069,67.0469,0.15,0.035651,1.6,311.656,0.41422,0.768753,13505.1,-0.077075,-0.027919,-0.023948,305.821,0.05,0.354649,0.527841
