tmp.site,tmp.area,Lb,X1,Wb,POR,ALPHA,BETA,Ks,Kb,Kz,Qthresh,Rs,Rb1,Rb2,Prec,Frac4Rise,Error,BFF
05052000,3.98858e+09,59960.8,100,502.367,0.15,0.020108,1,2768.06,12624.4,0.959239,16326,-0.097599,-0.039713,-0.07363,24.4657,0.05,38.9811,0.14206
