tmp.site,tmp.area,Lb,X1,Wb,POR,ALPHA,BETA,Ks,Kb,Kz,Qthresh,Rs,Rb1,Rb2,Prec,Frac4Rise,Error,BFF
11152650,1.37787e+08,16964.3,18.5559,54.026,0.15,0.020865,0.9,2016.83,534.202,0.979487,3376.27,-0.163195,-0.106156,-0.143604,107.649,0.05,0.6129,0.109363
