tmp.site,tmp.area,Lb,X1,Wb,POR,ALPHA,BETA,Ks,Kb,Kz,Qthresh,Rs,Rb1,Rb2,Prec,Frac4Rise,Error,BFF
04201404,1.5514e+07,3233.53,100,93.8837,0.15,0.038824,1,961.673,13611.8,0.842092,18691.8,-0.603732,-0.10597,-0.16592,24.4657,0.05,0.526556,0.223707
