tmp.site,tmp.area,Lb,X1,Wb,POR,ALPHA,BETA,Ks,Kb,Kz,Qthresh,Rs,Rb1,Rb2,Prec,Frac4Rise,Error,BFF
14178000,5.59437e+08,7186.49,100,6488.64,0.15,0.003168,1,1935.57,540.672,0.913733,792689,-0.106843,-0.034835,-0.007474,78290.3,0.05,0.197408,0.589823
