tmp.site,tmp.area,Lb,X1,Wb,POR,ALPHA,BETA,Ks,Kb,Kz,Qthresh,Rs,Rb1,Rb2,Prec,Frac4Rise,Error,BFF
02134480,5.93107e+08,19119.5,100,1151.09,0.15,0.01661,1,1802.21,26626.4,0.970135,499101,-0.111572,-0.052806,-0.108901,24.4657,0.05,4.34101,0.493049
