tmp.site,tmp.area,Lb,X1,Wb,POR,ALPHA,BETA,Ks,Kb,Kz,Qthresh,Rs,Rb1,Rb2,Prec,Frac4Rise,Error,BFF
10336676,2.51229e+07,6050.53,100,366.635,0.15,0.024044,1,281.684,6365.68,0.401839,15168.7,-0.116638,-0.037781,-0.047425,24.4657,0.05,1.03065,0.483246
