tmp.site,tmp.area,Lb,X1,Wb,POR,ALPHA,BETA,Ks,Kb,Kz,Qthresh,Rs,Rb1,Rb2,Prec,Frac4Rise,Error,BFF
04208943,1.63169e+06,5679.42,37.9347,46.7551,0.15,0.00904,0.9,350.955,4036.31,0.303038,1394.55,-0.889742,-0.078316,-0.144091,24.4657,0.05,0.498736,0.18449
