tmp.site,tmp.area,Lb,X1,Wb,POR,ALPHA,BETA,Ks,Kb,Kz,Qthresh,Rs,Rb1,Rb2,Prec,Frac4Rise,Error,BFF
14330000,9.81605e+08,54159.3,100,1738.19,0.15,0.010586,1,691.896,8372.24,0.917553,1.96215e+06,-0.091161,-0.017122,-0.009639,93471.3,0.05,0.259606,0.6758
