tmp.site,tmp.area,Lb,X1,Wb,POR,ALPHA,BETA,Ks,Kb,Kz,Qthresh,Rs,Rb1,Rb2,Prec,Frac4Rise,Error,BFF
04201500,6.91527e+08,9148.41,0.381581,773.492,0.15,0.012125,1.1,3641.05,73.6097,1.12479,51378,-0.306552,-0.117916,-0.094863,685.04,0.05,0.470344,0.25217
