tmp.site,tmp.area,Lb,X1,Wb,POR,ALPHA,BETA,Ks,Kb,Kz,Qthresh,Rs,Rb1,Rb2,Prec,Frac4Rise,Error,BFF
01094000,4.42888e+08,28590.3,271.17,910.484,0.15,0.016847,1.2,1574.26,92905.9,1.25984,52845.9,-0.166127,-0.05837,-0.044511,3601.84,0.05,0.32639,0.547715
