tmp.site,tmp.area,Lb,X1,Wb,POR,ALPHA,BETA,Ks,Kb,Kz,Qthresh,Rs,Rb1,Rb2,Prec,Frac4Rise,Error,BFF
04063700,3.60008e+08,15828.4,1056.23,581.241,0.15,0.015651,1.5,334.498,1518.47,0.404446,113032,-0.066766,-0.044519,-0.031187,4893.14,0.05,0.372184,0.341339
