tmp.site,tmp.area,Lb,X1,Wb,POR,ALPHA,BETA,Ks,Kb,Kz,Qthresh,Rs,Rb1,Rb2,Prec,Frac4Rise,Error,BFF
04282629,9.29806e+07,23498,56.005,202.157,0.15,0.017262,1.5,352.461,19346.1,1.0088,12869.9,-0.179836,-0.078536,-0.050618,499.932,0.05,0.357314,0.452087
