tmp.site,tmp.area,Lb,X1,Wb,POR,ALPHA,BETA,Ks,Kb,Kz,Qthresh,Rs,Rb1,Rb2,Prec,Frac4Rise,Error,BFF
08013000,1.2924e+09,1937.45,100,2279.14,0.15,0.003626,1,10464.6,770.36,1.67525,61164.3,-0.123918,-0.149538,-0.048092,3963.45,0.05,0.492346,0.073585
