tmp.site,tmp.area,Lb,X1,Wb,POR,ALPHA,BETA,Ks,Kb,Kz,Qthresh,Rs,Rb1,Rb2,Prec,Frac4Rise,Error,BFF
06470878,1.41931e+10,53993.5,165.075,3838.31,0.15,0.044825,0.9,1228.46,42576.7,1.07447,151687,-0.125657,-0.031625,-0.066311,24.4657,0.05,78.1731,0.599333
