tmp.site,tmp.area,Lb,X1,Wb,POR,ALPHA,BETA,Ks,Kb,Kz,Qthresh,Rs,Rb1,Rb2,Prec,Frac4Rise,Error,BFF
01643700,3.15979e+08,20959.4,100,629.226,0.15,0.019514,1,1280.64,32666.1,0.929031,159027,-0.276613,-0.057515,-0.081436,24.4657,0.05,0.749003,0.440766
