tmp.site,tmp.area,Lb,X1,Wb,POR,ALPHA,BETA,Ks,Kb,Kz,Qthresh,Rs,Rb1,Rb2,Prec,Frac4Rise,Error,BFF
05391000,1.96062e+09,78527,24.5684,1495.68,0.15,0.013372,0.8,172.494,3823.48,0.991019,1.39455e+06,-0.020922,-0.019073,-0.030156,47463.5,0.05,0.33142,0.728058
