tmp.site,tmp.area,Lb,X1,Wb,POR,ALPHA,BETA,Ks,Kb,Kz,Qthresh,Rs,Rb1,Rb2,Prec,Frac4Rise,Error,BFF
13164000,3.8482e+08,14491,100,204.254,0.15,0.05847,1,1825.09,29366.7,0.983001,10520.3,-0.206497,-0.066018,-0.134487,244.657,0.05,0.987363,0.275908
