tmp.site,tmp.area,Lb,X1,Wb,POR,ALPHA,BETA,Ks,Kb,Kz,Qthresh,Rs,Rb1,Rb2,Prec,Frac4Rise,Error,BFF
13310199,7.44881e+09,30059,8.08321,5094.28,0.15,0.003741,2.7,133.597,90.7556,0.930506,2.86249e+06,-0.062582,-0.022646,-0.016381,151687,0.05,0.208047,0.717817
