tmp.site,tmp.area,Lb,X1,Wb,POR,ALPHA,BETA,Ks,Kb,Kz,Qthresh,Rs,Rb1,Rb2,Prec,Frac4Rise,Error,BFF
02309415,1.47629e+06,1750.28,100,76.4122,0.15,0.009739,1,174.461,1905.11,0.187678,1614.74,-0.346574,-0.074625,-0.09821,24.4657,0.05,0.565193,0.219292
