tmp.site,tmp.area,Lb,X1,Wb,POR,ALPHA,BETA,Ks,Kb,Kz,Qthresh,Rs,Rb1,Rb2,Prec,Frac4Rise,Error,BFF
08315480,3.49648e+07,91145.5,100,101.696,0.15,0.007774,1,148.93,62625.7,0.766198,2446.57,-0.131182,-0.034203,-0.028555,122.329,0.05,0.329246,0.590442
