tmp.site,tmp.area,Lb,X1,Wb,POR,ALPHA,BETA,Ks,Kb,Kz,Qthresh,Rs,Rb1,Rb2,Prec,Frac4Rise,Error,BFF
05464220,7.74406e+08,30862.8,34.7966,691.874,0.15,0.012216,1.4,820.784,5501.17,1.13605,49102.7,-0.113686,-0.04859,-0.034871,2446.57,0.05,0.361494,0.48892
