tmp.site,tmp.area,Lb,X1,Wb,POR,ALPHA,BETA,Ks,Kb,Kz,Qthresh,Rs,Rb1,Rb2,Prec,Frac4Rise,Error,BFF
02478500,6.96707e+09,43325.6,126.699,1792.73,0.15,0.008544,2.1,4925.89,10200.8,2.4051,802378,-0.086865,-0.070424,-0.039058,63855.5,0.05,0.368532,0.393881
