tmp.site,tmp.area,Lb,X1,Wb,POR,ALPHA,BETA,Ks,Kb,Kz,Qthresh,Rs,Rb1,Rb2,Prec,Frac4Rise,Error,BFF
01104420,1.89069e+06,2120.7,100,106.719,0.15,0.022593,1,214.019,3503.71,0.223147,3792.19,-0.352472,-0.079272,-0.070334,8.31834,0.05,0.43256,0.362586
