tmp.site,tmp.area,Lb,X1,Wb,POR,ALPHA,BETA,Ks,Kb,Kz,Qthresh,Rs,Rb1,Rb2,Prec,Frac4Rise,Error,BFF
01053500,2.70913e+09,140933,7.90047,1399.59,0.15,0.007652,0.9,236.225,809.426,1.2117,3.59646e+06,-0.022226,-0.027482,-0.033231,158782,0.05,0.293622,0.635115
