tmp.site,tmp.area,Lb,X1,Wb,POR,ALPHA,BETA,Ks,Kb,Kz,Qthresh,Rs,Rb1,Rb2,Prec,Frac4Rise,Error,BFF
11358700,8.98726e+08,3.24372e+07,100,17.9461,0.15,0.016604,1,184.818,161.259,0.182642,8318.34,-0.091161,-0.00298,-0.004484,587.177,0.05,0.546017,0.312548
