tmp.site,tmp.area,Lb,X1,Wb,POR,ALPHA,BETA,Ks,Kb,Kz,Qthresh,Rs,Rb1,Rb2,Prec,Frac4Rise,Error,BFF
03382200,5.82747e+08,1326.09,100,1199.35,0.15,0.008966,1,3753.74,16617.5,0.896458,4159.17,-0.225165,-0.179187,-0.205745,244.657,0.05,0.780382,0.154943
