tmp.site,tmp.area,Lb,X1,Wb,POR,ALPHA,BETA,Ks,Kb,Kz,Qthresh,Rs,Rb1,Rb2,Prec,Frac4Rise,Error,BFF
06934500,1.35327e+12,155822,22.5687,11001.6,0.15,0.006139,1,30496.4,7197.49,1.28313,1.14744e+08,-0.062238,-0.030331,-0.030479,3.71879e+06,0.05,0.340061,0.532409
