tmp.site,tmp.area,Lb,X1,Wb,POR,ALPHA,BETA,Ks,Kb,Kz,Qthresh,Rs,Rb1,Rb2,Prec,Frac4Rise,Error,BFF
06020600,1.54104e+09,91318.3,100,195.168,0.15,0.009128,1,133.528,5398,1.00777,244657,-0.0146,-0.022451,-0.018344,5260.13,0.05,0.431143,0.1785
