tmp.site,tmp.area,Lb,X1,Wb,POR,ALPHA,BETA,Ks,Kb,Kz,Qthresh,Rs,Rb1,Rb2,Prec,Frac4Rise,Error,BFF
02294405,4.86918e+07,27506.6,100,178.501,0.15,0.026579,1,48.3073,32818.1,0.555228,32050.1,-0.061194,-0.037849,-0.063921,24.4657,0.05,1.88696,0.641612
