tmp.site,tmp.area,Lb,X1,Wb,POR,ALPHA,BETA,Ks,Kb,Kz,Qthresh,Rs,Rb1,Rb2,Prec,Frac4Rise,Error,BFF
02394670,3.48353e+09,7963.32,100,4635.28,0.15,0.009578,1,701.304,10499.6,1.09266,1.29668e+06,-0.027522,-0.054644,-0.093302,85414.7,0.05,0.868255,0.764799
