tmp.site,tmp.area,Lb,X1,Wb,POR,ALPHA,BETA,Ks,Kb,Kz,Qthresh,Rs,Rb1,Rb2,Prec,Frac4Rise,Error,BFF
0215329875,1.75342e+08,22062.1,3339.31,456.013,0.15,0.015493,9.2,678.607,594.7,0.271631,91991.1,-0.089798,-0.04717,-0.029542,3205.01,0.05,0.247098,0.507092
