tmp.site,tmp.area,Lb,X1,Wb,POR,ALPHA,BETA,Ks,Kb,Kz,Qthresh,Rs,Rb1,Rb2,Prec,Frac4Rise,Error,BFF
02377570,4.97278e+08,5857.32,100,1566.67,0.15,0.007615,1,1890.28,1641.39,0.918245,211682,-0.162774,-0.086822,-0.028397,21529.8,0.05,0.279203,0.390477
