tmp.site,tmp.area,Lb,X1,Wb,POR,ALPHA,BETA,Ks,Kb,Kz,Qthresh,Rs,Rb1,Rb2,Prec,Frac4Rise,Error,BFF
01589000,7.38147e+08,16455.7,100,668.796,0.15,0.012395,1,1504.32,9574.81,0.926422,146794,-0.346574,-0.053167,-0.041541,4648.49,0.05,0.335466,0.425927
