tmp.site,tmp.area,Lb,X1,Wb,POR,ALPHA,BETA,Ks,Kb,Kz,Qthresh,Rs,Rb1,Rb2,Prec,Frac4Rise,Error,BFF
11046530,2.82309e+08,37998.1,137.709,85.4131,0.15,0.018815,0.9,811.161,23502.6,1.05797,20503.7,-0.259807,-0.072833,-0.108518,24.4657,0.05,5.64627,0.082503
