tmp.site,tmp.area,Lb,X1,Wb,POR,ALPHA,BETA,Ks,Kb,Kz,Qthresh,Rs,Rb1,Rb2,Prec,Frac4Rise,Error,BFF
01131500,3.92124e+09,12070.5,100,2957.65,0.15,0.009932,1,3768.21,11144.2,1.37164,4.30597e+06,-0.111572,-0.052061,-0.050595,107894,0.05,0.30513,0.523574
