tmp.site,tmp.area,Lb,X1,Wb,POR,ALPHA,BETA,Ks,Kb,Kz,Qthresh,Rs,Rb1,Rb2,Prec,Frac4Rise,Error,BFF
09066000,3.23749e+07,13360.2,2687.52,164.526,0.15,0.007337,2.7,195.23,2382.12,0.206773,12673.2,-0.143841,-0.03253,-0.013784,320.623,0.05,0.429942,0.154171
