tmp.site,tmp.area,Lb,X1,Wb,POR,ALPHA,BETA,Ks,Kb,Kz,Qthresh,Rs,Rb1,Rb2,Prec,Frac4Rise,Error,BFF
03214500,3.30741e+09,14347.1,100,2016.85,0.15,0.012123,1,5630.27,12775.2,0.924186,489314,-0.169734,-0.065283,-0.053223,10099.4,0.05,0.388681,0.398236
