tmp.site,tmp.area,Lb,X1,Wb,POR,ALPHA,BETA,Ks,Kb,Kz,Qthresh,Rs,Rb1,Rb2,Prec,Frac4Rise,Error,BFF
12323242,3.00439e+08,227868,100,31.5205,0.15,0.011706,1,375.946,2928.12,0.900292,19817.2,-0.042286,-0.025445,-0.029045,1079.18,0.05,0.365742,0.512167
