tmp.site,tmp.area,Lb,X1,Wb,POR,ALPHA,BETA,Ks,Kb,Kz,Qthresh,Rs,Rb1,Rb2,Prec,Frac4Rise,Error,BFF
03121850,3.18569e+07,16200.8,100,110.634,0.15,0.0215,1,100.677,14449.5,0.870895,7462.04,-0.260759,-0.072325,-0.043076,337.627,0.05,0.308676,0.396573
