tmp.site,tmp.area,Lb,X1,Wb,POR,ALPHA,BETA,Ks,Kb,Kz,Qthresh,Rs,Rb1,Rb2,Prec,Frac4Rise,Error,BFF
04159492,1.20175e+09,12490.6,31.5314,706.362,0.15,0.007633,2.2,2959.96,1089.83,1.35721,41591.7,-0.168236,-0.114819,-0.045898,2152.98,0.05,0.41934,0.208405
