tmp.site,tmp.area,Lb,X1,Wb,POR,ALPHA,BETA,Ks,Kb,Kz,Qthresh,Rs,Rb1,Rb2,Prec,Frac4Rise,Error,BFF
11442700,2.08235e+07,18266.9,12.6116,916.963,0.15,0.012865,0.8,8.87767,56.3915,0.06071,14190.1,-0.005302,-0.003175,-0.005767,562.711,0.05,0.351787,0.590073
