tmp.site,tmp.area,Lb,X1,Wb,POR,ALPHA,BETA,Ks,Kb,Kz,Qthresh,Rs,Rb1,Rb2,Prec,Frac4Rise,Error,BFF
09310700,7.53687e+07,13397.3,17.4757,496.942,0.15,0.012477,2.3,127.57,718.255,0.499639,23438.2,-0.088767,-0.026585,-0.01936,636.109,0.05,0.268609,0.762264
