tmp.site,tmp.area,Lb,X1,Wb,POR,ALPHA,BETA,Ks,Kb,Kz,Qthresh,Rs,Rb1,Rb2,Prec,Frac4Rise,Error,BFF
01576000,6.73138e+10,38059.1,155.467,8425.09,0.15,0.009368,2.6,14444.2,3506.83,6.5292,9.4927e+06,-0.092403,-0.054345,-0.031989,804628,0.05,0.286275,0.566884
