tmp.site,tmp.area,Lb,X1,Wb,POR,ALPHA,BETA,Ks,Kb,Kz,Qthresh,Rs,Rb1,Rb2,Prec,Frac4Rise,Error,BFF
06354580,1.98134e+09,2170.5,237.608,1312.76,0.15,0.017232,1,832.978,2685.67,0.606604,17615.3,-0.107953,-0.049016,-0.044187,39.1451,0.05,1.15153,0.213606
