tmp.site,tmp.area,Lb,X1,Wb,POR,ALPHA,BETA,Ks,Kb,Kz,Qthresh,Rs,Rb1,Rb2,Prec,Frac4Rise,Error,BFF
07072500,1.90882e+10,11001.2,100,11626.5,0.15,0.010941,1,1628.01,1721.24,1.05658,6.82593e+06,-0.046545,-0.028359,-0.013007,496654,0.05,0.278014,0.512388
