tmp.site,tmp.area,Lb,X1,Wb,POR,ALPHA,BETA,Ks,Kb,Kz,Qthresh,Rs,Rb1,Rb2,Prec,Frac4Rise,Error,BFF
01413500,4.22168e+08,22301.5,138.99,996.994,0.15,0.013025,1.8,1599.26,21773.1,0.960346,39145.1,-0.202931,-0.061073,-0.034073,3180.54,0.05,0.309856,0.56114
