tmp.site,tmp.area,Lb,X1,Wb,POR,ALPHA,BETA,Ks,Kb,Kz,Qthresh,Rs,Rb1,Rb2,Prec,Frac4Rise,Error,BFF
11045300,1.80522e+07,5618.49,110.655,81.8886,0.15,0.011844,1,250.824,3402.21,0.033655,2446.57,-0.128412,-0.067645,-0.060205,24.4657,0.05,0.530045,0.166268
