tmp.site,tmp.area,Lb,X1,Wb,POR,ALPHA,BETA,Ks,Kb,Kz,Qthresh,Rs,Rb1,Rb2,Prec,Frac4Rise,Error,BFF
03092460,2.11602e+08,13413.9,1.59113,755.72,0.15,0.013107,0.9,34.3267,226.27,1.02321,36698.6,-0.005152,-0.060156,-0.083328,3253.94,0.05,0.825955,0.673865
