tmp.site,tmp.area,Lb,X1,Wb,POR,ALPHA,BETA,Ks,Kb,Kz,Qthresh,Rs,Rb1,Rb2,Prec,Frac4Rise,Error,BFF
06642000,2.8003e+10,14731.8,124.61,6330.72,0.15,0.009892,1,1536.98,417.703,0.115344,2.34626e+06,-0.013407,-0.03032,-0.036162,978.629,0.05,36.1446,0.313775
