tmp.site,tmp.area,Lb,X1,Wb,POR,ALPHA,BETA,Ks,Kb,Kz,Qthresh,Rs,Rb1,Rb2,Prec,Frac4Rise,Error,BFF
01534300,1.00492e+08,23858.6,63.5137,276.184,0.15,0.019369,1.3,427.621,15688.3,0.767106,12966.8,-0.123931,-0.069239,-0.049534,587.177,0.05,0.402862,0.440418
