tmp.site,tmp.area,Lb,X1,Wb,POR,ALPHA,BETA,Ks,Kb,Kz,Qthresh,Rs,Rb1,Rb2,Prec,Frac4Rise,Error,BFF
02173000,1.86479e+09,16497.9,205.103,1731.7,0.15,0.010601,1,717.758,7428.93,1.04114,472188,-0.048875,-0.028971,-0.02801,42837,0.05,0.306324,0.583902
