tmp.site,tmp.area,Lb,X1,Wb,POR,ALPHA,BETA,Ks,Kb,Kz,Qthresh,Rs,Rb1,Rb2,Prec,Frac4Rise,Error,BFF
02160325,2.34394e+07,8370.79,159.351,198.391,0.15,0.018979,1,502.447,5180.75,1.04051,21407.5,-0.549604,-0.077646,-0.077027,566.504,0.05,0.31779,0.343611
