tmp.site,tmp.area,Lb,X1,Wb,POR,ALPHA,BETA,Ks,Kb,Kz,Qthresh,Rs,Rb1,Rb2,Prec,Frac4Rise,Error,BFF
07145500,5.51408e+09,23235.3,22.8567,829.261,0.15,0.006512,1.2,1314.55,3603.78,1.10808,638555,-0.100335,-0.066326,-0.055047,5382.46,0.05,0.450062,0.316948
