tmp.site,tmp.area,Lb,X1,Wb,POR,ALPHA,BETA,Ks,Kb,Kz,Qthresh,Rs,Rb1,Rb2,Prec,Frac4Rise,Error,BFF
03364200,1.23024e+08,8056.37,100,346.165,0.15,0.015618,1,825.644,10192.3,0.903163,2691.23,-0.279808,-0.102475,-0.045983,195.726,0.05,0.432834,0.291695
