tmp.site,tmp.area,Lb,X1,Wb,POR,ALPHA,BETA,Ks,Kb,Kz,Qthresh,Rs,Rb1,Rb2,Prec,Frac4Rise,Error,BFF
07164500,1.92851e+11,17239.7,0.198748,5244.82,0.15,0.008478,0.9,14200.4,41.2711,1.0678,6.75254e+06,-0.057652,-0.057228,-0.112196,20639.3,0.05,1.42925,0.396928
