tmp.site,tmp.area,Lb,X1,Wb,POR,ALPHA,BETA,Ks,Kb,Kz,Qthresh,Rs,Rb1,Rb2,Prec,Frac4Rise,Error,BFF
01089925,6.21597e+08,14460.6,100,1097.79,0.15,0.018819,1,1578.3,24866.6,0.964338,18066.7,-0.166798,-0.053961,-0.051603,2039.71,0.05,0.37093,0.526103
