tmp.site,tmp.area,Lb,X1,Wb,POR,ALPHA,BETA,Ks,Kb,Kz,Qthresh,Rs,Rb1,Rb2,Prec,Frac4Rise,Error,BFF
01581500,2.20667e+07,3923.91,153.591,193.208,0.15,0.021432,1,471.772,4885.67,1.08466,9248.04,-0.55289,-0.085888,-0.083727,129.668,0.05,0.41185,0.260174
