tmp.site,tmp.area,Lb,X1,Wb,POR,ALPHA,BETA,Ks,Kb,Kz,Qthresh,Rs,Rb1,Rb2,Prec,Frac4Rise,Error,BFF
07019150,1.3183e+07,6609.86,100,37.5865,0.15,0.024221,1,559.388,20316.1,1.00501,9596.68,-0.659327,-0.1251,-0.17104,24.4657,0.05,1.02924,0.096924
