tmp.site,tmp.area,Lb,X1,Wb,POR,ALPHA,BETA,Ks,Kb,Kz,Qthresh,Rs,Rb1,Rb2,Prec,Frac4Rise,Error,BFF
06335750,6.47497e+08,37070.1,100,50.9304,0.15,0.072974,1,1350.56,30664.7,0.92368,954.163,-0.132153,-0.073526,-0.092315,24.4657,0.05,1.38731,0.167159
