tmp.site,tmp.area,Lb,X1,Wb,POR,ALPHA,BETA,Ks,Kb,Kz,Qthresh,Rs,Rb1,Rb2,Prec,Frac4Rise,Error,BFF
12201950,1.06967e+07,3858.98,189.618,312.307,0.15,0.018308,1.1,280.466,6703.48,0.523073,538.246,-0.140726,-0.063314,-0.04136,24.4657,0.05,0.522587,0.375661
