tmp.site,tmp.area,Lb,X1,Wb,POR,ALPHA,BETA,Ks,Kb,Kz,Qthresh,Rs,Rb1,Rb2,Prec,Frac4Rise,Error,BFF
07198000,4.18283e+09,10814.3,100,2334.59,0.15,0.006812,1,782.568,8521.33,0.987287,72418.5,-0.022852,-0.064554,-0.160029,5871.77,0.05,3.70695,0.406873
