tmp.site,tmp.area,Lb,X1,Wb,POR,ALPHA,BETA,Ks,Kb,Kz,Qthresh,Rs,Rb1,Rb2,Prec,Frac4Rise,Error,BFF
04288230,9.84195e+06,8144.15,100,151.423,0.15,0.018228,1,426.417,8588.4,0.621128,5835.32,-0.426491,-0.093568,-0.064098,281.356,0.05,0.429699,0.306727
