tmp.site,tmp.area,Lb,X1,Wb,POR,ALPHA,BETA,Ks,Kb,Kz,Qthresh,Rs,Rb1,Rb2,Prec,Frac4Rise,Error,BFF
02469761,4.76998e+10,2.5271e+06,7.12929,9.57975,0.15,0.01,0.6,9383.72,2.67127e+06,29.9247,4.52616e+06,-0.114313,-0.063806,-0.0797,344967,0.05,0.97891,0.006919
