tmp.site,tmp.area,Lb,X1,Wb,POR,ALPHA,BETA,Ks,Kb,Kz,Qthresh,Rs,Rb1,Rb2,Prec,Frac4Rise,Error,BFF
01412080,7.09657e+07,4411.17,171.696,452.301,0.15,0.010247,0.9,276.771,3867.68,0.361391,22019.1,-0.218772,-0.042882,-0.040444,2017.74,0.05,0.313641,0.458956
