tmp.site,tmp.area,Lb,X1,Wb,POR,ALPHA,BETA,Ks,Kb,Kz,Qthresh,Rs,Rb1,Rb2,Prec,Frac4Rise,Error,BFF
07052100,8.13256e+07,16544.9,100,110.634,0.15,0.03646,1,1711.84,89048.9,0.994086,52112,-0.67941,-0.084641,-0.21973,24.4657,0.05,33.8389,0.224225
