tmp.site,tmp.area,Lb,X1,Wb,POR,ALPHA,BETA,Ks,Kb,Kz,Qthresh,Rs,Rb1,Rb2,Prec,Frac4Rise,Error,BFF
03186500,3.31518e+08,4153.63,100,1567.12,0.15,0.017058,1,3678.88,11967.5,0.979071,7095.06,-0.270936,-0.086826,-0.085908,831.834,0.05,0.402758,0.443577
