tmp.site,tmp.area,Lb,X1,Wb,POR,ALPHA,BETA,Ks,Kb,Kz,Qthresh,Rs,Rb1,Rb2,Prec,Frac4Rise,Error,BFF
13341570,1.50996e+09,8674.99,100,1314.43,0.15,0.01227,1,2550.36,12557.2,0.905935,133338,-0.149253,-0.062475,-0.057586,113.839,0.05,0.404071,0.398165
