tmp.site,tmp.area,Lb,X1,Wb,POR,ALPHA,BETA,Ks,Kb,Kz,Qthresh,Rs,Rb1,Rb2,Prec,Frac4Rise,Error,BFF
01531325,2.42423e+08,6236.37,100,716.21,0.15,0.013751,1,2130.54,12380.5,0.951615,21432.9,-0.314362,-0.081143,-0.08227,389.029,0.05,0.409779,0.362566
