tmp.site,tmp.area,Lb,X1,Wb,POR,ALPHA,BETA,Ks,Kb,Kz,Qthresh,Rs,Rb1,Rb2,Prec,Frac4Rise,Error,BFF
03131122,1.72752e+08,8591.83,100,597.99,0.15,0.008843,1,1541.97,7129.89,0.998675,76881.1,-0.489186,-0.113251,-0.050267,6676.45,0.05,0.252243,0.419308
