tmp.site,tmp.area,Lb,X1,Wb,POR,ALPHA,BETA,Ks,Kb,Kz,Qthresh,Rs,Rb1,Rb2,Prec,Frac4Rise,Error,BFF
07298500,1.57523e+10,4048.17,100,307.782,0.15,0.010007,1,13754.5,14708,0.921137,124286,-0.25523,-0.118746,-0.273794,24.4657,0.05,32.113,0.053631
