tmp.site,tmp.area,Lb,X1,Wb,POR,ALPHA,BETA,Ks,Kb,Kz,Qthresh,Rs,Rb1,Rb2,Prec,Frac4Rise,Error,BFF
11260815,1.9355e+10,7784.6,100,1930,0.15,0.008907,1,2225.09,13887.7,1.02835,158049,-0.113529,-0.051638,-0.081238,244.657,0.05,2.74598,0.207205
