tmp.site,tmp.area,Lb,X1,Wb,POR,ALPHA,BETA,Ks,Kb,Kz,Qthresh,Rs,Rb1,Rb2,Prec,Frac4Rise,Error,BFF
14194150,1.36751e+09,49476.7,30.7637,1212.16,0.15,0.010004,1.3,3225.53,9947.5,1.4206,81226.2,-0.133399,-0.0628,-0.038539,2691.23,0.05,0.349567,0.419196
