tmp.site,tmp.area,Lb,X1,Wb,POR,ALPHA,BETA,Ks,Kb,Kz,Qthresh,Rs,Rb1,Rb2,Prec,Frac4Rise,Error,BFF
09060770,5.12818e+08,106213,100,338.625,0.15,0.028974,1,1113.16,1814.74,0.959407,75843.7,-0.129897,-0.040169,-0.050901,758.437,0.05,0.544666,0.25466
