tmp.site,tmp.area,Lb,X1,Wb,POR,ALPHA,BETA,Ks,Kb,Kz,Qthresh,Rs,Rb1,Rb2,Prec,Frac4Rise,Error,BFF
06906800,1.40636e+09,16916.4,0.396816,776.5,0.15,0.008257,1.3,3944.59,143.194,3.47453,41591.7,-0.214226,-0.157453,-0.086426,443.637,0.05,0.526722,0.178891
