tmp.site,tmp.area,Lb,X1,Wb,POR,ALPHA,BETA,Ks,Kb,Kz,Qthresh,Rs,Rb1,Rb2,Prec,Frac4Rise,Error,BFF
03077500,1.12923e+09,32900.2,21.1759,1067.31,0.15,0.008592,0.9,227.758,744.021,1.22497,2.16277e+06,-0.011925,-0.043474,-0.08261,27890.9,0.05,0.852581,0.491849
