tmp.site,tmp.area,Lb,X1,Wb,POR,ALPHA,BETA,Ks,Kb,Kz,Qthresh,Rs,Rb1,Rb2,Prec,Frac4Rise,Error,BFF
03062500,1.63169e+08,7609.71,100,570.902,0.15,0.018609,1,1121.67,18840.1,0.970164,3425.2,-0.188536,-0.082383,-0.076086,415.917,0.05,0.40508,0.429454
