tmp.site,tmp.area,Lb,X1,Wb,POR,ALPHA,BETA,Ks,Kb,Kz,Qthresh,Rs,Rb1,Rb2,Prec,Frac4Rise,Error,BFF
04232482,5.36128e+08,18472.3,7.07519,1007.87,0.15,0.009471,0.9,256.481,1435.47,1.03843,218968,-0.025849,-0.045748,-0.115961,2935.89,0.05,1.50423,0.614241
