tmp.site,tmp.area,Lb,X1,Wb,POR,ALPHA,BETA,Ks,Kb,Kz,Qthresh,Rs,Rb1,Rb2,Prec,Frac4Rise,Error,BFF
07165750,7.56277e+08,7890.24,1.71805,809.471,0.15,0.009404,1.1,1921.08,308.817,1.50491,51006.1,-0.164772,-0.106282,-0.085647,24.4657,0.05,14.8085,0.234958
