tmp.site,tmp.area,Lb,X1,Wb,POR,ALPHA,BETA,Ks,Kb,Kz,Qthresh,Rs,Rb1,Rb2,Prec,Frac4Rise,Error,BFF
11028500,1.49183e+08,2284.99,100,33.3028,0.15,0.000202,1,306.485,0.694977,0.921868,2079.59,-0.272032,-0.096572,-0.107918,24.4657,0.05,0.336022,9.2e-05
