tmp.site,tmp.area,Lb,X1,Wb,POR,ALPHA,BETA,Ks,Kb,Kz,Qthresh,Rs,Rb1,Rb2,Prec,Frac4Rise,Error,BFF
13038500,1.50478e+10,10614,6.46012,16101.3,0.15,0.00374,0.9,174.829,319.735,1.13419,4.72188e+06,-0.020411,-0.027118,-0.037739,96639.6,0.05,0.446652,0.70433
