tmp.site,tmp.area,Lb,X1,Wb,POR,ALPHA,BETA,Ks,Kb,Kz,Qthresh,Rs,Rb1,Rb2,Prec,Frac4Rise,Error,BFF
11113000,6.52677e+08,12969.4,256.798,645.253,0.15,0.012966,1,1316.53,20568.8,0.957985,68504,-0.143841,-0.05446,-0.052302,195.726,0.05,1.62293,0.171947
