tmp.site,tmp.area,Lb,X1,Wb,POR,ALPHA,BETA,Ks,Kb,Kz,Qthresh,Rs,Rb1,Rb2,Prec,Frac4Rise,Error,BFF
05116000,2.45272e+10,15777.2,100,1379.76,0.15,0.007261,1,263.354,11195.2,0.902098,310715,-0.033651,-0.060391,-0.187368,24.4657,0.05,102.631,0.361467
