tmp.site,tmp.area,Lb,X1,Wb,POR,ALPHA,BETA,Ks,Kb,Kz,Qthresh,Rs,Rb1,Rb2,Prec,Frac4Rise,Error,BFF
04087170,2.25847e+09,12394.1,100,1435.69,0.15,0.009984,1,3399.73,11756.8,0.951324,760884,-0.143841,-0.05569,-0.087745,17615.3,0.05,0.684607,0.428015
