tmp.site,tmp.area,Lb,X1,Wb,POR,ALPHA,BETA,Ks,Kb,Kz,Qthresh,Rs,Rb1,Rb2,Prec,Frac4Rise,Error,BFF
08397620,1.74824e+09,2126.62,0.06482,49.6803,0.15,0.000706,1,31051.7,0.12465,0.861857,31560.8,-0.099447,-0.041382,-0.167988,24.4657,0.05,9.27987,0.013118
