tmp.site,tmp.area,Lb,X1,Wb,POR,ALPHA,BETA,Ks,Kb,Kz,Qthresh,Rs,Rb1,Rb2,Prec,Frac4Rise,Error,BFF
02356000,1.96062e+10,20138.2,100,6541.91,0.15,0.007889,1,4438.65,7157.12,1.04562,3.86558e+06,-0.066766,-0.032667,-0.024223,408577,0.05,0.233404,0.643654
