tmp.site,tmp.area,Lb,X1,Wb,POR,ALPHA,BETA,Ks,Kb,Kz,Qthresh,Rs,Rb1,Rb2,Prec,Frac4Rise,Error,BFF
08066300,3.93678e+08,8126.93,100,536.986,0.15,0.008271,1,1057.84,4971.71,0.90508,22753.1,-0.143841,-0.095386,-0.037941,1565.81,0.05,0.360773,0.255952
