tmp.site,tmp.area,Lb,X1,Wb,POR,ALPHA,BETA,Ks,Kb,Kz,Qthresh,Rs,Rb1,Rb2,Prec,Frac4Rise,Error,BFF
07176500,9.55706e+08,29617.8,15.8498,371.586,0.15,0.003798,1,2080.31,6640.75,1.02868,68504,-0.202733,-0.112066,-0.137052,24.4657,0.05,10.4305,0.094012
