tmp.site,tmp.area,Lb,X1,Wb,POR,ALPHA,BETA,Ks,Kb,Kz,Qthresh,Rs,Rb1,Rb2,Prec,Frac4Rise,Error,BFF
10340500,1.3701e+08,28300.1,29.7369,309.125,0.15,0.018175,0.9,45.0762,7152.64,0.892356,208448,-0.009189,-0.043835,-0.084141,733.971,0.05,1.31891,0.491953
