tmp.site,tmp.area,Lb,X1,Wb,POR,ALPHA,BETA,Ks,Kb,Kz,Qthresh,Rs,Rb1,Rb2,Prec,Frac4Rise,Error,BFF
04212895,3.18569e+07,7781.72,4061.55,356.632,0.15,0.013844,4.3,749.886,5475.85,0.76325,7241.85,-0.350016,-0.127277,-0.04112,380.393,0.05,0.331068,0.271827
