tmp.site,tmp.area,Lb,X1,Wb,POR,ALPHA,BETA,Ks,Kb,Kz,Qthresh,Rs,Rb1,Rb2,Prec,Frac4Rise,Error,BFF
10039500,6.42317e+09,53687.7,6.08894,1730.63,0.15,0.005796,1.6,363.76,998.067,0.093807,648341,-0.058892,-0.025658,-0.020744,12232.9,0.05,0.319775,0.660566
