tmp.site,tmp.area,Lb,X1,Wb,POR,ALPHA,BETA,Ks,Kb,Kz,Qthresh,Rs,Rb1,Rb2,Prec,Frac4Rise,Error,BFF
021624101,6.73397e+08,19525.2,100,1422.71,0.15,0.01098,1,1432.89,7756.38,0.953742,954163,-0.255565,-0.041482,-0.016914,36943.2,0.05,0.226778,0.598155
