tmp.site,tmp.area,Lb,X1,Wb,POR,ALPHA,BETA,Ks,Kb,Kz,Qthresh,Rs,Rb1,Rb2,Prec,Frac4Rise,Error,BFF
12462600,2.31545e+11,26135.6,56.9187,64929.7,0.15,0.008512,0.8,5888.96,13853.7,3.07601,2.74016e+08,-0.051636,-0.021908,-0.032,1.08628e+07,0.05,0.201768,0.918562
