tmp.site,tmp.area,Lb,X1,Wb,POR,ALPHA,BETA,Ks,Kb,Kz,Qthresh,Rs,Rb1,Rb2,Prec,Frac4Rise,Error,BFF
04264331,7.73888e+11,6.12338e+06,100,125810,0.15,0.007423,1,169.629,1042.76,1.01615,6.23876e+08,-0.017546,-0.00318,-0.004829,4.40383e+07,0.05,0.165681,0.813208
