tmp.site,tmp.area,Lb,X1,Wb,POR,ALPHA,BETA,Ks,Kb,Kz,Qthresh,Rs,Rb1,Rb2,Prec,Frac4Rise,Error,BFF
01479000,2.30768e+08,17364.9,100,444.609,0.15,0.011414,1,902.471,9047.81,0.937552,173707,-0.364834,-0.056893,-0.042706,3914.51,0.05,0.291482,0.446991
