tmp.site,tmp.area,Lb,X1,Wb,POR,ALPHA,BETA,Ks,Kb,Kz,Qthresh,Rs,Rb1,Rb2,Prec,Frac4Rise,Error,BFF
11376440,2.28696e+08,1.95996e+06,100,40.488,0.15,0.023946,1,403.08,5863.88,0.960517,24465.7,-0.077075,-0.029049,-0.014819,1321.15,0.05,0.409259,0.345639
