tmp.site,tmp.area,Lb,X1,Wb,POR,ALPHA,BETA,Ks,Kb,Kz,Qthresh,Rs,Rb1,Rb2,Prec,Frac4Rise,Error,BFF
05401050,1.89846e+08,25744.5,137.532,1828.16,0.15,0.012358,2.1,67.813,13550,0.576757,102022,-0.055547,-0.015678,-0.012354,3819.83,0.05,0.227398,0.903719
