tmp.site,tmp.area,Lb,X1,Wb,POR,ALPHA,BETA,Ks,Kb,Kz,Qthresh,Rs,Rb1,Rb2,Prec,Frac4Rise,Error,BFF
08071000,3.03029e+08,9077.84,100,431.328,0.15,0.006354,1,1222.23,5622.41,0.904432,24221.1,-0.262262,-0.098088,-0.041931,978.629,0.05,0.376225,0.224614
