tmp.site,tmp.area,Lb,X1,Wb,POR,ALPHA,BETA,Ks,Kb,Kz,Qthresh,Rs,Rb1,Rb2,Prec,Frac4Rise,Error,BFF
06345780,3.96268e+09,4289.19,129.605,940.77,0.15,0.00927,1,2519.54,1459.54,0.100892,70950.6,-0.126033,-0.068547,-0.06166,44.0383,0.05,2.47889,0.154177
