tmp.site,tmp.area,Lb,X1,Wb,POR,ALPHA,BETA,Ks,Kb,Kz,Qthresh,Rs,Rb1,Rb2,Prec,Frac4Rise,Error,BFF
04113000,3.18569e+09,13516.5,100,2152.14,0.15,0.014251,1,1931.24,14068.1,0.986824,694826,-0.099037,-0.04285,-0.040505,22997.8,0.05,0.26578,0.624674
