tmp.site,tmp.area,Lb,X1,Wb,POR,ALPHA,BETA,Ks,Kb,Kz,Qthresh,Rs,Rb1,Rb2,Prec,Frac4Rise,Error,BFF
03182500,1.396e+09,20562.7,0.247461,1295.96,0.15,0.010272,1.2,4974.1,80.7963,1.30661,195726,-0.19406,-0.091331,-0.065249,4648.49,0.05,0.384265,0.401371
