tmp.site,tmp.area,Lb,X1,Wb,POR,ALPHA,BETA,Ks,Kb,Kz,Qthresh,Rs,Rb1,Rb2,Prec,Frac4Rise,Error,BFF
021556525,7.07067e+08,18186.1,100,855.903,0.15,0.010159,1,814.843,5421.3,0.906622,124775,-0.081649,-0.048118,-0.031963,11689.7,0.05,0.305452,0.502928
