tmp.site,tmp.area,Lb,X1,Wb,POR,ALPHA,BETA,Ks,Kb,Kz,Qthresh,Rs,Rb1,Rb2,Prec,Frac4Rise,Error,BFF
03350700,1.31571e+08,19173.3,100,244.866,0.15,0.013226,1,516.048,15919.2,0.948878,15193.2,-0.23463,-0.08447,-0.04353,758.437,0.05,0.385008,0.333987
