tmp.site,tmp.area,Lb,X1,Wb,POR,ALPHA,BETA,Ks,Kb,Kz,Qthresh,Rs,Rb1,Rb2,Prec,Frac4Rise,Error,BFF
10260950,1.82076e+08,10015.4,71.9215,181.086,0.15,0.020439,0.9,838.778,3294.39,1.0348,89789.2,-0.057652,-0.093297,-0.171003,24.4657,0.05,52.3269,0.069488
