tmp.site,tmp.area,Lb,X1,Wb,POR,ALPHA,BETA,Ks,Kb,Kz,Qthresh,Rs,Rb1,Rb2,Prec,Frac4Rise,Error,BFF
04214231,9.47936e+07,6168.49,0.18717,440.982,0.15,0.013166,1,2047.29,27.26,1.03768,14875.2,-0.413612,-0.111923,-0.113091,424.529,0.05,0.439708,0.266887
