tmp.site,tmp.area,Lb,X1,Wb,POR,ALPHA,BETA,Ks,Kb,Kz,Qthresh,Rs,Rb1,Rb2,Prec,Frac4Rise,Error,BFF
03255420,1.58248e+08,10004.3,118.838,500.133,0.15,0.010752,1.6,2519.11,9452.22,1.19006,39634.5,-0.416712,-0.126891,-0.082316,2911.42,0.05,0.355535,0.293647
