tmp.site,Qmean,BFF,SFF,DRF,Error
03015310,1.47406e+07,0.696,0.303,0.121,0.308964
