tmp.site,Qmean,BFF,SFF,DRF,Error
03187000,1.43854e+06,0.43,0.57,0.031,0.403011
