tmp.site,Qmean,BFF,SFF,DRF,Error
03505550,1.22206e+06,0.63,0.37,0.104,0.499376
