tmp.site,Qmean,BFF,SFF,DRF,Error
13069500,1.13839e+07,0.603,0.397,0.053,0.785144
