tmp.site,Qmean,BFF,SFF,DRF,Error
02436500,2.34493e+06,0.274,0.726,0.001,0.476325
