tmp.site,Qmean,BFF,SFF,DRF,Error
08049500,1.77144e+06,0.207,0.793,0.19,0.535941
