tmp.site,Qmean,BFF,SFF,DRF,Error
05517500,3.42423e+06,0.672,0.328,0.059,0.275476
