tmp.site,Qmean,BFF,SFF,DRF,Error
07374525,1.37448e+09,0.722,0.278,0.009,0.270555
