tmp.site,Qmean,BFF,SFF,DRF,Error
02474560,9.14809e+06,0.338,0.662,0.251,0.310575
