tmp.site,Qmean,BFF,SFF,DRF,Error
01034500,2.99438e+07,0.559,0.441,0.175,0.249296
