tmp.site,Qmean,BFF,SFF,DRF,Error
01536500,3.38162e+07,0.522,0.478,0.07,0.337354
