tmp.site,Qmean,BFF,SFF,DRF,Error
05507800,4.61411e+06,0.554,0.446,0.094,3.82661
