tmp.site,Qmean,BFF,SFF,DRF,Error
06888350,1.34385e+07,0.808,0.191,0.067,0.417134
