tmp.site,Qmean,BFF,SFF,DRF,Error
02146800,1.04155e+06,0.345,0.655,0.142,0.290097
