tmp.site,Qmean,BFF,SFF,DRF,Error
01618000,1.50025e+07,0.48,0.52,0.091,0.340598
