tmp.site,Qmean,BFF,SFF,DRF,Error
02016500,3.98781e+06,0.359,0.641,0.259,0.34836
