tmp.site,Qmean,BFF,SFF,DRF,Error
05457700,2.12523e+06,0.402,0.598,0.279,0.30627
