tmp.site,Qmean,BFF,SFF,DRF,Error
01177000,2.31002e+06,0.634,0.366,0.027,0.338743
