tmp.site,Qmean,BFF,SFF,DRF,Error
14120000,2.39272e+06,0.556,0.444,0.146,0.246347
