tmp.site,Qmean,BFF,SFF,DRF,Error
08169792,1.53265e+06,0.545,0.455,0.106,0.312708
