tmp.site,Qmean,BFF,SFF,DRF,Error
02223056,5.38663e+06,0.455,0.545,0.199,0.399258
