tmp.site,Qmean,BFF,SFF,DRF,Error
06205000,2.37116e+06,0.682,0.318,0.128,0.230844
