tmp.site,Qmean,BFF,SFF,DRF,Error
01463500,2.94559e+07,0.587,0.413,0.116,0.23607
