tmp.site,Qmean,BFF,SFF,DRF,Error
01576754,1.70358e+06,0.519,0.481,0.063,0.268541
