tmp.site,Qmean,BFF,SFF,DRF,Error
08276500,1.74732e+06,0.549,0.451,0.151,0.301692
