tmp.site,Qmean,BFF,SFF,DRF,Error
03025500,2.64618e+07,0.501,0.499,0.078,0.367979
