tmp.site,Qmean,BFF,SFF,DRF,Error
05471050,1.56753e+06,0.547,0.453,0.073,0.379849
