tmp.site,Qmean,BFF,SFF,DRF,Error
02162500,1.50165e+06,0.589,0.411,0.092,0.260329
