tmp.site,Qmean,BFF,SFF,DRF,Error
08055560,3.11229e+06,0.201,0.799,0.001,0.853503
