tmp.site,Qmean,BFF,SFF,DRF,Error
05525000,1.52109e+06,0.508,0.492,0.006,0.453344
