tmp.site,Qmean,BFF,SFF,DRF,Error
12422500,1.61414e+07,0.786,0.214,0.021,0.348442
