tmp.site,Qmean,BFF,SFF,DRF,Error
01541200,1.63202e+06,0.442,0.558,0.008,0.387441
