tmp.site,Qmean,BFF,SFF,DRF,Error
03230700,8.82328e+06,0.396,0.603,0.015,0.379694
