tmp.site,Qmean,BFF,SFF,DRF,Error
01030500,6.42264e+06,0.552,0.448,0.027,0.402496
