tmp.site,Qmean,BFF,SFF,DRF,Error
08041500,2.17659e+06,0.237,0.763,0.307,0.419193
