tmp.site,Qmean,BFF,SFF,DRF,Error
06888990,1.32979e+07,0.587,0.413,0.046,0.395181
