tmp.site,Qmean,BFF,SFF,DRF,Error
06817500,1.46012e+06,0.239,0.761,0.065,0.582067
