tmp.site,Qmean,BFF,SFF,DRF,Error
13042500,1.47713e+06,0.472,0.528,0.06,7.09327
