tmp.site,Qmean,BFF,SFF,DRF,Error
13297380,2.77541e+06,0.84,0.16,0.041,0.147136
