tmp.site,Qmean,BFF,SFF,DRF,Error
02479310,2.81756e+07,0.381,0.619,0.187,0.355733
