tmp.site,Qmean,BFF,SFF,DRF,Error
03203600,2.86559e+06,0.368,0.632,0.117,0.368307
