tmp.site,Qmean,BFF,SFF,DRF,Error
07177500,1.42637e+06,0.128,0.872,0.507,1.26548
