tmp.site,Qmean,BFF,SFF,DRF,Error
03332555,4.36443e+06,0.648,0.352,0.067,0.271208
