tmp.site,Qmean,BFF,SFF,DRF,Error
14361500,8.07665e+06,0.516,0.484,0.195,0.291595
