tmp.site,Qmean,BFF,SFF,DRF,Error
01570500,8.52454e+07,0.542,0.458,0.087,0.299795
