tmp.site,Qmean,BFF,SFF,DRF,Error
02482470,1.44612e+06,0.427,0.573,0.077,0.500221
