tmp.site,Qmean,BFF,SFF,DRF,Error
14238800,1.50741e+07,0.62,0.38,0.13,0.296756
