tmp.site,Qmean,BFF,SFF,DRF,Error
01131500,7.24677e+06,0.524,0.476,0.152,0.30513
