tmp.site,Qmean,BFF,SFF,DRF,Error
04119070,1.10026e+07,0.68,0.32,0.096,0.197122
