tmp.site,Qmean,BFF,SFF,DRF,Error
07371500,1.11834e+06,0.386,0.614,0.12,0.513006
