tmp.site,Qmean,BFF,SFF,DRF,Error
14189000,1.87479e+07,0.53,0.47,0.129,0.348468
