tmp.site,Qmean,BFF,SFF,DRF,Error
02467000,5.86325e+07,0.466,0.534,0.016,0.403009
