tmp.site,Qmean,BFF,SFF,DRF,Error
06274300,4.11696e+06,0.724,0.276,0.051,0.351018
