tmp.site,Qmean,BFF,SFF,DRF,Error
02423555,1.30692e+06,0.321,0.679,0.021,0.402083
