tmp.site,Qmean,BFF,SFF,DRF,Error
02397530,1.69971e+07,0.548,0.452,0.139,0.26969
