tmp.site,Qmean,BFF,SFF,DRF,Error
02197500,2.40866e+07,0.576,0.424,0.123,0.243105
