tmp.site,Qmean,BFF,SFF,DRF,Error
05462000,2.98481e+06,0.468,0.532,0.087,0.358872
