tmp.site,Qmean,BFF,SFF,DRF,Error
13333000,7.32862e+06,0.666,0.334,0.096,0.296165
