tmp.site,Qmean,BFF,SFF,DRF,Error
02479000,2.44102e+07,0.363,0.637,0.169,0.352154
