tmp.site,Qmean,BFF,SFF,DRF,Error
12452990,1.19525e+06,0.657,0.343,0.103,0.227316
