tmp.site,Qmean,BFF,SFF,DRF,Error
01606500,1.81875e+06,0.417,0.583,0.168,0.343107
