tmp.site,Qmean,BFF,SFF,DRF,Error
09306290,1.64828e+06,0.672,0.328,0.091,0.288785
