tmp.site,Qmean,BFF,SFF,DRF,Error
13206000,2.89383e+06,0.557,0.443,0.05,0.499302
