tmp.site,Qmean,BFF,SFF,DRF,Error
03016000,1.65368e+07,0.538,0.462,0.155,0.336014
