tmp.site,Qmean,BFF,SFF,DRF,Error
11404500,4.09079e+06,0.453,0.546,0.19,1.52486
