tmp.site,Qmean,BFF,SFF,DRF,Error
05129515,2.55506e+07,0.765,0.226,0.012,0.312964
