tmp.site,Qmean,BFF,SFF,DRF,Error
02485735,1.09396e+07,0.37,0.628,0.144,0.804368
