tmp.site,Qmean,BFF,SFF,DRF,Error
05270700,1.63191e+07,0.746,0.253,0.001,0.376367
