tmp.site,Qmean,BFF,SFF,DRF,Error
06805000,1.16578e+06,0.248,0.752,0.496,0.343496
