tmp.site,Qmean,BFF,SFF,DRF,Error
05076500,1.31573e+06,0.521,0.479,0.03,1.28574
