tmp.site,Qmean,BFF,SFF,DRF,Error
06078200,1.47433e+07,0.679,0.321,0.02,0.255633
