tmp.site,Qmean,BFF,SFF,DRF,Error
07056700,3.59671e+06,0.377,0.623,0.152,0.394717
