tmp.site,Qmean,BFF,SFF,DRF,Error
02173030,1.66089e+06,0.591,0.409,0.081,0.306693
