tmp.site,Qmean,BFF,SFF,DRF,Error
12173500,1.63603e+06,0.48,0.52,0.18,0.292478
