tmp.site,Qmean,BFF,SFF,DRF,Error
04073365,2.38925e+06,0.441,0.559,0.027,0.410398
