tmp.site,Qmean,BFF,SFF,DRF,Error
05476750,3.04571e+06,0.541,0.459,0.027,0.376666
