tmp.site,Qmean,BFF,SFF,DRF,Error
07178200,2.30219e+06,0.191,0.809,0.466,0.357059
