tmp.site,Qmean,BFF,SFF,DRF,Error
02024000,1.67274e+06,0.396,0.604,0.196,0.345638
