tmp.site,Qmean,BFF,SFF,DRF,Error
09367540,2.69427e+06,0.792,0.208,0.047,0.371572
