tmp.site,Qmean,BFF,SFF,DRF,Error
07027720,2.89712e+06,0.288,0.712,0.359,0.322837
