tmp.site,Qmean,BFF,SFF,DRF,Error
01538700,3.86257e+07,0.593,0.407,0.047,0.311805
