tmp.site,Qmean,BFF,SFF,DRF,Error
12149000,9.07707e+06,0.477,0.523,0.202,0.286236
