tmp.site,Qmean,BFF,SFF,DRF,Error
02358754,4.98014e+07,0.555,0.445,0.1,0.287761
