tmp.site,Qmean,BFF,SFF,DRF,Error
06919020,2.86326e+06,0.658,0.342,0.105,3.27768
