tmp.site,Qmean,BFF,SFF,DRF,Error
12457000,5.46159e+06,0.594,0.406,0.102,0.261137
