tmp.site,Qmean,BFF,SFF,DRF,Error
12306500,1.64475e+06,0.495,0.505,0.155,0.291341
