tmp.site,Qmean,BFF,SFF,DRF,Error
01096500,1.49725e+06,0.55,0.45,0.025,1.90646
