tmp.site,Qmean,BFF,SFF,DRF,Error
11362500,2.77296e+06,0.628,0.368,0.105,1.53992
