tmp.site,Qmean,BFF,SFF,DRF,Error
07348000,6.50525e+06,0.596,0.404,0.002,1.20606
