tmp.site,Qmean,BFF,SFF,DRF,Error
06025500,2.65983e+06,0.772,0.228,0.074,0.282035
