tmp.site,Qmean,BFF,SFF,DRF,Error
02223500,1.13219e+07,0.407,0.593,0.109,0.373984
