tmp.site,Qmean,BFF,SFF,DRF,Error
02318500,2.92563e+06,0.375,0.625,0.096,0.501634
