tmp.site,Qmean,BFF,SFF,DRF,Error
02134900,4.12704e+06,0.506,0.494,0.123,0.427711
