tmp.site,Qmean,BFF,SFF,DRF,Error
12449950,3.86835e+06,0.646,0.354,0.139,0.334326
