tmp.site,Qmean,BFF,SFF,DRF,Error
07094500,2.13368e+06,0.396,0.604,0.14,0.279051
