tmp.site,Qmean,BFF,SFF,DRF,Error
07067000,5.02265e+06,0.467,0.533,0.158,0.262044
