tmp.site,Qmean,BFF,SFF,DRF,Error
05325000,1.02926e+07,0.459,0.541,0.074,0.466799
