tmp.site,Qmean,BFF,SFF,DRF,Error
02136000,2.28573e+06,0.536,0.464,0.056,0.570213
