tmp.site,Qmean,BFF,SFF,DRF,Error
02369000,2.61669e+06,0.54,0.46,0.138,0.23194
