tmp.site,Qmean,BFF,SFF,DRF,Error
01027200,1.13356e+06,0.486,0.514,0.041,0.413157
