tmp.site,Qmean,BFF,SFF,DRF,Error
03070500,1.02249e+06,0.408,0.592,0.04,0.396613
