tmp.site,Qmean,BFF,SFF,DRF,Error
05592500,3.84506e+06,0.389,0.611,0.051,0.50716
