tmp.site,Qmean,BFF,SFF,DRF,Error
06024580,2.55923e+06,0.457,0.543,0.157,0.308738
