tmp.site,Qmean,BFF,SFF,DRF,Error
02395980,6.93289e+06,0.691,0.309,0.17,0.505542
