tmp.site,Qmean,BFF,SFF,DRF,Error
06025250,3.18763e+06,0.629,0.371,0.092,0.276604
