tmp.site,Qmean,BFF,SFF,DRF,Error
04027000,1.51062e+06,0.312,0.688,0.22,0.402447
