tmp.site,Qmean,BFF,SFF,DRF,Error
02112000,2.04595e+06,0.558,0.442,0.106,0.270062
