tmp.site,Qmean,BFF,SFF,DRF,Error
08053000,1.84698e+06,0.221,0.779,0.216,1.09354
