tmp.site,Qmean,BFF,SFF,DRF,Error
03051000,2.02241e+06,0.392,0.608,0.088,0.412698
