tmp.site,Qmean,BFF,SFF,DRF,Error
06074000,1.38975e+07,0.805,0.195,0.014,0.377959
