tmp.site,Qmean,BFF,SFF,DRF,Error
01085500,1.91878e+06,0.534,0.466,0.064,0.379729
