tmp.site,Qmean,BFF,SFF,DRF,Error
07077555,3.65499e+06,0.624,0.376,0.005,0.654331
