tmp.site,Qmean,BFF,SFF,DRF,Error
02330150,4.60713e+06,0.453,0.547,0.109,0.381473
