tmp.site,Qmean,BFF,SFF,DRF,Error
05422000,4.50786e+06,0.485,0.515,0.15,0.360253
