tmp.site,Qmean,BFF,SFF,DRF,Error
02295637,1.48214e+06,0.542,0.458,0.043,0.38699
