tmp.site,Qmean,BFF,SFF,DRF,Error
04073500,2.88066e+06,0.591,0.409,0.049,0.335534
