tmp.site,Qmean,BFF,SFF,DRF,Error
07229200,1.60521e+06,0.347,0.653,0.271,1.04846
