tmp.site,Qmean,BFF,SFF,DRF,Error
07061000,3.09626e+07,0.503,0.497,0.107,0.381471
