tmp.site,Qmean,BFF,SFF,DRF,Error
09095500,9.18317e+06,0.578,0.422,0.125,0.233792
