tmp.site,Qmean,BFF,SFF,DRF,Error
02358000,5.22741e+07,0.559,0.441,0.154,0.273496
