tmp.site,Qmean,BFF,SFF,DRF,Error
11475800,1.93451e+06,0.201,0.799,0.293,0.423691
