tmp.site,Qmean,BFF,SFF,DRF,Error
06308500,1.00037e+06,0.438,0.562,0.144,1.66155
