tmp.site,Qmean,BFF,SFF,DRF,Error
03010820,4.86222e+06,0.541,0.459,0.021,0.345518
