tmp.site,Qmean,BFF,SFF,DRF,Error
02456500,3.58857e+06,0.423,0.577,0.061,0.392108
