tmp.site,Qmean,BFF,SFF,DRF,Error
09304115,1.44969e+06,0.507,0.493,0.055,0.158169
