tmp.site,Qmean,BFF,SFF,DRF,Error
03068800,1.06129e+06,0.439,0.561,0.047,0.359117
