tmp.site,Qmean,BFF,SFF,DRF,Error
08087300,1.01371e+06,0.13,0.869,0.264,9.58019
