tmp.site,Qmean,BFF,SFF,DRF,Error
03381700,5.02702e+08,0.013,0.392,0,0.971455
