tmp.site,Qmean,BFF,SFF,DRF,Error
07031740,2.98336e+06,0.349,0.651,0.264,0.322062
