tmp.site,Qmean,BFF,SFF,DRF,Error
01358000,3.59414e+07,0.629,0.371,0.141,0.222362
