tmp.site,Qmean,BFF,SFF,DRF,Error
04056500,3.51153e+06,0.441,0.559,0.113,0.380033
