tmp.site,Qmean,BFF,SFF,DRF,Error
01046500,1.12314e+07,0.893,0.106,0.048,0.292185
