tmp.site,Qmean,BFF,SFF,DRF,Error
12413000,4.52678e+06,0.477,0.523,0.169,0.252383
