tmp.site,Qmean,BFF,SFF,DRF,Error
06796000,1.12963e+07,0.645,0.355,0.056,0.356245
