tmp.site,Qmean,BFF,SFF,DRF,Error
09315000,1.44171e+07,0.613,0.387,0.079,0.332018
