tmp.site,Qmean,BFF,SFF,DRF,Error
02482550,4.57929e+06,0.596,0.404,0.069,0.377883
