tmp.site,Qmean,BFF,SFF,DRF,Error
05082500,8.35025e+06,0.41,0.59,0.001,0.67951
