tmp.site,Qmean,BFF,SFF,DRF,Error
08025360,1.39208e+07,0.671,0.329,0.084,9.24712
