tmp.site,Qmean,BFF,SFF,DRF,Error
11454000,1.07983e+06,0.541,0.459,0.122,0.673528
