tmp.site,Qmean,BFF,SFF,DRF,Error
03328500,1.92972e+06,0.34,0.66,0.245,0.349902
