tmp.site,Qmean,BFF,SFF,DRF,Error
05070000,1.05062e+07,0.368,0.632,0.13,0.358441
