tmp.site,Qmean,BFF,SFF,DRF,Error
06164510,1.02952e+06,0.324,0.676,0.194,0.509527
