tmp.site,Qmean,BFF,SFF,DRF,Error
12089500,3.24714e+06,0.449,0.551,0.195,0.631469
