tmp.site,Qmean,BFF,SFF,DRF,Error
034315005,5.06706e+07,0.636,0.364,0.047,0.302545
