tmp.site,Qmean,BFF,SFF,DRF,Error
02110500,3.04087e+06,0.552,0.448,0.032,0.503184
