tmp.site,Qmean,BFF,SFF,DRF,Error
07292500,2.74571e+06,0.272,0.728,0.409,0.325992
