tmp.site,Qmean,BFF,SFF,DRF,Error
01198125,2.33097e+06,0.524,0.476,0.07,0.331394
