tmp.site,Qmean,BFF,SFF,DRF,Error
02135200,3.21288e+07,0.913,0.087,0.001,0.32668
