tmp.site,Qmean,BFF,SFF,DRF,Error
01473000,1.03632e+06,0.336,0.664,0.119,0.369847
