tmp.site,Qmean,BFF,SFF,DRF,Error
03381500,7.38984e+06,0.363,0.637,0.002,0.680343
