tmp.site,Qmean,BFF,SFF,DRF,Error
02232500,3.15032e+06,0.615,0.385,0.004,0.438084
