tmp.site,Qmean,BFF,SFF,DRF,Error
08026000,1.39424e+07,0.756,0.244,0.062,2.14626
