tmp.site,Qmean,BFF,SFF,DRF,Error
07344370,5.49738e+07,0.609,0.386,0.062,0.371659
