tmp.site,Qmean,BFF,SFF,DRF,Error
01188090,1.70166e+06,0.582,0.418,0.087,0.276943
