tmp.site,Qmean,BFF,SFF,DRF,Error
03270500,5.91578e+06,0.355,0.645,0.26,0.343176
