tmp.site,Qmean,BFF,SFF,DRF,Error
02126000,3.23343e+06,0.244,0.756,0.002,0.412612
