tmp.site,Qmean,BFF,SFF,DRF,Error
09304200,1.31589e+06,0.709,0.291,0.086,0.355124
