tmp.site,Qmean,BFF,SFF,DRF,Error
11266500,1.54156e+06,0.532,0.468,0.054,0.394239
