tmp.site,Qmean,BFF,SFF,DRF,Error
04101500,8.67996e+06,0.86,0.14,0.044,0.146396
