tmp.site,Qmean,BFF,SFF,DRF,Error
04151500,1.35065e+06,0.552,0.448,0.225,0.447623
