tmp.site,Qmean,BFF,SFF,DRF,Error
07290650,2.37445e+06,0.154,0.846,0.329,0.420246
