tmp.site,Qmean,BFF,SFF,DRF,Error
05427085,4.83335e+06,0.705,0.295,0.027,0.314925
