tmp.site,Qmean,BFF,SFF,DRF,Error
01118500,1.42852e+06,0.614,0.386,0.042,0.277474
