tmp.site,Qmean,BFF,SFF,DRF,Error
03193000,3.08173e+07,0.472,0.528,0.153,0.306798
