tmp.site,Qmean,BFF,SFF,DRF,Error
05440700,1.83906e+07,0.853,0.147,0.02,0.240473
