tmp.site,Qmean,BFF,SFF,DRF,Error
02322800,4.23228e+06,0.705,0.295,0.025,0.248785
