tmp.site,Qmean,BFF,SFF,DRF,Error
06928000,2.62487e+06,0.308,0.692,0.275,0.379673
