tmp.site,Qmean,BFF,SFF,DRF,Error
05133500,3.17328e+07,0.688,0.311,0.047,0.336621
