tmp.site,Qmean,BFF,SFF,DRF,Error
14316700,1.75402e+06,0.285,0.715,0.064,0.352792
