tmp.site,Qmean,BFF,SFF,DRF,Error
04045500,2.23318e+06,0.37,0.63,0.128,0.389622
