tmp.site,Qmean,BFF,SFF,DRF,Error
01334500,2.40177e+06,0.541,0.459,0.069,0.292027
