tmp.site,Qmean,BFF,SFF,DRF,Error
02041650,3.02952e+06,0.373,0.627,0.116,0.406442
