tmp.site,Qmean,BFF,SFF,DRF,Error
14190500,2.11389e+06,0.372,0.628,0.203,0.319186
