tmp.site,Qmean,BFF,SFF,DRF,Error
04266500,3.36162e+06,0.727,0.273,0.032,0.480676
