tmp.site,Qmean,BFF,SFF,DRF,Error
02486000,1.01211e+07,0.461,0.539,0.063,0.669045
