tmp.site,Qmean,BFF,SFF,DRF,Error
14087400,3.72588e+06,0.827,0.173,0.015,0.060485
