tmp.site,Qmean,BFF,SFF,DRF,Error
07022000,5.34627e+08,0.607,0.393,0.022,0.311408
