tmp.site,Qmean,BFF,SFF,DRF,Error
023432415,2.39029e+07,0.468,0.532,0.037,0.40456
