tmp.site,Qmean,BFF,SFF,DRF,Error
01343060,1.76447e+06,0.424,0.576,0.031,0.384619
