tmp.site,Qmean,BFF,SFF,DRF,Error
05453100,5.13237e+06,0.46,0.54,0.079,0.385976
