tmp.site,Qmean,BFF,SFF,DRF,Error
13139510,1.09029e+06,0.329,0.671,0.077,0.288348
