tmp.site,Qmean,BFF,SFF,DRF,Error
08015500,6.13462e+06,0.334,0.666,0.213,0.38487
