tmp.site,Qmean,BFF,SFF,DRF,Error
05330920,2.22299e+07,0.576,0.424,0.07,0.353428
