tmp.site,Qmean,BFF,SFF,DRF,Error
02443000,1.23191e+06,0.363,0.637,0.226,0.362565
