tmp.site,Qmean,BFF,SFF,DRF,Error
04122025,6.89665e+06,0.766,0.234,0.056,0.166952
