tmp.site,Qmean,BFF,SFF,DRF,Error
08014500,1.92231e+06,0.296,0.704,0.321,0.299314
