tmp.site,Qmean,BFF,SFF,DRF,Error
06907700,1.15115e+06,0.211,0.789,0.002,0.723827
