tmp.site,Qmean,BFF,SFF,DRF,Error
02361000,2.21529e+06,0.465,0.535,0.067,0.365244
