tmp.site,Qmean,BFF,SFF,DRF,Error
14018500,1.43186e+06,0.568,0.432,0.046,0.420864
