tmp.site,Qmean,BFF,SFF,DRF,Error
07013000,1.49754e+06,0.318,0.682,0.399,0.326469
