tmp.site,Qmean,BFF,SFF,DRF,Error
11251000,3.16246e+06,0.271,0.729,0.199,0.583592
