tmp.site,Qmean,BFF,SFF,DRF,Error
09136100,1.09627e+06,0.517,0.483,0.202,0.283434
