tmp.site,Qmean,BFF,SFF,DRF,Error
07064533,1.14558e+06,0.439,0.561,0.183,0.252869
