tmp.site,Qmean,BFF,SFF,DRF,Error
01548005,2.14476e+06,0.539,0.461,0.137,0.262422
