tmp.site,Qmean,BFF,SFF,DRF,Error
03512000,1.27578e+06,0.568,0.432,0.083,0.244719
