tmp.site,Qmean,BFF,SFF,DRF,Error
08173900,3.51777e+06,0.47,0.53,0.147,0.302365
