tmp.site,Qmean,BFF,SFF,DRF,Error
06906500,1.64946e+08,0.543,0.457,0.006,0.265121
