tmp.site,Qmean,BFF,SFF,DRF,Error
08019000,1.01705e+06,0.085,0.915,0.434,3.23495
