tmp.site,Qmean,BFF,SFF,DRF,Error
11418000,5.94329e+06,0.785,0.215,0.089,0.592714
