tmp.site,Qmean,BFF,SFF,DRF,Error
04153300,1.71775e+06,0.578,0.422,0.123,0.280212
