tmp.site,Qmean,BFF,SFF,DRF,Error
02218300,2.88332e+06,0.477,0.523,0.073,0.330869
