tmp.site,Qmean,BFF,SFF,DRF,Error
09404120,3.29099e+07,0.991,0.009,0.001,0.469182
