tmp.site,Qmean,BFF,SFF,DRF,Error
01446500,1.98012e+07,0.592,0.408,0.096,0.248726
