tmp.site,Qmean,BFF,SFF,DRF,Error
02083500,5.29346e+06,0.375,0.625,0.161,0.394442
