tmp.site,Qmean,BFF,SFF,DRF,Error
02404400,1.77675e+06,0.486,0.514,0.161,0.27633
