tmp.site,Qmean,BFF,SFF,DRF,Error
09259700,1.19067e+06,0.528,0.472,0.042,0.910864
