tmp.site,Qmean,BFF,SFF,DRF,Error
04195820,1.29089e+06,0.337,0.663,0.001,0.453359
