tmp.site,Qmean,BFF,SFF,DRF,Error
03408500,1.84512e+06,0.371,0.629,0.085,0.409509
