tmp.site,Qmean,BFF,SFF,DRF,Error
04157005,1.69425e+07,0.532,0.468,0.072,0.451322
