tmp.site,Qmean,BFF,SFF,DRF,Error
14185900,1.57545e+06,0.321,0.679,0.282,0.361804
