tmp.site,Qmean,BFF,SFF,DRF,Error
02382500,2.67444e+06,0.597,0.402,0.145,0.327412
