tmp.site,Qmean,BFF,SFF,DRF,Error
06897500,3.18432e+06,0.185,0.815,0.218,0.532568
