tmp.site,Qmean,BFF,SFF,DRF,Error
04242640,2.93992e+06,0.483,0.517,0.076,0.342627
