tmp.site,Qmean,BFF,SFF,DRF,Error
02203518,2.49588e+06,0.44,0.56,0.104,0.463524
