tmp.site,Qmean,BFF,SFF,DRF,Error
08169500,1.84604e+06,0.524,0.476,0.14,0.815757
