tmp.site,Qmean,BFF,SFF,DRF,Error
03465500,3.44482e+06,0.526,0.474,0.077,0.271926
