tmp.site,Qmean,BFF,SFF,DRF,Error
05405000,1.07666e+06,0.44,0.56,0.201,0.29893
