tmp.site,Qmean,BFF,SFF,DRF,Error
11527000,4.93948e+06,0.502,0.498,0.101,0.376045
