tmp.site,Qmean,BFF,SFF,DRF,Error
06910450,1.94417e+08,0.62,0.38,0.002,0.279825
