tmp.site,Qmean,BFF,SFF,DRF,Error
06101500,1.91056e+06,0.556,0.444,0.036,1.48705
