tmp.site,Qmean,BFF,SFF,DRF,Error
05576500,4.52487e+06,0.437,0.563,0.087,0.479513
