tmp.site,Qmean,BFF,SFF,DRF,Error
06327500,3.13237e+07,0.369,0.631,0.169,0.379091
