tmp.site,Qmean,BFF,SFF,DRF,Error
01015800,3.77002e+06,0.486,0.514,0.02,0.448304
