tmp.site,Qmean,BFF,SFF,DRF,Error
04099000,4.18553e+06,0.802,0.198,0.041,0.219807
