tmp.site,Qmean,BFF,SFF,DRF,Error
03020500,1.32597e+06,0.441,0.559,0.083,0.33416
