tmp.site,Qmean,BFF,SFF,DRF,Error
03410210,3.81432e+06,0.379,0.621,0.103,0.410483
