tmp.site,Qmean,BFF,SFF,DRF,Error
03319000,2.68846e+06,0.195,0.805,0.066,0.546223
