tmp.site,Qmean,BFF,SFF,DRF,Error
07040000,3.51366e+06,0.29,0.71,0.225,0.48195
