tmp.site,Qmean,BFF,SFF,DRF,Error
07250500,7.37887e+07,0.377,0.623,0.081,0.410009
