tmp.site,Qmean,BFF,SFF,DRF,Error
07030000,7.22804e+06,0.571,0.428,0.067,0.403028
