tmp.site,Qmean,BFF,SFF,DRF,Error
07337900,1.26533e+06,0.276,0.724,0.261,0.800359
