tmp.site,Qmean,BFF,SFF,DRF,Error
03076500,1.59057e+06,0.485,0.515,0.067,0.35612
