tmp.site,Qmean,BFF,SFF,DRF,Error
03031882,1.45676e+06,0.466,0.534,0.019,0.358221
