tmp.site,Qmean,BFF,SFF,DRF,Error
01512500,6.14018e+06,0.509,0.491,0.066,0.325287
