tmp.site,Qmean,BFF,SFF,DRF,Error
03117000,1.20265e+06,0.375,0.625,0.245,0.324759
