tmp.site,Qmean,BFF,SFF,DRF,Error
02472980,4.49326e+06,0.359,0.641,0.245,0.284313
