tmp.site,Qmean,BFF,SFF,DRF,Error
11319500,2.42762e+06,0.619,0.381,0.051,0.497771
