tmp.site,Qmean,BFF,SFF,DRF,Error
04127570,1.05197e+06,0.821,0.179,0.017,0.182406
