tmp.site,Qmean,BFF,SFF,DRF,Error
06115200,2.15876e+07,0.868,0.132,0.015,0.253991
