tmp.site,Qmean,BFF,SFF,DRF,Error
06027600,2.73705e+06,0.804,0.196,0.012,0.332817
