tmp.site,Qmean,BFF,SFF,DRF,Error
04290500,4.48849e+06,0.513,0.487,0.078,0.362557
