tmp.site,Qmean,BFF,SFF,DRF,Error
07337000,3.15905e+07,0.391,0.609,0.023,0.428427
