tmp.site,Qmean,BFF,SFF,DRF,Error
12472800,2.88686e+08,0.794,0.206,0.006,0.278517
