tmp.site,Qmean,BFF,SFF,DRF,Error
03249500,2.52187e+06,0.272,0.728,0.328,0.643597
