tmp.site,Qmean,BFF,SFF,DRF,Error
08286500,1.11544e+06,0.185,0.815,0.258,0.572634
