tmp.site,Qmean,BFF,SFF,DRF,Error
05400760,1.20658e+07,0.567,0.433,0.217,0.249979
