tmp.site,Qmean,BFF,SFF,DRF,Error
02328522,2.09459e+06,0.825,0.175,0.06,0.328249
