tmp.site,Qmean,BFF,SFF,DRF,Error
05333500,3.27286e+06,0.592,0.408,0.065,0.234421
