tmp.site,Qmean,BFF,SFF,DRF,Error
07190500,2.28309e+07,0.454,0.546,0.039,2.03809
