tmp.site,Qmean,BFF,SFF,DRF,Error
07288955,4.61797e+07,0.528,0.472,0.088,0.618128
