tmp.site,Qmean,BFF,SFF,DRF,Error
03192000,6.83865e+06,0.37,0.63,0.004,0.448454
