tmp.site,Qmean,BFF,SFF,DRF,Error
05356000,1.79163e+06,0.562,0.438,0.071,0.753566
