tmp.site,Qmean,BFF,SFF,DRF,Error
02134500,3.13412e+06,0.523,0.477,0.06,0.417477
