tmp.site,Qmean,BFF,SFF,DRF,Error
02365500,1.29852e+07,0.469,0.531,0.109,0.338771
