tmp.site,Qmean,BFF,SFF,DRF,Error
05532500,1.55624e+06,0.475,0.525,0.019,0.426457
