tmp.site,Qmean,BFF,SFF,DRF,Error
01170000,3.32854e+06,0.546,0.454,0.061,0.435514
