tmp.site,Qmean,BFF,SFF,DRF,Error
03286200,1.21016e+06,0.173,0.827,0.309,0.320082
