tmp.site,Qmean,BFF,SFF,DRF,Error
02383500,3.54871e+06,0.551,0.449,0.119,0.273031
