tmp.site,Qmean,BFF,SFF,DRF,Error
01011000,4.81893e+06,0.554,0.446,0.083,0.341796
