tmp.site,Qmean,BFF,SFF,DRF,Error
06285100,2.24071e+06,0.5,0.5,0.098,0.30962
