tmp.site,Qmean,BFF,SFF,DRF,Error
01066000,6.81416e+06,0.847,0.153,0.035,0.245476
