tmp.site,Qmean,BFF,SFF,DRF,Error
11234760,1.20246e+06,0.163,0.837,0.361,0.937719
