tmp.site,Qmean,BFF,SFF,DRF,Error
03152000,1.51973e+06,0.351,0.649,0.118,0.478434
