tmp.site,Qmean,BFF,SFF,DRF,Error
08041780,2.06297e+07,0.521,0.479,0.03,0.735484
