tmp.site,Qmean,BFF,SFF,DRF,Error
13094000,1.12399e+07,0.414,0.586,0.12,0.283834
