tmp.site,Qmean,BFF,SFF,DRF,Error
05474000,6.79491e+06,0.344,0.656,0.121,0.473717
