tmp.site,Qmean,BFF,SFF,DRF,Error
03314000,1.83574e+06,0.39,0.61,0.043,0.371728
