tmp.site,Qmean,BFF,SFF,DRF,Error
08211000,1.52713e+06,0.124,0.876,0.434,0.418764
