tmp.site,Qmean,BFF,SFF,DRF,Error
01125500,1.41427e+06,0.564,0.436,0.049,0.361022
