tmp.site,Qmean,BFF,SFF,DRF,Error
05244000,1.12456e+06,0.54,0.46,0.03,0.331295
