tmp.site,Qmean,BFF,SFF,DRF,Error
12082500,1.90191e+06,0.631,0.369,0.123,0.237634
