tmp.site,Qmean,BFF,SFF,DRF,Error
03107500,9.72363e+06,0.536,0.464,0.092,0.303514
