tmp.site,Qmean,BFF,SFF,DRF,Error
05064500,6.76821e+06,0.375,0.625,0.117,0.472574
