tmp.site,Qmean,BFF,SFF,DRF,Error
05568500,3.98528e+07,0.85,0.15,0.015,0.281412
