tmp.site,Qmean,BFF,SFF,DRF,Error
02025500,8.93483e+06,0.425,0.575,0.223,0.311555
