tmp.site,Qmean,BFF,SFF,DRF,Error
03371500,1.13777e+07,0.317,0.683,0.239,0.374552
