tmp.site,Qmean,BFF,SFF,DRF,Error
02375000,1.53273e+06,0.458,0.542,0.228,0.263109
