tmp.site,Qmean,BFF,SFF,DRF,Error
05487520,2.14383e+07,0.571,0.429,0.004,0.415558
