tmp.site,Qmean,BFF,SFF,DRF,Error
03300400,1.63856e+06,0.235,0.765,0,0.599593
