tmp.site,Qmean,BFF,SFF,DRF,Error
05455700,7.95073e+06,0.497,0.503,0.086,0.38881
