tmp.site,Qmean,BFF,SFF,DRF,Error
08032700,3.67735e+06,0.65,0.35,0.069,0.376936
