tmp.site,Qmean,BFF,SFF,DRF,Error
02197000,2.31106e+07,0.559,0.441,0.175,0.261996
