tmp.site,Qmean,BFF,SFF,DRF,Error
11476500,4.36716e+06,0.25,0.75,0.181,0.390281
