tmp.site,Qmean,BFF,SFF,DRF,Error
08117500,1.28353e+06,0.251,0.749,0.155,0.569131
