tmp.site,Qmean,BFF,SFF,DRF,Error
10348036,1.34309e+06,0.572,0.428,0.065,0.467343
