tmp.site,Qmean,BFF,SFF,DRF,Error
11413000,1.82491e+06,0.437,0.563,0.151,0.378768
