tmp.site,Qmean,BFF,SFF,DRF,Error
05383950,1.28552e+06,0.37,0.63,0.205,0.299555
