tmp.site,Qmean,BFF,SFF,DRF,Error
02173000,1.74088e+06,0.584,0.416,0.092,0.306324
