tmp.site,Qmean,BFF,SFF,DRF,Error
02198500,2.75546e+07,0.548,0.452,0.086,0.287849
