tmp.site,Qmean,BFF,SFF,DRF,Error
14301500,2.89221e+06,0.338,0.662,0.258,0.322536
