tmp.site,Qmean,BFF,SFF,DRF,Error
11303500,1.06145e+07,0.572,0.428,0.036,0.514096
