tmp.site,Qmean,BFF,SFF,DRF,Error
04292500,3.18663e+06,0.468,0.532,0.086,0.336705
