tmp.site,Qmean,BFF,SFF,DRF,Error
01518000,1.00027e+06,0.427,0.573,0.086,0.415956
