tmp.site,Qmean,BFF,SFF,DRF,Error
09404200,3.30722e+07,0.932,0.068,0.005,0.342157
