tmp.site,Qmean,BFF,SFF,DRF,Error
07144550,2.76268e+06,0.283,0.717,0.259,0.410004
