tmp.site,Qmean,BFF,SFF,DRF,Error
06307830,1.03752e+06,0.777,0.223,0.046,0.337163
