tmp.site,Qmean,BFF,SFF,DRF,Error
02394670,5.13526e+06,0.765,0.235,0.109,0.868255
