tmp.site,Qmean,BFF,SFF,DRF,Error
07372200,5.48036e+06,0.529,0.471,0.053,0.521929
