tmp.site,Qmean,BFF,SFF,DRF,Error
04275500,1.74962e+06,0.434,0.566,0.192,0.326813
