tmp.site,Qmean,BFF,SFF,DRF,Error
09328920,1.13021e+07,0.739,0.261,0.028,0.375959
