tmp.site,Qmean,BFF,SFF,DRF,Error
03414000,2.17353e+07,0.428,0.572,0.022,2.74893
