tmp.site,Qmean,BFF,SFF,DRF,Error
03582000,3.57441e+06,0.444,0.556,0.233,0.400054
