tmp.site,Qmean,BFF,SFF,DRF,Error
04121650,3.42203e+06,0.711,0.289,0.041,0.215962
