tmp.site,Qmean,BFF,SFF,DRF,Error
02173051,1.99007e+06,0.872,0.127,0.027,0.311044
