tmp.site,Qmean,BFF,SFF,DRF,Error
03007800,1.10688e+06,0.463,0.537,0.123,0.331753
