tmp.site,Qmean,BFF,SFF,DRF,Error
06921350,1.36456e+06,0.077,0.923,0.19,0.573006
