tmp.site,Qmean,BFF,SFF,DRF,Error
04066030,6.67896e+06,0.878,0.122,0.041,0.165174
