tmp.site,Qmean,BFF,SFF,DRF,Error
13351000,1.48049e+06,0.488,0.512,0.092,0.476003
