tmp.site,Qmean,BFF,SFF,DRF,Error
12037400,3.15761e+06,0.41,0.59,0.226,0.388358
