tmp.site,Qmean,BFF,SFF,DRF,Error
02160700,1.27393e+06,0.485,0.515,0.133,0.287843
