tmp.site,Qmean,BFF,SFF,DRF,Error
09355500,2.46623e+06,0.427,0.573,0.061,0.654663
