tmp.site,Qmean,BFF,SFF,DRF,Error
07257006,1.25529e+06,0.334,0.666,0.164,1.81915
