tmp.site,Qmean,BFF,SFF,DRF,Error
01614500,1.48172e+06,0.495,0.505,0.083,0.286926
