tmp.site,Qmean,BFF,SFF,DRF,Error
12054000,1.02237e+06,0.446,0.554,0.202,0.276082
