tmp.site,Qmean,BFF,SFF,DRF,Error
07195430,1.74446e+06,0.374,0.626,0.225,0.352554
