tmp.site,Qmean,BFF,SFF,DRF,Error
09328960,1.93974e+07,0.748,0.252,0.019,0.413561
