tmp.site,Qmean,BFF,SFF,DRF,Error
11390500,2.43251e+07,0.491,0.509,0.06,0.363145
