tmp.site,Qmean,BFF,SFF,DRF,Error
12138160,1.91195e+06,0.54,0.46,0.122,0.318746
