tmp.site,Qmean,BFF,SFF,DRF,Error
01017290,1.05506e+06,0.37,0.63,0.123,0.449324
