tmp.site,Qmean,BFF,SFF,DRF,Error
12043000,2.57801e+06,0.328,0.672,0.303,0.326291
