tmp.site,Qmean,BFF,SFF,DRF,Error
03271500,6.29517e+06,0.408,0.592,0.23,0.333674
