tmp.site,Qmean,BFF,SFF,DRF,Error
03114500,1.58034e+06,0.245,0.755,0.004,0.493807
