tmp.site,Qmean,BFF,SFF,DRF,Error
09304800,1.54487e+06,0.822,0.178,0.061,0.196105
