tmp.site,Qmean,BFF,SFF,DRF,Error
14091500,3.67469e+06,0.882,0.118,0.008,0.0913919
