tmp.site,Qmean,BFF,SFF,DRF,Error
01547200,1.01533e+06,0.526,0.474,0.195,0.263857
