tmp.site,Qmean,BFF,SFF,DRF,Error
04137500,3.39338e+06,0.853,0.147,0.044,0.127166
