tmp.site,Qmean,BFF,SFF,DRF,Error
06856000,1.39349e+06,0.325,0.675,0.212,0.470188
