tmp.site,Qmean,BFF,SFF,DRF,Error
04258000,1.55213e+06,0.668,0.332,0.096,0.519418
