tmp.site,Qmean,BFF,SFF,DRF,Error
07032000,1.25019e+09,0.589,0.411,0.002,0.352145
