tmp.site,Qmean,BFF,SFF,DRF,Error
0211139110,1.64709e+06,0.654,0.346,0.161,0.228176
