tmp.site,Qmean,BFF,SFF,DRF,Error
02356000,2.01504e+07,0.644,0.356,0.09,0.233404
