tmp.site,Qmean,BFF,SFF,DRF,Error
02479500,2.25918e+06,0.415,0.585,0.055,0.397329
