tmp.site,Qmean,BFF,SFF,DRF,Error
02413300,1.39113e+06,0.442,0.558,0.064,0.348127
