tmp.site,Qmean,BFF,SFF,DRF,Error
01442500,1.41636e+06,0.519,0.481,0.091,0.307472
