tmp.site,Qmean,BFF,SFF,DRF,Error
14179000,1.38824e+06,0.468,0.532,0.267,0.26494
