tmp.site,Qmean,BFF,SFF,DRF,Error
03276000,1.04308e+06,0.54,0.459,0.212,1.65916
