tmp.site,Qmean,BFF,SFF,DRF,Error
03435000,5.73915e+07,0.54,0.46,0.005,0.423985
