tmp.site,Qmean,BFF,SFF,DRF,Error
08090800,2.35138e+06,0.319,0.681,0.003,0.536697
