tmp.site,Qmean,BFF,SFF,DRF,Error
07050500,1.49174e+06,0.392,0.608,0.128,0.434403
