tmp.site,Qmean,BFF,SFF,DRF,Error
05374000,1.25684e+06,0.481,0.519,0.197,0.336952
