tmp.site,Qmean,BFF,SFF,DRF,Error
08104500,2.45203e+06,0.127,0.873,0.237,0.509024
