tmp.site,Qmean,BFF,SFF,DRF,Error
07285500,5.44111e+06,0.515,0.484,0.151,1.06189
