tmp.site,Qmean,BFF,SFF,DRF,Error
12413500,6.01026e+06,0.422,0.578,0.163,0.27824
