tmp.site,Qmean,BFF,SFF,DRF,Error
04106000,2.31464e+06,0.888,0.112,0.03,0.184481
