tmp.site,Qmean,BFF,SFF,DRF,Error
07164500,1.87792e+07,0.397,0.603,0.13,1.42925
