tmp.site,Qmean,BFF,SFF,DRF,Error
01559000,2.75315e+06,0.543,0.457,0.152,0.253769
