tmp.site,Qmean,BFF,SFF,DRF,Error
08013500,2.72441e+06,0.197,0.803,0.2,0.480711
