tmp.site,Qmean,BFF,SFF,DRF,Error
10351650,1.60803e+06,0.525,0.475,0.039,1.00315
