tmp.site,Qmean,BFF,SFF,DRF,Error
02484500,1.60657e+06,0.118,0.882,0.26,0.508987
