tmp.site,Qmean,BFF,SFF,DRF,Error
02336000,6.11295e+06,0.614,0.386,0.171,0.271211
