tmp.site,Qmean,BFF,SFF,DRF,Error
02204520,1.56808e+06,0.431,0.569,0.084,0.319855
