tmp.site,Qmean,BFF,SFF,DRF,Error
03139000,1.10639e+06,0.496,0.504,0.009,0.375428
