tmp.site,Qmean,BFF,SFF,DRF,Error
06306300,1.07049e+06,0.61,0.39,0.139,0.275307
