tmp.site,Qmean,BFF,SFF,DRF,Error
14216500,2.11089e+06,0.474,0.526,0.192,0.32682
