tmp.site,Qmean,BFF,SFF,DRF,Error
14242580,5.13568e+06,0.509,0.491,0.204,0.255483
