tmp.site,Qmean,BFF,SFF,DRF,Error
12143000,1.70316e+06,0.451,0.549,0.184,0.325848
