tmp.site,Qmean,BFF,SFF,DRF,Error
11192501,2.32283e+06,0.804,0.196,0.015,0.295326
