tmp.site,Qmean,BFF,SFF,DRF,Error
02176000,1.15414e+06,0.563,0.437,0.079,0.420067
