tmp.site,Qmean,BFF,SFF,DRF,Error
04190000,1.42719e+06,0.375,0.625,0.041,0.441864
