tmp.site,Qmean,BFF,SFF,DRF,Error
02156370,1.76585e+06,0.522,0.478,0.152,0.291303
