tmp.site,Qmean,BFF,SFF,DRF,Error
14113000,3.83774e+06,0.624,0.376,0.123,0.221458
