tmp.site,Qmean,BFF,SFF,DRF,Error
12021800,3.29406e+06,0.388,0.612,0.229,0.291808
