tmp.site,Qmean,BFF,SFF,DRF,Error
03208000,1.15409e+06,0.345,0.655,0.04,0.627448
