tmp.site,Qmean,BFF,SFF,DRF,Error
08251500,1.28515e+06,0.547,0.453,0.082,0.53679
