tmp.site,Qmean,BFF,SFF,DRF,Error
02367900,2.07167e+06,0.411,0.589,0.226,0.332177
