tmp.site,Qmean,BFF,SFF,DRF,Error
06191500,7.60122e+06,0.717,0.283,0.095,0.230279
