tmp.site,Qmean,BFF,SFF,DRF,Error
02130561,1.93213e+07,0.477,0.523,0.108,0.519009
