tmp.site,Qmean,BFF,SFF,DRF,Error
01529500,1.14786e+06,0.47,0.53,0.095,0.337627
