tmp.site,Qmean,BFF,SFF,DRF,Error
07344400,3.51645e+07,0.563,0.437,0.038,0.33818
