tmp.site,Qmean,BFF,SFF,DRF,Error
01151500,1.03391e+06,0.482,0.518,0.075,0.482493
