tmp.site,Qmean,BFF,SFF,DRF,Error
04041500,1.00692e+06,0.565,0.435,0.163,1.90822
