tmp.site,Qmean,BFF,SFF,DRF,Error
14231900,2.57034e+06,0.586,0.414,0.14,0.252333
