tmp.site,Qmean,BFF,SFF,DRF,Error
05331580,4.68815e+07,0.818,0.182,0.013,0.285695
