tmp.site,Qmean,BFF,SFF,DRF,Error
09368000,4.55897e+06,0.439,0.561,0.168,0.557819
