tmp.site,Qmean,BFF,SFF,DRF,Error
07017610,1.12244e+06,0.233,0.767,0.373,0.400329
