tmp.site,Qmean,BFF,SFF,DRF,Error
02433500,4.78903e+06,0.406,0.594,0.139,0.400929
