tmp.site,Qmean,BFF,SFF,DRF,Error
06041000,4.20256e+06,0.7,0.3,0.043,0.206504
