tmp.site,Qmean,BFF,SFF,DRF,Error
08065350,1.65098e+07,0.294,0.706,0.025,0.46662
