tmp.site,Qmean,BFF,SFF,DRF,Error
06174500,1.62883e+06,0.169,0.831,0.225,0.816791
