tmp.site,Qmean,BFF,SFF,DRF,Error
12395500,6.07168e+07,0.876,0.121,0.006,0.50086
