tmp.site,Qmean,BFF,SFF,DRF,Error
01470500,1.78164e+06,0.549,0.451,0.125,0.25517
