tmp.site,Qmean,BFF,SFF,DRF,Error
03325000,4.01508e+06,0.239,0.761,0.148,0.474057
