tmp.site,Qmean,BFF,SFF,DRF,Error
01634000,1.47789e+06,0.429,0.571,0.211,0.324698
