tmp.site,Qmean,BFF,SFF,DRF,Error
02236000,7.78358e+06,0.728,0.272,0.002,0.987549
