tmp.site,Qmean,BFF,SFF,DRF,Error
04157060,1.42898e+07,0.238,0.241,0.044,0.927831
