tmp.site,Qmean,BFF,SFF,DRF,Error
02450000,1.63385e+06,0.407,0.592,0.043,0.457915
