tmp.site,Qmean,BFF,SFF,DRF,Error
07147800,2.32235e+06,0.159,0.841,0.362,0.932489
