tmp.site,Qmean,BFF,SFF,DRF,Error
05421000,1.90321e+06,0.357,0.643,0.198,0.546978
