tmp.site,Qmean,BFF,SFF,DRF,Error
05527500,1.14176e+07,0.547,0.453,0.083,0.348492
