tmp.site,Qmean,BFF,SFF,DRF,Error
08073600,1.01182e+06,0.151,0.849,0.482,0.388517
