tmp.site,Qmean,BFF,SFF,DRF,Error
14305500,3.70698e+06,0.373,0.627,0.245,0.299143
