tmp.site,Qmean,BFF,SFF,DRF,Error
01362500,1.81729e+06,0.455,0.545,0.177,0.501071
