tmp.site,Qmean,BFF,SFF,DRF,Error
03410500,4.23927e+06,0.393,0.607,0.061,0.389425
