tmp.site,Qmean,BFF,SFF,DRF,Error
02051500,1.19956e+06,0.326,0.674,0.163,0.386262
