tmp.site,Qmean,BFF,SFF,DRF,Error
10351700,1.35229e+06,0.533,0.467,0.049,0.745989
