tmp.site,Qmean,BFF,SFF,DRF,Error
01611500,1.43292e+06,0.372,0.628,0.164,0.362832
