tmp.site,Qmean,BFF,SFF,DRF,Error
03360000,2.29666e+06,0.348,0.652,0.003,0.452169
