tmp.site,Qmean,BFF,SFF,DRF,Error
01668000,4.12718e+06,0.427,0.573,0.072,0.360896
