tmp.site,Qmean,BFF,SFF,DRF,Error
06192500,9.18395e+06,0.825,0.175,0.054,0.223178
