tmp.site,Qmean,BFF,SFF,DRF,Error
07185910,1.24281e+06,0.344,0.656,0.001,1.01103
