tmp.site,Qmean,BFF,SFF,DRF,Error
05389500,9.20894e+07,0.837,0.156,0.009,0.303437
