tmp.site,Qmean,BFF,SFF,DRF,Error
05464730,1.69495e+07,0.533,0.467,0.109,0.294051
