tmp.site,Qmean,BFF,SFF,DRF,Error
07058000,1.33562e+06,0.414,0.586,0.23,0.316662
