tmp.site,Qmean,BFF,SFF,DRF,Error
12415135,7.27594e+06,0.523,0.477,0.038,0.305882
