tmp.site,Qmean,BFF,SFF,DRF,Error
02146000,1.01201e+07,0.53,0.47,0.047,0.701991
