tmp.site,Qmean,BFF,SFF,DRF,Error
03374100,3.35873e+07,0.441,0.559,0.033,0.384517
