tmp.site,Qmean,BFF,SFF,DRF,Error
08188800,3.60481e+06,0.532,0.468,0.038,0.448656
