tmp.site,Qmean,BFF,SFF,DRF,Error
01513500,1.58417e+07,0.557,0.443,0.033,0.325322
