tmp.site,Qmean,BFF,SFF,DRF,Error
02169500,2.09056e+07,0.517,0.483,0.18,0.287194
