tmp.site,Qmean,BFF,SFF,DRF,Error
05508000,4.45259e+06,0.141,0.859,0.05,0.709454
