tmp.site,Qmean,BFF,SFF,DRF,Error
03601990,8.28391e+06,0.43,0.57,0.034,0.349663
