tmp.site,Qmean,BFF,SFF,DRF,Error
06606600,2.58685e+06,0.465,0.535,0.059,0.529465
