tmp.site,Qmean,BFF,SFF,DRF,Error
13235000,2.06329e+06,0.685,0.315,0.122,0.200102
