tmp.site,Qmean,BFF,SFF,DRF,Error
06934500,2.03429e+08,0.532,0.468,0.033,0.340061
