tmp.site,Qmean,BFF,SFF,DRF,Error
04159130,4.84702e+08,0.98,0.02,0,0.0728223
