tmp.site,Qmean,BFF,SFF,DRF,Error
01533400,3.14968e+07,0.562,0.438,0.058,0.332046
