tmp.site,Qmean,BFF,SFF,DRF,Error
09362520,1.62536e+06,0.821,0.179,0.07,0.22381
