tmp.site,Qmean,BFF,SFF,DRF,Error
12413470,1.27031e+06,0.44,0.56,0.241,0.26445
