tmp.site,Qmean,BFF,SFF,DRF,Error
11389500,2.55966e+07,0.499,0.501,0.087,0.333363
