tmp.site,Qmean,BFF,SFF,DRF,Error
01598500,1.78961e+06,0.353,0.647,0.213,0.460362
