tmp.site,Qmean,BFF,SFF,DRF,Error
11289650,2.53661e+06,0.164,0.836,0.168,4.82236
