tmp.site,Qmean,BFF,SFF,DRF,Error
12340500,7.17654e+06,0.871,0.128,0.031,0.265188
