tmp.site,Qmean,BFF,SFF,DRF,Error
01037000,1.05699e+06,0.388,0.612,0.062,0.469442
