tmp.site,Qmean,BFF,SFF,DRF,Error
02172002,1.60757e+07,0.698,0.302,0.003,1.06761
