tmp.site,Qmean,BFF,SFF,DRF,Error
02338500,1.02179e+07,0.525,0.475,0.188,0.257689
