tmp.site,Qmean,BFF,SFF,DRF,Error
06926000,2.57354e+07,0.456,0.544,0.004,1.47815
