tmp.site,Qmean,BFF,SFF,DRF,Error
07288800,3.18711e+07,0.644,0.356,0.05,0.532356
