tmp.site,Qmean,BFF,SFF,DRF,Error
12040500,1.07186e+07,0.007,0.577,0,0.968835
