tmp.site,Qmean,BFF,SFF,DRF,Error
03114431,1.18883e+06,0.291,0.709,0.001,0.430003
