tmp.site,Qmean,BFF,SFF,DRF,Error
08331510,1.56672e+06,0.614,0.386,0.037,1.28746
