tmp.site,Qmean,BFF,SFF,DRF,Error
07171000,6.34982e+06,0.22,0.78,0.139,0.717145
