tmp.site,Qmean,BFF,SFF,DRF,Error
03140500,1.28008e+07,0.5,0.5,0.053,0.32711
