tmp.site,Qmean,BFF,SFF,DRF,Error
04197137,2.56413e+06,0.262,0.738,0.066,0.432594
