tmp.site,Qmean,BFF,SFF,DRF,Error
14198500,1.29597e+06,0.357,0.643,0.222,0.353041
