tmp.site,Qmean,BFF,SFF,DRF,Error
07165570,2.43898e+07,0.531,0.469,0.004,0.689037
