tmp.site,Qmean,BFF,SFF,DRF,Error
05288500,2.12614e+07,0.736,0.264,0.048,0.249215
