tmp.site,Qmean,BFF,SFF,DRF,Error
01451000,4.64679e+06,0.57,0.43,0.066,0.271234
