tmp.site,Qmean,BFF,SFF,DRF,Error
02191300,2.58068e+06,0.512,0.488,0.149,0.287816
