tmp.site,Qmean,BFF,SFF,DRF,Error
02224500,1.15782e+07,0.501,0.499,0.028,0.40891
