tmp.site,Qmean,BFF,SFF,DRF,Error
06185500,2.41726e+07,0.68,0.32,0.018,0.447488
