tmp.site,Qmean,BFF,SFF,DRF,Error
06818000,1.09577e+08,0.638,0.362,0.006,0.363572
