tmp.site,Qmean,BFF,SFF,DRF,Error
03270000,1.66511e+06,0.506,0.494,0.197,0.272718
