tmp.site,Qmean,BFF,SFF,DRF,Error
02240000,2.40365e+06,0.544,0.456,0.021,0.319167
