tmp.site,Qmean,BFF,SFF,DRF,Error
08359500,1.54114e+06,0.532,0.468,0.092,0.82947
