tmp.site,Qmean,BFF,SFF,DRF,Error
07315500,5.69762e+06,0.214,0.786,0.058,0.500797
