tmp.site,Qmean,BFF,SFF,DRF,Error
07346070,1.39619e+06,0.536,0.464,0.05,6.39775
