tmp.site,Qmean,BFF,SFF,DRF,Error
01036390,3.49725e+07,0.654,0.346,0.108,0.222555
