tmp.site,Qmean,BFF,SFF,DRF,Error
14111400,3.31322e+06,0.616,0.384,0.078,0.271978
