tmp.site,Qmean,BFF,SFF,DRF,Error
07349000,2.83085e+06,0.561,0.439,0.049,1.25577
