tmp.site,Qmean,BFF,SFF,DRF,Error
01642190,2.18751e+06,0.358,0.642,0.097,0.34167
