tmp.site,Qmean,BFF,SFF,DRF,Error
05316770,7.37967e+06,0.599,0.401,0.031,0.496513
