tmp.site,Qmean,BFF,SFF,DRF,Error
08096500,5.77268e+06,0.349,0.651,0.003,0.854617
