tmp.site,Qmean,BFF,SFF,DRF,Error
03404500,8.36555e+06,0.347,0.633,0.058,0.413828
