tmp.site,Qmean,BFF,SFF,DRF,Error
14307620,4.74453e+06,0.329,0.671,0.242,0.321158
