tmp.site,Qmean,BFF,SFF,DRF,Error
05481000,1.29141e+06,0.393,0.607,0.105,0.46706
