tmp.site,Qmean,BFF,SFF,DRF,Error
04249000,1.71321e+07,0.866,0.134,0.007,0.37074
