tmp.site,Qmean,BFF,SFF,DRF,Error
02424590,5.36095e+06,0.397,0.603,0.209,0.338371
