tmp.site,Qmean,BFF,SFF,DRF,Error
12391400,4.94338e+07,0.954,0.046,0.002,0.389244
