tmp.site,Qmean,BFF,SFF,DRF,Error
03198000,3.78086e+07,0.504,0.496,0.197,0.325564
