tmp.site,Qmean,BFF,SFF,DRF,Error
12433000,1.83286e+07,0.878,0.122,0.009,0.39282
