tmp.site,Qmean,BFF,SFF,DRF,Error
01432055,2.65911e+06,0.486,0.514,0.117,0.496663
