tmp.site,Qmean,BFF,SFF,DRF,Error
14159200,1.53288e+06,0.505,0.495,0.178,0.246852
