tmp.site,Qmean,BFF,SFF,DRF,Error
05474500,1.71444e+08,0.861,0.138,0.005,0.309475
