tmp.site,Qmean,BFF,SFF,DRF,Error
04116000,5.27456e+06,0.646,0.354,0.078,0.255829
