tmp.site,Qmean,BFF,SFF,DRF,Error
05570000,2.80652e+06,0.368,0.632,0.115,0.485268
