tmp.site,Qmean,BFF,SFF,DRF,Error
06918250,9.66789e+06,0.429,0.571,0.238,0.845363
