tmp.site,Qmean,BFF,SFF,DRF,Error
01350180,1.10341e+06,0.475,0.525,0.136,1.24435
