tmp.site,Qmean,BFF,SFF,DRF,Error
03054500,4.70021e+06,0.434,0.566,0.063,0.417099
