tmp.site,Qmean,BFF,SFF,DRF,Error
12031000,9.88115e+06,0.437,0.563,0.08,0.293579
