tmp.site,Qmean,BFF,SFF,DRF,Error
02169750,1.81584e+07,0.479,0.521,0.186,0.246614
