tmp.site,Qmean,BFF,SFF,DRF,Error
04182950,4.75743e+06,0.383,0.617,0.126,0.381753
