tmp.site,Qmean,BFF,SFF,DRF,Error
07152000,1.49432e+06,0.171,0.829,0.49,1.27434
