tmp.site,Qmean,BFF,SFF,DRF,Error
0214196125,6.73077e+06,0.671,0.329,0.127,0.294268
