tmp.site,Qmean,BFF,SFF,DRF,Error
05247500,3.86449e+06,0.864,0.136,0.042,0.20625
