tmp.site,Qmean,BFF,SFF,DRF,Error
06902000,1.05594e+07,0.248,0.752,0.001,0.474639
