tmp.site,Qmean,BFF,SFF,DRF,Error
03443000,2.42346e+06,0.603,0.397,0.07,0.228102
