tmp.site,Qmean,BFF,SFF,DRF,Error
04122500,1.77894e+06,0.594,0.406,0.052,0.269083
