tmp.site,Qmean,BFF,SFF,DRF,Error
07290000,9.35475e+06,0.682,0.314,0.074,0.564819
