tmp.site,Qmean,BFF,SFF,DRF,Error
06785000,2.82351e+06,0.617,0.382,0.1,0.374949
