tmp.site,Qmean,BFF,SFF,DRF,Error
02197830,1.01687e+06,0.528,0.472,0.107,0.347703
