tmp.site,Qmean,BFF,SFF,DRF,Error
03262500,2.32104e+06,0.288,0.712,0.15,0.376448
