tmp.site,Qmean,BFF,SFF,DRF,Error
01021000,6.52672e+06,0.798,0.201,0.067,0.278167
