tmp.site,Qmean,BFF,SFF,DRF,Error
03470000,1.44215e+06,0.442,0.558,0.062,0.339004
