tmp.site,Qmean,BFF,SFF,DRF,Error
01160350,1.48064e+06,0.5,0.5,0.076,0.372309
