tmp.site,Qmean,BFF,SFF,DRF,Error
02226000,3.20363e+07,0.705,0.295,0.037,0.352705
