tmp.site,Qmean,BFF,SFF,DRF,Error
04174500,1.16537e+06,0.742,0.258,0.048,0.280362
