tmp.site,Qmean,BFF,SFF,DRF,Error
11290000,3.32654e+06,0.558,0.442,0.102,0.451196
