tmp.site,Qmean,BFF,SFF,DRF,Error
01042500,6.57628e+06,0.599,0.401,0.085,0.550625
