tmp.site,Qmean,BFF,SFF,DRF,Error
03331500,2.16403e+06,0.632,0.368,0.087,0.290124
