tmp.site,Qmean,BFF,SFF,DRF,Error
09085000,3.09057e+06,0.789,0.211,0.081,0.222072
