tmp.site,Qmean,BFF,SFF,DRF,Error
04121970,5.03411e+06,0.743,0.257,0.074,0.190228
