tmp.site,Qmean,BFF,SFF,DRF,Error
11471500,1.16664e+06,0.252,0.748,0.345,3.95592
