tmp.site,Qmean,BFF,SFF,DRF,Error
06329500,3.03419e+07,0.475,0.525,0.158,0.387296
