tmp.site,Qmean,BFF,SFF,DRF,Error
05537980,9.41504e+06,0.667,0.333,0.109,0.18043
