tmp.site,Qmean,BFF,SFF,DRF,Error
06821190,4.12752e+06,0.294,0.706,0.246,0.461955
