tmp.site,Qmean,BFF,SFF,DRF,Error
04180500,2.48237e+06,0.438,0.562,0.048,0.439006
