tmp.site,Qmean,BFF,SFF,DRF,Error
01350500,1.60115e+06,0.415,0.585,0.109,0.417398
