tmp.site,Qmean,BFF,SFF,DRF,Error
07375450,2.03478e+06,0.514,0.486,0.139,0.198247
