tmp.site,Qmean,BFF,SFF,DRF,Error
03376500,2.67949e+06,0.56,0.44,0,0.885165
