tmp.site,Qmean,BFF,SFF,DRF,Error
01364500,1.38358e+06,0.368,0.632,0.153,0.38908
