tmp.site,Qmean,BFF,SFF,DRF,Error
08048000,1.00242e+06,0.127,0.873,0.015,2.48523
