tmp.site,Qmean,BFF,SFF,DRF,Error
09302000,1.16866e+06,0.51,0.49,0.104,0.636907
