tmp.site,Qmean,BFF,SFF,DRF,Error
03234300,3.26109e+06,0.42,0.58,0.082,0.379733
