tmp.site,Qmean,BFF,SFF,DRF,Error
03584045,1.65851e+06,0.381,0.619,0.138,0.350455
