tmp.site,Qmean,BFF,SFF,DRF,Error
02071000,2.92883e+06,0.487,0.513,0.161,0.283246
