tmp.site,Qmean,BFF,SFF,DRF,Error
05520500,5.27692e+06,0.632,0.368,0.066,0.293211
