tmp.site,Qmean,BFF,SFF,DRF,Error
03190000,1.34405e+06,0.428,0.572,0.041,0.423741
