tmp.site,Qmean,BFF,SFF,DRF,Error
02355662,1.68253e+07,0.574,0.426,0.15,0.213338
