tmp.site,Qmean,BFF,SFF,DRF,Error
12036000,2.05395e+06,0.4,0.6,0.321,0.323685
