tmp.site,Qmean,BFF,SFF,DRF,Error
02234000,4.65596e+06,0.686,0.314,0.002,0.402934
