tmp.site,Qmean,BFF,SFF,DRF,Error
13342500,3.68739e+07,0.589,0.411,0.096,0.311895
