tmp.site,Qmean,BFF,SFF,DRF,Error
13057155,1.42847e+07,0.885,0.115,0.01,0.226926
