tmp.site,Qmean,BFF,SFF,DRF,Error
05465700,3.02063e+07,0.568,0.432,0.092,0.319752
