tmp.site,Qmean,BFF,SFF,DRF,Error
08098290,6.85723e+06,0.375,0.625,0.001,0.491455
