tmp.site,Qmean,BFF,SFF,DRF,Error
03011020,6.81902e+06,0.494,0.506,0.025,0.355879
