tmp.site,Qmean,BFF,SFF,DRF,Error
12302055,1.09585e+06,0.556,0.443,0.141,0.296134
