tmp.site,Qmean,BFF,SFF,DRF,Error
05344490,1.51663e+07,0.787,0.213,0.046,0.225089
