tmp.site,Qmean,BFF,SFF,DRF,Error
06800500,3.77531e+06,0.465,0.535,0.171,0.388141
