tmp.site,Qmean,BFF,SFF,DRF,Error
02359500,1.30664e+06,0.821,0.179,0.034,0.102523
