tmp.site,Qmean,BFF,SFF,DRF,Error
05317000,1.09094e+06,0.34,0.66,0.141,0.559019
