tmp.site,Qmean,BFF,SFF,DRF,Error
12113000,3.28833e+06,0.541,0.459,0.189,0.257289
