tmp.site,Qmean,BFF,SFF,DRF,Error
03198500,1.29263e+06,0.403,0.597,0.08,0.406962
