tmp.site,Qmean,BFF,SFF,DRF,Error
08022040,6.24994e+06,0.516,0.484,0.007,0.49996
