tmp.site,Qmean,BFF,SFF,DRF,Error
09081000,1.39069e+06,0.598,0.402,0.114,0.160781
