tmp.site,Qmean,BFF,SFF,DRF,Error
03040000,1.72703e+06,0.469,0.531,0.018,0.385355
