tmp.site,Qmean,BFF,SFF,DRF,Error
01507000,2.30691e+06,0.501,0.499,0.064,0.325501
