tmp.site,Qmean,BFF,SFF,DRF,Error
02110550,4.03772e+06,0.507,0.493,0.095,0.748287
