tmp.site,Qmean,BFF,SFF,DRF,Error
08188500,1.85116e+06,0.268,0.732,0.144,0.408354
