tmp.site,Qmean,BFF,SFF,DRF,Error
03044000,5.87532e+06,0.818,0.182,0.083,0.390322
