tmp.site,Qmean,BFF,SFF,DRF,Error
01563200,2.83367e+06,0.177,0.823,0.253,0.992328
