tmp.site,Qmean,BFF,SFF,DRF,Error
06926510,2.97815e+07,0.508,0.492,0.003,0.867931
