tmp.site,Qmean,BFF,SFF,DRF,Error
01570000,1.47407e+06,0.474,0.526,0.106,0.298561
