tmp.site,Qmean,BFF,SFF,DRF,Error
05591200,1.09079e+06,0.435,0.565,0.062,0.451635
