tmp.site,Qmean,BFF,SFF,DRF,Error
01317000,1.88754e+06,0.654,0.346,0.08,0.348644
