tmp.site,Qmean,BFF,SFF,DRF,Error
02412000,1.54134e+06,0.425,0.575,0.116,0.36513
