tmp.site,Qmean,BFF,SFF,DRF,Error
13077000,1.81184e+07,0.742,0.258,0.024,1.42732
