tmp.site,Qmean,BFF,SFF,DRF,Error
06085800,1.08112e+06,0.42,0.58,0.228,0.632483
