tmp.site,Qmean,BFF,SFF,DRF,Error
14302480,2.39007e+06,0.341,0.659,0.294,0.319269
