tmp.site,Qmean,BFF,SFF,DRF,Error
03164000,4.74444e+06,0.542,0.458,0.097,0.253272
