tmp.site,Qmean,BFF,SFF,DRF,Error
02448500,3.82175e+06,0.121,0.879,0.379,0.457682
