tmp.site,Qmean,BFF,SFF,DRF,Error
07159100,1.83563e+06,0.296,0.704,0.251,0.522045
