tmp.site,Qmean,BFF,SFF,DRF,Error
08110500,1.07362e+06,0.048,0.952,0.557,0.885427
