tmp.site,Qmean,BFF,SFF,DRF,Error
14185000,1.97863e+06,0.356,0.644,0.237,0.357501
