tmp.site,Qmean,BFF,SFF,DRF,Error
12101470,9.24577e+06,0.584,0.416,0.145,0.313038
