tmp.site,Qmean,BFF,SFF,DRF,Error
03498500,1.28194e+06,0.467,0.533,0.16,0.288934
