tmp.site,Qmean,BFF,SFF,DRF,Error
02466031,1.83191e+07,0.556,0.444,0.077,0.358363
