tmp.site,Qmean,BFF,SFF,DRF,Error
01518700,1.32298e+06,0.38,0.62,0.213,0.371033
