tmp.site,Qmean,BFF,SFF,DRF,Error
04231600,6.88449e+06,0.476,0.524,0.134,0.339895
