tmp.site,Qmean,BFF,SFF,DRF,Error
07346000,1.55139e+06,0.276,0.724,0.201,4.92054
