tmp.site,Qmean,BFF,SFF,DRF,Error
01389010,2.76125e+06,0.539,0.461,0.035,0.355578
