tmp.site,Qmean,BFF,SFF,DRF,Error
13060000,1.46929e+07,0.885,0.115,0.018,0.260431
