tmp.site,Qmean,BFF,SFF,DRF,Error
12117600,1.37316e+06,0.559,0.441,0.154,0.256729
