tmp.site,Qmean,BFF,SFF,DRF,Error
04182000,1.60837e+06,0.499,0.501,0.015,0.467979
