tmp.site,Qmean,BFF,SFF,DRF,Error
14191000,5.65521e+07,0.427,0.573,0.185,0.348544
