tmp.site,Qmean,BFF,SFF,DRF,Error
07182510,3.89229e+06,0.382,0.618,0.222,2.12393
