tmp.site,Qmean,BFF,SFF,DRF,Error
11433300,2.73245e+06,0.53,0.47,0.056,0.554382
