tmp.site,Qmean,BFF,SFF,DRF,Error
12448000,1.01415e+06,0.824,0.176,0.065,0.246073
