tmp.site,Qmean,BFF,SFF,DRF,Error
03290500,2.11786e+07,0.41,0.59,0.054,0.40539
