tmp.site,Qmean,BFF,SFF,DRF,Error
07143375,1.57206e+06,0.211,0.789,0.07,0.795744
