tmp.site,Qmean,BFF,SFF,DRF,Error
12134500,9.74172e+06,0.411,0.589,0.19,0.316966
