tmp.site,Qmean,BFF,SFF,DRF,Error
14220500,1.15684e+07,0.53,0.47,0.166,0.56994
