tmp.site,Qmean,BFF,SFF,DRF,Error
03345500,3.19094e+06,0.405,0.595,0.023,0.438314
