tmp.site,Qmean,BFF,SFF,DRF,Error
08067000,4.39205e+07,0.807,0.191,0.009,0.568357
