tmp.site,Qmean,BFF,SFF,DRF,Error
05438500,1.00972e+06,0.47,0.53,0.129,0.324194
