tmp.site,Qmean,BFF,SFF,DRF,Error
08091000,3.08429e+06,0.422,0.578,0.06,0.945427
