tmp.site,Qmean,BFF,SFF,DRF,Error
07030500,1.64877e+06,0.282,0.718,0.356,0.34591
