tmp.site,Qmean,BFF,SFF,DRF,Error
14200000,2.74769e+06,0.404,0.596,0.186,0.342772
