tmp.site,Qmean,BFF,SFF,DRF,Error
12358500,6.98186e+06,0.601,0.399,0.136,0.210498
