tmp.site,Qmean,BFF,SFF,DRF,Error
05533600,2.31147e+06,0.461,0.539,0.083,0.320096
