tmp.site,Qmean,BFF,SFF,DRF,Error
10350000,1.92218e+06,0.579,0.421,0.07,0.396929
