tmp.site,Qmean,BFF,SFF,DRF,Error
01389500,2.81381e+06,0.486,0.514,0.019,0.418467
