tmp.site,Qmean,BFF,SFF,DRF,Error
03155000,5.24247e+06,0.36,0.64,0.003,0.460935
