tmp.site,Qmean,BFF,SFF,DRF,Error
02372422,3.13553e+06,0.453,0.547,0.022,0.601094
