tmp.site,Qmean,BFF,SFF,DRF,Error
05412020,2.23569e+06,0.502,0.498,0.194,0.274193
