tmp.site,Qmean,BFF,SFF,DRF,Error
02224940,2.63217e+07,0.398,0.602,0.167,0.345205
