tmp.site,Qmean,BFF,SFF,DRF,Error
03072655,2.06708e+07,0.571,0.429,0.019,0.359279
