tmp.site,Qmean,BFF,SFF,DRF,Error
05387440,1.02404e+06,0.498,0.502,0.201,0.298754
