tmp.site,Qmean,BFF,SFF,DRF,Error
07339000,3.39374e+06,0.335,0.665,0.08,0.619556
