tmp.site,Qmean,BFF,SFF,DRF,Error
03227500,3.79824e+06,0.378,0.622,0.054,0.402295
