tmp.site,Qmean,BFF,SFF,DRF,Error
03604000,1.87962e+06,0.393,0.607,0.308,0.292641
