tmp.site,Qmean,BFF,SFF,DRF,Error
12426000,1.69415e+07,0.776,0.224,0.024,0.397587
