tmp.site,Qmean,BFF,SFF,DRF,Error
09244490,2.77982e+06,0.66,0.338,0.105,0.305217
