tmp.site,Qmean,BFF,SFF,DRF,Error
09205000,1.72896e+06,0.335,0.665,0.195,0.318322
