tmp.site,Qmean,BFF,SFF,DRF,Error
01053500,4.84131e+06,0.635,0.365,0.072,0.293622
