tmp.site,Qmean,BFF,SFF,DRF,Error
11276600,1.07617e+06,0.162,0.838,0.314,0.343733
