tmp.site,Qmean,BFF,SFF,DRF,Error
01076500,3.41556e+06,0.457,0.543,0.096,0.339355
