tmp.site,Qmean,BFF,SFF,DRF,Error
11425500,4.62168e+07,0.458,0.542,0.076,0.473328
