tmp.site,Qmean,BFF,SFF,DRF,Error
12179900,1.08972e+06,0.502,0.498,0.186,0.293161
