tmp.site,Qmean,BFF,SFF,DRF,Error
04180610,1.50864e+06,0.47,0.53,0.129,0.449579
