tmp.site,Qmean,BFF,SFF,DRF,Error
06721000,1.01343e+06,0.462,0.538,0.123,0.44253
