tmp.site,Qmean,BFF,SFF,DRF,Error
03276500,3.42128e+06,0.415,0.585,0.162,0.354823
