tmp.site,Qmean,BFF,SFF,DRF,Error
07351750,2.39387e+06,0.382,0.618,0.04,0.464548
