tmp.site,Qmean,BFF,SFF,DRF,Error
09185600,1.29543e+07,0.493,0.507,0.058,0.209776
