tmp.site,Qmean,BFF,SFF,DRF,Error
14211720,7.94867e+07,0.004,0.388,0,0.959282
