tmp.site,Qmean,BFF,SFF,DRF,Error
02323500,2.36767e+07,0.718,0.282,0.013,0.280274
