tmp.site,Qmean,BFF,SFF,DRF,Error
12411000,1.66737e+06,0.472,0.528,0.183,0.248206
