tmp.site,Qmean,BFF,SFF,DRF,Error
12211200,8.60318e+06,0.587,0.413,0.18,0.243093
