tmp.site,Qmean,BFF,SFF,DRF,Error
02469525,7.20002e+07,0.007,0.511,0,0.978034
