tmp.site,Qmean,BFF,SFF,DRF,Error
08062500,8.32205e+06,0.191,0.809,0.247,0.49934
