tmp.site,Qmean,BFF,SFF,DRF,Error
14178000,2.45115e+06,0.59,0.41,0.163,0.197408
