tmp.site,Qmean,BFF,SFF,DRF,Error
09364200,1.27473e+06,0.558,0.442,0.106,0.438883
