tmp.site,Qmean,BFF,SFF,DRF,Error
02096500,1.48095e+06,0.34,0.66,0.197,0.366255
