tmp.site,Qmean,BFF,SFF,DRF,Error
02013100,1.75737e+06,0.38,0.62,0.315,0.297198
