tmp.site,Qmean,BFF,SFF,DRF,Error
02012500,1.19787e+06,0.384,0.616,0.24,0.353703
