tmp.site,Qmean,BFF,SFF,DRF,Error
07056000,2.66453e+06,0.263,0.737,0.31,0.43736
