tmp.site,Qmean,BFF,SFF,DRF,Error
12094000,1.04885e+06,0.562,0.438,0.149,0.295871
