tmp.site,Qmean,BFF,SFF,DRF,Error
10350340,1.75176e+06,0.581,0.419,0.071,0.34827
