tmp.site,Qmean,BFF,SFF,DRF,Error
03404000,6.71742e+06,0.398,0.602,0.042,0.371248
