tmp.site,Qmean,BFF,SFF,DRF,Error
03311000,2.36104e+06,0.365,0.634,0.279,5.26739
