tmp.site,Qmean,BFF,SFF,DRF,Error
08176500,4.54888e+06,0.405,0.595,0.233,0.360438
