tmp.site,Qmean,BFF,SFF,DRF,Error
02081942,1.52864e+06,0.292,0.708,0.358,0.37721
