tmp.site,Qmean,BFF,SFF,DRF,Error
12208000,1.31433e+06,0.49,0.51,0.23,0.288354
