tmp.site,Qmean,BFF,SFF,DRF,Error
03524000,1.75963e+06,0.437,0.563,0.092,0.320548
