tmp.site,Qmean,BFF,SFF,DRF,Error
01608500,3.29077e+06,0.44,0.56,0.104,0.357018
