tmp.site,Qmean,BFF,SFF,DRF,Error
03589500,1.28016e+08,0.537,0.463,0.099,0.309558
