tmp.site,Qmean,BFF,SFF,DRF,Error
04282000,1.40353e+06,0.521,0.479,0.086,0.291055
