tmp.site,Qmean,BFF,SFF,DRF,Error
04181500,1.34752e+06,0.652,0.348,0.126,0.470973
