tmp.site,Qmean,BFF,SFF,DRF,Error
14315500,1.24515e+06,0.3,0.7,0.092,0.495525
