tmp.site,Qmean,BFF,SFF,DRF,Error
03231500,9.27088e+06,0.336,0.664,0.234,0.38281
