tmp.site,Qmean,BFF,SFF,DRF,Error
14207500,3.59185e+06,0.489,0.511,0.043,0.514077
