tmp.site,Qmean,BFF,SFF,DRF,Error
03599500,4.92109e+06,0.312,0.688,0.111,0.429326
