tmp.site,Qmean,BFF,SFF,DRF,Error
13015000,1.08586e+06,0.606,0.394,0.052,4.42132
