tmp.site,Qmean,BFF,SFF,DRF,Error
02087500,2.76413e+06,0.33,0.67,0.242,0.354636
