tmp.site,Qmean,BFF,SFF,DRF,Error
06109500,1.98948e+07,0.801,0.199,0.05,0.233695
