tmp.site,Qmean,BFF,SFF,DRF,Error
03402900,3.30181e+06,0.401,0.599,0.186,0.338324
