tmp.site,Qmean,BFF,SFF,DRF,Error
05442300,2.01613e+07,0.778,0.222,0.039,0.213893
