tmp.site,Qmean,BFF,SFF,DRF,Error
02109500,1.77676e+06,0.513,0.487,0.044,0.553877
