tmp.site,Qmean,BFF,SFF,DRF,Error
04111000,1.26894e+06,0.656,0.344,0.071,0.258178
