tmp.site,Qmean,BFF,SFF,DRF,Error
02153551,5.04929e+06,0.545,0.455,0.105,0.254367
