tmp.site,Qmean,BFF,SFF,DRF,Error
09359500,1.24672e+06,0.329,0.671,0.233,0.350004
