tmp.site,Qmean,BFF,SFF,DRF,Error
03373500,1.44183e+07,0.389,0.611,0.126,0.367519
