tmp.site,Qmean,BFF,SFF,DRF,Error
03213000,1.35314e+06,0.418,0.582,0.037,0.358467
