tmp.site,Qmean,BFF,SFF,DRF,Error
02329000,2.47863e+06,0.494,0.506,0.047,0.410222
