tmp.site,Qmean,BFF,SFF,DRF,Error
07334800,1.33911e+06,0.227,0.773,0.001,0.493856
