tmp.site,Qmean,BFF,SFF,DRF,Error
09144250,4.30662e+06,0.491,0.509,0.135,0.306867
