tmp.site,Qmean,BFF,SFF,DRF,Error
09306500,1.64162e+06,0.615,0.385,0.096,0.360977
