tmp.site,Qmean,BFF,SFF,DRF,Error
04189260,1.40149e+06,0.216,0.784,0.021,0.521279
