tmp.site,Qmean,BFF,SFF,DRF,Error
11342000,2.85609e+06,0.337,0.663,0.276,0.325371
