tmp.site,Qmean,BFF,SFF,DRF,Error
06280300,1.01478e+06,0.84,0.16,0.066,0.277753
