tmp.site,Qmean,BFF,SFF,DRF,Error
05051500,2.91147e+06,0.66,0.34,0.049,0.320709
