tmp.site,Qmean,BFF,SFF,DRF,Error
02395000,6.21326e+06,0.884,0.115,0.067,0.634562
