tmp.site,Qmean,BFF,SFF,DRF,Error
12194000,3.67505e+07,0.668,0.332,0.111,0.192189
