tmp.site,Qmean,BFF,SFF,DRF,Error
08116650,1.98694e+07,0.35,0.65,0.04,0.494783
