tmp.site,Qmean,BFF,SFF,DRF,Error
14246900,5.64302e+08,0.912,0.088,0.008,0.169689
