tmp.site,Qmean,BFF,SFF,DRF,Error
08089000,2.25207e+06,0.253,0.747,0.001,1.12287
