tmp.site,Qmean,BFF,SFF,DRF,Error
04125550,4.32875e+06,0.824,0.176,0.021,0.102594
