tmp.site,Qmean,BFF,SFF,DRF,Error
05558300,3.75747e+07,0.657,0.343,0.087,0.270385
