tmp.site,Qmean,BFF,SFF,DRF,Error
03083500,7.66983e+06,0.491,0.509,0.126,0.341609
