tmp.site,Qmean,BFF,SFF,DRF,Error
05500000,1.07013e+06,0.161,0.839,0.192,0.649149
