tmp.site,Qmean,BFF,SFF,DRF,Error
03168000,7.95989e+06,0.573,0.427,0.108,0.228061
