tmp.site,Qmean,BFF,SFF,DRF,Error
02483500,6.43666e+06,0.578,0.422,0.094,0.396734
