tmp.site,Qmean,BFF,SFF,DRF,Error
12372000,2.79846e+07,0.785,0.215,0.028,0.400668
