tmp.site,Qmean,BFF,SFF,DRF,Error
03215000,1.07539e+07,0.385,0.615,0.096,1.28575
