tmp.site,Qmean,BFF,SFF,DRF,Error
12167000,4.63144e+06,0.412,0.588,0.21,0.318247
