tmp.site,Qmean,BFF,SFF,DRF,Error
01199000,2.75007e+06,0.542,0.458,0.076,0.297967
