tmp.site,Qmean,BFF,SFF,DRF,Error
07245000,1.46922e+07,0.398,0.602,0.022,1.74185
