tmp.site,Qmean,BFF,SFF,DRF,Error
12170300,9.84785e+06,0.454,0.546,0.245,0.320409
