tmp.site,Qmean,BFF,SFF,DRF,Error
02318000,1.23245e+06,0.391,0.609,0.062,6.76162
