tmp.site,Qmean,BFF,SFF,DRF,Error
12035000,5.01609e+06,0.373,0.627,0.309,0.282927
