tmp.site,Qmean,BFF,SFF,DRF,Error
01029500,4.91039e+06,0.539,0.461,0.125,0.342698
