tmp.site,Qmean,BFF,SFF,DRF,Error
02313200,3.54115e+06,0.6,0.4,0.01,0.287665
