tmp.site,Qmean,BFF,SFF,DRF,Error
01327750,1.33235e+07,0.862,0.138,0.056,0.290929
