tmp.site,Qmean,BFF,SFF,DRF,Error
09497500,1.49316e+06,0.424,0.576,0.191,0.370609
