tmp.site,Qmean,BFF,SFF,DRF,Error
12131500,3.59931e+06,0.499,0.501,0.188,0.275257
