tmp.site,Qmean,BFF,SFF,DRF,Error
04156000,4.40033e+06,0.58,0.42,0.039,0.298896
