tmp.site,Qmean,BFF,SFF,DRF,Error
03012550,9.79553e+06,0.789,0.211,0.075,0.672427
