tmp.site,Qmean,BFF,SFF,DRF,Error
04087170,2.11546e+06,0.428,0.572,0.103,0.684607
