tmp.site,Qmean,BFF,SFF,DRF,Error
06857100,1.94514e+06,0.426,0.574,0.119,2.11474
