tmp.site,Qmean,BFF,SFF,DRF,Error
301141089320300,2.33271e+07,0.382,0.618,0.07,1.38457
