tmp.site,Qmean,BFF,SFF,DRF,Error
14159100,1.25997e+06,0.593,0.407,0.073,0.242042
