tmp.site,Qmean,BFF,SFF,DRF,Error
08108700,1.21989e+07,0.351,0.649,0.053,0.428485
