tmp.site,Qmean,BFF,SFF,DRF,Error
11377100,2.88897e+07,0.439,0.561,0.188,0.391706
