tmp.site,Qmean,BFF,SFF,DRF,Error
04082400,1.18348e+07,0.622,0.378,0.031,1.00298
