tmp.site,Qmean,BFF,SFF,DRF,Error
04181049,1.04197e+06,0.71,0.29,0.114,0.553766
