tmp.site,Qmean,BFF,SFF,DRF,Error
02153200,4.53342e+06,0.548,0.452,0.073,0.280756
