tmp.site,Qmean,BFF,SFF,DRF,Error
02037500,1.72149e+07,0.434,0.566,0.125,0.438278
