tmp.site,Qmean,BFF,SFF,DRF,Error
03150500,2.32494e+07,0.505,0.495,0.071,0.31322
