tmp.site,Qmean,BFF,SFF,DRF,Error
03348130,1.58973e+06,0.337,0.663,0.253,0.347444
