tmp.site,Qmean,BFF,SFF,DRF,Error
06876900,1.33207e+06,0.181,0.819,0.356,0.57578
