tmp.site,Qmean,BFF,SFF,DRF,Error
11525854,2.65409e+06,0.427,0.573,0.107,0.357554
