tmp.site,Qmean,BFF,SFF,DRF,Error
07338750,1.49155e+06,0.309,0.691,0.12,0.472436
