tmp.site,Qmean,BFF,SFF,DRF,Error
05320000,2.95967e+06,0.464,0.536,0.072,0.562461
