tmp.site,Qmean,BFF,SFF,DRF,Error
14197900,6.10169e+07,0.405,0.595,0.122,0.31269
