tmp.site,Qmean,BFF,SFF,DRF,Error
02102000,3.41048e+06,0.266,0.734,0.043,0.436208
