tmp.site,Qmean,BFF,SFF,DRF,Error
06930060,1.72734e+06,0.361,0.639,0.337,0.298545
