tmp.site,Qmean,BFF,SFF,DRF,Error
02210500,4.41474e+06,0.368,0.632,0.281,0.355931
