tmp.site,Qmean,BFF,SFF,DRF,Error
03202000,1.58138e+06,0.366,0.634,0.005,0.448528
