tmp.site,Qmean,BFF,SFF,DRF,Error
03342000,3.14329e+07,0.533,0.467,0.061,0.355591
