tmp.site,Qmean,BFF,SFF,DRF,Error
12363000,2.34271e+07,0.383,0.617,0.214,0.434402
