tmp.site,Qmean,BFF,SFF,DRF,Error
12213100,9.44797e+06,0.539,0.461,0.179,0.257401
