tmp.site,Qmean,BFF,SFF,DRF,Error
05465000,1.41955e+07,0.508,0.492,0.121,0.32365
