tmp.site,Qmean,BFF,SFF,DRF,Error
07364200,3.31626e+06,0.513,0.487,0.002,0.794196
