tmp.site,Qmean,BFF,SFF,DRF,Error
02076000,8.36257e+06,0.475,0.525,0.283,0.230001
