tmp.site,Qmean,BFF,SFF,DRF,Error
01515000,1.95212e+07,0.525,0.475,0.041,0.323997
