tmp.site,Qmean,BFF,SFF,DRF,Error
09429490,2.27265e+07,0.844,0.149,0.005,0.198364
