tmp.site,Qmean,BFF,SFF,DRF,Error
06630000,2.75053e+06,0.808,0.188,0.041,0.326531
