tmp.site,Qmean,BFF,SFF,DRF,Error
08068000,1.27693e+06,0.077,0.923,0.545,0.463902
