tmp.site,Qmean,BFF,SFF,DRF,Error
03508050,1.04325e+06,0.594,0.406,0.024,0.493017
