tmp.site,Qmean,BFF,SFF,DRF,Error
09448500,1.06903e+06,0.371,0.628,0.253,0.503074
