tmp.site,Qmean,BFF,SFF,DRF,Error
07017020,6.68703e+06,0.273,0.727,0.391,0.361155
