tmp.site,Qmean,BFF,SFF,DRF,Error
05480500,4.99355e+06,0.525,0.475,0.06,0.417799
