tmp.site,Qmean,BFF,SFF,DRF,Error
04010500,1.20515e+06,0.373,0.627,0.178,0.441312
