tmp.site,Qmean,BFF,SFF,DRF,Error
03106000,1.15981e+06,0.414,0.586,0.034,0.394266
