tmp.site,Qmean,BFF,SFF,DRF,Error
03031500,3.41155e+07,0.564,0.436,0.064,0.328323
