tmp.site,Qmean,BFF,SFF,DRF,Error
02145910,1.12698e+07,0.936,0.064,0.056,0.550495
