tmp.site,Qmean,BFF,SFF,DRF,Error
07346080,3.78697e+06,0.587,0.413,0.032,0.501329
