tmp.site,Qmean,BFF,SFF,DRF,Error
03041029,2.96028e+06,0.518,0.482,0.07,0.297278
