tmp.site,Qmean,BFF,SFF,DRF,Error
02177000,1.58429e+06,0.599,0.401,0.04,0.242202
