tmp.site,Qmean,BFF,SFF,DRF,Error
01321000,2.75062e+06,0.474,0.526,0.091,0.375247
