tmp.site,Qmean,BFF,SFF,DRF,Error
01636500,6.73397e+06,0.479,0.521,0.204,0.278531
