tmp.site,Qmean,BFF,SFF,DRF,Error
05418400,1.13602e+06,0.513,0.487,0.212,0.27446
