tmp.site,Qmean,BFF,SFF,DRF,Error
053813595,4.06896e+06,0.373,0.627,0.288,0.320512
