tmp.site,Qmean,BFF,SFF,DRF,Error
08183500,1.18493e+06,0.344,0.656,0.204,0.396065
