tmp.site,Qmean,BFF,SFF,DRF,Error
11464000,3.31494e+06,0.272,0.728,0.365,0.351673
