tmp.site,Qmean,BFF,SFF,DRF,Error
02148000,1.43498e+07,0.602,0.398,0.066,1.14204
