tmp.site,Qmean,BFF,SFF,DRF,Error
02447025,2.77011e+07,0.436,0.564,0.047,0.42491
