tmp.site,Qmean,BFF,SFF,DRF,Error
02110704,4.22199e+06,0.618,0.382,0.005,1.02709
