tmp.site,Qmean,BFF,SFF,DRF,Error
03216500,1.20318e+06,0.342,0.658,0.091,0.496967
