tmp.site,Qmean,BFF,SFF,DRF,Error
09180000,1.68054e+06,0.493,0.507,0.075,0.447954
