tmp.site,Qmean,BFF,SFF,DRF,Error
03271620,7.74445e+06,0.395,0.605,0.238,0.326742
