tmp.site,Qmean,BFF,SFF,DRF,Error
02335000,5.40342e+06,0.722,0.278,0.125,0.394169
