tmp.site,Qmean,BFF,SFF,DRF,Error
06478500,2.18619e+06,0.517,0.483,0.009,3.88693
