tmp.site,Qmean,BFF,SFF,DRF,Error
04267500,4.53108e+06,0.719,0.281,0.007,1.93118
