tmp.site,Qmean,BFF,SFF,DRF,Error
05594000,1.44078e+06,0.208,0.792,0.053,0.654128
