tmp.site,Qmean,BFF,SFF,DRF,Error
02105500,1.17567e+07,0.36,0.64,0.213,0.369146
