tmp.site,Qmean,BFF,SFF,DRF,Error
01502632,7.25453e+06,0.591,0.409,0.052,0.311336
