tmp.site,Qmean,BFF,SFF,DRF,Error
14318000,1.08607e+06,0.279,0.721,0.248,0.391568
