tmp.site,Qmean,BFF,SFF,DRF,Error
03424860,1.21512e+07,0.828,0.172,0.065,0.682604
