tmp.site,Qmean,BFF,SFF,DRF,Error
06908000,2.01794e+06,0.112,0.888,0,0.939725
