tmp.site,Qmean,BFF,SFF,DRF,Error
03436100,3.37006e+06,0.453,0.547,0.034,0.336445
