tmp.site,Qmean,BFF,SFF,DRF,Error
03365500,6.70879e+06,0.362,0.638,0.189,0.361374
