tmp.site,Qmean,BFF,SFF,DRF,Error
14163900,7.40872e+06,0.346,0.654,0.168,0.277221
