tmp.site,Qmean,BFF,SFF,DRF,Error
09357700,1.29063e+06,0.608,0.392,0.031,0.170521
