tmp.site,Qmean,BFF,SFF,DRF,Error
02362000,4.61333e+06,0.536,0.464,0.117,0.28198
