tmp.site,Qmean,BFF,SFF,DRF,Error
07016500,1.69925e+06,0.177,0.823,0.531,0.413538
