tmp.site,Qmean,BFF,SFF,DRF,Error
12305000,3.36226e+07,0.644,0.356,0.004,0.409957
