tmp.site,Qmean,BFF,SFF,DRF,Error
08032500,2.85059e+06,0.516,0.484,0.045,0.464015
