tmp.site,Qmean,BFF,SFF,DRF,Error
03421000,2.91217e+06,0.404,0.596,0.147,0.352975
