tmp.site,Qmean,BFF,SFF,DRF,Error
03599240,3.74634e+06,0.327,0.673,0.105,0.417869
