tmp.site,Qmean,BFF,SFF,DRF,Error
03362500,1.32091e+06,0.312,0.688,0.238,0.392485
