tmp.site,Qmean,BFF,SFF,DRF,Error
05434500,1.99377e+06,0.485,0.515,0.13,0.297283
