tmp.site,Qmean,BFF,SFF,DRF,Error
07375230,2.39783e+06,0.288,0.711,0.054,1.97749
