tmp.site,Qmean,BFF,SFF,DRF,Error
04105500,1.74742e+06,0.724,0.276,0.109,0.175328
