tmp.site,Qmean,BFF,SFF,DRF,Error
01161000,1.74147e+06,0.532,0.468,0.045,0.355229
