tmp.site,Qmean,BFF,SFF,DRF,Error
13037500,1.69309e+07,0.666,0.334,0.04,0.384793
