tmp.site,Qmean,BFF,SFF,DRF,Error
01638500,2.32789e+07,0.493,0.507,0.141,0.309822
