tmp.site,Qmean,BFF,SFF,DRF,Error
03269500,1.28363e+06,0.515,0.485,0.223,0.257974
