tmp.site,Qmean,BFF,SFF,DRF,Error
03165500,5.36091e+06,0.562,0.438,0.086,0.269279
