tmp.site,Qmean,BFF,SFF,DRF,Error
09363500,2.13571e+06,0.875,0.125,0.037,0.272141
