tmp.site,Qmean,BFF,SFF,DRF,Error
04063522,4.34546e+06,0.912,0.088,0.043,0.19566
