tmp.site,Qmean,BFF,SFF,DRF,Error
03251500,7.68684e+06,0.382,0.618,0.059,0.501732
