tmp.site,Qmean,BFF,SFF,DRF,Error
07362100,1.04493e+06,0.222,0.778,0.004,2.61867
