tmp.site,Qmean,BFF,SFF,DRF,Error
01426500,2.36094e+06,0.49,0.51,0.073,0.414394
