tmp.site,Qmean,BFF,SFF,DRF,Error
04254500,1.97172e+06,0.511,0.489,0.135,0.366143
