tmp.site,Qmean,BFF,SFF,DRF,Error
05490500,1.74958e+07,0.459,0.541,0.022,0.452159
