tmp.site,Qmean,BFF,SFF,DRF,Error
06610000,8.09309e+07,0.724,0.276,0.007,0.415844
