tmp.site,Qmean,BFF,SFF,DRF,Error
01472000,4.82971e+06,0.554,0.446,0.06,0.273427
