tmp.site,Qmean,BFF,SFF,DRF,Error
05551000,3.57251e+06,0.82,0.178,0.04,0.26737
