tmp.site,Qmean,BFF,SFF,DRF,Error
05543500,2.63856e+07,0.599,0.401,0.147,0.25731
