tmp.site,Qmean,BFF,SFF,DRF,Error
12199000,3.92305e+07,0.643,0.357,0.14,0.219438
