tmp.site,Qmean,BFF,SFF,DRF,Error
12334510,1.29887e+06,0.875,0.124,0.039,0.258532
