tmp.site,Qmean,BFF,SFF,DRF,Error
03346500,5.86648e+06,0.283,0.717,0.002,0.470033
