tmp.site,Qmean,BFF,SFF,DRF,Error
04206425,1.98332e+06,0.581,0.419,0.059,0.29503
