tmp.site,Qmean,BFF,SFF,DRF,Error
05484500,4.18702e+06,0.437,0.563,0.113,0.440754
