tmp.site,Qmean,BFF,SFF,DRF,Error
10347460,1.61348e+06,0.404,0.596,0.127,1.15533
