tmp.site,Qmean,BFF,SFF,DRF,Error
02444161,1.64118e+07,0.393,0.607,0.263,0.277258
