tmp.site,Qmean,BFF,SFF,DRF,Error
09421500,3.30696e+07,0.944,0.056,0.005,0.440857
