tmp.site,Qmean,BFF,SFF,DRF,Error
12100500,1.54188e+06,0.168,0.832,0.431,0.396957
