tmp.site,Qmean,BFF,SFF,DRF,Error
03433500,1.49945e+06,0.375,0.625,0.044,0.42356
