tmp.site,Qmean,BFF,SFF,DRF,Error
06674500,1.94363e+06,0.348,0.652,0.105,0.796009
