tmp.site,Qmean,BFF,SFF,DRF,Error
03050500,1.28511e+06,0.382,0.618,0.09,0.447641
