tmp.site,Qmean,BFF,SFF,DRF,Error
05515500,1.31445e+06,0.743,0.257,0.052,0.214202
