tmp.site,Qmean,BFF,SFF,DRF,Error
05385000,2.02666e+06,0.443,0.557,0.147,0.305173
