tmp.site,Qmean,BFF,SFF,DRF,Error
02334500,4.96313e+06,0.878,0.122,0.076,0.91728
