tmp.site,Qmean,BFF,SFF,DRF,Error
383103106594200,1.68841e+06,0.448,0.552,0.099,0.223701
