tmp.site,Qmean,BFF,SFF,DRF,Error
14188800,1.15387e+06,0.46,0.54,0.078,0.31643
