tmp.site,Qmean,BFF,SFF,DRF,Error
02377570,1.05169e+06,0.39,0.61,0.296,0.279203
