tmp.site,Qmean,BFF,SFF,DRF,Error
06921500,1.48489e+06,0.205,0.795,0.374,1.60709
