tmp.site,Qmean,BFF,SFF,DRF,Error
12450500,3.99033e+06,0.658,0.342,0.097,0.328943
