tmp.site,Qmean,BFF,SFF,DRF,Error
01509000,1.26238e+06,0.534,0.466,0.098,0.302498
