tmp.site,Qmean,BFF,SFF,DRF,Error
02175000,5.93926e+06,0.515,0.485,0.099,0.406557
