tmp.site,Qmean,BFF,SFF,DRF,Error
02361500,4.01508e+06,0.503,0.497,0.116,0.310364
