tmp.site,Qmean,BFF,SFF,DRF,Error
05587450,2.85419e+08,0.867,0.132,0.002,0.306323
