tmp.site,Qmean,BFF,SFF,DRF,Error
14339000,6.05362e+06,0.572,0.428,0.135,0.29727
