tmp.site,Qmean,BFF,SFF,DRF,Error
07178000,1.75786e+06,0.145,0.855,0.455,0.61672
