tmp.site,Qmean,BFF,SFF,DRF,Error
04247000,7.39721e+06,0.815,0.185,0.035,1.43214
