tmp.site,Qmean,BFF,SFF,DRF,Error
11522500,4.36437e+06,0.468,0.531,0.126,0.37114
