tmp.site,Qmean,BFF,SFF,DRF,Error
02481880,1.66441e+06,0.429,0.571,0.047,0.501597
