tmp.site,Qmean,BFF,SFF,DRF,Error
06856600,2.15826e+06,0.342,0.658,0.207,0.498398
