tmp.site,Qmean,BFF,SFF,DRF,Error
03286500,1.79573e+07,0.456,0.544,0.013,0.393972
