tmp.site,Qmean,BFF,SFF,DRF,Error
12362500,8.70139e+06,0.73,0.269,0.061,2.61986
