tmp.site,Qmean,BFF,SFF,DRF,Error
06337000,1.38917e+06,0.248,0.752,0.129,8.99397
