tmp.site,Qmean,BFF,SFF,DRF,Error
13038500,1.00218e+07,0.704,0.296,0.05,0.446652
