tmp.site,Qmean,BFF,SFF,DRF,Error
03294500,2.96118e+08,0.006,0.483,0,0.982019
