tmp.site,Qmean,BFF,SFF,DRF,Error
01576500,1.03129e+06,0.489,0.511,0.051,0.300545
