tmp.site,Qmean,BFF,SFF,DRF,Error
03189600,4.92316e+06,0.193,0.807,0.406,1.13124
