tmp.site,Qmean,BFF,SFF,DRF,Error
03184000,5.60293e+06,0.403,0.597,0.07,0.380031
