tmp.site,Qmean,BFF,SFF,DRF,Error
04292000,1.36092e+06,0.421,0.579,0.144,0.357608
