tmp.site,Qmean,BFF,SFF,DRF,Error
09402500,3.64284e+07,0.852,0.139,0.015,0.364633
