tmp.site,Qmean,BFF,SFF,DRF,Error
02217475,1.04968e+06,0.445,0.555,0.076,0.339789
