tmp.site,Qmean,BFF,SFF,DRF,Error
05344500,4.87042e+07,0.733,0.267,0.057,0.267298
