tmp.site,Qmean,BFF,SFF,DRF,Error
07377300,8.85625e+06,0.02,0.708,0,0.942687
