tmp.site,Qmean,BFF,SFF,DRF,Error
07061500,1.49854e+06,0.354,0.646,0.376,0.299905
