tmp.site,Qmean,BFF,SFF,DRF,Error
04218000,1.05788e+06,0.411,0.589,0.049,0.357731
