tmp.site,Qmean,BFF,SFF,DRF,Error
05478265,1.50584e+06,0.521,0.479,0.022,0.458187
