tmp.site,Qmean,BFF,SFF,DRF,Error
04122200,1.10857e+06,0.569,0.431,0.057,0.25909
