tmp.site,Qmean,BFF,SFF,DRF,Error
07349860,2.31554e+06,0.603,0.397,0.003,0.903802
