tmp.site,Qmean,BFF,SFF,DRF,Error
02213000,6.59192e+06,0.449,0.551,0.071,0.316913
