tmp.site,Qmean,BFF,SFF,DRF,Error
03438220,8.01706e+07,0.579,0.421,0.007,0.599088
