tmp.site,Qmean,BFF,SFF,DRF,Error
04213500,1.87406e+06,0.416,0.584,0.133,0.322167
