tmp.site,Qmean,BFF,SFF,DRF,Error
12179000,1.29619e+07,0.822,0.178,0.058,0.251961
