tmp.site,Qmean,BFF,SFF,DRF,Error
07263500,9.73929e+07,0.464,0.536,0.017,0.419002
