tmp.site,Qmean,BFF,SFF,DRF,Error
09383100,3.37941e+07,0.963,0.037,0.004,0.358856
