tmp.site,Qmean,BFF,SFF,DRF,Error
13018750,8.71823e+06,0.535,0.465,0.27,0.334833
