tmp.site,Qmean,BFF,SFF,DRF,Error
08076700,4.38163e+06,0.38,0.62,0.005,0.446352
