tmp.site,Qmean,BFF,SFF,DRF,Error
12113344,3.47997e+06,0.537,0.463,0.15,0.32806
