tmp.site,Qmean,BFF,SFF,DRF,Error
01053600,5.87404e+06,0.602,0.398,0.089,0.298944
