tmp.site,Qmean,BFF,SFF,DRF,Error
06114700,1.33187e+06,0.438,0.562,0.122,0.416285
