tmp.site,Qmean,BFF,SFF,DRF,Error
02346180,3.75122e+06,0.4,0.6,0.142,0.353505
