tmp.site,Qmean,BFF,SFF,DRF,Error
05514500,1.69626e+06,0.165,0.835,0.185,0.572214
