tmp.site,Qmean,BFF,SFF,DRF,Error
03086000,8.29798e+07,0.594,0.406,0.038,0.297633
