tmp.site,Qmean,BFF,SFF,DRF,Error
02313000,2.29132e+06,0.613,0.387,0.005,0.322078
