tmp.site,Qmean,BFF,SFF,DRF,Error
03150000,1.95515e+07,0.495,0.505,0.002,0.368612
