tmp.site,Qmean,BFF,SFF,DRF,Error
01471510,3.98218e+06,0.512,0.488,0.114,0.292688
