tmp.site,Qmean,BFF,SFF,DRF,Error
03431500,5.05355e+07,0.551,0.449,0.011,0.404256
