tmp.site,Qmean,BFF,SFF,DRF,Error
05453520,6.41306e+06,0.638,0.362,0.06,0.455522
