tmp.site,Qmean,BFF,SFF,DRF,Error
12462600,2.81782e+08,0.919,0.081,0.015,0.201768
