tmp.site,Qmean,BFF,SFF,DRF,Error
07091200,1.81422e+06,0.734,0.266,0.083,0.25379
