tmp.site,Qmean,BFF,SFF,DRF,Error
06026500,4.23552e+06,0.797,0.202,0.047,0.312857
