tmp.site,Qmean,BFF,SFF,DRF,Error
07096000,1.76489e+06,0.872,0.125,0.039,0.281497
