tmp.site,Qmean,BFF,SFF,DRF,Error
07019000,8.20381e+06,0.299,0.701,0.382,0.342734
