tmp.site,Qmean,BFF,SFF,DRF,Error
01108000,1.21895e+06,0.55,0.45,0.029,0.325999
