tmp.site,Qmean,BFF,SFF,DRF,Error
04183000,4.56779e+06,0.471,0.528,0.048,0.381533
