tmp.site,Qmean,BFF,SFF,DRF,Error
04107850,3.78805e+06,0.783,0.217,0.056,0.127321
