tmp.site,Qmean,BFF,SFF,DRF,Error
04074950,1.07275e+06,0.578,0.422,0.063,0.227208
