tmp.site,Qmean,BFF,SFF,DRF,Error
09211200,3.77699e+06,0.821,0.179,0.013,0.492721
