tmp.site,Qmean,BFF,SFF,DRF,Error
02441000,3.57682e+06,0.506,0.484,0.313,0.80398
