tmp.site,Qmean,BFF,SFF,DRF,Error
03105500,6.56832e+06,0.432,0.568,0.15,0.385616
