tmp.site,Qmean,BFF,SFF,DRF,Error
01129500,3.96853e+06,0.457,0.543,0.181,0.371308
