tmp.site,Qmean,BFF,SFF,DRF,Error
02482000,2.87422e+06,0.449,0.551,0.123,0.459783
