tmp.site,Qmean,BFF,SFF,DRF,Error
03376300,2.06609e+06,0.473,0.527,0.021,0.915682
