tmp.site,Qmean,BFF,SFF,DRF,Error
03015500,1.48695e+06,0.41,0.59,0.075,0.377243
