tmp.site,Qmean,BFF,SFF,DRF,Error
03159500,2.53374e+06,0.365,0.635,0.122,0.370443
