tmp.site,Qmean,BFF,SFF,DRF,Error
04182769,2.03467e+06,0.45,0.55,0.244,0.48049
