tmp.site,Qmean,BFF,SFF,DRF,Error
07055607,1.21783e+06,0.348,0.652,0.193,0.357123
