tmp.site,Qmean,BFF,SFF,DRF,Error
09429600,3.27255e+06,0.281,0.719,0.094,0.291036
