tmp.site,Qmean,BFF,SFF,DRF,Error
01520500,2.02872e+06,0.403,0.597,0.099,0.395448
