tmp.site,Qmean,BFF,SFF,DRF,Error
01331095,1.70645e+07,0.764,0.236,0.083,0.222492
