tmp.site,Qmean,BFF,SFF,DRF,Error
06906800,1.15264e+06,0.179,0.821,0.205,0.526722
