tmp.site,Qmean,BFF,SFF,DRF,Error
03197950,6.61826e+06,0.574,0.426,0.156,0.400904
