tmp.site,Qmean,BFF,SFF,DRF,Error
07282000,1.09951e+06,0.173,0.827,0.01,1.05403
