tmp.site,Qmean,BFF,SFF,DRF,Error
07376300,2.39142e+06,0.308,0.692,0.05,2.72645
