tmp.site,Qmean,BFF,SFF,DRF,Error
01154500,2.43297e+07,0.58,0.42,0.016,0.611423
