tmp.site,Qmean,BFF,SFF,DRF,Error
04127885,1.84126e+08,0.967,0.033,0.001,0.125006
