tmp.site,Qmean,BFF,SFF,DRF,Error
01350000,1.17204e+06,0.447,0.553,0.098,0.356357
