tmp.site,Qmean,BFF,SFF,DRF,Error
04133501,1.16553e+06,0.585,0.415,0.133,0.280193
