tmp.site,Qmean,BFF,SFF,DRF,Error
12398600,6.25039e+07,0.87,0.13,0.012,0.23717
