tmp.site,Qmean,BFF,SFF,DRF,Error
03298500,4.10064e+06,0.33,0.67,0.002,0.581356
