tmp.site,Qmean,BFF,SFF,DRF,Error
01356000,1.51981e+07,0.515,0.485,0.187,0.295446
