tmp.site,Qmean,BFF,SFF,DRF,Error
09498500,2.02714e+06,0.421,0.579,0.192,0.365128
