tmp.site,Qmean,BFF,SFF,DRF,Error
06892350,1.75719e+07,0.46,0.54,0.121,0.367539
