tmp.site,Qmean,BFF,SFF,DRF,Error
08175800,4.58324e+06,0.406,0.594,0.249,0.343366
