tmp.site,Qmean,BFF,SFF,DRF,Error
03209800,5.27575e+06,0.404,0.596,0.15,0.394103
