tmp.site,Qmean,BFF,SFF,DRF,Error
05472500,1.27063e+06,0.327,0.673,0.13,0.571852
