tmp.site,Qmean,BFF,SFF,DRF,Error
08013000,1.84294e+06,0.074,0.926,0.49,0.492346
