tmp.site,Qmean,BFF,SFF,DRF,Error
05320500,1.57344e+06,0.42,0.58,0.108,0.521066
