tmp.site,Qmean,BFF,SFF,DRF,Error
01168500,2.26753e+06,0.494,0.506,0.08,0.55536
