tmp.site,Qmean,BFF,SFF,DRF,Error
12304500,2.01653e+06,0.597,0.403,0.077,0.279093
