tmp.site,Qmean,BFF,SFF,DRF,Error
02479560,2.69257e+06,0.413,0.587,0.082,0.368397
