tmp.site,Qmean,BFF,SFF,DRF,Error
02151500,3.57194e+06,0.611,0.389,0.088,0.225462
