tmp.site,Qmean,BFF,SFF,DRF,Error
07336200,3.81169e+06,0.307,0.693,0.001,0.886893
