tmp.site,Qmean,BFF,SFF,DRF,Error
02232400,2.49565e+06,0.692,0.308,0.012,0.432094
