tmp.site,Qmean,BFF,SFF,DRF,Error
09239500,1.11596e+06,0.586,0.414,0.135,0.360737
