tmp.site,Qmean,BFF,SFF,DRF,Error
14337600,5.06592e+06,0.679,0.321,0.065,0.285479
