tmp.site,Qmean,BFF,SFF,DRF,Error
04059000,2.03085e+06,0.515,0.485,0.138,0.320076
