tmp.site,Qmean,BFF,SFF,DRF,Error
09379500,5.21838e+06,0.422,0.578,0.141,0.605069
