tmp.site,Qmean,BFF,SFF,DRF,Error
09188500,1.19729e+06,0.452,0.548,0.164,0.331465
