tmp.site,Qmean,BFF,SFF,DRF,Error
14226500,3.91785e+06,0.494,0.506,0.174,0.282948
