tmp.site,Qmean,BFF,SFF,DRF,Error
09261000,1.00952e+07,0.629,0.371,0.088,0.376873
