tmp.site,Qmean,BFF,SFF,DRF,Error
08110800,1.33877e+06,0.085,0.915,0.489,0.46585
