tmp.site,Qmean,BFF,SFF,DRF,Error
02244040,1.55736e+07,0.523,0.477,0.059,2.26644
