tmp.site,Qmean,BFF,SFF,DRF,Error
06807000,9.69219e+07,0.654,0.346,0.011,0.379088
