tmp.site,Qmean,BFF,SFF,DRF,Error
12025000,1.24309e+06,0.375,0.625,0.215,0.328388
