tmp.site,Qmean,BFF,SFF,DRF,Error
06294500,9.14897e+06,0.602,0.398,0.043,0.400202
