tmp.site,Qmean,BFF,SFF,DRF,Error
03612600,7.88729e+08,0.019,0.355,0,0.95303
