tmp.site,Qmean,BFF,SFF,DRF,Error
06889000,1.36523e+07,0.451,0.549,0.178,0.356934
