tmp.site,Qmean,BFF,SFF,DRF,Error
01438500,1.45563e+07,0.591,0.409,0.097,0.247271
