tmp.site,Qmean,BFF,SFF,DRF,Error
09106150,6.86562e+06,0.621,0.379,0.066,0.344157
