tmp.site,Qmean,BFF,SFF,DRF,Error
12322001,3.83932e+07,0.506,0.494,0.103,0.362584
