tmp.site,Qmean,BFF,SFF,DRF,Error
03036000,1.47235e+06,0.466,0.534,0.268,0.558426
