tmp.site,Qmean,BFF,SFF,DRF,Error
07187600,5.95146e+06,0.247,0.753,0.378,0.399227
