tmp.site,Qmean,BFF,SFF,DRF,Error
13090500,7.74867e+06,0.568,0.432,0.11,1.23319
