tmp.site,Qmean,BFF,SFF,DRF,Error
09217000,3.84497e+06,0.797,0.203,0.029,0.383726
