tmp.site,Qmean,BFF,SFF,DRF,Error
02223248,8.47511e+06,0.366,0.634,0.004,0.401122
