tmp.site,Qmean,BFF,SFF,DRF,Error
01529950,5.35699e+06,0.476,0.524,0.069,0.335582
