tmp.site,Qmean,BFF,SFF,DRF,Error
03189100,3.45559e+06,0.432,0.568,0.077,0.399683
