tmp.site,Qmean,BFF,SFF,DRF,Error
03058975,1.36054e+06,0.476,0.524,0.016,0.422522
