tmp.site,Qmean,BFF,SFF,DRF,Error
03559500,2.28365e+06,0.947,0.053,0.024,0.316665
