tmp.site,Qmean,BFF,SFF,DRF,Error
01664000,1.70701e+06,0.425,0.575,0.059,0.394543
