tmp.site,Qmean,BFF,SFF,DRF,Error
11407000,9.12972e+06,0.249,0.751,0.292,0.418675
