tmp.site,Qmean,BFF,SFF,DRF,Error
06652000,4.19057e+06,0.785,0.215,0.03,0.358023
