tmp.site,Qmean,BFF,SFF,DRF,Error
08036500,2.17299e+06,0.492,0.508,0.056,0.478314
