tmp.site,Qmean,BFF,SFF,DRF,Error
01170500,3.64839e+07,0.553,0.447,0.057,0.296186
