tmp.site,Qmean,BFF,SFF,DRF,Error
03250500,6.12778e+06,0.374,0.626,0.075,0.48141
