tmp.site,Qmean,BFF,SFF,DRF,Error
02344872,2.09149e+06,0.367,0.633,0.004,0.373253
