tmp.site,Qmean,BFF,SFF,DRF,Error
12210700,8.75259e+06,0.553,0.447,0.167,0.269116
