tmp.site,Qmean,BFF,SFF,DRF,Error
11250110,2.36409e+06,0.729,0.271,0.044,1.37716
