tmp.site,Qmean,BFF,SFF,DRF,Error
03351201,2.83305e+06,0.385,0.615,0.029,0.365231
