tmp.site,Qmean,BFF,SFF,DRF,Error
11516530,4.60025e+06,0.565,0.435,0.066,0.46952
