tmp.site,Qmean,BFF,SFF,DRF,Error
12484500,5.99332e+06,0.541,0.459,0.082,0.374579
