tmp.site,Qmean,BFF,SFF,DRF,Error
06759500,1.39143e+06,0.412,0.588,0.147,0.66327
