tmp.site,Qmean,BFF,SFF,DRF,Error
01137940,1.89777e+06,0.47,0.53,0.097,0.352596
