tmp.site,Qmean,BFF,SFF,DRF,Error
01531500,2.66917e+07,0.446,0.553,0.126,0.35118
