tmp.site,Qmean,BFF,SFF,DRF,Error
01122500,1.80313e+06,0.505,0.495,0.041,0.335166
