tmp.site,Qmean,BFF,SFF,DRF,Error
06870200,1.52804e+06,0.342,0.658,0.146,0.46528
