tmp.site,Qmean,BFF,SFF,DRF,Error
14316500,3.53113e+06,0.598,0.402,0.061,0.194667
