tmp.site,Qmean,BFF,SFF,DRF,Error
06483500,1.48387e+06,0.421,0.579,0.104,0.497291
