tmp.site,Qmean,BFF,SFF,DRF,Error
02369600,5.45639e+06,0.71,0.29,0.063,0.220434
