tmp.site,Qmean,BFF,SFF,DRF,Error
02374700,1.54637e+06,0.435,0.565,0.163,0.307402
