tmp.site,Qmean,BFF,SFF,DRF,Error
04084445,1.58648e+07,0.924,0.076,0.008,0.324809
