tmp.site,Qmean,BFF,SFF,DRF,Error
02477990,1.72875e+06,0.405,0.595,0.008,0.408795
