tmp.site,Qmean,BFF,SFF,DRF,Error
03284500,1.45072e+07,0.348,0.652,0.088,0.452067
