tmp.site,Qmean,BFF,SFF,DRF,Error
03361500,1.23047e+06,0.357,0.643,0.27,0.366364
