tmp.site,Qmean,BFF,SFF,DRF,Error
03281500,2.61737e+06,0.321,0.679,0.114,0.440891
