tmp.site,Qmean,BFF,SFF,DRF,Error
08114000,1.84362e+07,0.372,0.628,0.056,0.433595
