tmp.site,Qmean,BFF,SFF,DRF,Error
04223000,3.16031e+06,0.474,0.526,0.036,0.350535
