tmp.site,Qmean,BFF,SFF,DRF,Error
12370000,2.81983e+06,0.368,0.632,0.163,0.347138
