tmp.site,Qmean,BFF,SFF,DRF,Error
03203000,2.46088e+06,0.375,0.625,0.076,0.415728
