tmp.site,Qmean,BFF,SFF,DRF,Error
08041749,2.72941e+06,0.499,0.499,0.038,2.22571
