tmp.site,Qmean,BFF,SFF,DRF,Error
08158000,4.91524e+06,0.298,0.702,0.28,0.808205
