tmp.site,Qmean,BFF,SFF,DRF,Error
03282060,9.92892e+06,0.465,0.535,0.016,0.370721
