tmp.site,Qmean,BFF,SFF,DRF,Error
06899500,2.58302e+06,0.228,0.772,0.117,0.504134
