tmp.site,Qmean,BFF,SFF,DRF,Error
03184500,1.92351e+07,0.525,0.475,0.137,0.293319
