tmp.site,Qmean,BFF,SFF,DRF,Error
04206000,1.13711e+06,0.534,0.466,0.084,0.332354
