tmp.site,Qmean,BFF,SFF,DRF,Error
05582000,3.40198e+06,0.531,0.469,0.08,0.353733
