tmp.site,Qmean,BFF,SFF,DRF,Error
04087000,1.17266e+06,0.464,0.536,0.118,0.396537
