tmp.site,Qmean,BFF,SFF,DRF,Error
07263450,1.31164e+08,0.504,0.496,0.003,0.889698
