tmp.site,Qmean,BFF,SFF,DRF,Error
10351600,1.06039e+06,0.51,0.49,0.051,3.28705
