tmp.site,Qmean,BFF,SFF,DRF,Error
02423000,6.41783e+07,0.559,0.441,0.075,0.263487
