tmp.site,Qmean,BFF,SFF,DRF,Error
03291500,1.53027e+06,0.256,0.744,0.101,0.694048
