tmp.site,Qmean,BFF,SFF,DRF,Error
05437050,5.03994e+06,0.497,0.503,0.062,0.315685
