tmp.site,Qmean,BFF,SFF,DRF,Error
04193500,1.28873e+07,0.494,0.506,0.002,0.448942
