tmp.site,Qmean,BFF,SFF,DRF,Error
09166500,1.00867e+06,0.556,0.444,0.101,0.421143
