tmp.site,Qmean,BFF,SFF,DRF,Error
07170500,4.62343e+06,0.148,0.852,0.372,1.17519
