tmp.site,Qmean,BFF,SFF,DRF,Error
02226362,1.47897e+06,0.419,0.581,0.06,0.563177
