tmp.site,Qmean,BFF,SFF,DRF,Error
10092700,2.29975e+06,0.727,0.273,0.034,0.451665
