tmp.site,Qmean,BFF,SFF,DRF,Error
14209000,1.19593e+06,0.612,0.388,0.04,0.227305
