tmp.site,Qmean,BFF,SFF,DRF,Error
02129000,1.92232e+07,0.469,0.531,0.103,1.05879
