tmp.site,Qmean,BFF,SFF,DRF,Error
02341800,1.05988e+06,0.459,0.541,0.161,0.307951
