tmp.site,Qmean,BFF,SFF,DRF,Error
02203000,1.11367e+06,0.497,0.503,0.027,0.535579
