tmp.site,Qmean,BFF,SFF,DRF,Error
06220800,1.72055e+06,0.394,0.606,0.24,0.279856
