tmp.site,Qmean,BFF,SFF,DRF,Error
07350500,7.62029e+07,0.589,0.411,0.03,0.371335
