tmp.site,Qmean,BFF,SFF,DRF,Error
02357000,1.20429e+06,0.491,0.509,0.093,3.65499
