tmp.site,Qmean,BFF,SFF,DRF,Error
07183500,6.84505e+06,0.227,0.773,0.131,0.752953
