tmp.site,Qmean,BFF,SFF,DRF,Error
02132500,1.40992e+06,0.502,0.498,0.047,0.411245
