tmp.site,Qmean,BFF,SFF,DRF,Error
02491500,3.89844e+06,0.384,0.616,0.332,0.277072
