tmp.site,Qmean,BFF,SFF,DRF,Error
02487500,1.37961e+06,0.181,0.819,0.326,0.413865
