tmp.site,Qmean,BFF,SFF,DRF,Error
03282000,9.31384e+06,0.429,0.571,0.039,0.420653
