tmp.site,Qmean,BFF,SFF,DRF,Error
04264331,6.25905e+08,0.813,0.187,0.001,0.165681
