tmp.site,Qmean,BFF,SFF,DRF,Error
03364000,4.94921e+06,0.377,0.623,0.28,0.349357
