tmp.site,Qmean,BFF,SFF,DRF,Error
05583000,8.85927e+06,0.622,0.378,0.004,0.406135
