tmp.site,Qmean,BFF,SFF,DRF,Error
01554000,6.74152e+07,0.509,0.491,0.103,0.300534
