tmp.site,Qmean,BFF,SFF,DRF,Error
04183500,4.33943e+06,0.42,0.58,0.044,0.393352
