tmp.site,Qmean,BFF,SFF,DRF,Error
05355200,1.80189e+06,0.486,0.514,0.071,0.408337
