tmp.site,Qmean,BFF,SFF,DRF,Error
05340500,1.10314e+07,0.895,0.105,0.049,0.245362
