tmp.site,Qmean,BFF,SFF,DRF,Error
03339500,1.25183e+06,0.351,0.649,0.118,0.40451
