tmp.site,Qmean,BFF,SFF,DRF,Error
08033000,4.17103e+06,0.531,0.469,0.037,0.506105
