tmp.site,Qmean,BFF,SFF,DRF,Error
12175500,1.52511e+06,0.566,0.434,0.145,0.308912
