tmp.site,Qmean,BFF,SFF,DRF,Error
05451500,2.39252e+06,0.47,0.53,0.063,0.418684
