tmp.site,Qmean,BFF,SFF,DRF,Error
14162200,1.10587e+06,0.112,0.888,0.328,0.460003
