tmp.site,Qmean,BFF,SFF,DRF,Error
12096500,4.10556e+06,0.606,0.394,0.16,0.23386
