tmp.site,Qmean,BFF,SFF,DRF,Error
02376033,1.59671e+07,0.493,0.507,0.133,0.30736
