tmp.site,Qmean,BFF,SFF,DRF,Error
12190400,1.85091e+06,0.425,0.575,0.262,0.345678
