tmp.site,Qmean,BFF,SFF,DRF,Error
03292494,3.20665e+08,0.02,0.518,0,0.966836
