tmp.site,Qmean,BFF,SFF,DRF,Error
03076100,1.37263e+06,0.476,0.524,0.057,0.335041
