tmp.site,Qmean,BFF,SFF,DRF,Error
13181000,2.14537e+06,0.424,0.576,0.208,0.329848
