tmp.site,Qmean,BFF,SFF,DRF,Error
09057500,1.08511e+06,0.511,0.489,0.083,1.18535
