tmp.site,Qmean,BFF,SFF,DRF,Error
09114520,2.49749e+06,0.901,0.099,0.006,0.309233
