tmp.site,Qmean,BFF,SFF,DRF,Error
07061600,1.84363e+06,0.341,0.659,0.368,0.272537
