tmp.site,Qmean,BFF,SFF,DRF,Error
11186000,1.20917e+06,0.089,0.911,0.324,0.794361
