tmp.site,Qmean,BFF,SFF,DRF,Error
01503000,9.00407e+06,0.523,0.477,0.06,0.337831
