tmp.site,Qmean,BFF,SFF,DRF,Error
07281600,1.91577e+07,0.702,0.298,0.026,0.704408
