tmp.site,Qmean,BFF,SFF,DRF,Error
13192200,2.78469e+06,0.739,0.247,0.024,0.454022
