tmp.site,Qmean,BFF,SFF,DRF,Error
14033500,1.26805e+06,0.463,0.537,0.16,5.82288
