tmp.site,Qmean,BFF,SFF,DRF,Error
01349527,1.17594e+07,0.595,0.405,0.086,0.262898
