tmp.site,Qmean,BFF,SFF,DRF,Error
03324112,1.56149e+06,0.309,0.691,0.288,0.750846
