tmp.site,Qmean,BFF,SFF,DRF,Error
05354500,2.39924e+06,0.538,0.462,0.005,0.45191
