tmp.site,Qmean,BFF,SFF,DRF,Error
02130980,1.05443e+06,0.602,0.398,0.082,0.27917
