tmp.site,Qmean,BFF,SFF,DRF,Error
05426000,1.19916e+06,0.591,0.409,0.012,0.404168
