tmp.site,Qmean,BFF,SFF,DRF,Error
05413400,1.88937e+06,0.001,0.004,0,3.58191
