tmp.site,Qmean,BFF,SFF,DRF,Error
06820410,1.22304e+06,0.225,0.775,0.271,0.452315
