tmp.site,Qmean,BFF,SFF,DRF,Error
04154512,1.10755e+06,0.623,0.377,0.097,0.288849
