tmp.site,Qmean,BFF,SFF,DRF,Error
07285400,1.02316e+06,0.146,0.854,0.314,0.555949
