tmp.site,Qmean,BFF,SFF,DRF,Error
04182900,4.20598e+06,0.422,0.578,0.031,0.454935
