tmp.site,Qmean,BFF,SFF,DRF,Error
02353500,1.79202e+06,0.492,0.508,0.105,0.377851
