tmp.site,Qmean,BFF,SFF,DRF,Error
05551580,4.64835e+06,0.82,0.18,0.051,0.281021
