tmp.site,Qmean,BFF,SFF,DRF,Error
11254000,1.81467e+06,0.454,0.546,0.064,7.05519
