tmp.site,Qmean,BFF,SFF,DRF,Error
06809500,1.19869e+06,0.396,0.604,0.129,0.528014
