tmp.site,Qmean,BFF,SFF,DRF,Error
13135000,2.05336e+07,0.659,0.341,0.009,0.154872
