tmp.site,Qmean,BFF,SFF,DRF,Error
03147500,2.05002e+06,0.32,0.68,0.218,0.430213
