tmp.site,Qmean,BFF,SFF,DRF,Error
02156500,9.11283e+06,0.546,0.454,0.151,0.304973
