tmp.site,Qmean,BFF,SFF,DRF,Error
11439501,1.02392e+06,0.509,0.491,0.146,0.359949
