tmp.site,Qmean,BFF,SFF,DRF,Error
07341500,4.24406e+07,0.384,0.616,0.07,0.422511
