tmp.site,Qmean,BFF,SFF,DRF,Error
12027500,6.90729e+06,0.385,0.615,0.192,0.316816
