tmp.site,Qmean,BFF,SFF,DRF,Error
07143330,1.19285e+06,0.314,0.686,0.033,0.409949
