tmp.site,Qmean,BFF,SFF,DRF,Error
01350355,1.50156e+06,0.453,0.547,0.121,0.461857
