tmp.site,Qmean,BFF,SFF,DRF,Error
03151000,1.18845e+08,0.012,0.507,0,0.960798
