tmp.site,Qmean,BFF,SFF,DRF,Error
12456500,1.23607e+06,0.6,0.4,0.113,0.241534
