tmp.site,Qmean,BFF,SFF,DRF,Error
07252000,1.43111e+06,0.388,0.612,0.131,0.497869
