tmp.site,Qmean,BFF,SFF,DRF,Error
14150000,7.41144e+06,0.402,0.598,0.182,0.271419
