tmp.site,Qmean,BFF,SFF,DRF,Error
12061500,2.94851e+06,0.408,0.592,0.259,0.285113
