tmp.site,Qmean,BFF,SFF,DRF,Error
02387500,6.81731e+06,0.454,0.546,0.085,0.298298
