tmp.site,Qmean,BFF,SFF,DRF,Error
10118000,3.41851e+06,0.654,0.346,0.002,2.46209
