tmp.site,Qmean,BFF,SFF,DRF,Error
03588500,1.58254e+06,0.363,0.637,0.404,0.330534
