tmp.site,Qmean,BFF,SFF,DRF,Error
03234000,2.11508e+06,0.372,0.628,0.045,0.410993
