tmp.site,Qmean,BFF,SFF,DRF,Error
08355050,1.70051e+06,0.672,0.328,0.06,3.88076
