tmp.site,Qmean,BFF,SFF,DRF,Error
07362000,1.95299e+07,0.429,0.571,0.054,0.424556
