tmp.site,Qmean,BFF,SFF,DRF,Error
02476600,1.25689e+06,0.232,0.768,0.255,0.409735
