tmp.site,Qmean,BFF,SFF,DRF,Error
01081000,1.79398e+06,0.538,0.462,0.079,0.397827
