tmp.site,Qmean,BFF,SFF,DRF,Error
14187200,6.80575e+06,0.263,0.737,0.275,0.350469
