tmp.site,Qmean,BFF,SFF,DRF,Error
11260815,1.44082e+06,0.207,0.782,0.152,2.74598
