tmp.site,Qmean,BFF,SFF,DRF,Error
11403200,1.77162e+06,0.143,0.857,0.36,0.413769
