tmp.site,Qmean,BFF,SFF,DRF,Error
07185765,1.03887e+06,0.518,0.482,0.154,0.327213
