tmp.site,Qmean,BFF,SFF,DRF,Error
14359000,7.08273e+06,0.554,0.446,0.157,0.265414
