tmp.site,Qmean,BFF,SFF,DRF,Error
03403500,4.28444e+06,0.381,0.619,0.025,0.40395
