tmp.site,Qmean,BFF,SFF,DRF,Error
03282120,1.09614e+07,0.445,0.555,0.02,0.379041
