tmp.site,Qmean,BFF,SFF,DRF,Error
01643580,1.92504e+06,0.429,0.571,0.128,0.302544
