tmp.site,Qmean,BFF,SFF,DRF,Error
03287500,1.80761e+07,0.423,0.577,0.019,0.401628
