tmp.site,Qmean,BFF,SFF,DRF,Error
02342881,2.02002e+07,0.561,0.439,0.164,0.294727
