tmp.site,Qmean,BFF,SFF,DRF,Error
03459500,1.66224e+06,0.592,0.408,0.064,0.23495
