tmp.site,Qmean,BFF,SFF,DRF,Error
12352500,5.70025e+06,0.845,0.155,0.051,0.297192
