tmp.site,Qmean,BFF,SFF,DRF,Error
05464315,1.44113e+07,0.503,0.497,0.154,0.306591
