tmp.site,Qmean,BFF,SFF,DRF,Error
02327500,1.25258e+06,0.42,0.58,0.128,0.433534
