tmp.site,Qmean,BFF,SFF,DRF,Error
04119000,9.68254e+06,0.761,0.239,0.077,0.237752
