tmp.site,Qmean,BFF,SFF,DRF,Error
03214500,3.72551e+06,0.398,0.602,0.097,0.388681
