tmp.site,Qmean,BFF,SFF,DRF,Error
07196500,2.44617e+06,0.401,0.599,0.221,0.386996
