tmp.site,Qmean,BFF,SFF,DRF,Error
08064100,1.16096e+06,0.262,0.738,0.236,2.21524
