tmp.site,Qmean,BFF,SFF,DRF,Error
05286000,1.64573e+06,0.433,0.567,0.121,0.380792
