tmp.site,Qmean,BFF,SFF,DRF,Error
09364010,1.64147e+06,0.571,0.429,0.121,0.474291
