tmp.site,Qmean,BFF,SFF,DRF,Error
06483290,1.10588e+06,0.379,0.621,0.2,0.390296
