tmp.site,Qmean,BFF,SFF,DRF,Error
02312762,1.41381e+06,0.561,0.439,0.001,0.452846
