tmp.site,Qmean,BFF,SFF,DRF,Error
05403500,1.02918e+06,0.502,0.498,0.191,0.378249
