tmp.site,Qmean,BFF,SFF,DRF,Error
02450180,2.13943e+06,0.424,0.576,0.021,0.37918
