tmp.site,Qmean,BFF,SFF,DRF,Error
02105769,1.30145e+07,0.641,0.359,0.134,0.402238
