tmp.site,Qmean,BFF,SFF,DRF,Error
13340000,2.11856e+07,0.64,0.36,0.077,0.245773
