tmp.site,Qmean,BFF,SFF,DRF,Error
01018500,1.84253e+06,0.497,0.503,0.084,0.70569
