tmp.site,Qmean,BFF,SFF,DRF,Error
03282290,1.16217e+07,0.431,0.569,0.041,0.40744
