tmp.site,Qmean,BFF,SFF,DRF,Error
02162035,1.34978e+07,0.499,0.491,0.12,0.351073
