tmp.site,Qmean,BFF,SFF,DRF,Error
06921600,1.23199e+06,0.188,0.812,0.001,1.19988
