tmp.site,Qmean,BFF,SFF,DRF,Error
01595800,1.25384e+06,0.355,0.645,0.273,0.836055
