tmp.site,Qmean,BFF,SFF,DRF,Error
01144500,1.80637e+07,0.543,0.457,0.029,0.540405
