tmp.site,Qmean,BFF,SFF,DRF,Error
02331600,1.90678e+06,0.633,0.367,0.056,0.204395
