tmp.site,Qmean,BFF,SFF,DRF,Error
01351500,2.78239e+06,0.483,0.517,0.047,0.393851
