tmp.site,Qmean,BFF,SFF,DRF,Error
02491800,3.96624e+06,0.485,0.515,0.193,0.19166
