tmp.site,Qmean,BFF,SFF,DRF,Error
05518000,4.26827e+06,0.667,0.333,0.048,0.299358
