tmp.site,Qmean,BFF,SFF,DRF,Error
05355092,2.66499e+06,0.632,0.368,0.084,0.268535
