tmp.site,Qmean,BFF,SFF,DRF,Error
05341550,1.46227e+07,0.576,0.424,0.093,0.248274
