tmp.site,Qmean,BFF,SFF,DRF,Error
06228000,1.84901e+06,0.365,0.635,0.221,0.991453
