tmp.site,Qmean,BFF,SFF,DRF,Error
13338500,2.41545e+06,0.548,0.452,0.096,0.29122
