tmp.site,Qmean,BFF,SFF,DRF,Error
12413300,1.12962e+06,0.553,0.447,0.191,0.22415
