tmp.site,Qmean,BFF,SFF,DRF,Error
06893000,1.31738e+08,0.598,0.402,0.027,0.337553
