tmp.site,Qmean,BFF,SFF,DRF,Error
11470500,1.36027e+06,0.201,0.799,0.386,0.717222
