tmp.site,Qmean,BFF,SFF,DRF,Error
02047000,3.25645e+06,0.453,0.547,0.017,0.450313
