tmp.site,Qmean,BFF,SFF,DRF,Error
08012150,7.05897e+06,0.537,0.462,0.007,2.49914
