tmp.site,Qmean,BFF,SFF,DRF,Error
12205000,1.94774e+06,0.533,0.467,0.162,0.298536
