tmp.site,Qmean,BFF,SFF,DRF,Error
08022500,8.11575e+06,0.429,0.571,0.045,0.527883
