tmp.site,Qmean,BFF,SFF,DRF,Error
06933500,6.63585e+06,0.371,0.629,0.275,0.308083
