tmp.site,Qmean,BFF,SFF,DRF,Error
14210000,6.66755e+06,0.506,0.494,0.179,0.272273
