tmp.site,Qmean,BFF,SFF,DRF,Error
07326500,1.17323e+06,0.249,0.751,0.287,0.597642
