tmp.site,Qmean,BFF,SFF,DRF,Error
02116500,7.36439e+06,0.531,0.469,0.108,0.275067
