tmp.site,Qmean,BFF,SFF,DRF,Error
08065000,1.35117e+07,0.207,0.793,0.051,0.611475
