tmp.site,Qmean,BFF,SFF,DRF,Error
03430200,4.26538e+06,0.428,0.572,0.21,3.94907
