tmp.site,Qmean,BFF,SFF,DRF,Error
12039005,3.69316e+06,0.337,0.663,0.332,0.356962
