tmp.site,Qmean,BFF,SFF,DRF,Error
13337000,6.85712e+06,0.595,0.405,0.087,0.262433
