tmp.site,Qmean,BFF,SFF,DRF,Error
07375300,1.11884e+06,0.364,0.636,0.363,0.254106
