tmp.site,Qmean,BFF,SFF,DRF,Error
05594100,9.68818e+06,0.542,0.458,0.004,0.521994
