tmp.site,Qmean,BFF,SFF,DRF,Error
02159500,1.13716e+06,0.502,0.498,0.154,0.265319
