tmp.site,Qmean,BFF,SFF,DRF,Error
06805500,1.82145e+07,0.59,0.41,0.117,0.356247
