tmp.site,Qmean,BFF,SFF,DRF,Error
05054000,2.18464e+06,0.458,0.542,0.095,9.29112
