tmp.site,Qmean,BFF,SFF,DRF,Error
05464780,1.67943e+07,0.609,0.391,0.113,0.257583
