tmp.site,Qmean,BFF,SFF,DRF,Error
12459000,7.42842e+06,0.603,0.397,0.114,0.258762
