tmp.site,Qmean,BFF,SFF,DRF,Error
05127000,2.42388e+06,0.505,0.495,0.13,9.56829
