tmp.site,Qmean,BFF,SFF,DRF,Error
14137000,3.27005e+06,0.483,0.517,0.208,0.253446
