tmp.site,Qmean,BFF,SFF,DRF,Error
02168504,5.39037e+06,0.293,0.707,0.256,0.491675
