tmp.site,Qmean,BFF,SFF,DRF,Error
01578310,1.00339e+08,0.569,0.431,0.01,0.786984
