tmp.site,Qmean,BFF,SFF,DRF,Error
02108000,1.75338e+06,0.448,0.552,0.059,0.493963
