tmp.site,Qmean,BFF,SFF,DRF,Error
14208000,1.15987e+06,0.532,0.468,0.152,0.234026
