tmp.site,Qmean,BFF,SFF,DRF,Error
02225270,1.11231e+06,0.482,0.518,0.026,0.557902
