tmp.site,Qmean,BFF,SFF,DRF,Error
09251000,3.75575e+06,0.638,0.362,0.047,0.47286
