tmp.site,Qmean,BFF,SFF,DRF,Error
01500500,3.88475e+06,0.568,0.432,0.033,0.30009
