tmp.site,Qmean,BFF,SFF,DRF,Error
02083000,1.15656e+06,0.351,0.649,0.206,0.399333
