tmp.site,Qmean,BFF,SFF,DRF,Error
13185000,2.92184e+06,0.734,0.266,0.117,0.206423
