tmp.site,Qmean,BFF,SFF,DRF,Error
02228000,5.29424e+06,0.528,0.472,0.042,0.46206
