tmp.site,Qmean,BFF,SFF,DRF,Error
06465500,4.59403e+06,0.753,0.247,0.062,0.270047
