tmp.site,Qmean,BFF,SFF,DRF,Error
04071000,1.40766e+06,0.509,0.491,0.097,0.292414
