tmp.site,Qmean,BFF,SFF,DRF,Error
03075070,2.27739e+07,0.595,0.405,0.162,0.319427
