tmp.site,Qmean,BFF,SFF,DRF,Error
04185318,1.19053e+06,0.352,0.648,0.109,0.401955
