tmp.site,Qmean,BFF,SFF,DRF,Error
02089000,6.03195e+06,0.4,0.6,0.031,0.429165
