tmp.site,Qmean,BFF,SFF,DRF,Error
03584600,7.50252e+06,0.422,0.578,0.102,0.359614
