tmp.site,Qmean,BFF,SFF,DRF,Error
11519500,1.47393e+06,0.532,0.468,0.133,0.402057
