tmp.site,Qmean,BFF,SFF,DRF,Error
14128500,2.93314e+06,0.446,0.554,0.221,0.287758
