tmp.site,Qmean,BFF,SFF,DRF,Error
05476590,2.59262e+06,0.619,0.381,0.035,0.392702
