tmp.site,Qmean,BFF,SFF,DRF,Error
08181800,1.35977e+06,0.379,0.621,0.227,0.364281
