tmp.site,Qmean,BFF,SFF,DRF,Error
03102850,1.20561e+06,0.432,0.568,0.144,0.416146
