tmp.site,Qmean,BFF,SFF,DRF,Error
08057410,6.26627e+06,0.207,0.793,0.322,0.392956
