tmp.site,Qmean,BFF,SFF,DRF,Error
02481510,1.47762e+06,0.357,0.643,0.038,0.384344
