tmp.site,Qmean,BFF,SFF,DRF,Error
02320500,1.65383e+07,0.453,0.547,0.041,0.363196
