tmp.site,Qmean,BFF,SFF,DRF,Error
05420500,1.24418e+08,0.628,0.372,0.045,0.309655
