tmp.site,Qmean,BFF,SFF,DRF,Error
05552500,4.83384e+06,0.599,0.401,0.068,0.311806
