tmp.site,Qmean,BFF,SFF,DRF,Error
01113895,2.35237e+06,0.583,0.417,0.055,0.286152
