tmp.site,Qmean,BFF,SFF,DRF,Error
02163500,2.34041e+06,0.575,0.425,0.072,0.28671
