tmp.site,Qmean,BFF,SFF,DRF,Error
05430500,5.27579e+06,0.831,0.169,0.003,0.323264
