tmp.site,Qmean,BFF,SFF,DRF,Error
04192500,1.13645e+07,0.404,0.596,0.071,0.419697
