tmp.site,Qmean,BFF,SFF,DRF,Error
04293500,2.38954e+06,0.383,0.617,0.108,0.409003
