tmp.site,Qmean,BFF,SFF,DRF,Error
01667500,1.33657e+06,0.445,0.555,0.075,0.35712
