tmp.site,Qmean,BFF,SFF,DRF,Error
06102050,2.12275e+06,0.59,0.41,0.05,0.539584
