tmp.site,Qmean,BFF,SFF,DRF,Error
14159110,5.98714e+06,0.74,0.26,0.034,0.134863
