tmp.site,Qmean,BFF,SFF,DRF,Error
12042800,2.44957e+06,0.33,0.67,0.321,0.326459
