tmp.site,Qmean,BFF,SFF,DRF,Error
05398000,8.99326e+06,0.603,0.397,0.201,0.210168
