tmp.site,Qmean,BFF,SFF,DRF,Error
08161000,7.04565e+06,0.292,0.708,0.264,0.413698
