tmp.site,Qmean,BFF,SFF,DRF,Error
07377000,2.19094e+06,0.32,0.68,0.396,0.266644
