tmp.site,Qmean,BFF,SFF,DRF,Error
07099400,1.61958e+06,0.573,0.427,0.057,0.773153
