tmp.site,Qmean,BFF,SFF,DRF,Error
03138500,3.74986e+06,0.436,0.564,0.097,0.380858
