tmp.site,Qmean,BFF,SFF,DRF,Error
02198000,1.42406e+06,0.506,0.494,0.138,0.364683
