tmp.site,Qmean,BFF,SFF,DRF,Error
10079500,1.90396e+06,0.736,0.264,0.026,0.611429
