tmp.site,Qmean,BFF,SFF,DRF,Error
0214244102,6.96341e+06,0.831,0.169,0.077,0.337584
