tmp.site,Qmean,BFF,SFF,DRF,Error
13046995,2.08291e+06,0.563,0.437,0.083,0.172441
