tmp.site,Qmean,BFF,SFF,DRF,Error
03379500,2.48148e+06,0.289,0.711,0.001,0.549165
