tmp.site,Qmean,BFF,SFF,DRF,Error
09521100,4.60435e+06,0.455,0.545,0.018,0.344755
