tmp.site,Qmean,BFF,SFF,DRF,Error
12301933,2.62714e+07,0.918,0.076,0.008,0.801724
