tmp.site,Qmean,BFF,SFF,DRF,Error
07063000,3.49543e+06,0.429,0.571,0.237,0.30432
