tmp.site,Qmean,BFF,SFF,DRF,Error
04268000,5.33222e+06,0.795,0.205,0.067,0.402163
