tmp.site,Qmean,BFF,SFF,DRF,Error
14326300,1.36272e+06,0.262,0.738,0.309,0.287625
