tmp.site,Qmean,BFF,SFF,DRF,Error
05379400,1.09305e+06,0.572,0.428,0.109,0.234976
