tmp.site,Qmean,BFF,SFF,DRF,Error
03099500,2.86605e+06,0.436,0.564,0.262,0.297399
