tmp.site,Qmean,BFF,SFF,DRF,Error
03036500,3.91901e+07,0.529,0.471,0.071,0.336735
