tmp.site,Qmean,BFF,SFF,DRF,Error
07241800,1.34917e+06,0.343,0.657,0.003,0.424236
