tmp.site,Qmean,BFF,SFF,DRF,Error
12399500,2.42036e+08,0.74,0.26,0.025,0.226012
