tmp.site,Qmean,BFF,SFF,DRF,Error
05536890,6.59651e+06,0.638,0.362,0.091,0.21617
