tmp.site,Qmean,BFF,SFF,DRF,Error
06235500,1.36519e+06,0.581,0.419,0.146,0.333007
