tmp.site,Qmean,BFF,SFF,DRF,Error
04174040,1.25073e+06,0.548,0.452,0.093,0.309058
