tmp.site,Qmean,BFF,SFF,DRF,Error
06799315,2.47091e+06,0.515,0.485,0.15,0.378374
