tmp.site,Qmean,BFF,SFF,DRF,Error
04269000,2.61724e+06,0.718,0.281,0.097,0.371781
