tmp.site,Qmean,BFF,SFF,DRF,Error
06279940,2.14913e+06,0.568,0.432,0.126,0.257452
