tmp.site,Qmean,BFF,SFF,DRF,Error
03301000,2.39867e+06,0.239,0.761,0.003,0.648032
