tmp.site,Qmean,BFF,SFF,DRF,Error
03041500,3.17669e+06,0.509,0.491,0.14,0.288504
