tmp.site,Qmean,BFF,SFF,DRF,Error
03209200,1.75776e+06,0.353,0.647,0.016,0.44003
