tmp.site,Qmean,BFF,SFF,DRF,Error
06279500,5.30671e+06,0.871,0.127,0.027,0.389141
