tmp.site,Qmean,BFF,SFF,DRF,Error
08028500,1.71318e+07,0.741,0.258,0.06,0.742272
