tmp.site,Qmean,BFF,SFF,DRF,Error
08062000,1.81594e+06,0.08,0.92,0.395,2.24174
