tmp.site,Qmean,BFF,SFF,DRF,Error
13022500,1.08808e+07,0.55,0.45,0.096,0.321764
