tmp.site,Qmean,BFF,SFF,DRF,Error
05482500,2.14949e+06,0.386,0.614,0.161,0.443119
