tmp.site,Qmean,BFF,SFF,DRF,Error
03127500,1.05072e+06,0.43,0.57,0.022,0.574983
