tmp.site,Qmean,BFF,SFF,DRF,Error
04263000,4.33428e+06,0.562,0.438,0.106,0.27797
