tmp.site,Qmean,BFF,SFF,DRF,Error
06040000,3.48029e+06,0.611,0.389,0.053,0.295118
