tmp.site,Qmean,BFF,SFF,DRF,Error
01127000,3.21842e+06,0.575,0.425,0.046,0.459918
