tmp.site,Qmean,BFF,SFF,DRF,Error
14319500,8.90995e+06,0.446,0.554,0.283,0.265908
