tmp.site,Qmean,BFF,SFF,DRF,Error
06799350,2.75169e+06,0.485,0.515,0.168,0.390545
