tmp.site,Qmean,BFF,SFF,DRF,Error
05593945,1.56067e+06,0.288,0.712,0.001,0.454748
