tmp.site,Qmean,BFF,SFF,DRF,Error
14171600,3.00945e+07,0.468,0.532,0.138,0.256689
