tmp.site,Qmean,BFF,SFF,DRF,Error
06884400,1.57579e+06,0.257,0.743,0.413,0.429637
