tmp.site,Qmean,BFF,SFF,DRF,Error
14185800,1.52861e+06,0.382,0.618,0.195,0.336032
