tmp.site,Qmean,BFF,SFF,DRF,Error
02161000,1.40862e+07,0.815,0.185,0.085,0.346805
