tmp.site,Qmean,BFF,SFF,DRF,Error
05465100,1.71388e+07,0.465,0.535,0.147,0.354403
