tmp.site,Qmean,BFF,SFF,DRF,Error
01010500,1.18056e+07,0.274,0.726,0.234,0.457054
