tmp.site,Qmean,BFF,SFF,DRF,Error
08331160,1.63731e+06,0.568,0.432,0.021,1.52432
