tmp.site,Qmean,BFF,SFF,DRF,Error
01031500,1.50099e+06,0.423,0.577,0.044,0.425036
