tmp.site,Qmean,BFF,SFF,DRF,Error
04114000,2.63969e+06,0.657,0.343,0.074,0.240701
