tmp.site,Qmean,BFF,SFF,DRF,Error
10075000,1.76079e+06,0.61,0.39,0.042,0.644126
