tmp.site,Qmean,BFF,SFF,DRF,Error
04085059,8.76376e+06,0.894,0.106,0.027,0.196789
