tmp.site,Qmean,BFF,SFF,DRF,Error
11525500,2.62868e+06,0.325,0.675,0.211,1.34229
