tmp.site,Qmean,BFF,SFF,DRF,Error
10346000,1.85163e+06,0.474,0.526,0.129,0.440727
