tmp.site,Qmean,BFF,SFF,DRF,Error
06785500,1.17723e+06,0.876,0.124,0.032,0.199124
