tmp.site,Qmean,BFF,SFF,DRF,Error
08074000,1.35406e+06,0.289,0.711,0.001,0.574717
