tmp.site,Qmean,BFF,SFF,DRF,Error
07332655,1.28995e+06,0.31,0.69,0.307,0.997345
