tmp.site,Qmean,BFF,SFF,DRF,Error
05280000,2.30752e+06,0.485,0.515,0.042,0.477392
