tmp.site,Qmean,BFF,SFF,DRF,Error
05080000,3.63382e+06,0.364,0.636,0.1,0.439002
