tmp.site,Qmean,BFF,SFF,DRF,Error
02347500,5.45136e+06,0.441,0.559,0.066,0.356929
