tmp.site,Qmean,BFF,SFF,DRF,Error
05330000,1.31765e+07,0.6,0.4,0.029,0.443925
