tmp.site,Qmean,BFF,SFF,DRF,Error
01629500,3.40436e+06,0.478,0.522,0.226,0.268542
