tmp.site,Qmean,BFF,SFF,DRF,Error
06486000,7.46888e+07,0.779,0.221,0.011,0.410841
