tmp.site,Qmean,BFF,SFF,DRF,Error
12181000,1.48467e+07,0.755,0.245,0.071,0.20481
