tmp.site,Qmean,BFF,SFF,DRF,Error
08162000,6.23749e+06,0.314,0.686,0.245,0.415141
