tmp.site,Qmean,BFF,SFF,DRF,Error
04252500,1.82511e+06,0.45,0.55,0.1,0.391292
