tmp.site,Qmean,BFF,SFF,DRF,Error
08012000,1.96803e+06,0.227,0.773,0.001,0.647281
