tmp.site,Qmean,BFF,SFF,DRF,Error
08037180,3.43411e+06,0.434,0.566,0.146,0.437905
