tmp.site,Qmean,BFF,SFF,DRF,Error
12344000,2.13924e+06,0.884,0.116,0.041,0.263884
