tmp.site,Qmean,BFF,SFF,DRF,Error
03029000,1.46952e+06,0.619,0.381,0.122,0.260929
