tmp.site,Qmean,BFF,SFF,DRF,Error
05381000,1.53202e+06,0.217,0.783,0.297,0.493164
