tmp.site,Qmean,BFF,SFF,DRF,Error
05378500,7.69492e+07,0.632,0.368,0.077,0.295006
