tmp.site,Qmean,BFF,SFF,DRF,Error
05452500,3.57242e+06,0.558,0.442,0.031,0.432187
