tmp.site,Qmean,BFF,SFF,DRF,Error
05455500,1.01373e+06,0.281,0.719,0.194,0.511691
