tmp.site,Qmean,BFF,SFF,DRF,Error
03238000,2.52814e+08,0.004,0.45,0,0.969543
