tmp.site,Qmean,BFF,SFF,DRF,Error
07030050,8.09624e+06,0.571,0.429,0.13,0.384218
