tmp.site,Qmean,BFF,SFF,DRF,Error
12439500,1.68336e+06,0.694,0.306,0.03,0.602635
