tmp.site,Qmean,BFF,SFF,DRF,Error
06024540,1.70709e+06,0.629,0.371,0.082,0.335583
