tmp.site,Qmean,BFF,SFF,DRF,Error
03343010,3.56009e+07,0.545,0.455,0.059,0.339023
