tmp.site,Qmean,BFF,SFF,DRF,Error
14165500,1.37041e+07,0.566,0.434,0.166,0.232172
