tmp.site,Qmean,BFF,SFF,DRF,Error
06058502,1.58715e+07,0.669,0.331,0.027,0.222843
