tmp.site,Qmean,BFF,SFF,DRF,Error
02357150,1.21016e+06,0.725,0.275,0.072,0.259924
