tmp.site,Qmean,BFF,SFF,DRF,Error
02052090,1.64911e+06,0.324,0.676,0.028,0.408277
