tmp.site,Qmean,BFF,SFF,DRF,Error
07191500,2.22501e+07,0.477,0.523,0.014,2.40649
