tmp.site,Qmean,BFF,SFF,DRF,Error
06038500,2.50382e+06,0.602,0.398,0.001,0.738428
