tmp.site,Qmean,BFF,SFF,DRF,Error
14335072,3.54749e+06,0.577,0.423,0.054,0.276996
