tmp.site,Qmean,BFF,SFF,DRF,Error
04062400,1.04336e+06,0.486,0.514,0.139,0.460182
