tmp.site,Qmean,BFF,SFF,DRF,Error
06935550,2.44746e+08,0.646,0.354,0.006,0.276731
