tmp.site,Qmean,BFF,SFF,DRF,Error
02202500,5.33137e+06,0.478,0.522,0.07,0.466298
