tmp.site,Qmean,BFF,SFF,DRF,Error
13046000,3.68429e+06,0.87,0.127,0.012,0.225473
