tmp.site,Qmean,BFF,SFF,DRF,Error
07336820,2.63855e+07,0.565,0.431,0.108,0.433972
