tmp.site,Qmean,BFF,SFF,DRF,Error
05443500,1.53846e+07,0.633,0.367,0.074,0.276168
