tmp.site,Qmean,BFF,SFF,DRF,Error
14186700,6.65751e+06,0.293,0.707,0.34,0.306683
