tmp.site,Qmean,BFF,SFF,DRF,Error
14209500,4.77788e+06,0.545,0.455,0.196,0.218635
