tmp.site,Qmean,BFF,SFF,DRF,Error
02318380,1.59659e+06,0.408,0.592,0.11,0.49002
