tmp.site,Qmean,BFF,SFF,DRF,Error
01628500,2.53071e+06,0.452,0.548,0.195,0.302187
