tmp.site,Qmean,BFF,SFF,DRF,Error
09522000,9.17903e+06,0.628,0.372,0.025,0.376591
