tmp.site,Qmean,BFF,SFF,DRF,Error
01673000,2.37105e+06,0.358,0.642,0.187,0.37022
