tmp.site,Qmean,BFF,SFF,DRF,Error
06919900,4.08069e+06,0.426,0.574,0.244,1.16258
