tmp.site,Qmean,BFF,SFF,DRF,Error
01152500,1.03939e+06,0.531,0.469,0.087,0.319236
