tmp.site,Qmean,BFF,SFF,DRF,Error
11294500,1.04922e+06,0.37,0.629,0.24,0.433996
