tmp.site,Qmean,BFF,SFF,DRF,Error
01371500,2.72724e+06,0.457,0.543,0.046,0.360551
