tmp.site,Qmean,BFF,SFF,DRF,Error
13019500,1.72218e+06,0.755,0.245,0.104,0.188739
