tmp.site,Qmean,BFF,SFF,DRF,Error
02479300,2.07349e+06,0.336,0.664,0.274,0.344333
