tmp.site,Qmean,BFF,SFF,DRF,Error
03341300,1.24885e+06,0.8,0.2,0.065,0.485851
