tmp.site,Qmean,BFF,SFF,DRF,Error
01674500,1.36619e+06,0.419,0.581,0.045,0.418351
