tmp.site,Qmean,BFF,SFF,DRF,Error
07075000,1.20219e+06,0.357,0.643,0.09,1.29897
