tmp.site,Qmean,BFF,SFF,DRF,Error
05567500,1.36121e+06,0.436,0.564,0.058,0.465676
