tmp.site,Qmean,BFF,SFF,DRF,Error
07020500,5.29809e+08,0.606,0.394,0.003,0.321266
