tmp.site,Qmean,BFF,SFF,DRF,Error
06330000,4.99227e+07,0.578,0.422,0.065,0.349758
