tmp.site,Qmean,BFF,SFF,DRF,Error
02130000,2.22973e+07,0.503,0.497,0.088,0.315551
