tmp.site,Qmean,BFF,SFF,DRF,Error
14158500,1.09393e+06,0.633,0.367,0.049,0.238594
