tmp.site,Qmean,BFF,SFF,DRF,Error
07340000,9.81927e+06,0.405,0.595,0.01,0.476821
