tmp.site,Qmean,BFF,SFF,DRF,Error
12443500,5.29488e+06,0.67,0.33,0.079,0.286339
