tmp.site,Qmean,BFF,SFF,DRF,Error
07161450,4.32863e+06,0.299,0.701,0.333,0.454565
