tmp.site,Qmean,BFF,SFF,DRF,Error
07072000,2.97305e+06,0.558,0.442,0.156,0.254037
