tmp.site,Qmean,BFF,SFF,DRF,Error
08279500,2.11957e+06,0.798,0.202,0.043,0.275424
