tmp.site,Qmean,BFF,SFF,DRF,Error
03454500,6.99387e+06,0.545,0.455,0.072,0.255479
