tmp.site,Qmean,BFF,SFF,DRF,Error
07182260,2.22988e+06,0.278,0.722,0.299,0.460209
