tmp.site,Qmean,BFF,SFF,DRF,Error
03380500,1.08963e+06,0.119,0.881,0,1.19544
