tmp.site,Qmean,BFF,SFF,DRF,Error
12452500,5.01808e+06,0.584,0.416,0.074,5.57454
