tmp.site,Qmean,BFF,SFF,DRF,Error
02174000,4.80816e+06,0.564,0.436,0.107,0.331735
