tmp.site,Qmean,BFF,SFF,DRF,Error
07076517,4.98931e+06,0.404,0.596,0.002,0.660974
