tmp.site,Qmean,BFF,SFF,DRF,Error
06882000,2.04036e+06,0.255,0.745,0.376,0.502364
