tmp.site,Qmean,BFF,SFF,DRF,Error
05331000,3.19707e+07,0.627,0.373,0.058,0.295058
