tmp.site,Qmean,BFF,SFF,DRF,Error
06918070,1.26362e+07,0.258,0.742,0.005,0.715337
