tmp.site,Qmean,BFF,SFF,DRF,Error
07369000,4.86511e+06,0.129,0.871,0.016,1.07259
