tmp.site,Qmean,BFF,SFF,DRF,Error
13011900,1.31226e+06,0.342,0.658,0.243,0.273484
