tmp.site,Qmean,BFF,SFF,DRF,Error
05374900,2.14323e+06,0.527,0.473,0.117,0.277621
