tmp.site,Qmean,BFF,SFF,DRF,Error
03206000,2.10381e+08,0.006,0.516,0,0.978938
