tmp.site,Qmean,BFF,SFF,DRF,Error
08159200,4.80986e+06,0.43,0.57,0.079,0.477069
