tmp.site,Qmean,BFF,SFF,DRF,Error
02376500,1.86732e+06,0.423,0.577,0.313,0.259068
