tmp.site,Qmean,BFF,SFF,DRF,Error
01544000,1.00494e+06,0.437,0.563,0.081,0.404432
