tmp.site,Qmean,BFF,SFF,DRF,Error
021624101,1.19327e+06,0.598,0.402,0.097,0.226778
