tmp.site,Qmean,BFF,SFF,DRF,Error
01099500,1.64516e+06,0.668,0.332,0.018,0.338299
