tmp.site,Qmean,BFF,SFF,DRF,Error
09361500,1.93882e+06,0.357,0.643,0.272,0.304908
