tmp.site,Qmean,BFF,SFF,DRF,Error
06934000,7.70315e+06,0.343,0.657,0.302,0.346125
