tmp.site,Qmean,BFF,SFF,DRF,Error
10086500,1.88783e+06,0.7,0.3,0.037,0.280723
