tmp.site,Qmean,BFF,SFF,DRF,Error
07057500,1.89469e+06,0.452,0.548,0.21,0.256622
