tmp.site,Qmean,BFF,SFF,DRF,Error
01064140,2.62738e+06,0.6,0.4,0.064,0.312522
