tmp.site,Qmean,BFF,SFF,DRF,Error
03314500,6.39003e+06,0.351,0.649,0.113,0.461297
