tmp.site,Qmean,BFF,SFF,DRF,Error
14378200,1.01205e+07,0.341,0.659,0.119,0.344193
