tmp.site,Qmean,BFF,SFF,DRF,Error
13062500,1.10126e+07,0.882,0.118,0.005,0.392604
