tmp.site,Qmean,BFF,SFF,DRF,Error
06917560,1.15032e+06,0.155,0.845,0.177,0.645267
