tmp.site,Qmean,BFF,SFF,DRF,Error
10136500,1.25806e+06,0.541,0.459,0.092,0.369426
