tmp.site,Qmean,BFF,SFF,DRF,Error
03599419,4.41292e+06,0.397,0.602,0.152,0.386327
