tmp.site,Qmean,BFF,SFF,DRF,Error
06154100,1.01838e+06,0.523,0.477,0.126,0.762718
