tmp.site,Qmean,BFF,SFF,DRF,Error
06799000,1.40761e+06,0.677,0.323,0.116,0.33153
