tmp.site,Qmean,BFF,SFF,DRF,Error
08020900,4.91474e+06,0.405,0.595,0.019,0.482024
