tmp.site,Qmean,BFF,SFF,DRF,Error
06930000,1.37079e+06,0.358,0.642,0.377,0.292758
