tmp.site,Qmean,BFF,SFF,DRF,Error
02320000,1.45452e+07,0.411,0.589,0.067,0.345712
