tmp.site,Qmean,BFF,SFF,DRF,Error
02366500,1.67785e+07,0.53,0.47,0.134,0.288475
