tmp.site,Qmean,BFF,SFF,DRF,Error
01540500,3.85467e+07,0.455,0.545,0.137,0.33664
