tmp.site,Qmean,BFF,SFF,DRF,Error
14208300,1.57458e+06,0.376,0.624,0.247,0.303323
