tmp.site,Qmean,BFF,SFF,DRF,Error
12450700,2.69047e+08,0.95,0.05,0.005,0.199643
