tmp.site,Qmean,BFF,SFF,DRF,Error
07031650,2.45965e+06,0.364,0.636,0.253,0.279458
