tmp.site,Qmean,BFF,SFF,DRF,Error
02315500,4.17709e+06,0.533,0.467,0.005,0.483314
