tmp.site,Qmean,BFF,SFF,DRF,Error
03232470,1.42836e+06,0.267,0.733,0.315,0.936092
