tmp.site,Qmean,BFF,SFF,DRF,Error
06896900,2.74581e+06,0.156,0.844,0.393,0.476216
