tmp.site,Qmean,BFF,SFF,DRF,Error
12210000,2.31644e+06,0.371,0.629,0.22,0.333559
