tmp.site,Qmean,BFF,SFF,DRF,Error
03406500,2.34551e+06,0.376,0.624,0.054,0.429165
