tmp.site,Qmean,BFF,SFF,DRF,Error
03532000,2.76013e+06,0.355,0.645,0.182,0.341789
