tmp.site,Qmean,BFF,SFF,DRF,Error
05594800,1.01717e+06,0.188,0.812,0,0.583668
