tmp.site,Qmean,BFF,SFF,DRF,Error
02439400,3.38833e+06,0.416,0.584,0.136,0.337656
