tmp.site,Qmean,BFF,SFF,DRF,Error
05355024,2.12192e+06,0.555,0.445,0.028,0.331656
