tmp.site,Qmean,BFF,SFF,DRF,Error
05587000,1.39816e+06,0.187,0.813,0.001,0.682798
