tmp.site,Qmean,BFF,SFF,DRF,Error
02323000,2.00273e+07,0.494,0.506,0.015,0.357907
