tmp.site,Qmean,BFF,SFF,DRF,Error
03575100,1.61329e+06,0.328,0.672,0.341,0.332227
