tmp.site,Qmean,BFF,SFF,DRF,Error
14019200,4.46244e+08,0.873,0.127,0.015,0.175594
