tmp.site,Qmean,BFF,SFF,DRF,Error
04227500,4.19833e+06,0.39,0.61,0.139,0.367513
