tmp.site,Qmean,BFF,SFF,DRF,Error
09423000,3.43823e+07,0.898,0.09,0.008,0.266743
