tmp.site,Qmean,BFF,SFF,DRF,Error
02319000,4.14548e+06,0.443,0.557,0.105,0.407003
