tmp.site,Qmean,BFF,SFF,DRF,Error
03360500,1.27325e+07,0.419,0.581,0.167,0.342766
