tmp.site,Qmean,BFF,SFF,DRF,Error
02350512,1.03368e+07,0.82,0.18,0.108,0.379219
