tmp.site,Qmean,BFF,SFF,DRF,Error
03324300,1.05322e+06,0.185,0.815,0.014,0.469059
