tmp.site,Qmean,BFF,SFF,DRF,Error
06917060,1.02135e+06,0.149,0.851,0.429,2.48496
