tmp.site,Qmean,BFF,SFF,DRF,Error
14173500,2.17905e+06,0.351,0.649,0.202,0.32411
