tmp.site,Qmean,BFF,SFF,DRF,Error
02322500,3.61052e+06,0.623,0.377,0.029,0.230914
