tmp.site,Qmean,BFF,SFF,DRF,Error
03289500,1.67234e+06,0.433,0.567,0.028,0.404295
