tmp.site,Qmean,BFF,SFF,DRF,Error
07348700,1.49588e+06,0.479,0.521,0.064,0.824519
