tmp.site,Qmean,BFF,SFF,DRF,Error
03351350,3.17813e+06,0.363,0.637,0.144,0.386544
