tmp.site,Qmean,BFF,SFF,DRF,Error
01513831,1.83604e+07,0.557,0.443,0.05,0.324514
