tmp.site,Qmean,BFF,SFF,DRF,Error
08160400,5.20284e+06,0.286,0.714,0.253,0.400862
