tmp.site,Qmean,BFF,SFF,DRF,Error
13049500,1.89321e+06,0.64,0.36,0.113,1.53537
