tmp.site,Qmean,BFF,SFF,DRF,Error
03384500,5.42729e+08,0.003,0.317,0,0.980937
