tmp.site,Qmean,BFF,SFF,DRF,Error
05227500,7.17214e+06,0.52,0.48,0.046,0.466575
