tmp.site,Qmean,BFF,SFF,DRF,Error
07064040,2.34306e+06,0.276,0.724,0.206,0.528881
