tmp.site,Qmean,BFF,SFF,DRF,Error
08012470,1.90532e+06,0.345,0.655,0.254,3.36887
