tmp.site,Qmean,BFF,SFF,DRF,Error
06879100,6.10289e+06,0.236,0.764,0.234,0.421243
