tmp.site,Qmean,BFF,SFF,DRF,Error
14327000,2.32233e+06,0.354,0.646,0.005,0.378657
