tmp.site,Qmean,BFF,SFF,DRF,Error
07343450,4.62981e+06,0.359,0.641,0,1.69101
