tmp.site,Qmean,BFF,SFF,DRF,Error
07316000,7.52851e+06,0.239,0.761,0.001,0.483514
