tmp.site,Qmean,BFF,SFF,DRF,Error
13047600,1.99241e+06,0.522,0.478,0.103,0.202839
