tmp.site,Qmean,BFF,SFF,DRF,Error
14206241,2.22317e+06,0.597,0.403,0.069,0.381758
