tmp.site,Qmean,BFF,SFF,DRF,Error
04024000,5.87254e+06,0.83,0.17,0.069,0.24535
