tmp.site,Qmean,BFF,SFF,DRF,Error
021564493,8.32364e+06,0.579,0.421,0.13,0.229828
