tmp.site,Qmean,BFF,SFF,DRF,Error
04189131,1.19201e+06,0.199,0.801,0.001,0.441727
