tmp.site,Qmean,BFF,SFF,DRF,Error
12189500,1.06491e+07,0.582,0.418,0.139,0.25173
