tmp.site,Qmean,BFF,SFF,DRF,Error
06892518,1.78171e+07,0.408,0.592,0.179,0.351388
