tmp.site,Qmean,BFF,SFF,DRF,Error
05051522,2.54646e+06,0.529,0.471,0.062,0.479754
