tmp.site,Qmean,BFF,SFF,DRF,Error
06336000,1.11927e+06,0.208,0.792,0.241,2.20969
