tmp.site,Qmean,BFF,SFF,DRF,Error
02011800,1.08374e+06,0.383,0.617,0.282,0.363037
