tmp.site,Qmean,BFF,SFF,DRF,Error
05555300,2.24074e+06,0.411,0.589,0.044,0.45416
