tmp.site,Qmean,BFF,SFF,DRF,Error
03363900,1.57085e+06,0.374,0.626,0.239,0.372171
