tmp.site,Qmean,BFF,SFF,DRF,Error
02246500,3.42709e+07,0.456,0.542,0.014,2.56814
