tmp.site,Qmean,BFF,SFF,DRF,Error
03281000,1.90015e+06,0.329,0.671,0.048,0.528035
