tmp.site,Qmean,BFF,SFF,DRF,Error
0208250410,1.70024e+06,0.268,0.732,0.345,0.449747
