tmp.site,Qmean,BFF,SFF,DRF,Error
03106500,1.41646e+06,0.436,0.563,0.08,0.370708
