tmp.site,Qmean,BFF,SFF,DRF,Error
14171000,1.07209e+06,0.454,0.546,0.147,0.325246
