tmp.site,Qmean,BFF,SFF,DRF,Error
14308910,2.57034e+06,0.6,0.4,0.134,0.348191
