tmp.site,Qmean,BFF,SFF,DRF,Error
01361000,1.14407e+06,0.523,0.477,0.075,0.343572
