tmp.site,Qmean,BFF,SFF,DRF,Error
03310300,1.28349e+06,0.402,0.598,0.105,0.370712
