tmp.site,Qmean,BFF,SFF,DRF,Error
02301718,1.10853e+06,0.501,0.499,0.028,1.73111
