tmp.site,Qmean,BFF,SFF,DRF,Error
03153500,3.25887e+06,0.265,0.735,0.015,0.468101
