tmp.site,Qmean,BFF,SFF,DRF,Error
03024000,4.70648e+06,0.441,0.559,0.059,0.380558
