tmp.site,Qmean,BFF,SFF,DRF,Error
04176500,1.89574e+06,0.425,0.575,0.086,0.374912
