tmp.site,Qmean,BFF,SFF,DRF,Error
03332345,2.98061e+06,0.709,0.291,0.061,0.23264
