tmp.site,Qmean,BFF,SFF,DRF,Error
05046000,1.08434e+06,0.728,0.272,0.005,0.626008
