tmp.site,Qmean,BFF,SFF,DRF,Error
03280000,3.43554e+06,0.351,0.649,0.101,0.424882
