tmp.site,Qmean,BFF,SFF,DRF,Error
11444500,3.40576e+06,0.508,0.492,0.027,0.530369
