tmp.site,Qmean,BFF,SFF,DRF,Error
11451800,1.39299e+06,0.696,0.304,0.053,2.05056
