tmp.site,Qmean,BFF,SFF,DRF,Error
03194700,1.67317e+06,0.417,0.583,0.072,0.389374
