tmp.site,Qmean,BFF,SFF,DRF,Error
12045500,3.69057e+06,0.567,0.433,0.165,0.314363
