tmp.site,Qmean,BFF,SFF,DRF,Error
02474600,1.39428e+06,0.233,0.754,0.131,0.610665
