tmp.site,Qmean,BFF,SFF,DRF,Error
03015000,3.86197e+06,0.508,0.492,0.055,0.395915
