tmp.site,Qmean,BFF,SFF,DRF,Error
03098600,2.86387e+06,0.36,0.64,0.29,0.334415
