tmp.site,Qmean,BFF,SFF,DRF,Error
07064000,4.75006e+06,0.514,0.486,0.127,0.340219
