tmp.site,Qmean,BFF,SFF,DRF,Error
06877600,3.63623e+06,0.347,0.653,0.004,0.49364
