tmp.site,Qmean,BFF,SFF,DRF,Error
06895500,1.35597e+08,0.586,0.414,0.009,0.354004
