tmp.site,Qmean,BFF,SFF,DRF,Error
01543000,1.11492e+06,0.416,0.584,0.065,0.406652
