tmp.site,Qmean,BFF,SFF,DRF,Error
07289350,3.65938e+06,0.249,0.751,0.001,0.427277
