tmp.site,Qmean,BFF,SFF,DRF,Error
03531500,1.32461e+06,0.391,0.609,0.042,0.363803
