tmp.site,Qmean,BFF,SFF,DRF,Error
13334300,8.22376e+07,0.914,0.086,0.01,0.194155
