tmp.site,Qmean,BFF,SFF,DRF,Error
07010000,4.66565e+08,0.604,0.396,0.03,0.283067
