tmp.site,Qmean,BFF,SFF,DRF,Error
03340500,2.57962e+07,0.522,0.478,0.074,0.325448
