tmp.site,Qmean,BFF,SFF,DRF,Error
06790500,2.40881e+06,0.67,0.33,0.087,0.332918
