tmp.site,Qmean,BFF,SFF,DRF,Error
05488500,1.56138e+07,0.364,0.636,0.079,0.465991
