tmp.site,Qmean,BFF,SFF,DRF,Error
10339410,1.08403e+06,0.388,0.612,0.112,0.458163
