tmp.site,Qmean,BFF,SFF,DRF,Error
11303000,2.26842e+06,0.595,0.405,0.055,0.745969
