tmp.site,Qmean,BFF,SFF,DRF,Error
12417650,1.32804e+07,0.706,0.293,0.042,0.294402
