tmp.site,Qmean,BFF,SFF,DRF,Error
14105700,4.59206e+08,0.729,0.271,0.037,0.24751
