tmp.site,Qmean,BFF,SFF,DRF,Error
05584500,1.15445e+06,0.32,0.68,0.105,0.592749
