tmp.site,Qmean,BFF,SFF,DRF,Error
01417500,1.31378e+06,0.384,0.616,0.219,0.408411
