tmp.site,Qmean,BFF,SFF,DRF,Error
09242500,1.39125e+06,0.441,0.557,0.198,0.471763
