tmp.site,Qmean,BFF,SFF,DRF,Error
05242300,8.54374e+06,0.61,0.39,0.048,0.469734
