tmp.site,Qmean,BFF,SFF,DRF,Error
11446500,8.98312e+06,0.484,0.516,0.159,2.43926
