tmp.site,Qmean,BFF,SFF,DRF,Error
14202000,2.94767e+06,0.472,0.528,0.088,0.34842
