tmp.site,Qmean,BFF,SFF,DRF,Error
04121500,2.58969e+06,0.628,0.372,0.112,0.225544
