tmp.site,Qmean,BFF,SFF,DRF,Error
08066250,2.09324e+07,0.152,0.848,0.227,0.406351
