tmp.site,Qmean,BFF,SFF,DRF,Error
12462500,7.81482e+06,0.623,0.377,0.084,0.265645
