tmp.site,Qmean,BFF,SFF,DRF,Error
01085000,1.60429e+06,0.548,0.452,0.054,0.344146
