tmp.site,Qmean,BFF,SFF,DRF,Error
07328500,2.40968e+06,0.449,0.551,0.087,0.552978
