tmp.site,Qmean,BFF,SFF,DRF,Error
01574000,1.52351e+06,0.354,0.646,0.078,0.375179
