tmp.site,Qmean,BFF,SFF,DRF,Error
07363200,3.95243e+06,0.235,0.765,0.146,0.477705
