tmp.site,Qmean,BFF,SFF,DRF,Error
12101500,8.11699e+06,0.674,0.326,0.137,0.209984
