tmp.site,Qmean,BFF,SFF,DRF,Error
07144300,2.42231e+06,0.317,0.683,0.2,0.443708
