tmp.site,Qmean,BFF,SFF,DRF,Error
04124200,2.96406e+06,0.821,0.179,0.022,0.103269
