tmp.site,Qmean,BFF,SFF,DRF,Error
03196800,4.68767e+06,0.629,0.371,0.152,0.452176
