tmp.site,Qmean,BFF,SFF,DRF,Error
03434500,2.46216e+06,0.388,0.612,0.072,0.364626
