tmp.site,Qmean,BFF,SFF,DRF,Error
13027500,1.86757e+06,0.586,0.414,0.079,0.219535
