tmp.site,Qmean,BFF,SFF,DRF,Error
08117705,1.29077e+06,0.238,0.762,0.131,0.636703
