tmp.site,Qmean,BFF,SFF,DRF,Error
09152500,6.03979e+06,0.818,0.178,0.051,0.341738
