tmp.site,Qmean,BFF,SFF,DRF,Error
06043120,1.32354e+06,0.51,0.49,0.135,0.224022
