tmp.site,Qmean,BFF,SFF,DRF,Error
01646500,2.78245e+07,0.476,0.524,0.062,0.339002
