tmp.site,Qmean,BFF,SFF,DRF,Error
13249500,6.96571e+06,0.567,0.433,0.134,0.34117
