tmp.site,Qmean,BFF,SFF,DRF,Error
05526000,4.44514e+06,0.42,0.58,0.048,0.456952
