tmp.site,Qmean,BFF,SFF,DRF,Error
12404500,7.18301e+06,0.58,0.42,0.102,0.364391
