tmp.site,Qmean,BFF,SFF,DRF,Error
02081747,1.04663e+06,0.275,0.725,0.189,0.422003
