tmp.site,Qmean,BFF,SFF,DRF,Error
12322000,3.43781e+07,0.674,0.326,0.064,0.342289
