tmp.site,Qmean,BFF,SFF,DRF,Error
01428500,8.34034e+06,0.5,0.5,0.116,0.312696
