tmp.site,Qmean,BFF,SFF,DRF,Error
06916600,5.41263e+06,0.313,0.687,0.117,0.668943
