tmp.site,Qmean,BFF,SFF,DRF,Error
05030500,1.02559e+06,0.629,0.371,0.01,0.432346
