tmp.site,Qmean,BFF,SFF,DRF,Error
01381900,1.58468e+06,0.45,0.55,0.069,0.344131
