tmp.site,Qmean,BFF,SFF,DRF,Error
03197000,5.04018e+06,0.391,0.609,0.059,0.431233
