tmp.site,Qmean,BFF,SFF,DRF,Error
03226800,1.28299e+06,0.194,0.806,0.418,0.505852
