tmp.site,Qmean,BFF,SFF,DRF,Error
02112250,3.37198e+06,0.588,0.412,0.097,0.235116
