tmp.site,Qmean,BFF,SFF,DRF,Error
03182500,2.18287e+06,0.401,0.599,0.051,0.384265
