tmp.site,Qmean,BFF,SFF,DRF,Error
14154500,1.42234e+06,0.295,0.705,0.194,0.387101
