tmp.site,Qmean,BFF,SFF,DRF,Error
02166501,3.54746e+06,0.432,0.568,0.183,0.338422
