tmp.site,Qmean,BFF,SFF,DRF,Error
01606000,1.02688e+06,0.49,0.51,0.038,0.385433
