tmp.site,Qmean,BFF,SFF,DRF,Error
06208500,2.54794e+06,0.628,0.37,0.143,0.35089
