tmp.site,Qmean,BFF,SFF,DRF,Error
02335815,5.43537e+06,0.617,0.383,0.146,0.265584
