tmp.site,Qmean,BFF,SFF,DRF,Error
02016000,1.32322e+06,0.321,0.679,0.297,0.353237
