tmp.site,Qmean,BFF,SFF,DRF,Error
05387500,1.01662e+06,0.394,0.606,0.219,0.323613
