tmp.site,Qmean,BFF,SFF,DRF,Error
11355010,4.39898e+06,0.846,0.154,0.189,0.171058
