tmp.site,Qmean,BFF,SFF,DRF,Error
06884025,1.12562e+06,0.295,0.705,0.386,0.403086
