tmp.site,Qmean,BFF,SFF,DRF,Error
02066000,7.36897e+06,0.994,0.006,0.008,3.97418
