tmp.site,Qmean,BFF,SFF,DRF,Error
02477500,6.49713e+06,0.364,0.636,0.108,0.348341
