tmp.site,Qmean,BFF,SFF,DRF,Error
01457500,3.09087e+07,0.541,0.459,0.129,0.297859
