tmp.site,Qmean,BFF,SFF,DRF,Error
14139940,1.07561e+06,0.855,0.145,0.063,0.809695
