tmp.site,Qmean,BFF,SFF,DRF,Error
06894650,1.61963e+08,0.56,0.44,0.011,0.291327
