tmp.site,Qmean,BFF,SFF,DRF,Error
02315550,4.48481e+06,0.639,0.361,0.019,0.376563
