tmp.site,Qmean,BFF,SFF,DRF,Error
07364185,3.33361e+06,0.528,0.472,0.001,0.764712
