tmp.site,Qmean,BFF,SFF,DRF,Error
03571000,1.87913e+06,0.348,0.652,0.219,0.360639
