tmp.site,Qmean,BFF,SFF,DRF,Error
02335880,6.96568e+06,0.665,0.335,0.052,0.222191
