tmp.site,Qmean,BFF,SFF,DRF,Error
02077000,1.22518e+06,0.406,0.594,0.244,0.410567
