tmp.site,Qmean,BFF,SFF,DRF,Error
14306500,3.54689e+06,0.397,0.603,0.17,0.26898
