tmp.site,Qmean,BFF,SFF,DRF,Error
07166500,1.93457e+06,0.208,0.792,0.22,4.00538
