tmp.site,Qmean,BFF,SFF,DRF,Error
05410490,1.50653e+06,0.701,0.299,0.056,0.154114
