tmp.site,Qmean,BFF,SFF,DRF,Error
02201230,2.34702e+06,0.452,0.548,0.069,0.45802
