tmp.site,Qmean,BFF,SFF,DRF,Error
09365000,4.66019e+06,0.573,0.427,0.118,0.456117
