tmp.site,Qmean,BFF,SFF,DRF,Error
03213700,2.83222e+06,0.42,0.58,0.078,0.328655
