tmp.site,Qmean,BFF,SFF,DRF,Error
07077500,3.93243e+06,0.709,0.291,0.085,4.08455
