tmp.site,Qmean,BFF,SFF,DRF,Error
08038000,1.08104e+06,0.496,0.504,0.014,0.463417
