tmp.site,Qmean,BFF,SFF,DRF,Error
12106700,2.30464e+06,0.445,0.555,0.226,0.371143
