tmp.site,Qmean,BFF,SFF,DRF,Error
04079000,4.50286e+06,0.479,0.521,0.088,0.314392
