tmp.site,Qmean,BFF,SFF,DRF,Error
10311750,1.19764e+06,0.525,0.475,0.116,0.422731
