tmp.site,Qmean,BFF,SFF,DRF,Error
11463682,1.85354e+06,0.241,0.759,0.406,0.397288
