tmp.site,Qmean,BFF,SFF,DRF,Error
02399200,1.11982e+06,0.429,0.571,0.045,0.441507
