tmp.site,Qmean,BFF,SFF,DRF,Error
07021000,1.34616e+06,0.318,0.682,0.363,0.323473
