tmp.site,Qmean,BFF,SFF,DRF,Error
03204000,4.01089e+06,0.413,0.587,0.064,0.397185
