tmp.site,Qmean,BFF,SFF,DRF,Error
07263012,3.41639e+06,0.216,0.784,0.364,1.07171
