tmp.site,Qmean,BFF,SFF,DRF,Error
14240525,1.94093e+06,0.579,0.421,0.127,0.244366
