tmp.site,Qmean,BFF,SFF,DRF,Error
02316000,1.24279e+06,0.548,0.452,0.015,0.721963
