tmp.site,Qmean,BFF,SFF,DRF,Error
12155300,1.20479e+06,0.383,0.617,0.167,0.340838
