tmp.site,Qmean,BFF,SFF,DRF,Error
04260500,1.04592e+07,0.621,0.379,0.119,0.242286
