tmp.site,Qmean,BFF,SFF,DRF,Error
12172000,1.01007e+06,0.557,0.443,0.161,0.253679
