tmp.site,Qmean,BFF,SFF,DRF,Error
06768000,3.85337e+06,0.621,0.379,0.015,4.77484
