tmp.site,Qmean,BFF,SFF,DRF,Error
08188810,2.87274e+06,0.552,0.448,0.006,0.723555
