tmp.site,Qmean,BFF,SFF,DRF,Error
03329000,8.82818e+06,0.286,0.714,0.272,0.399371
