tmp.site,Qmean,BFF,SFF,DRF,Error
02080500,1.98377e+07,0.437,0.563,0.104,0.541793
