tmp.site,Qmean,BFF,SFF,DRF,Error
02392000,2.91866e+06,0.563,0.437,0.073,0.274302
