tmp.site,Qmean,BFF,SFF,DRF,Error
05479000,1.72385e+06,0.527,0.473,0.033,0.469271
