tmp.site,Qmean,BFF,SFF,DRF,Error
03301500,4.58504e+06,0.35,0.65,0.002,0.480233
