tmp.site,Qmean,BFF,SFF,DRF,Error
01354500,1.55913e+07,0.598,0.402,0.105,0.349986
