tmp.site,Qmean,BFF,SFF,DRF,Error
01549760,2.05562e+07,0.581,0.419,0.007,0.314666
