tmp.site,Qmean,BFF,SFF,DRF,Error
05550001,3.29678e+06,0.773,0.226,0.029,0.318282
