tmp.site,Qmean,BFF,SFF,DRF,Error
04067500,8.25094e+06,0.741,0.259,0.107,0.203792
