tmp.site,Qmean,BFF,SFF,DRF,Error
09508500,1.30681e+06,0.272,0.728,0.389,0.405352
