tmp.site,Qmean,BFF,SFF,DRF,Error
03247500,1.41939e+06,0.144,0.856,0.009,0.545747
