tmp.site,Qmean,BFF,SFF,DRF,Error
11530500,4.10785e+07,0.476,0.524,0.158,0.296501
