tmp.site,Qmean,BFF,SFF,DRF,Error
06188000,2.17568e+06,0.287,0.713,0.254,0.35213
