tmp.site,Qmean,BFF,SFF,DRF,Error
08030500,2.02915e+07,0.473,0.526,0.024,0.498494
