tmp.site,Qmean,BFF,SFF,DRF,Error
05383075,1.06415e+06,0.79,0.21,0.073,0.14275
