tmp.site,Qmean,BFF,SFF,DRF,Error
01111212,1.23817e+06,0.589,0.411,0.003,0.294178
