tmp.site,Qmean,BFF,SFF,DRF,Error
12141300,3.02969e+06,0.389,0.611,0.249,0.329459
