tmp.site,Qmean,BFF,SFF,DRF,Error
13213000,3.68381e+06,0.446,0.554,0.052,0.394568
