tmp.site,Qmean,BFF,SFF,DRF,Error
01370520,1.81772e+06,0.416,0.584,0.026,0.386961
