tmp.site,Qmean,BFF,SFF,DRF,Error
02349605,8.33161e+06,0.451,0.549,0.212,0.311374
