tmp.site,Qmean,BFF,SFF,DRF,Error
01434000,1.29912e+07,0.572,0.428,0.069,0.269715
