tmp.site,Qmean,BFF,SFF,DRF,Error
14076500,2.19226e+06,0.581,0.419,0.04,0.188845
