tmp.site,Qmean,BFF,SFF,DRF,Error
12389000,4.72294e+07,0.813,0.187,0.028,0.298329
