tmp.site,Qmean,BFF,SFF,DRF,Error
14056500,1.80015e+06,0.746,0.249,0.009,2.47367
