tmp.site,Qmean,BFF,SFF,DRF,Error
11532500,9.08356e+06,0.262,0.738,0.348,0.350679
