tmp.site,Qmean,BFF,SFF,DRF,Error
07364133,1.27473e+06,0.521,0.479,0.005,1.37063
