tmp.site,Qmean,BFF,SFF,DRF,Error
05572000,1.05116e+06,0.404,0.596,0.071,0.463023
