tmp.site,Qmean,BFF,SFF,DRF,Error
03200500,2.95515e+06,0.394,0.606,0.075,0.413135
