tmp.site,Qmean,BFF,SFF,DRF,Error
11443500,1.18004e+06,0.09,0.91,0.409,1.41095
