tmp.site,Qmean,BFF,SFF,DRF,Error
06777495,2.59438e+06,0.876,0.124,0.014,0.187554
