tmp.site,Qmean,BFF,SFF,DRF,Error
06016000,1.07203e+06,0.623,0.377,0.05,0.404976
