tmp.site,Qmean,BFF,SFF,DRF,Error
14092500,1.11103e+07,0.815,0.185,0.014,0.119687
