tmp.site,Qmean,BFF,SFF,DRF,Error
02326900,1.63468e+06,0.576,0.424,0.024,0.277905
