tmp.site,Qmean,BFF,SFF,DRF,Error
02375500,1.46388e+07,0.514,0.486,0.104,0.28995
