tmp.site,Qmean,BFF,SFF,DRF,Error
01130000,1.18574e+06,0.483,0.517,0.068,0.337557
