tmp.site,Qmean,BFF,SFF,DRF,Error
07231500,4.15635e+06,0.298,0.702,0.123,1.89526
