tmp.site,Qmean,BFF,SFF,DRF,Error
07035800,1.49342e+06,0.303,0.697,0.152,0.470698
