tmp.site,Qmean,BFF,SFF,DRF,Error
05536995,8.06731e+06,0.726,0.274,0.084,0.161667
