tmp.site,Qmean,BFF,SFF,DRF,Error
06793000,2.24542e+06,0.457,0.542,0.052,3.15969
