tmp.site,Qmean,BFF,SFF,DRF,Error
07348500,5.91032e+07,0.511,0.489,0.028,0.403307
