tmp.site,Qmean,BFF,SFF,DRF,Error
02341460,1.61565e+07,0.6,0.4,0.17,0.433798
