tmp.site,Qmean,BFF,SFF,DRF,Error
01553500,2.68824e+07,0.541,0.459,0.05,0.309906
