tmp.site,Qmean,BFF,SFF,DRF,Error
02167000,4.38622e+06,0.522,0.478,0.156,0.448233
