tmp.site,Qmean,BFF,SFF,DRF,Error
12035400,1.27984e+06,0.39,0.61,0.283,0.325599
