tmp.site,Qmean,BFF,SFF,DRF,Error
03277500,1.40625e+06,0.379,0.621,0.06,0.461116
