tmp.site,Qmean,BFF,SFF,DRF,Error
01534000,1.37993e+06,0.476,0.524,0.061,0.345844
