tmp.site,Qmean,BFF,SFF,DRF,Error
11473900,3.67063e+06,0.435,0.565,0.051,0.42963
