tmp.site,Qmean,BFF,SFF,DRF,Error
14194150,4.14016e+06,0.419,0.581,0.111,0.349567
