tmp.site,Qmean,BFF,SFF,DRF,Error
03221000,2.17297e+06,0.271,0.729,0.118,0.553712
