tmp.site,Qmean,BFF,SFF,DRF,Error
14101500,1.01845e+06,0.566,0.434,0.128,0.316034
