tmp.site,Qmean,BFF,SFF,DRF,Error
04069500,2.23534e+06,0.719,0.281,0.089,0.225021
