tmp.site,Qmean,BFF,SFF,DRF,Error
07145600,4.17562e+06,0.312,0.688,0.276,0.369129
