tmp.site,Qmean,BFF,SFF,DRF,Error
04066003,6.63006e+06,0.586,0.414,0.119,0.271019
