tmp.site,Qmean,BFF,SFF,DRF,Error
01054000,6.30213e+06,0.652,0.348,0.135,0.181864
