tmp.site,Qmean,BFF,SFF,DRF,Error
040851385,1.28486e+07,0.732,0.268,0.015,0.423022
