tmp.site,Qmean,BFF,SFF,DRF,Error
02319500,1.50048e+07,0.454,0.546,0.069,0.369823
