tmp.site,Qmean,BFF,SFF,DRF,Error
01431500,1.24252e+06,0.463,0.537,0.077,0.351745
