tmp.site,Qmean,BFF,SFF,DRF,Error
07375500,2.82606e+06,0.388,0.612,0.355,0.271233
