tmp.site,Qmean,BFF,SFF,DRF,Error
02334653,5.17684e+06,0.795,0.205,0.086,0.542539
