tmp.site,Qmean,BFF,SFF,DRF,Error
12389500,1.04474e+06,0.368,0.632,0.139,0.284081
