tmp.site,Qmean,BFF,SFF,DRF,Error
13206305,1.37557e+06,0.587,0.413,0.045,0.310199
