tmp.site,Qmean,BFF,SFF,DRF,Error
10068500,1.40353e+06,0.589,0.411,0.001,0.897848
