tmp.site,Qmean,BFF,SFF,DRF,Error
02407000,3.40518e+07,0.448,0.552,0.102,0.57918
