tmp.site,Qmean,BFF,SFF,DRF,Error
01511500,2.96275e+06,0.465,0.535,0.063,0.327789
