tmp.site,Qmean,BFF,SFF,DRF,Error
14238000,1.52534e+07,0.882,0.118,0.035,0.358299
