tmp.site,Qmean,BFF,SFF,DRF,Error
02371500,1.53807e+06,0.436,0.564,0.077,0.385818
