tmp.site,Qmean,BFF,SFF,DRF,Error
12359800,6.38124e+06,0.604,0.396,0.158,0.211651
