tmp.site,Qmean,BFF,SFF,DRF,Error
01347000,7.12291e+06,0.548,0.452,0.197,0.255419
