tmp.site,Qmean,BFF,SFF,DRF,Error
02443500,2.76818e+06,0.413,0.587,0.113,0.377749
