tmp.site,Qmean,BFF,SFF,DRF,Error
03453500,6.06129e+06,0.599,0.401,0.04,0.229239
