tmp.site,Qmean,BFF,SFF,DRF,Error
14064500,3.44502e+06,0.717,0.267,0.002,0.376845
