tmp.site,Qmean,BFF,SFF,DRF,Error
03272100,9.33826e+06,0.375,0.625,0.225,0.330116
