tmp.site,Qmean,BFF,SFF,DRF,Error
03049500,4.87271e+07,0.551,0.449,0.053,0.319361
