tmp.site,Qmean,BFF,SFF,DRF,Error
05382000,4.52043e+06,0.333,0.667,0.34,0.343028
