tmp.site,Qmean,BFF,SFF,DRF,Error
08048543,1.23264e+06,0.07,0.93,0,0.716369
