tmp.site,Qmean,BFF,SFF,DRF,Error
02202190,4.13468e+06,0.548,0.452,0.084,0.449493
