tmp.site,Qmean,BFF,SFF,DRF,Error
01081500,6.97581e+06,0.556,0.444,0.13,0.285579
