tmp.site,Qmean,BFF,SFF,DRF,Error
14151000,1.39007e+06,0.203,0.797,0.331,0.599027
