tmp.site,Qmean,BFF,SFF,DRF,Error
12436500,2.61047e+08,0.81,0.19,0.015,0.275692
