tmp.site,Qmean,BFF,SFF,DRF,Error
03202400,1.03649e+06,0.449,0.551,0.088,0.302238
