tmp.site,Qmean,BFF,SFF,DRF,Error
04136900,2.78377e+06,0.776,0.224,0.033,0.131856
