tmp.site,Qmean,BFF,SFF,DRF,Error
09209400,3.73747e+06,0.664,0.336,0.097,0.318799
