tmp.site,Qmean,BFF,SFF,DRF,Error
06620000,1.03833e+06,0.474,0.526,0.189,0.380195
