tmp.site,Qmean,BFF,SFF,DRF,Error
04063000,4.28526e+06,0.828,0.172,0.082,0.196359
