tmp.site,Qmean,BFF,SFF,DRF,Error
12100496,2.23571e+06,0.23,0.77,0.297,0.415356
