tmp.site,Qmean,BFF,SFF,DRF,Error
07182250,2.06471e+06,0.239,0.761,0.375,0.477389
