tmp.site,Qmean,BFF,SFF,DRF,Error
07335790,2.49796e+06,0.299,0.701,0.037,0.819755
