tmp.site,Qmean,BFF,SFF,DRF,Error
04145000,1.12658e+06,0.557,0.443,0.097,0.332871
