tmp.site,Qmean,BFF,SFF,DRF,Error
10039500,1.01181e+06,0.661,0.339,0.05,0.319775
