tmp.site,Qmean,BFF,SFF,DRF,Error
02363000,1.41779e+06,0.362,0.638,0.083,0.444856
