tmp.site,Qmean,BFF,SFF,DRF,Error
01573000,1.44426e+06,0.444,0.556,0.045,0.348225
