tmp.site,Qmean,BFF,SFF,DRF,Error
06905500,3.20611e+06,0.287,0.713,0.13,0.534218
