tmp.site,Qmean,BFF,SFF,DRF,Error
02414715,7.38197e+06,0.455,0.545,0.047,0.571518
