tmp.site,Qmean,BFF,SFF,DRF,Error
01610000,8.27458e+06,0.438,0.562,0.167,0.331842
