tmp.site,Qmean,BFF,SFF,DRF,Error
05481300,8.24459e+06,0.553,0.447,0.077,0.38129
