tmp.site,Qmean,BFF,SFF,DRF,Error
03081500,5.33499e+06,0.718,0.282,0.133,0.302854
