tmp.site,Qmean,BFF,SFF,DRF,Error
03183500,4.89764e+06,0.393,0.607,0.082,0.391298
