tmp.site,Qmean,BFF,SFF,DRF,Error
08019200,3.17073e+06,0.399,0.601,0.057,0.618229
