tmp.site,Qmean,BFF,SFF,DRF,Error
02029000,1.27773e+07,0.514,0.486,0.143,0.271623
