tmp.site,Qmean,BFF,SFF,DRF,Error
05517000,1.01996e+06,0.464,0.536,0.232,0.308223
