tmp.site,Qmean,BFF,SFF,DRF,Error
05476500,1.09094e+06,0.58,0.42,0.013,0.489142
