tmp.site,Qmean,BFF,SFF,DRF,Error
08330875,2.02226e+06,0.58,0.42,0.039,0.489379
