tmp.site,Qmean,BFF,SFF,DRF,Error
02339500,1.33976e+07,0.818,0.182,0.112,0.699993
