tmp.site,Qmean,BFF,SFF,DRF,Error
06038800,2.94192e+06,0.713,0.287,0.035,0.230896
