tmp.site,Qmean,BFF,SFF,DRF,Error
02478500,9.64399e+06,0.394,0.606,0.109,0.368532
