tmp.site,Qmean,BFF,SFF,DRF,Error
07109500,2.14487e+06,0.647,0.353,0.169,0.334347
