tmp.site,Qmean,BFF,SFF,DRF,Error
08073700,1.07967e+06,0.179,0.821,0.432,0.494264
