tmp.site,Qmean,BFF,SFF,DRF,Error
02390050,1.56575e+06,0.579,0.421,0.061,0.259365
