tmp.site,Qmean,BFF,SFF,DRF,Error
11335000,1.24936e+06,0.41,0.59,0.12,3.52137
