tmp.site,Qmean,BFF,SFF,DRF,Error
14181500,5.64185e+06,0.512,0.488,0.169,0.305617
