tmp.site,Qmean,BFF,SFF,DRF,Error
14328000,2.00232e+06,0.613,0.387,0.141,0.235527
