tmp.site,Qmean,BFF,SFF,DRF,Error
06764880,1.63796e+06,0.518,0.482,0.041,8.90972
