tmp.site,Qmean,BFF,SFF,DRF,Error
08020000,4.47872e+06,0.467,0.533,0.003,0.59901
