tmp.site,Qmean,BFF,SFF,DRF,Error
04066800,7.66444e+06,0.765,0.235,0.101,0.17873
