tmp.site,Qmean,BFF,SFF,DRF,Error
01022500,1.23684e+06,0.501,0.499,0.04,0.335505
