tmp.site,Qmean,BFF,SFF,DRF,Error
03363000,3.00388e+06,0.364,0.636,0.278,0.362523
