tmp.site,Qmean,BFF,SFF,DRF,Error
12355500,7.29806e+06,0.613,0.387,0.12,0.257199
