tmp.site,Qmean,BFF,SFF,DRF,Error
02108566,2.40766e+06,0.69,0.31,0.097,0.409623
