tmp.site,Qmean,BFF,SFF,DRF,Error
03327500,6.39409e+06,0.327,0.672,0.175,0.435825
