tmp.site,Qmean,BFF,SFF,DRF,Error
10126000,3.82666e+06,0.714,0.285,0,0.763722
