tmp.site,Qmean,BFF,SFF,DRF,Error
12010000,1.04255e+06,0.348,0.652,0.293,0.300472
