tmp.site,Qmean,BFF,SFF,DRF,Error
06485500,3.78625e+06,0.354,0.646,0.109,0.470824
