tmp.site,Qmean,BFF,SFF,DRF,Error
08287000,1.15128e+06,0.656,0.344,0.053,1.31554
