tmp.site,Qmean,BFF,SFF,DRF,Error
01595500,1.10787e+06,0.497,0.503,0.012,0.366642
