tmp.site,Qmean,BFF,SFF,DRF,Error
01545500,1.21864e+07,0.488,0.512,0.034,0.363339
