tmp.site,Qmean,BFF,SFF,DRF,Error
05311000,2.73452e+06,0.58,0.42,0.018,0.840575
