tmp.site,Qmean,BFF,SFF,DRF,Error
05283500,2.12873e+07,0.52,0.48,0.036,0.340352
