tmp.site,Qmean,BFF,SFF,DRF,Error
07350020,4.78142e+06,0.627,0.373,0.024,0.583637
