tmp.site,Qmean,BFF,SFF,DRF,Error
11509500,3.68104e+06,0.692,0.308,0.038,0.668757
