tmp.site,Qmean,BFF,SFF,DRF,Error
02342500,1.01762e+06,0.391,0.609,0.015,0.404561
