tmp.site,Qmean,BFF,SFF,DRF,Error
07029270,1.01469e+06,0.289,0.711,0.051,0.416674
