tmp.site,Qmean,BFF,SFF,DRF,Error
03309000,7.93854e+06,0.4,0.6,0.115,0.386316
