tmp.site,Qmean,BFF,SFF,DRF,Error
03143500,2.28873e+06,0.375,0.625,0.04,0.955242
