tmp.site,Qmean,BFF,SFF,DRF,Error
05356500,3.72229e+06,0.412,0.588,0.188,0.379756
