tmp.site,Qmean,BFF,SFF,DRF,Error
06770200,4.15135e+06,0.611,0.389,0.004,0.788904
