tmp.site,Qmean,BFF,SFF,DRF,Error
05388250,1.70488e+06,0.47,0.53,0.16,0.285734
