tmp.site,Qmean,BFF,SFF,DRF,Error
03399800,4.86675e+08,0.005,0.358,0,0.983062
