tmp.site,Qmean,BFF,SFF,DRF,Error
03357000,7.30944e+06,0.434,0.566,0.103,0.33104
