tmp.site,Qmean,BFF,SFF,DRF,Error
02372250,1.37803e+06,0.393,0.607,0.122,0.379893
