tmp.site,Qmean,BFF,SFF,DRF,Error
02169625,1.80154e+07,0.655,0.345,0.109,0.194093
