tmp.site,Qmean,BFF,SFF,DRF,Error
03017500,1.05692e+06,0.5,0.5,0.031,0.336263
