tmp.site,Qmean,BFF,SFF,DRF,Error
08263500,1.04409e+06,0.696,0.304,0.08,0.333694
