tmp.site,Qmean,BFF,SFF,DRF,Error
01208500,1.30084e+06,0.488,0.512,0.051,0.318824
