tmp.site,Qmean,BFF,SFF,DRF,Error
06295000,2.61417e+07,0.768,0.232,0.05,0.337594
