tmp.site,Qmean,BFF,SFF,DRF,Error
11271360,1.75917e+06,0.465,0.535,0.079,0.56159
