tmp.site,Qmean,BFF,SFF,DRF,Error
02359000,3.58779e+06,0.587,0.413,0.13,0.228633
