tmp.site,Qmean,BFF,SFF,DRF,Error
11368000,2.47413e+06,0.343,0.657,0.178,0.354953
