tmp.site,Qmean,BFF,SFF,DRF,Error
07099970,1.32716e+06,0.527,0.473,0.122,0.857655
