tmp.site,Qmean,BFF,SFF,DRF,Error
01138500,1.24379e+07,0.57,0.43,0.124,0.449776
