tmp.site,Qmean,BFF,SFF,DRF,Error
05126210,1.69056e+06,0.412,0.588,0.138,0.729807
