tmp.site,Qmean,BFF,SFF,DRF,Error
03329500,8.20277e+06,0.289,0.711,0.266,0.377844
