tmp.site,Qmean,BFF,SFF,DRF,Error
02388350,1.03861e+06,0.239,0.761,0.365,0.365127
