tmp.site,Qmean,BFF,SFF,DRF,Error
02441390,1.64343e+07,0.315,0.683,0.12,0.462076
