tmp.site,Qmean,BFF,SFF,DRF,Error
01197500,1.31756e+06,0.543,0.457,0.08,0.348181
