tmp.site,Qmean,BFF,SFF,DRF,Error
03216070,2.14003e+08,0.006,0.559,0,0.978757
