tmp.site,Qmean,BFF,SFF,DRF,Error
01135500,1.91206e+06,0.449,0.551,0.046,0.371946
