tmp.site,Qmean,BFF,SFF,DRF,Error
09304500,1.48793e+06,0.474,0.526,0.126,0.264761
