tmp.site,Qmean,BFF,SFF,DRF,Error
06463720,3.78546e+06,0.87,0.13,0.025,0.199175
