tmp.site,Qmean,BFF,SFF,DRF,Error
05578000,5.54152e+06,0.42,0.58,0.135,0.419327
