tmp.site,Qmean,BFF,SFF,DRF,Error
01567000,1.05947e+07,0.527,0.473,0.103,0.292731
