tmp.site,Qmean,BFF,SFF,DRF,Error
12056500,1.26248e+06,0.418,0.582,0.206,0.305905
