tmp.site,Qmean,BFF,SFF,DRF,Error
05316580,7.84402e+06,0.573,0.427,0.048,0.419119
