tmp.site,Qmean,BFF,SFF,DRF,Error
01474500,7.02574e+06,0.459,0.541,0.019,0.360459
