tmp.site,Qmean,BFF,SFF,DRF,Error
05267000,1.23153e+07,0.628,0.372,0.057,0.325238
