tmp.site,Qmean,BFF,SFF,DRF,Error
02453500,8.73985e+06,0.436,0.563,0.038,0.474327
