tmp.site,Qmean,BFF,SFF,DRF,Error
04262500,1.31503e+06,0.476,0.524,0.051,0.346815
