tmp.site,Qmean,BFF,SFF,DRF,Error
05475350,1.13798e+06,0.29,0.71,0.135,0.684195
