tmp.site,Qmean,BFF,SFF,DRF,Error
04101225,8.92439e+06,0.873,0.127,0.022,0.178597
