tmp.site,Qmean,BFF,SFF,DRF,Error
0423527080,1.93941e+06,0.573,0.427,0.034,0.418341
