tmp.site,Qmean,BFF,SFF,DRF,Error
14303600,2.56164e+06,0.384,0.616,0.224,0.317668
