tmp.site,Qmean,BFF,SFF,DRF,Error
02387000,2.95136e+06,0.351,0.649,0.114,0.345712
