tmp.site,Qmean,BFF,SFF,DRF,Error
03229500,1.23971e+06,0.26,0.74,0.002,0.421873
