tmp.site,Qmean,BFF,SFF,DRF,Error
02192000,4.15379e+06,0.456,0.544,0.151,0.330877
