tmp.site,Qmean,BFF,SFF,DRF,Error
06935965,2.24995e+08,0.5,0.5,0.045,0.289031
