tmp.site,Qmean,BFF,SFF,DRF,Error
07037500,2.86579e+06,0.26,0.74,0.305,0.421364
