tmp.site,Qmean,BFF,SFF,DRF,Error
02317500,2.59821e+06,0.557,0.443,0.016,0.419758
