tmp.site,Qmean,BFF,SFF,DRF,Error
12510500,8.63229e+06,0.705,0.295,0.082,0.305416
