tmp.site,Qmean,BFF,SFF,DRF,Error
01552000,1.91032e+06,0.489,0.511,0.066,0.344203
