tmp.site,Qmean,BFF,SFF,DRF,Error
04265432,2.57299e+06,0.475,0.525,0.05,0.357313
