tmp.site,Qmean,BFF,SFF,DRF,Error
14301000,6.50051e+06,0.328,0.672,0.217,0.359153
