tmp.site,Qmean,BFF,SFF,DRF,Error
09247600,3.00678e+06,0.528,0.472,0.151,0.407328
