tmp.site,Qmean,BFF,SFF,DRF,Error
02232000,1.71165e+06,0.651,0.349,0.018,0.842939
