tmp.site,Qmean,BFF,SFF,DRF,Error
04108660,5.43033e+06,0.745,0.255,0.078,0.152035
