tmp.site,Qmean,BFF,SFF,DRF,Error
06482020,1.98596e+06,0.481,0.519,0.051,0.444253
