tmp.site,Qmean,BFF,SFF,DRF,Error
03069500,4.27009e+06,0.4,0.599,0.073,0.397752
