tmp.site,Qmean,BFF,SFF,DRF,Error
02087183,1.60284e+06,0.153,0.847,0.364,0.72351
