tmp.site,Qmean,BFF,SFF,DRF,Error
06915800,4.82186e+06,0.174,0.826,0.338,0.537394
