tmp.site,Qmean,BFF,SFF,DRF,Error
06891000,1.68075e+07,0.436,0.564,0.178,0.370402
