tmp.site,Qmean,BFF,SFF,DRF,Error
05359500,1.49157e+06,0.419,0.581,0.197,0.344678
