tmp.site,Qmean,BFF,SFF,DRF,Error
02370500,1.32933e+06,0.547,0.453,0.23,0.214557
