tmp.site,Qmean,BFF,SFF,DRF,Error
11289651,5.40678e+06,0.582,0.418,0.006,0.938748
