tmp.site,Qmean,BFF,SFF,DRF,Error
06808500,1.76617e+06,0.452,0.548,0.136,0.458929
