tmp.site,Qmean,BFF,SFF,DRF,Error
04165500,1.46222e+06,0.484,0.516,0.082,0.336612
