tmp.site,Qmean,BFF,SFF,DRF,Error
05360500,4.44024e+06,0.899,0.1,0.036,0.236416
