tmp.site,Qmean,BFF,SFF,DRF,Error
13050500,4.53048e+06,0.896,0.104,0.015,0.249655
