tmp.site,Qmean,BFF,SFF,DRF,Error
01502500,2.15004e+06,0.53,0.47,0.03,0.324231
