tmp.site,Qmean,BFF,SFF,DRF,Error
08168500,1.10826e+06,0.358,0.642,0.143,0.783503
