tmp.site,Qmean,BFF,SFF,DRF,Error
02391860,2.73101e+06,0.543,0.457,0.069,0.261999
