tmp.site,Qmean,BFF,SFF,DRF,Error
12186000,2.76046e+06,0.487,0.513,0.124,0.31896
