tmp.site,Qmean,BFF,SFF,DRF,Error
08018500,2.23996e+06,0.428,0.572,0.017,2.03028
