tmp.site,Qmean,BFF,SFF,DRF,Error
05458900,1.54217e+06,0.43,0.57,0.166,0.37595
