tmp.site,Qmean,BFF,SFF,DRF,Error
05379500,1.19032e+06,0.539,0.461,0.06,0.263977
