tmp.site,Qmean,BFF,SFF,DRF,Error
03315500,2.08336e+07,0.366,0.634,0.071,0.420893
