tmp.site,Qmean,BFF,SFF,DRF,Error
03426310,4.54614e+07,0.558,0.442,0.004,0.414044
