tmp.site,Qmean,BFF,SFF,DRF,Error
01502731,8.30786e+06,0.584,0.416,0.042,0.31263
