tmp.site,Qmean,BFF,SFF,DRF,Error
04191058,1.09411e+06,0.122,0.878,0.329,1.34548
