tmp.site,Qmean,BFF,SFF,DRF,Error
01315500,3.96064e+06,0.824,0.175,0.067,0.339335
