tmp.site,Qmean,BFF,SFF,DRF,Error
12100490,3.86541e+06,0.889,0.111,0.033,0.309195
