tmp.site,Qmean,BFF,SFF,DRF,Error
04178000,1.36241e+06,0.418,0.582,0.065,0.397427
