tmp.site,Qmean,BFF,SFF,DRF,Error
02062500,5.91393e+06,0.476,0.524,0.198,0.400621
