tmp.site,Qmean,BFF,SFF,DRF,Error
07383500,1.06395e+06,0.348,0.652,0.014,0.580649
