tmp.site,Qmean,BFF,SFF,DRF,Error
07364150,1.74767e+06,0.538,0.462,0,0.657439
