tmp.site,Qmean,BFF,SFF,DRF,Error
08159500,5.68955e+06,0.315,0.685,0.266,0.430678
