tmp.site,Qmean,BFF,SFF,DRF,Error
07372050,2.16524e+06,0.584,0.416,0.152,0.585611
