tmp.site,Qmean,BFF,SFF,DRF,Error
03455000,7.39349e+06,0.572,0.428,0.049,0.254721
