tmp.site,Qmean,BFF,SFF,DRF,Error
01329490,1.81009e+06,0.58,0.42,0.063,0.265896
