tmp.site,Qmean,BFF,SFF,DRF,Error
06065500,1.11401e+07,0.69,0.31,0.024,0.449958
