tmp.site,Qmean,BFF,SFF,DRF,Error
06479010,1.02554e+06,0.39,0.61,0.107,0.461531
