tmp.site,Qmean,BFF,SFF,DRF,Error
03339000,2.61602e+06,0.425,0.575,0.059,0.423253
