tmp.site,Qmean,BFF,SFF,DRF,Error
02359170,5.49815e+07,0.686,0.314,0.064,0.276422
