tmp.site,Qmean,BFF,SFF,DRF,Error
03082500,6.38309e+06,0.486,0.514,0.124,0.377789
