tmp.site,Qmean,BFF,SFF,DRF,Error
06186500,3.25758e+06,0.653,0.347,0,0.380728
