tmp.site,Qmean,BFF,SFF,DRF,Error
01318500,7.35941e+06,0.614,0.386,0.093,0.266223
