tmp.site,Qmean,BFF,SFF,DRF,Error
07242000,2.04789e+06,0.313,0.687,0.186,0.454209
