tmp.site,Qmean,BFF,SFF,DRF,Error
04250200,1.97623e+06,0.45,0.55,0.192,0.398751
