tmp.site,Qmean,BFF,SFF,DRF,Error
14377100,3.04827e+06,0.324,0.676,0.262,0.363117
