tmp.site,Qmean,BFF,SFF,DRF,Error
06817700,2.38752e+06,0.398,0.602,0.133,0.391263
