tmp.site,Qmean,BFF,SFF,DRF,Error
11523000,1.93354e+07,0.575,0.425,0.108,0.299915
