tmp.site,Qmean,BFF,SFF,DRF,Error
11186001,1.85754e+06,0.619,0.381,0.104,0.285136
