tmp.site,Qmean,BFF,SFF,DRF,Error
03285000,1.18345e+06,0.344,0.656,0.001,0.671536
