tmp.site,Qmean,BFF,SFF,DRF,Error
02056000,1.29996e+06,0.471,0.529,0.214,0.264346
