tmp.site,Qmean,BFF,SFF,DRF,Error
10350500,2.62843e+06,0.621,0.379,0.067,0.407039
