tmp.site,Qmean,BFF,SFF,DRF,Error
14103000,1.41302e+07,0.715,0.285,0.012,0.16789
