tmp.site,Qmean,BFF,SFF,DRF,Error
06645000,3.23133e+06,0.662,0.334,0.027,0.850623
