tmp.site,Qmean,BFF,SFF,DRF,Error
06813500,1.08657e+08,0.653,0.347,0.03,0.309991
