tmp.site,Qmean,BFF,SFF,DRF,Error
07144570,2.76007e+06,0.276,0.724,0.025,0.384307
