tmp.site,Qmean,BFF,SFF,DRF,Error
01400500,1.95234e+06,0.387,0.613,0.086,0.34261
