tmp.site,Qmean,BFF,SFF,DRF,Error
07069500,3.56965e+06,0.442,0.558,0.274,0.285894
