tmp.site,Qmean,BFF,SFF,DRF,Error
06657000,1.69715e+06,0.569,0.431,0.006,7.17951
