tmp.site,Qmean,BFF,SFF,DRF,Error
03201500,2.28344e+08,0.01,0.502,0,0.966033
