tmp.site,Qmean,BFF,SFF,DRF,Error
03322420,3.26836e+08,0.005,0.439,0,0.983338
