tmp.site,Qmean,BFF,SFF,DRF,Error
02226500,2.41147e+06,0.504,0.496,0.015,0.459443
