tmp.site,Qmean,BFF,SFF,DRF,Error
03324095,1.39683e+06,0.654,0.346,0.136,0.555477
