tmp.site,Qmean,BFF,SFF,DRF,Error
07359002,6.13594e+06,0.432,0.568,0.066,0.663225
