tmp.site,Qmean,BFF,SFF,DRF,Error
13247500,7.71798e+06,0.62,0.38,0.104,0.286602
