tmp.site,Qmean,BFF,SFF,DRF,Error
07014500,3.12741e+06,0.335,0.665,0.281,0.315609
