tmp.site,Qmean,BFF,SFF,DRF,Error
1203951610,9.35508e+06,0.442,0.558,0.246,0.271242
