tmp.site,Qmean,BFF,SFF,DRF,Error
14236200,2.01672e+06,0.416,0.584,0.22,0.323185
