tmp.site,Qmean,BFF,SFF,DRF,Error
03467609,5.77577e+06,0.536,0.464,0.068,0.268936
