tmp.site,Qmean,BFF,SFF,DRF,Error
02475000,1.31986e+07,0.298,0.702,0.269,0.325216
