tmp.site,Qmean,BFF,SFF,DRF,Error
02455000,1.28131e+06,0.392,0.608,0.07,0.431465
