tmp.site,Qmean,BFF,SFF,DRF,Error
04101000,8.11686e+06,0.855,0.145,0.03,0.156422
