tmp.site,Qmean,BFF,SFF,DRF,Error
02026000,1.02546e+07,0.668,0.332,0.156,0.314895
