tmp.site,Qmean,BFF,SFF,DRF,Error
03277200,2.81385e+08,0.008,0.493,0,0.971583
