tmp.site,Qmean,BFF,SFF,DRF,Error
01576000,9.32201e+07,0.567,0.433,0.078,0.286275
