tmp.site,Qmean,BFF,SFF,DRF,Error
03262700,2.28227e+06,0.266,0.734,0.241,0.396599
