tmp.site,Qmean,BFF,SFF,DRF,Error
05365500,1.30984e+07,0.561,0.439,0.134,0.592157
