tmp.site,Qmean,BFF,SFF,DRF,Error
09114500,1.77264e+06,0.559,0.441,0.12,0.309964
