tmp.site,Qmean,BFF,SFF,DRF,Error
08329918,2.22661e+06,0.876,0.124,0.017,0.400295
