tmp.site,Qmean,BFF,SFF,DRF,Error
14372300,1.37498e+07,0.452,0.548,0.236,0.312524
