tmp.site,Qmean,BFF,SFF,DRF,Error
07039500,4.02702e+06,0.54,0.46,0.092,2.01866
