tmp.site,Qmean,BFF,SFF,DRF,Error
10141000,1.31185e+06,0.623,0.377,0.02,1.00845
