tmp.site,Qmean,BFF,SFF,DRF,Error
07356000,1.79714e+06,0.343,0.657,0.103,0.413675
