tmp.site,Qmean,BFF,SFF,DRF,Error
14222500,1.80468e+06,0.39,0.61,0.215,0.325606
