tmp.site,Qmean,BFF,SFF,DRF,Error
02469761,7.24475e+07,0.007,0.469,0,0.97891
