tmp.site,Qmean,BFF,SFF,DRF,Error
05304500,1.12314e+06,0.55,0.45,0.032,0.491417
