tmp.site,Qmean,BFF,SFF,DRF,Error
05464500,1.03713e+07,0.51,0.49,0.148,0.306396
