tmp.site,Qmean,BFF,SFF,DRF,Error
05458500,2.71676e+06,0.466,0.534,0.165,0.320646
