tmp.site,Qmean,BFF,SFF,DRF,Error
06900800,9.36478e+06,0.159,0.841,0.319,0.471536
