tmp.site,Qmean,BFF,SFF,DRF,Error
05482000,7.13508e+06,0.436,0.563,0.069,0.438625
