tmp.site,Qmean,BFF,SFF,DRF,Error
04262000,1.34088e+06,0.671,0.329,0.048,0.850522
