tmp.site,Qmean,BFF,SFF,DRF,Error
04116500,1.07563e+06,0.736,0.264,0.076,0.201696
