tmp.site,Qmean,BFF,SFF,DRF,Error
03567500,1.75214e+06,0.313,0.687,0.318,0.344625
