tmp.site,Qmean,BFF,SFF,DRF,Error
11482500,2.37792e+06,0.383,0.617,0.089,0.358931
