tmp.site,Qmean,BFF,SFF,DRF,Error
05482300,1.02371e+06,0.514,0.486,0.05,0.420527
