tmp.site,Qmean,BFF,SFF,DRF,Error
11521500,1.00784e+06,0.399,0.601,0.148,0.330324
