tmp.site,Qmean,BFF,SFF,DRF,Error
01054500,9.60737e+06,0.568,0.432,0.213,0.196218
