tmp.site,Qmean,BFF,SFF,DRF,Error
04065106,5.28354e+06,0.699,0.301,0.097,0.216337
