tmp.site,Qmean,BFF,SFF,DRF,Error
04198000,2.70114e+06,0.287,0.713,0.001,0.447229
