tmp.site,Qmean,BFF,SFF,DRF,Error
03047000,1.21936e+06,0.284,0.716,0.34,0.580321
