tmp.site,Qmean,BFF,SFF,DRF,Error
03316500,2.32666e+07,0.406,0.594,0.076,0.412097
