tmp.site,Qmean,BFF,SFF,DRF,Error
06066500,1.27755e+07,0.721,0.279,0.029,0.311623
