tmp.site,Qmean,BFF,SFF,DRF,Error
05569500,1.91685e+06,0.393,0.607,0.139,0.461172
