tmp.site,Qmean,BFF,SFF,DRF,Error
12419000,1.50338e+07,0.755,0.245,0.036,0.641719
