tmp.site,Qmean,BFF,SFF,DRF,Error
03466500,4.60449e+06,0.567,0.433,0.112,0.370107
