tmp.site,Qmean,BFF,SFF,DRF,Error
03129000,6.50586e+06,0.429,0.571,0.055,0.358116
