tmp.site,Qmean,BFF,SFF,DRF,Error
02084000,6.12654e+06,0.405,0.595,0.082,0.432678
