tmp.site,Qmean,BFF,SFF,DRF,Error
07060500,2.60113e+07,0.518,0.482,0.017,0.454215
