tmp.site,Qmean,BFF,SFF,DRF,Error
02208000,1.50862e+06,0.405,0.595,0.085,0.32626
