tmp.site,Qmean,BFF,SFF,DRF,Error
05585500,5.35677e+07,0.82,0.178,0.009,0.271128
