tmp.site,Qmean,BFF,SFF,DRF,Error
05536118,1.39976e+06,0.75,0.25,0.109,0.139779
