tmp.site,Qmean,BFF,SFF,DRF,Error
05517530,3.62621e+06,0.884,0.116,0.008,0.24023
