tmp.site,Qmean,BFF,SFF,DRF,Error
02163001,1.76845e+06,0.588,0.412,0.084,0.252791
