tmp.site,Qmean,BFF,SFF,DRF,Error
14327150,1.67191e+06,0.14,0.86,0.491,0.399846
