tmp.site,Qmean,BFF,SFF,DRF,Error
09429100,1.86997e+07,0.852,0.148,0.011,0.311049
