tmp.site,Qmean,BFF,SFF,DRF,Error
12350250,4.46531e+06,0.507,0.493,0.155,0.375785
