tmp.site,Qmean,BFF,SFF,DRF,Error
02420000,5.71707e+07,0.582,0.418,0.05,0.415076
