tmp.site,Qmean,BFF,SFF,DRF,Error
05485500,1.34431e+07,0.475,0.525,0.062,0.421228
