tmp.site,Qmean,BFF,SFF,DRF,Error
01112500,1.94441e+06,0.592,0.408,0.018,0.294738
