tmp.site,Qmean,BFF,SFF,DRF,Error
01453000,5.97495e+06,0.596,0.404,0.077,0.250504
