tmp.site,Qmean,BFF,SFF,DRF,Error
05355250,7.96589e+07,0.856,0.144,0.003,0.226684
