tmp.site,Qmean,BFF,SFF,DRF,Error
05592000,2.16723e+06,0.382,0.618,0.146,1.62986
