tmp.site,Qmean,BFF,SFF,DRF,Error
02319800,1.30723e+07,0.42,0.58,0.08,0.385204
