tmp.site,Qmean,BFF,SFF,DRF,Error
12340000,3.87193e+06,0.308,0.692,0.143,0.31656
