tmp.site,Qmean,BFF,SFF,DRF,Error
13307000,7.00556e+06,0.791,0.209,0.064,0.239992
