tmp.site,Qmean,BFF,SFF,DRF,Error
05463050,1.23045e+07,0.551,0.449,0.163,0.271699
