tmp.site,Qmean,BFF,SFF,DRF,Error
13266000,2.59131e+06,0.46,0.54,0.17,0.378428
