tmp.site,Qmean,BFF,SFF,DRF,Error
06478000,3.56904e+06,0.471,0.529,0.014,1.36671
