tmp.site,Qmean,BFF,SFF,DRF,Error
0307020015,5.15431e+06,0.434,0.566,0.076,0.362526
