tmp.site,Qmean,BFF,SFF,DRF,Error
03275000,1.47517e+06,0.382,0.618,0.292,0.328262
