tmp.site,Qmean,BFF,SFF,DRF,Error
03558000,1.22014e+06,0.668,0.332,0.048,0.194516
