tmp.site,Qmean,BFF,SFF,DRF,Error
06307500,1.05478e+06,0.406,0.594,0.156,0.498305
