tmp.site,Qmean,BFF,SFF,DRF,Error
07355500,7.55268e+07,0.483,0.517,0.021,0.416816
