tmp.site,Qmean,BFF,SFF,DRF,Error
02489500,2.46678e+07,0.299,0.701,0.206,0.349747
