tmp.site,Qmean,BFF,SFF,DRF,Error
07380215,2.17335e+06,0.26,0.74,0.002,1.39097
