tmp.site,Qmean,BFF,SFF,DRF,Error
07077000,6.88995e+07,0.569,0.431,0.017,0.374039
