tmp.site,Qmean,BFF,SFF,DRF,Error
02473000,6.50429e+06,0.329,0.671,0.301,0.304502
