tmp.site,Qmean,BFF,SFF,DRF,Error
0423406130,4.26985e+06,0.751,0.249,0.083,5.58847
