tmp.site,Qmean,BFF,SFF,DRF,Error
12445000,7.19316e+06,0.661,0.339,0.083,0.306717
