tmp.site,Qmean,BFF,SFF,DRF,Error
05437500,1.16138e+07,0.658,0.342,0.049,0.280972
