tmp.site,Qmean,BFF,SFF,DRF,Error
02368000,2.75214e+06,0.487,0.513,0.197,0.295723
