tmp.site,Qmean,BFF,SFF,DRF,Error
06227600,1.78094e+06,0.337,0.663,0.238,0.488424
