tmp.site,Qmean,BFF,SFF,DRF,Error
02024752,8.79158e+06,0.397,0.603,0.231,0.291114
