tmp.site,Qmean,BFF,SFF,DRF,Error
06909000,1.59804e+08,0.517,0.483,0.061,0.357961
