tmp.site,Qmean,BFF,SFF,DRF,Error
11253058,1.57113e+06,0.465,0.535,0.073,2.62679
