tmp.site,Qmean,BFF,SFF,DRF,Error
04212100,2.55577e+06,0.332,0.668,0.003,0.489445
