tmp.site,Qmean,BFF,SFF,DRF,Error
07288280,2.02258e+06,0.349,0.651,0.227,0.736388
