tmp.site,Qmean,BFF,SFF,DRF,Error
11528700,3.22968e+06,0.421,0.579,0.127,0.386288
