tmp.site,Qmean,BFF,SFF,DRF,Error
01129200,1.39262e+06,0.533,0.467,0.128,0.635904
