tmp.site,Qmean,BFF,SFF,DRF,Error
06680500,1.15403e+06,0.625,0.375,0.002,0.276856
