tmp.site,Qmean,BFF,SFF,DRF,Error
13302500,4.68002e+06,0.447,0.553,0.143,0.378021
