tmp.site,Qmean,BFF,SFF,DRF,Error
06887500,1.21827e+07,0.346,0.654,0.237,0.368329
