tmp.site,Qmean,BFF,SFF,DRF,Error
02490500,1.90856e+06,0.334,0.666,0.366,0.226681
