tmp.site,Qmean,BFF,SFF,DRF,Error
02472500,1.07388e+06,0.351,0.649,0.392,0.288379
