tmp.site,Qmean,BFF,SFF,DRF,Error
11507500,2.99204e+06,0.713,0.287,0.017,0.537555
