tmp.site,Qmean,BFF,SFF,DRF,Error
01059000,1.55198e+07,0.632,0.368,0.166,0.55751
