tmp.site,Qmean,BFF,SFF,DRF,Error
11462500,1.61098e+06,0.21,0.79,0.418,0.419234
