tmp.site,Qmean,BFF,SFF,DRF,Error
07176000,1.05332e+07,0.124,0.876,0.299,1.28653
