tmp.site,Qmean,BFF,SFF,DRF,Error
05551540,4.09234e+06,0.591,0.409,0.053,0.309991
