tmp.site,Qmean,BFF,SFF,DRF,Error
01551500,2.20987e+07,0.513,0.487,0.064,0.343605
