tmp.site,Qmean,BFF,SFF,DRF,Error
05338500,1.58078e+06,0.349,0.651,0.226,0.392051
