tmp.site,Qmean,BFF,SFF,DRF,Error
12395000,4.00282e+06,0.628,0.372,0.049,0.388786
