tmp.site,Qmean,BFF,SFF,DRF,Error
03229610,6.70542e+06,0.296,0.704,0.237,0.367849
