tmp.site,Qmean,BFF,SFF,DRF,Error
12119000,1.65958e+06,0.585,0.415,0.108,0.343668
