tmp.site,Qmean,BFF,SFF,DRF,Error
07188000,5.57163e+06,0.346,0.654,0.198,0.407929
