tmp.site,Qmean,BFF,SFF,DRF,Error
06099500,2.14611e+06,0.548,0.451,0.117,0.400756
