tmp.site,Qmean,BFF,SFF,DRF,Error
13075910,1.02143e+06,0.794,0.206,0.011,0.492765
