tmp.site,Qmean,BFF,SFF,DRF,Error
03349000,2.26471e+06,0.352,0.648,0.288,0.341059
