tmp.site,Qmean,BFF,SFF,DRF,Error
02162550,1.41415e+06,0.878,0.122,0.054,0.353315
