tmp.site,Qmean,BFF,SFF,DRF,Error
02492000,4.88461e+06,0.411,0.589,0.292,0.254787
