tmp.site,Qmean,BFF,SFF,DRF,Error
05412500,2.73045e+06,0.396,0.604,0.146,0.370423
