tmp.site,Qmean,BFF,SFF,DRF,Error
07170060,1.09518e+06,0.034,0.966,0.341,5.17668
