tmp.site,Qmean,BFF,SFF,DRF,Error
12020000,1.40721e+06,0.323,0.677,0.274,0.30835
