tmp.site,Qmean,BFF,SFF,DRF,Error
06200000,1.38102e+06,0.606,0.394,0.153,0.265644
