tmp.site,Qmean,BFF,SFF,DRF,Error
09085100,7.99259e+06,0.504,0.496,0.129,0.19729
