tmp.site,Qmean,BFF,SFF,DRF,Error
07349500,1.46373e+06,0.566,0.434,0.072,2.15006
