tmp.site,Qmean,BFF,SFF,DRF,Error
02336490,6.51092e+06,0.508,0.492,0.289,0.197704
