tmp.site,Qmean,BFF,SFF,DRF,Error
04097500,3.05869e+06,0.895,0.105,0.014,0.21788
