tmp.site,Qmean,BFF,SFF,DRF,Error
11463500,1.95536e+06,0.215,0.785,0.377,1.37014
