tmp.site,Qmean,BFF,SFF,DRF,Error
05548500,2.92101e+06,0.536,0.464,0.08,0.321519
