tmp.site,Qmean,BFF,SFF,DRF,Error
01350212,1.55415e+06,0.531,0.469,0.1,0.491306
