tmp.site,Qmean,BFF,SFF,DRF,Error
08068090,1.70788e+06,0.099,0.901,0.482,0.449996
