tmp.site,Qmean,BFF,SFF,DRF,Error
03324500,1.26173e+06,0.127,0.873,0.478,0.593382
