tmp.site,Qmean,BFF,SFF,DRF,Error
03574500,1.65875e+06,0.336,0.664,0.002,0.416829
