tmp.site,Qmean,BFF,SFF,DRF,Error
06904010,1.14064e+06,0.317,0.672,0.197,0.819193
