tmp.site,Qmean,BFF,SFF,DRF,Error
02352500,1.44698e+07,0.545,0.455,0.122,0.292879
