tmp.site,Qmean,BFF,SFF,DRF,Error
14308000,2.47271e+06,0.356,0.644,0.153,0.37058
