tmp.site,Qmean,BFF,SFF,DRF,Error
04208000,2.25373e+06,0.489,0.511,0.085,0.340056
