tmp.site,Qmean,BFF,SFF,DRF,Error
06820500,2.50078e+06,0.214,0.786,0.178,0.601144
