tmp.site,Qmean,BFF,SFF,DRF,Error
06918060,2.40396e+06,0.161,0.839,0.018,0.605921
