tmp.site,Qmean,BFF,SFF,DRF,Error
12448500,2.98809e+06,0.401,0.597,0.204,0.459511
