tmp.site,Qmean,BFF,SFF,DRF,Error
11292900,1.11348e+06,0.276,0.724,0.186,0.77102
