tmp.site,Qmean,BFF,SFF,DRF,Error
12438000,2.63636e+08,0.911,0.089,0.011,0.220192
