tmp.site,Qmean,BFF,SFF,DRF,Error
07069000,1.45771e+07,0.454,0.546,0.135,0.30406
