tmp.site,Qmean,BFF,SFF,DRF,Error
03237020,1.69573e+07,0.436,0.564,0.035,0.346344
