tmp.site,Qmean,BFF,SFF,DRF,Error
06919000,2.45063e+06,0.38,0.62,0.18,2.04758
