tmp.site,Qmean,BFF,SFF,DRF,Error
07335300,4.61243e+06,0.26,0.74,0.001,0.494278
