tmp.site,Qmean,BFF,SFF,DRF,Error
02358700,5.29576e+07,0.552,0.448,0.124,0.295878
