tmp.site,Qmean,BFF,SFF,DRF,Error
08069500,2.98704e+06,0.139,0.861,0.303,0.443467
