tmp.site,Qmean,BFF,SFF,DRF,Error
01631000,3.88393e+06,0.475,0.525,0.196,0.286401
