tmp.site,Qmean,BFF,SFF,DRF,Error
06026420,3.14161e+06,0.58,0.42,0.1,0.309822
