tmp.site,Qmean,BFF,SFF,DRF,Error
03498850,1.38357e+06,0.474,0.526,0.082,0.315858
