tmp.site,Qmean,BFF,SFF,DRF,Error
12060500,1.77733e+06,0.4,0.6,0.303,0.270349
