tmp.site,Qmean,BFF,SFF,DRF,Error
04294000,4.44748e+06,0.41,0.59,0.074,0.392259
