tmp.site,Qmean,BFF,SFF,DRF,Error
04150800,1.11927e+06,0.339,0.661,0.173,0.388522
