tmp.site,Qmean,BFF,SFF,DRF,Error
03039000,1.03031e+06,0.336,0.664,0.317,0.847499
