tmp.site,Qmean,BFF,SFF,DRF,Error
01034000,5.87387e+06,0.494,0.506,0.103,0.356252
