tmp.site,Qmean,BFF,SFF,DRF,Error
11252975,1.00553e+06,0.445,0.555,0.081,0.481922
