tmp.site,Qmean,BFF,SFF,DRF,Error
06236100,2.57177e+06,0.874,0.125,0.05,0.320126
