tmp.site,Qmean,BFF,SFF,DRF,Error
12150800,2.33554e+07,0.006,0.485,0,0.967011
