tmp.site,Qmean,BFF,SFF,DRF,Error
01312000,1.02466e+06,0.484,0.516,0.096,0.374314
