tmp.site,Qmean,BFF,SFF,DRF,Error
12144000,1.33301e+06,0.52,0.48,0.144,0.294879
