tmp.site,Qmean,BFF,SFF,DRF,Error
03094000,1.56994e+06,0.344,0.656,0.259,0.309555
