tmp.site,Qmean,BFF,SFF,DRF,Error
06853500,1.13602e+06,0.358,0.642,0.275,0.575681
