tmp.site,Qmean,BFF,SFF,DRF,Error
07183000,4.63021e+06,0.173,0.827,0.318,0.974088
