tmp.site,Qmean,BFF,SFF,DRF,Error
03079000,1.64112e+06,0.469,0.531,0.022,0.358831
