tmp.site,Qmean,BFF,SFF,DRF,Error
13093383,3.77989e+06,0.523,0.477,0.066,0.344082
