tmp.site,Qmean,BFF,SFF,DRF,Error
03109500,1.30577e+06,0.43,0.57,0.062,0.372072
