tmp.site,Qmean,BFF,SFF,DRF,Error
05319500,1.10909e+06,0.386,0.614,0.134,0.736996
