tmp.site,Qmean,BFF,SFF,DRF,Error
14182500,1.81607e+06,0.331,0.669,0.237,0.379698
