tmp.site,Qmean,BFF,SFF,DRF,Error
02223000,7.61806e+06,0.407,0.593,0.105,0.606107
