tmp.site,Qmean,BFF,SFF,DRF,Error
08167800,1.01049e+06,0.58,0.42,0.077,0.982062
