tmp.site,Qmean,BFF,SFF,DRF,Error
01432110,2.78317e+06,0.508,0.492,0.138,0.423144
