tmp.site,Qmean,BFF,SFF,DRF,Error
03077500,2.16356e+06,0.492,0.508,0.162,0.852581
