tmp.site,Qmean,BFF,SFF,DRF,Error
02225500,2.39284e+06,0.433,0.567,0.033,0.458696
