tmp.site,Qmean,BFF,SFF,DRF,Error
03216600,2.19089e+08,0.006,0.535,0,0.977326
