tmp.site,Qmean,BFF,SFF,DRF,Error
03234500,1.22984e+07,0.345,0.655,0.232,0.373956
