tmp.site,Qmean,BFF,SFF,DRF,Error
14231000,6.87391e+06,0.553,0.447,0.121,0.262647
