tmp.site,Qmean,BFF,SFF,DRF,Error
08062700,1.15943e+07,0.23,0.77,0.023,0.473843
