tmp.site,Qmean,BFF,SFF,DRF,Error
06910750,1.01044e+06,0.184,0.816,0.262,0.545877
