tmp.site,Qmean,BFF,SFF,DRF,Error
05366800,1.78329e+07,0.873,0.127,0.072,0.21508
