tmp.site,Qmean,BFF,SFF,DRF,Error
02215260,1.12341e+07,0.449,0.551,0.189,0.317742
