tmp.site,Qmean,BFF,SFF,DRF,Error
07374000,1.34375e+09,0.499,0.492,0.001,0.45293
