tmp.site,Qmean,BFF,SFF,DRF,Error
02374250,8.12558e+06,0.601,0.399,0.026,0.314057
