tmp.site,Qmean,BFF,SFF,DRF,Error
01033000,1.55078e+06,0.804,0.194,0.066,0.81863
