tmp.site,Qmean,BFF,SFF,DRF,Error
01549700,3.47444e+06,0.514,0.486,0.033,0.347104
