tmp.site,Qmean,BFF,SFF,DRF,Error
12324680,1.27248e+06,0.78,0.22,0.06,0.271342
