tmp.site,Qmean,BFF,SFF,DRF,Error
01526500,3.46816e+06,0.482,0.518,0.02,0.391131
