tmp.site,Qmean,BFF,SFF,DRF,Error
02040892,2.07862e+06,0.476,0.524,0.048,0.382199
