tmp.site,Qmean,BFF,SFF,DRF,Error
06891080,1.43106e+07,0.574,0.426,0.101,0.338638
