tmp.site,Qmean,BFF,SFF,DRF,Error
02423647,2.92659e+06,0.421,0.579,0.028,0.360234
