tmp.site,Qmean,BFF,SFF,DRF,Error
11404330,2.27088e+06,0.226,0.774,0.322,0.619979
