tmp.site,Qmean,BFF,SFF,DRF,Error
02355350,2.06807e+06,0.574,0.426,0.011,0.377365
