tmp.site,Qmean,BFF,SFF,DRF,Error
02173500,1.75617e+06,0.609,0.391,0.098,0.278475
