tmp.site,Qmean,BFF,SFF,DRF,Error
07062500,2.52721e+06,0.477,0.523,0.222,0.271401
