tmp.site,Qmean,BFF,SFF,DRF,Error
02075500,6.71093e+06,0.51,0.49,0.229,0.23093
