tmp.site,Qmean,BFF,SFF,DRF,Error
02069000,1.55757e+06,0.485,0.515,0.162,0.277378
