tmp.site,Qmean,BFF,SFF,DRF,Error
04084500,1.05845e+07,0.927,0.073,0.017,0.209359
