tmp.site,Qmean,BFF,SFF,DRF,Error
14164900,1.11964e+07,0.509,0.491,0.127,0.282362
