tmp.site,Qmean,BFF,SFF,DRF,Error
12161000,2.61752e+06,0.375,0.625,0.224,0.329391
