tmp.site,Qmean,BFF,SFF,DRF,Error
02479130,1.50737e+06,0.392,0.608,0.136,0.333793
