tmp.site,Qmean,BFF,SFF,DRF,Error
13317000,2.70185e+07,0.709,0.291,0.08,0.259138
