tmp.site,Qmean,BFF,SFF,DRF,Error
02052000,1.63769e+06,0.321,0.679,0.174,0.560502
