tmp.site,Qmean,BFF,SFF,DRF,Error
07076750,7.98644e+07,0.637,0.363,0.011,0.345708
