tmp.site,Qmean,BFF,SFF,DRF,Error
07146500,4.76709e+06,0.376,0.624,0.211,0.476342
