tmp.site,Qmean,BFF,SFF,DRF,Error
11478500,2.02897e+06,0.23,0.77,0.331,0.405996
