tmp.site,Qmean,BFF,SFF,DRF,Error
03352953,4.71426e+06,0.381,0.619,0.179,0.379628
