tmp.site,Qmean,BFF,SFF,DRF,Error
03401000,1.71927e+06,0.418,0.582,0.027,0.394922
