tmp.site,Qmean,BFF,SFF,DRF,Error
12113350,3.71115e+06,0.513,0.487,0.184,0.283954
