tmp.site,Qmean,BFF,SFF,DRF,Error
01010000,6.00361e+06,0.253,0.747,0.301,0.522491
