tmp.site,Qmean,BFF,SFF,DRF,Error
03053500,1.48281e+06,0.406,0.594,0.073,0.417718
