tmp.site,Qmean,BFF,SFF,DRF,Error
05137500,3.56049e+07,0.753,0.247,0.026,0.442969
