tmp.site,Qmean,BFF,SFF,DRF,Error
11274550,4.58768e+06,0.472,0.528,0.027,0.434685
