tmp.site,Qmean,BFF,SFF,DRF,Error
02074000,1.60082e+06,0.689,0.311,0.161,0.435905
