tmp.site,Qmean,BFF,SFF,DRF,Error
03195500,2.81219e+06,0.403,0.597,0.302,0.552304
