tmp.site,Qmean,BFF,SFF,DRF,Error
11367500,2.21502e+06,0.784,0.216,0.029,0.137728
