tmp.site,Qmean,BFF,SFF,DRF,Error
03354000,6.62443e+06,0.415,0.585,0.176,0.320045
