tmp.site,Qmean,BFF,SFF,DRF,Error
07097000,1.86316e+06,0.808,0.192,0.063,0.273199
