tmp.site,Qmean,BFF,SFF,DRF,Error
08183200,1.23167e+06,0.322,0.678,0.307,0.348075
