tmp.site,Qmean,BFF,SFF,DRF,Error
02488000,1.54245e+07,0.538,0.458,0.021,0.52065
