tmp.site,Qmean,BFF,SFF,DRF,Error
06214500,1.71214e+07,0.718,0.282,0.072,0.306996
