tmp.site,Qmean,BFF,SFF,DRF,Error
01427510,7.40619e+06,0.54,0.46,0.115,0.291962
