tmp.site,Qmean,BFF,SFF,DRF,Error
02446500,2.00829e+06,0.458,0.542,0.073,0.362032
