tmp.site,Qmean,BFF,SFF,DRF,Error
02075045,5.57838e+06,0.532,0.468,0.21,0.228713
