tmp.site,Qmean,BFF,SFF,DRF,Error
03057000,6.58213e+06,0.617,0.382,0.203,0.52959
