tmp.site,Qmean,BFF,SFF,DRF,Error
05545750,1.75601e+06,0.618,0.382,0.073,0.278662
