tmp.site,Qmean,BFF,SFF,DRF,Error
03122500,3.52811e+06,0.401,0.599,0.158,0.363744
