tmp.site,Qmean,BFF,SFF,DRF,Error
02131500,1.69571e+06,0.415,0.585,0.198,0.357049
