tmp.site,Qmean,BFF,SFF,DRF,Error
11477000,1.77256e+07,0.274,0.726,0.167,0.393689
