tmp.site,Qmean,BFF,SFF,DRF,Error
01047000,1.84111e+06,0.446,0.554,0.078,0.398359
