tmp.site,Qmean,BFF,SFF,DRF,Error
03263000,2.70157e+06,0.345,0.655,0.179,0.36867
