tmp.site,Qmean,BFF,SFF,DRF,Error
06601200,7.95123e+07,0.781,0.219,0.006,0.285338
