tmp.site,Qmean,BFF,SFF,DRF,Error
13172500,2.54459e+07,0.891,0.104,0.011,0.263259
