tmp.site,Qmean,BFF,SFF,DRF,Error
03010500,2.35399e+06,0.51,0.49,0.069,0.339033
