tmp.site,Qmean,BFF,SFF,DRF,Error
03403910,1.38948e+06,0.344,0.656,0.082,0.399621
