tmp.site,Qmean,BFF,SFF,DRF,Error
14312330,5.53341e+06,0.251,0.749,0.365,0.342762
