tmp.site,Qmean,BFF,SFF,DRF,Error
01608070,3.18003e+06,0.439,0.561,0.224,0.34245
