tmp.site,Qmean,BFF,SFF,DRF,Error
03528000,5.05836e+06,0.409,0.591,0.062,0.356359
