tmp.site,Qmean,BFF,SFF,DRF,Error
13269000,4.22812e+07,0.84,0.155,0.02,0.286434
