tmp.site,Qmean,BFF,SFF,DRF,Error
07099200,1.91232e+06,0.943,0.057,0.032,0.261545
