tmp.site,Qmean,BFF,SFF,DRF,Error
12117500,1.67387e+06,0.675,0.325,0.108,0.237543
