tmp.site,Qmean,BFF,SFF,DRF,Error
13340600,8.30019e+06,0.607,0.393,0.101,0.217443
