tmp.site,Qmean,BFF,SFF,DRF,Error
02202680,5.15819e+06,0.529,0.471,0.087,0.449963
