tmp.site,Qmean,BFF,SFF,DRF,Error
03063000,1.11422e+07,0.329,0.671,0.269,0.439305
