tmp.site,Qmean,BFF,SFF,DRF,Error
03161000,1.07766e+06,0.597,0.403,0.067,0.224468
