tmp.site,Qmean,BFF,SFF,DRF,Error
02102500,8.06184e+06,0.349,0.651,0.093,0.436791
