tmp.site,Qmean,BFF,SFF,DRF,Error
01473500,7.36717e+06,0.489,0.511,0.029,0.338984
