tmp.site,Qmean,BFF,SFF,DRF,Error
03280902,1.24879e+06,0.968,0.032,0.026,3.70701
