tmp.site,Qmean,BFF,SFF,DRF,Error
13250000,6.28458e+06,0.597,0.403,0.027,0.393936
