tmp.site,Qmean,BFF,SFF,DRF,Error
08313000,3.51871e+06,0.62,0.38,0.08,0.413101
