tmp.site,Qmean,BFF,SFF,DRF,Error
12041200,6.23112e+06,0.489,0.511,0.213,0.277814
