tmp.site,Qmean,BFF,SFF,DRF,Error
02334430,4.75509e+06,0.722,0.278,0.117,0.777368
