tmp.site,Qmean,BFF,SFF,DRF,Error
08088610,1.61884e+06,0.273,0.727,0.332,1.84326
