tmp.site,Qmean,BFF,SFF,DRF,Error
14123500,2.71326e+06,0.738,0.262,0.066,0.176461
