tmp.site,Qmean,BFF,SFF,DRF,Error
05458300,3.54177e+06,0.497,0.503,0.151,0.318081
