tmp.site,Qmean,BFF,SFF,DRF,Error
12148500,1.40347e+06,0.483,0.517,0.188,0.300188
