tmp.site,Qmean,BFF,SFF,DRF,Error
02330000,4.04676e+06,0.496,0.504,0.024,1.30589
