tmp.site,Qmean,BFF,SFF,DRF,Error
03023100,4.09683e+06,0.518,0.482,0.017,0.366693
