tmp.site,Qmean,BFF,SFF,DRF,Error
04232730,1.65003e+06,0.695,0.305,0.053,0.960382
