tmp.site,Qmean,BFF,SFF,DRF,Error
06023100,1.13315e+06,0.644,0.356,0.061,0.303038
