tmp.site,Qmean,BFF,SFF,DRF,Error
11302500,3.22343e+06,0.507,0.493,0.2,0.310765
