tmp.site,Qmean,BFF,SFF,DRF,Error
06922500,2.34743e+07,0.332,0.668,0.129,0.449321
