tmp.site,Qmean,BFF,SFF,DRF,Error
02304000,1.30795e+06,0.445,0.555,0.121,0.395664
