tmp.site,Qmean,BFF,SFF,DRF,Error
02380500,1.21964e+06,0.617,0.383,0.057,0.223938
