tmp.site,Qmean,BFF,SFF,DRF,Error
06913500,1.74564e+06,0.116,0.884,0.445,3.47068
