tmp.site,Qmean,BFF,SFF,DRF,Error
12388700,2.80423e+07,0.713,0.287,0.043,0.30451
