tmp.site,Qmean,BFF,SFF,DRF,Error
07289000,1.77264e+09,0.472,0.487,0.001,0.466509
