tmp.site,Qmean,BFF,SFF,DRF,Error
03323000,1.03225e+06,0.153,0.847,0.068,0.507984
