tmp.site,Qmean,BFF,SFF,DRF,Error
07048600,1.40668e+06,0.385,0.615,0.079,0.684859
