tmp.site,Qmean,BFF,SFF,DRF,Error
14158850,2.46298e+06,0.746,0.254,0.036,0.174295
