tmp.site,Qmean,BFF,SFF,DRF,Error
02087570,3.19103e+06,0.413,0.587,0.054,0.407863
