tmp.site,Qmean,BFF,SFF,DRF,Error
03321500,3.70525e+07,0.48,0.52,0.079,0.431148
