tmp.site,Qmean,BFF,SFF,DRF,Error
02215500,1.30665e+07,0.556,0.444,0.136,0.314413
