tmp.site,Qmean,BFF,SFF,DRF,Error
03081000,4.97428e+06,0.453,0.547,0.221,0.34342
