tmp.site,Qmean,BFF,SFF,DRF,Error
06177000,2.27271e+07,0.721,0.279,0.017,0.487578
