tmp.site,Qmean,BFF,SFF,DRF,Error
07024500,1.49623e+06,0.241,0.759,0.394,0.356779
