tmp.site,Qmean,BFF,SFF,DRF,Error
05447500,1.72221e+06,0.488,0.512,0.101,0.362026
