tmp.site,Qmean,BFF,SFF,DRF,Error
01563500,6.31251e+06,0.481,0.519,0.174,0.29651
