tmp.site,Qmean,BFF,SFF,DRF,Error
02384500,1.15407e+06,0.404,0.596,0.097,0.323739
