tmp.site,Qmean,BFF,SFF,DRF,Error
09357000,1.15823e+06,0.629,0.371,0.041,0.240393
