tmp.site,Qmean,BFF,SFF,DRF,Error
02207335,1.01057e+06,0.396,0.604,0.012,0.341919
