tmp.site,Qmean,BFF,SFF,DRF,Error
06054500,1.22122e+07,0.857,0.143,0.019,0.263125
