tmp.site,Qmean,BFF,SFF,DRF,Error
02091814,1.01023e+07,0.634,0.366,0.035,0.408324
