tmp.site,Qmean,BFF,SFF,DRF,Error
07250550,1.01531e+08,0.524,0.476,0.001,1.26031
