tmp.site,Qmean,BFF,SFF,DRF,Error
14145500,2.76805e+06,0.488,0.512,0.132,0.630849
