tmp.site,Qmean,BFF,SFF,DRF,Error
06036650,4.54571e+06,0.571,0.429,0.106,0.43575
