tmp.site,Qmean,BFF,SFF,DRF,Error
07380120,5.77403e+06,0.375,0.625,0.103,0.635961
