tmp.site,Qmean,BFF,SFF,DRF,Error
07370000,2.40829e+06,0.217,0.783,0.109,0.673276
