tmp.site,Qmean,BFF,SFF,DRF,Error
03144500,1.60625e+07,0.49,0.51,0.056,0.341035
