tmp.site,Qmean,BFF,SFF,DRF,Error
07241550,1.16178e+06,0.329,0.671,0.097,0.388807
