tmp.site,Qmean,BFF,SFF,DRF,Error
02106500,1.92159e+06,0.51,0.49,0.029,0.443976
