tmp.site,Qmean,BFF,SFF,DRF,Error
12098500,3.51263e+06,0.533,0.467,0.14,0.295152
