tmp.site,Qmean,BFF,SFF,DRF,Error
11526250,2.94951e+06,0.425,0.575,0.205,0.292283
