tmp.site,Qmean,BFF,SFF,DRF,Error
03326500,1.65098e+06,0.259,0.741,0.15,0.41064
