tmp.site,Qmean,BFF,SFF,DRF,Error
03227107,1.67775e+06,0.306,0.694,0.425,0.420346
