tmp.site,Qmean,BFF,SFF,DRF,Error
03070260,6.31784e+06,0.409,0.591,0.046,0.372642
