tmp.site,Qmean,BFF,SFF,DRF,Error
11376550,1.19249e+06,0.578,0.422,0.168,0.254402
