tmp.site,Qmean,BFF,SFF,DRF,Error
07334000,2.22004e+06,0.064,0.936,0.232,2.02488
