tmp.site,Qmean,BFF,SFF,DRF,Error
05542500,2.41625e+07,0.819,0.181,0.045,0.242866
