tmp.site,Qmean,BFF,SFF,DRF,Error
02373000,1.59332e+06,0.363,0.637,0.074,0.408654
