tmp.site,Qmean,BFF,SFF,DRF,Error
04148500,1.62165e+06,0.529,0.471,0.075,0.341527
