tmp.site,Qmean,BFF,SFF,DRF,Error
01505810,1.99878e+06,0.542,0.458,0.048,0.312364
