tmp.site,Qmean,BFF,SFF,DRF,Error
07119700,1.71096e+06,0.595,0.405,0.108,0.539076
