tmp.site,Qmean,BFF,SFF,DRF,Error
05484000,1.33776e+06,0.394,0.606,0.135,0.415763
