tmp.site,Qmean,BFF,SFF,DRF,Error
04062011,1.49181e+06,0.673,0.327,0.092,0.133011
