tmp.site,Qmean,BFF,SFF,DRF,Error
03351000,3.03391e+06,0.387,0.613,0.175,0.351307
