tmp.site,Qmean,BFF,SFF,DRF,Error
11276500,1.70573e+06,0.432,0.568,0.139,1.32404
