tmp.site,Qmean,BFF,SFF,DRF,Error
06887000,5.47931e+06,0.361,0.638,0.194,1.73025
