tmp.site,Qmean,BFF,SFF,DRF,Error
07194500,6.27019e+07,0.522,0.478,0.006,0.566156
