tmp.site,Qmean,BFF,SFF,DRF,Error
06287000,8.33023e+06,0.873,0.127,0.012,0.677925
