tmp.site,Qmean,BFF,SFF,DRF,Error
02424000,3.87771e+06,0.383,0.617,0.175,0.327358
