tmp.site,Qmean,BFF,SFF,DRF,Error
12105900,2.43064e+06,0.487,0.513,0.233,0.338377
