tmp.site,Qmean,BFF,SFF,DRF,Error
07175500,3.06149e+06,0.238,0.762,0.233,0.77464
