tmp.site,Qmean,BFF,SFF,DRF,Error
07071500,1.98487e+06,0.603,0.397,0.148,0.21608
